[BIN] orderingpeer exe=/root/go/bin/orderingpeer
{"level":"debug","Logging":"debug","time":"2025-11-08T20:24:42-03:00","message":"Config"}
{"level":"debug","UseTLS":true,"time":"2025-11-08T20:24:42-03:00","message":"Config"}
{"level":"debug","CACertFile":"tls-data/ca.pem","time":"2025-11-08T20:24:42-03:00","message":"Config"}
{"level":"debug","KeyFile":"tls-data/auth.key","time":"2025-11-08T20:24:42-03:00","message":"Config"}
{"level":"debug","CertFile":"tls-data/auth.pem","time":"2025-11-08T20:24:42-03:00","message":"Config"}
{"level":"debug","PriorityConnections":2,"time":"2025-11-08T20:24:42-03:00","message":"Config"}
{"level":"debug","BasicConnections":4,"time":"2025-11-08T20:24:42-03:00","message":"Config"}
{"level":"debug","TestConnections":false,"time":"2025-11-08T20:24:42-03:00","message":"Config"}
{"level":"debug","ExcessConnections":1,"time":"2025-11-08T20:24:42-03:00","message":"Config"}
{"level":"debug","ConnectionTestMsgs":4,"time":"2025-11-08T20:24:42-03:00","message":"Config"}
{"level":"debug","ConnectionTestPayload":131072,"time":"2025-11-08T20:24:42-03:00","message":"Config"}
{"level":"debug","OutMessageBufsize":1024,"time":"2025-11-08T20:24:42-03:00","message":"Config"}
{"level":"debug","OutMessageBufsize":1,"time":"2025-11-08T20:24:42-03:00","message":"Config"}
{"level":"debug","ThroughputCap":131072000,"time":"2025-11-08T20:24:42-03:00","message":"Config"}
{"level":"debug","StragglerTolerance":1000,"time":"2025-11-08T20:24:42-03:00","message":"Config"}
{"level":"debug","BatchSizeIncrement":256,"time":"2025-11-08T20:24:42-03:00","message":"Config"}
{"level":"debug","Orderer":"MultiPaxosMulticast","time":"2025-11-08T20:24:42-03:00","message":"Config"}
{"level":"debug","Manager":"Mir","time":"2025-11-08T20:24:42-03:00","message":"Config"}
{"level":"debug","Failures":0,"time":"2025-11-08T20:24:42-03:00","message":"Config"}
{"level":"debug","CrashTiming":"EpochStart","time":"2025-11-08T20:24:42-03:00","message":"Config"}
{"level":"debug","CheckpointInterval":256,"time":"2025-11-08T20:24:42-03:00","message":"Config"}
{"level":"debug","WatermarkWindowSize":256,"time":"2025-11-08T20:24:42-03:00","message":"Config"}
{"level":"debug","EpochLength":256,"time":"2025-11-08T20:24:42-03:00","message":"Config"}
{"level":"debug","SegmentLength":64,"time":"2025-11-08T20:24:42-03:00","message":"Config"}
{"level":"debug","WaitForCheckpoints":true,"time":"2025-11-08T20:24:42-03:00","message":"Config"}
{"level":"debug","ClientWatermarkWindowSize":4194304,"time":"2025-11-08T20:24:42-03:00","message":"Config"}
{"level":"debug","ClientRequestBacklogSize":4194304,"time":"2025-11-08T20:24:42-03:00","message":"Config"}
{"level":"debug","RandomSeed":16403,"time":"2025-11-08T20:24:42-03:00","message":"Config"}
{"level":"debug","NodeToLeaderRatio":1,"time":"2025-11-08T20:24:42-03:00","message":"Config"}
{"level":"debug","LeaderPolicy":"Simple","time":"2025-11-08T20:24:42-03:00","message":"Config"}
{"level":"debug","DefaultLeaderBan":2,"time":"2025-11-08T20:24:42-03:00","message":"Config"}
{"level":"debug","NumBuckets":64,"time":"2025-11-08T20:24:42-03:00","message":"Config"}
{"level":"debug","BatchSize":1000,"time":"2025-11-08T20:24:42-03:00","message":"Config"}
{"level":"debug","DisabledViewChange":false,"time":"2025-11-08T20:24:42-03:00","message":"Config"}
{"level":"debug","ViewChangeTimeout":60000,"time":"2025-11-08T20:24:42-03:00","message":"Config"}
{"level":"debug","ClientTraceSampling":10,"time":"2025-11-08T20:24:42-03:00","message":"Config"}
{"level":"debug","EventBufferSize":2097152,"time":"2025-11-08T20:24:42-03:00","message":"Config"}
{"level":"debug","TraceSampling":1,"time":"2025-11-08T20:24:42-03:00","message":"Config"}
{"level":"debug","ClientsPerProcess":1,"time":"2025-11-08T20:24:42-03:00","message":"Config"}
{"level":"debug","RequestsPerClient":15360,"time":"2025-11-08T20:24:42-03:00","message":"Config"}
{"level":"debug","ClientRunTime":30000,"time":"2025-11-08T20:24:42-03:00","message":"Config"}
{"level":"debug","RequestRate":256,"time":"2025-11-08T20:24:42-03:00","message":"Config"}
{"level":"debug","HardRequestRateLimit":false,"time":"2025-11-08T20:24:42-03:00","message":"Config"}
{"level":"debug","RequestPayloadSize":500,"time":"2025-11-08T20:24:42-03:00","message":"Config"}
{"level":"debug","SignRequests":true,"time":"2025-11-08T20:24:42-03:00","message":"Config"}
{"level":"debug","ClientPrivKeyFile":"tls-data/client-ecdsa-256.key","time":"2025-11-08T20:24:42-03:00","message":"Config"}
{"level":"debug","ClientPubKeyFile":"tls-data/client-ecdsa-256.pem","time":"2025-11-08T20:24:42-03:00","message":"Config"}
{"level":"debug","PrecomputeRequests":false,"time":"2025-11-08T20:24:42-03:00","message":"Config"}
{"level":"debug","RequestHandlerThreads":32,"time":"2025-11-08T20:24:42-03:00","message":"Config"}
{"level":"debug","RequestInputChannelBuffer":8192,"time":"2025-11-08T20:24:42-03:00","message":"Config"}
{"level":"debug","BatchVerifier":"external","time":"2025-11-08T20:24:42-03:00","message":"Config"}
20:24:42.270 INF Registered with discovery server. numPeers=4 ownID=2
20:24:42.271 INF Profiling enabled.
20:24:42.271 INF Setting up profiling.
20:24:42.271 INF Started Profiler: CPU
20:24:42.271 INF Started Profiler: BLOCK
20:24:42.271 INF Started Profiler: MUTEX
20:24:42.271 INF Profiler will stop on signal. exit=true
20:24:42.272 INF Tracing will stop on signal. exit=false
20:24:42.272 INF Started tracing. traceFile=experiment-output/0001/slave-002/peer.trc
[RESPONDER][VER] RESPONDER+SEND-LOGS-v1.1-2025-09-22 started at 2025-11-08T20:24:42.273338101-03:00
[MPX] Init ok; cfg: batchSize=4096 batchTimeout=1s view=0 leaderPolicy=simple
[MC][INIT] gid=0(all) members=[0 1 2 3]
20:24:42.273 INF Listening for connections. port=10022 useTLS=true
20:24:42.278 INF Connecting to peer. addr=127.0.0.1:10033 basicConns=4 priorityConns=2
20:24:42.280 INF Connecting to peer. addr=127.0.0.1:10011 basicConns=4 priorityConns=2
20:24:42.282 INF Connecting to peer. addr=127.0.0.1:10022 basicConns=4 priorityConns=2
20:24:42.282 INF Connecting to peer. addr=127.0.0.1:10000 basicConns=4 priorityConns=2
20:24:42.895 INF Incoming connection for protocol messages. addr=127.0.0.1:55532
20:24:43.020 INF Incoming connection for protocol messages. addr=127.0.0.1:55510
20:24:43.083 INF Incoming connection for protocol messages. addr=127.0.0.1:55542
20:24:43.142 INF Incoming connection for protocol messages. addr=127.0.0.1:55440
20:24:43.145 INF Incoming connection for protocol messages. addr=127.0.0.1:55516
20:24:43.151 INF Incoming connection for protocol messages. addr=127.0.0.1:55558
20:24:43.157 INF Incoming connection for protocol messages. addr=127.0.0.1:55550
20:24:43.192 INF Incoming connection for protocol messages. addr=127.0.0.1:55534
20:24:43.202 INF Incoming connection for protocol messages. addr=127.0.0.1:55462
20:24:43.220 INF Incoming connection for protocol messages. addr=127.0.0.1:55416
20:24:43.224 INF Incoming connection for protocol messages. addr=127.0.0.1:55480
20:24:43.237 INF Incoming connection for protocol messages. addr=127.0.0.1:55512
20:24:43.246 DBG Connected. peerID=0
20:24:43.253 INF Incoming connection for protocol messages. addr=127.0.0.1:55428
20:24:43.254 INF Incoming connection for protocol messages. addr=127.0.0.1:55486
20:24:43.259 INF Incoming connection for protocol messages. addr=127.0.0.1:55478
20:24:43.262 INF Incoming connection for protocol messages. addr=127.0.0.1:55502
20:24:43.290 INF Incoming connection for protocol messages. addr=127.0.0.1:55474
20:24:43.304 INF Incoming connection for protocol messages. addr=127.0.0.1:55582
20:24:43.305 DBG Connected. peerID=2
20:24:43.305 INF Incoming connection for protocol messages. addr=127.0.0.1:55450
20:24:43.336 INF Incoming connection for protocol messages. addr=127.0.0.1:55594
20:24:43.339 INF Incoming connection for protocol messages. addr=127.0.0.1:55600
20:24:43.358 INF Incoming connection for protocol messages. addr=127.0.0.1:55562
20:24:43.381 INF Incoming connection for protocol messages. addr=127.0.0.1:55576
20:24:43.413 DBG Connected. peerID=1
20:24:43.463 INF Incoming connection for protocol messages. addr=127.0.0.1:55584
20:24:43.599 DBG Connected. peerID=3
20:24:43.600 INF Connected to all peers.
20:24:43.667 INF All peers finished connecting. Starting ISS.
[MPX] Start begin
[MPX] Start done
20:24:43.667 DBG Buckets for 0-th leader 0: [0 4 8 12 16 20 24 28 32 36 40 44 48 52 56 60]
20:24:43.667 DBG Buckets for 1-th leader 1: [1 5 9 13 17 21 25 29 33 37 41 45 49 53 57 61]
20:24:43.667 DBG Buckets for 2-th leader 2: [2 6 10 14 18 22 26 30 34 38 42 46 50 54 58 62]
20:24:43.667 DBG Buckets for 3-th leader 3: [3 7 11 15 19 23 27 31 35 39 43 47 51 55 59 63]
20:24:43.667 INF [CL] AnnounceBucketAssignment to clients numPeers=4
20:24:43.667 INF MultiPaxos received new segment: [0 4 8 12 16 20 24 28 32 36 40 44 48 52 56 60 64 68 72 76 80 84 88 92 96 100 104 108 112 116 120 124 128 132 136 140 144 148 152 156 160 164 168 172 176 180 184 188 192 196 200 204 208 212 216 220 224 228 232 236 240 244 248 252] first leader=0 firstSN=0 lastSN=252 len=64 length=64 segId=0
[MPX][CHK] instance init sn=0
[MPX][CHK] seg bind sn=0 segID=0 firstSN=0 len=64 quorum=3 leaders=[0 1 2 3]
[MPX][CHK] instance init sn=4
[MPX][CHK] seg bind sn=4 segID=0 firstSN=0 len=64 quorum=3 leaders=[0 1 2 3]
[MPX][CHK] instance init sn=8
[MPX][CHK] seg bind sn=8 segID=0 firstSN=0 len=64 quorum=3 leaders=[0 1 2 3]
[MPX][CHK] instance init sn=12
[MPX][CHK] seg bind sn=12 segID=0 firstSN=0 len=64 quorum=3 leaders=[0 1 2 3]
[MPX][CHK] instance init sn=16
[MPX][CHK] seg bind sn=16 segID=0 firstSN=0 len=64 quorum=3 leaders=[0 1 2 3]
[MPX][CHK] instance init sn=20
[MPX][CHK] seg bind sn=20 segID=0 firstSN=0 len=64 quorum=3 leaders=[0 1 2 3]
[MPX][CHK] instance init sn=24
[MPX][CHK] seg bind sn=24 segID=0 firstSN=0 len=64 quorum=3 leaders=[0 1 2 3]
[MPX][CHK] instance init sn=28
[MPX][CHK] seg bind sn=28 segID=0 firstSN=0 len=64 quorum=3 leaders=[0 1 2 3]
[MPX][CHK] instance init sn=32
[MPX][CHK] seg bind sn=32 segID=0 firstSN=0 len=64 quorum=3 leaders=[0 1 2 3]
[MPX][CHK] instance init sn=36
[MPX][CHK] seg bind sn=36 segID=0 firstSN=0 len=64 quorum=3 leaders=[0 1 2 3]
[MPX][CHK] instance init sn=40
[MPX][CHK] seg bind sn=40 segID=0 firstSN=0 len=64 quorum=3 leaders=[0 1 2 3]
[MPX][CHK] instance init sn=44
[MPX][CHK] seg bind sn=44 segID=0 firstSN=0 len=64 quorum=3 leaders=[0 1 2 3]
[MPX][CHK] instance init sn=48
[MPX][CHK] seg bind sn=48 segID=0 firstSN=0 len=64 quorum=3 leaders=[0 1 2 3]
[MPX][CHK] instance init sn=52
[MPX][CHK] seg bind sn=52 segID=0 firstSN=0 len=64 quorum=3 leaders=[0 1 2 3]
[MPX][CHK] instance init sn=56
[MPX][CHK] seg bind sn=56 segID=0 firstSN=0 len=64 quorum=3 leaders=[0 1 2 3]
[MPX][CHK] instance init sn=60
[MPX][CHK] seg bind sn=60 segID=0 firstSN=0 len=64 quorum=3 leaders=[0 1 2 3]
[MPX][CHK] instance init sn=64
[MPX][CHK] seg bind sn=64 segID=0 firstSN=0 len=64 quorum=3 leaders=[0 1 2 3]
[MPX][CHK] instance init sn=68
[MPX][CHK] seg bind sn=68 segID=0 firstSN=0 len=64 quorum=3 leaders=[0 1 2 3]
[MPX][CHK] instance init sn=72
[MPX][CHK] seg bind sn=72 segID=0 firstSN=0 len=64 quorum=3 leaders=[0 1 2 3]
[MPX][CHK] instance init sn=76
[MPX][CHK] seg bind sn=76 segID=0 firstSN=0 len=64 quorum=3 leaders=[0 1 2 3]
[MPX][CHK] instance init sn=80
[MPX][CHK] seg bind sn=80 segID=0 firstSN=0 len=64 quorum=3 leaders=[0 1 2 3]
[MPX][CHK] instance init sn=84
[MPX][CHK] seg bind sn=84 segID=0 firstSN=0 len=64 quorum=3 leaders=[0 1 2 3]
[MPX][CHK] instance init sn=88
[MPX][CHK] seg bind sn=88 segID=0 firstSN=0 len=64 quorum=3 leaders=[0 1 2 3]
[MPX][CHK] instance init sn=92
[MPX][CHK] seg bind sn=92 segID=0 firstSN=0 len=64 quorum=3 leaders=[0 1 2 3]
[MPX][CHK] instance init sn=96
[MPX][CHK] seg bind sn=96 segID=0 firstSN=0 len=64 quorum=3 leaders=[0 1 2 3]
[MPX][CHK] instance init sn=100
[MPX][CHK] seg bind sn=100 segID=0 firstSN=0 len=64 quorum=3 leaders=[0 1 2 3]
[MPX][CHK] instance init sn=104
[MPX][CHK] seg bind sn=104 segID=0 firstSN=0 len=64 quorum=3 leaders=[0 1 2 3]
[MPX][CHK] instance init sn=108
[MPX][CHK] seg bind sn=108 segID=0 firstSN=0 len=64 quorum=3 leaders=[0 1 2 3]
[MPX][CHK] instance init sn=112
[MPX][CHK] seg bind sn=112 segID=0 firstSN=0 len=64 quorum=3 leaders=[0 1 2 3]
[MPX][CHK] instance init sn=116
[MPX][CHK] seg bind sn=116 segID=0 firstSN=0 len=64 quorum=3 leaders=[0 1 2 3]
[MPX][CHK] instance init sn=120
[MPX][CHK] seg bind sn=120 segID=0 firstSN=0 len=64 quorum=3 leaders=[0 1 2 3]
[MPX][CHK] instance init sn=124
[MPX][CHK] seg bind sn=124 segID=0 firstSN=0 len=64 quorum=3 leaders=[0 1 2 3]
[MPX][CHK] instance init sn=128
[MPX][CHK] seg bind sn=128 segID=0 firstSN=0 len=64 quorum=3 leaders=[0 1 2 3]
[MPX][CHK] instance init sn=132
[MPX][CHK] seg bind sn=132 segID=0 firstSN=0 len=64 quorum=3 leaders=[0 1 2 3]
[MPX][CHK] instance init sn=136
[MPX][CHK] seg bind sn=136 segID=0 firstSN=0 len=64 quorum=3 leaders=[0 1 2 3]
[MPX][CHK] instance init sn=140
[MPX][CHK] seg bind sn=140 segID=0 firstSN=0 len=64 quorum=3 leaders=[0 1 2 3]
[MPX][CHK] instance init sn=144
[MPX][CHK] seg bind sn=144 segID=0 firstSN=0 len=64 quorum=3 leaders=[0 1 2 3]
[MPX][CHK] instance init sn=148
[MPX][CHK] seg bind sn=148 segID=0 firstSN=0 len=64 quorum=3 leaders=[0 1 2 3]
[MPX][CHK] instance init sn=152
[MPX][CHK] seg bind sn=152 segID=0 firstSN=0 len=64 quorum=3 leaders=[0 1 2 3]
[MPX][CHK] instance init sn=156
[MPX][CHK] seg bind sn=156 segID=0 firstSN=0 len=64 quorum=3 leaders=[0 1 2 3]
[MPX][CHK] instance init sn=160
[MPX][CHK] seg bind sn=160 segID=0 firstSN=0 len=64 quorum=3 leaders=[0 1 2 3]
[MPX][CHK] instance init sn=164
[MPX][CHK] seg bind sn=164 segID=0 firstSN=0 len=64 quorum=3 leaders=[0 1 2 3]
[MPX][CHK] instance init sn=168
[MPX][CHK] seg bind sn=168 segID=0 firstSN=0 len=64 quorum=3 leaders=[0 1 2 3]
[MPX][CHK] instance init sn=172
[MPX][CHK] seg bind sn=172 segID=0 firstSN=0 len=64 quorum=3 leaders=[0 1 2 3]
[MPX][CHK] instance init sn=176
[MPX][CHK] seg bind sn=176 segID=0 firstSN=0 len=64 quorum=3 leaders=[0 1 2 3]
[MPX][CHK] instance init sn=180
[MPX][CHK] seg bind sn=180 segID=0 firstSN=0 len=64 quorum=3 leaders=[0 1 2 3]
[MPX][CHK] instance init sn=184
[MPX][CHK] seg bind sn=184 segID=0 firstSN=0 len=64 quorum=3 leaders=[0 1 2 3]
[MPX][CHK] instance init sn=188
[MPX][CHK] seg bind sn=188 segID=0 firstSN=0 len=64 quorum=3 leaders=[0 1 2 3]
[MPX][CHK] instance init sn=192
[MPX][CHK] seg bind sn=192 segID=0 firstSN=0 len=64 quorum=3 leaders=[0 1 2 3]
[MPX][CHK] instance init sn=196
[MPX][CHK] seg bind sn=196 segID=0 firstSN=0 len=64 quorum=3 leaders=[0 1 2 3]
[MPX][CHK] instance init sn=200
[MPX][CHK] seg bind sn=200 segID=0 firstSN=0 len=64 quorum=3 leaders=[0 1 2 3]
[MPX][CHK] instance init sn=204
[MPX][CHK] seg bind sn=204 segID=0 firstSN=0 len=64 quorum=3 leaders=[0 1 2 3]
[MPX][CHK] instance init sn=208
[MPX][CHK] seg bind sn=208 segID=0 firstSN=0 len=64 quorum=3 leaders=[0 1 2 3]
[MPX][CHK] instance init sn=212
[MPX][CHK] seg bind sn=212 segID=0 firstSN=0 len=64 quorum=3 leaders=[0 1 2 3]
[MPX][CHK] instance init sn=216
[MPX][CHK] seg bind sn=216 segID=0 firstSN=0 len=64 quorum=3 leaders=[0 1 2 3]
[MPX][CHK] instance init sn=220
[MPX][CHK] seg bind sn=220 segID=0 firstSN=0 len=64 quorum=3 leaders=[0 1 2 3]
[MPX][CHK] instance init sn=224
[MPX][CHK] seg bind sn=224 segID=0 firstSN=0 len=64 quorum=3 leaders=[0 1 2 3]
[MPX][CHK] instance init sn=228
[MPX][CHK] seg bind sn=228 segID=0 firstSN=0 len=64 quorum=3 leaders=[0 1 2 3]
[MPX][CHK] instance init sn=232
[MPX][CHK] seg bind sn=232 segID=0 firstSN=0 len=64 quorum=3 leaders=[0 1 2 3]
[MPX][CHK] instance init sn=236
[MPX][CHK] seg bind sn=236 segID=0 firstSN=0 len=64 quorum=3 leaders=[0 1 2 3]
[MPX][CHK] instance init sn=240
[MPX][CHK] seg bind sn=240 segID=0 firstSN=0 len=64 quorum=3 leaders=[0 1 2 3]
[MPX][CHK] instance init sn=244
[MPX][CHK] seg bind sn=244 segID=0 firstSN=0 len=64 quorum=3 leaders=[0 1 2 3]
[MPX][CHK] instance init sn=248
[MPX][CHK] seg bind sn=248 segID=0 firstSN=0 len=64 quorum=3 leaders=[0 1 2 3]
[MPX][CHK] instance init sn=252
[MPX][CHK] seg bind sn=252 segID=0 firstSN=0 len=64 quorum=3 leaders=[0 1 2 3]
20:24:43.673 INF MultiPaxos received new segment: [1 5 9 13 17 21 25 29 33 37 41 45 49 53 57 61 65 69 73 77 81 85 89 93 97 101 105 109 113 117 121 125 129 133 137 141 145 149 153 157 161 165 169 173 177 181 185 189 193 197 201 205 209 213 217 221 225 229 233 237 241 245 249 253] first leader=1 firstSN=1 lastSN=253 len=64 length=64 segId=1
[MPX][CHK] instance init sn=1
[MPX][CHK] seg bind sn=1 segID=1 firstSN=1 len=64 quorum=3 leaders=[1 2 3 0]
[MPX][CHK] instance init sn=5
[MPX][CHK] seg bind sn=5 segID=1 firstSN=1 len=64 quorum=3 leaders=[1 2 3 0]
[MPX][CHK] instance init sn=9
[MPX][CHK] seg bind sn=9 segID=1 firstSN=1 len=64 quorum=3 leaders=[1 2 3 0]
[MPX][CHK] instance init sn=13
[MPX][CHK] seg bind sn=13 segID=1 firstSN=1 len=64 quorum=3 leaders=[1 2 3 0]
[MPX][CHK] instance init sn=17
[MPX][CHK] seg bind sn=17 segID=1 firstSN=1 len=64 quorum=3 leaders=[1 2 3 0]
[MPX][CHK] instance init sn=21
[MPX][CHK] seg bind sn=21 segID=1 firstSN=1 len=64 quorum=3 leaders=[1 2 3 0]
[MPX][CHK] instance init sn=25
[MPX][CHK] seg bind sn=25 segID=1 firstSN=1 len=64 quorum=3 leaders=[1 2 3 0]
[MPX][CHK] instance init sn=29
[MPX][CHK] seg bind sn=29 segID=1 firstSN=1 len=64 quorum=3 leaders=[1 2 3 0]
[MPX][CHK] instance init sn=33
[MPX][CHK] seg bind sn=33 segID=1 firstSN=1 len=64 quorum=3 leaders=[1 2 3 0]
[MPX][CHK] instance init sn=37
[MPX][CHK] seg bind sn=37 segID=1 firstSN=1 len=64 quorum=3 leaders=[1 2 3 0]
[MPX][CHK] instance init sn=41
[MPX][CHK] seg bind sn=41 segID=1 firstSN=1 len=64 quorum=3 leaders=[1 2 3 0]
[MPX][CHK] instance init sn=45
[MPX][CHK] seg bind sn=45 segID=1 firstSN=1 len=64 quorum=3 leaders=[1 2 3 0]
[MPX][CHK] instance init sn=49
[MPX][CHK] seg bind sn=49 segID=1 firstSN=1 len=64 quorum=3 leaders=[1 2 3 0]
[MPX][CHK] instance init sn=53
[MPX][CHK] seg bind sn=53 segID=1 firstSN=1 len=64 quorum=3 leaders=[1 2 3 0]
[MPX][CHK] instance init sn=57
[MPX][CHK] seg bind sn=57 segID=1 firstSN=1 len=64 quorum=3 leaders=[1 2 3 0]
[MPX][CHK] instance init sn=61
[MPX][CHK] seg bind sn=61 segID=1 firstSN=1 len=64 quorum=3 leaders=[1 2 3 0]
[MPX][CHK] instance init sn=65
[MPX][CHK] seg bind sn=65 segID=1 firstSN=1 len=64 quorum=3 leaders=[1 2 3 0]
[MPX][CHK] instance init sn=69
[MPX][CHK] seg bind sn=69 segID=1 firstSN=1 len=64 quorum=3 leaders=[1 2 3 0]
[MPX][CHK] instance init sn=73
[MPX][CHK] seg bind sn=73 segID=1 firstSN=1 len=64 quorum=3 leaders=[1 2 3 0]
[MPX][CHK] instance init sn=77
[MPX][CHK] seg bind sn=77 segID=1 firstSN=1 len=64 quorum=3 leaders=[1 2 3 0]
[MPX][CHK] instance init sn=81
[MPX][CHK] seg bind sn=81 segID=1 firstSN=1 len=64 quorum=3 leaders=[1 2 3 0]
[MPX][CHK] instance init sn=85
[MPX][CHK] seg bind sn=85 segID=1 firstSN=1 len=64 quorum=3 leaders=[1 2 3 0]
[MPX][CHK] instance init sn=89
[MPX][CHK] seg bind sn=89 segID=1 firstSN=1 len=64 quorum=3 leaders=[1 2 3 0]
[MPX][CHK] instance init sn=93
[MPX][CHK] seg bind sn=93 segID=1 firstSN=1 len=64 quorum=3 leaders=[1 2 3 0]
[MPX][CHK] instance init sn=97
[MPX][CHK] seg bind sn=97 segID=1 firstSN=1 len=64 quorum=3 leaders=[1 2 3 0]
[MPX][CHK] instance init sn=101
[MPX][CHK] seg bind sn=101 segID=1 firstSN=1 len=64 quorum=3 leaders=[1 2 3 0]
[MPX][CHK] instance init sn=105
[MPX][CHK] seg bind sn=105 segID=1 firstSN=1 len=64 quorum=3 leaders=[1 2 3 0]
[MPX][CHK] instance init sn=109
[MPX][CHK] seg bind sn=109 segID=1 firstSN=1 len=64 quorum=3 leaders=[1 2 3 0]
[MPX][CHK] instance init sn=113
[MPX][CHK] seg bind sn=113 segID=1 firstSN=1 len=64 quorum=3 leaders=[1 2 3 0]
[MPX][CHK] instance init sn=117
[MPX][CHK] seg bind sn=117 segID=1 firstSN=1 len=64 quorum=3 leaders=[1 2 3 0]
[MPX][CHK] instance init sn=121
[MPX][CHK] seg bind sn=121 segID=1 firstSN=1 len=64 quorum=3 leaders=[1 2 3 0]
[MPX][CHK] instance init sn=125
[MPX][CHK] seg bind sn=125 segID=1 firstSN=1 len=64 quorum=3 leaders=[1 2 3 0]
[MPX][CHK] instance init sn=129
[MPX][CHK] seg bind sn=129 segID=1 firstSN=1 len=64 quorum=3 leaders=[1 2 3 0]
[MPX][CHK] instance init sn=133
[MPX][CHK] seg bind sn=133 segID=1 firstSN=1 len=64 quorum=3 leaders=[1 2 3 0]
[MPX][CHK] instance init sn=137
[MPX][CHK] seg bind sn=137 segID=1 firstSN=1 len=64 quorum=3 leaders=[1 2 3 0]
[MPX][CHK] instance init sn=141
[MPX][CHK] seg bind sn=141 segID=1 firstSN=1 len=64 quorum=3 leaders=[1 2 3 0]
[MPX][CHK] instance init sn=145
[MPX][CHK] seg bind sn=145 segID=1 firstSN=1 len=64 quorum=3 leaders=[1 2 3 0]
[MPX][CHK] instance init sn=149
[MPX][CHK] seg bind sn=149 segID=1 firstSN=1 len=64 quorum=3 leaders=[1 2 3 0]
[MPX][CHK] instance init sn=153
[MPX][CHK] seg bind sn=153 segID=1 firstSN=1 len=64 quorum=3 leaders=[1 2 3 0]
[MPX][CHK] instance init sn=157
[MPX][CHK] seg bind sn=157 segID=1 firstSN=1 len=64 quorum=3 leaders=[1 2 3 0]
[MPX][CHK] instance init sn=161
[MPX][CHK] seg bind sn=161 segID=1 firstSN=1 len=64 quorum=3 leaders=[1 2 3 0]
[MPX][CHK] instance init sn=165
[MPX][CHK] seg bind sn=165 segID=1 firstSN=1 len=64 quorum=3 leaders=[1 2 3 0]
[MPX][CHK] instance init sn=169
[MPX][CHK] seg bind sn=169 segID=1 firstSN=1 len=64 quorum=3 leaders=[1 2 3 0]
[MPX][CHK] instance init sn=173
[MPX][CHK] seg bind sn=173 segID=1 firstSN=1 len=64 quorum=3 leaders=[1 2 3 0]
[MPX][CHK] instance init sn=177
[MPX][CHK] seg bind sn=177 segID=1 firstSN=1 len=64 quorum=3 leaders=[1 2 3 0]
[MPX][CHK] instance init sn=181
[MPX][CHK] seg bind sn=181 segID=1 firstSN=1 len=64 quorum=3 leaders=[1 2 3 0]
[MPX][CHK] instance init sn=185
[MPX][CHK] seg bind sn=185 segID=1 firstSN=1 len=64 quorum=3 leaders=[1 2 3 0]
[MPX][CHK] instance init sn=189
[MPX][CHK] seg bind sn=189 segID=1 firstSN=1 len=64 quorum=3 leaders=[1 2 3 0]
[MPX][CHK] instance init sn=193
[MPX][CHK] seg bind sn=193 segID=1 firstSN=1 len=64 quorum=3 leaders=[1 2 3 0]
[MPX][CHK] instance init sn=197
[MPX][CHK] seg bind sn=197 segID=1 firstSN=1 len=64 quorum=3 leaders=[1 2 3 0]
[MPX][CHK] instance init sn=201
[MPX][CHK] seg bind sn=201 segID=1 firstSN=1 len=64 quorum=3 leaders=[1 2 3 0]
[MPX][CHK] instance init sn=205
[MPX][CHK] seg bind sn=205 segID=1 firstSN=1 len=64 quorum=3 leaders=[1 2 3 0]
[MPX][CHK] instance init sn=209
[MPX][CHK] seg bind sn=209 segID=1 firstSN=1 len=64 quorum=3 leaders=[1 2 3 0]
[MPX][CHK] instance init sn=213
[MPX][CHK] seg bind sn=213 segID=1 firstSN=1 len=64 quorum=3 leaders=[1 2 3 0]
[MPX][CHK] instance init sn=217
[MPX][CHK] seg bind sn=217 segID=1 firstSN=1 len=64 quorum=3 leaders=[1 2 3 0]
[MPX][CHK] instance init sn=221
[MPX][CHK] seg bind sn=221 segID=1 firstSN=1 len=64 quorum=3 leaders=[1 2 3 0]
[MPX][CHK] instance init sn=225
[MPX][CHK] seg bind sn=225 segID=1 firstSN=1 len=64 quorum=3 leaders=[1 2 3 0]
[MPX][CHK] instance init sn=229
[MPX][CHK] seg bind sn=229 segID=1 firstSN=1 len=64 quorum=3 leaders=[1 2 3 0]
[MPX][CHK] instance init sn=233
[MPX][CHK] seg bind sn=233 segID=1 firstSN=1 len=64 quorum=3 leaders=[1 2 3 0]
[MPX][CHK] instance init sn=237
[MPX][CHK] seg bind sn=237 segID=1 firstSN=1 len=64 quorum=3 leaders=[1 2 3 0]
[MPX][CHK] instance init sn=241
[MPX][CHK] seg bind sn=241 segID=1 firstSN=1 len=64 quorum=3 leaders=[1 2 3 0]
[MPX][CHK] instance init sn=245
[MPX][CHK] seg bind sn=245 segID=1 firstSN=1 len=64 quorum=3 leaders=[1 2 3 0]
[MPX][CHK] instance init sn=249
[MPX][CHK] seg bind sn=249 segID=1 firstSN=1 len=64 quorum=3 leaders=[1 2 3 0]
[MPX][CHK] instance init sn=253
[MPX][CHK] seg bind sn=253 segID=1 firstSN=1 len=64 quorum=3 leaders=[1 2 3 0]
20:24:43.679 INF MultiPaxos received new segment: [2 6 10 14 18 22 26 30 34 38 42 46 50 54 58 62 66 70 74 78 82 86 90 94 98 102 106 110 114 118 122 126 130 134 138 142 146 150 154 158 162 166 170 174 178 182 186 190 194 198 202 206 210 214 218 222 226 230 234 238 242 246 250 254] first leader=2 firstSN=2 lastSN=254 len=64 length=64 segId=2
[MPX][CHK] instance init sn=2
[MPX][CHK] seg bind sn=2 segID=2 firstSN=2 len=64 quorum=3 leaders=[2 3 0 1]
[MPX][CHK] instance init sn=6
[MPX][CHK] seg bind sn=6 segID=2 firstSN=2 len=64 quorum=3 leaders=[2 3 0 1]
[MPX][CHK] instance init sn=10
[MPX][CHK] seg bind sn=10 segID=2 firstSN=2 len=64 quorum=3 leaders=[2 3 0 1]
[MPX][CHK] instance init sn=14
[MPX][CHK] seg bind sn=14 segID=2 firstSN=2 len=64 quorum=3 leaders=[2 3 0 1]
[MPX][CHK] instance init sn=18
[MPX][CHK] seg bind sn=18 segID=2 firstSN=2 len=64 quorum=3 leaders=[2 3 0 1]
[MPX][CHK] instance init sn=22
[MPX][CHK] seg bind sn=22 segID=2 firstSN=2 len=64 quorum=3 leaders=[2 3 0 1]
[MPX][CHK] instance init sn=26
[MPX][CHK] seg bind sn=26 segID=2 firstSN=2 len=64 quorum=3 leaders=[2 3 0 1]
[MPX][CHK] instance init sn=30
[MPX][CHK] seg bind sn=30 segID=2 firstSN=2 len=64 quorum=3 leaders=[2 3 0 1]
[MPX][CHK] instance init sn=34
[MPX][CHK] seg bind sn=34 segID=2 firstSN=2 len=64 quorum=3 leaders=[2 3 0 1]
[MPX][CHK] instance init sn=38
[MPX][CHK] seg bind sn=38 segID=2 firstSN=2 len=64 quorum=3 leaders=[2 3 0 1]
[MPX][CHK] instance init sn=42
[MPX][CHK] seg bind sn=42 segID=2 firstSN=2 len=64 quorum=3 leaders=[2 3 0 1]
[MPX][CHK] instance init sn=46
[MPX][CHK] seg bind sn=46 segID=2 firstSN=2 len=64 quorum=3 leaders=[2 3 0 1]
[MPX][CHK] instance init sn=50
[MPX][CHK] seg bind sn=50 segID=2 firstSN=2 len=64 quorum=3 leaders=[2 3 0 1]
[MPX][CHK] instance init sn=54
[MPX][CHK] seg bind sn=54 segID=2 firstSN=2 len=64 quorum=3 leaders=[2 3 0 1]
[MPX][CHK] instance init sn=58
[MPX][CHK] seg bind sn=58 segID=2 firstSN=2 len=64 quorum=3 leaders=[2 3 0 1]
[MPX][CHK] instance init sn=62
[MPX][CHK] seg bind sn=62 segID=2 firstSN=2 len=64 quorum=3 leaders=[2 3 0 1]
[MPX][CHK] instance init sn=66
[MPX][CHK] seg bind sn=66 segID=2 firstSN=2 len=64 quorum=3 leaders=[2 3 0 1]
[MPX][CHK] instance init sn=70
[MPX][CHK] seg bind sn=70 segID=2 firstSN=2 len=64 quorum=3 leaders=[2 3 0 1]
[MPX][CHK] instance init sn=74
[MPX][CHK] seg bind sn=74 segID=2 firstSN=2 len=64 quorum=3 leaders=[2 3 0 1]
[MPX][CHK] instance init sn=78
[MPX][CHK] seg bind sn=78 segID=2 firstSN=2 len=64 quorum=3 leaders=[2 3 0 1]
[MPX][CHK] instance init sn=82
[MPX][CHK] seg bind sn=82 segID=2 firstSN=2 len=64 quorum=3 leaders=[2 3 0 1]
[MPX][CHK] instance init sn=86
[MPX][CHK] seg bind sn=86 segID=2 firstSN=2 len=64 quorum=3 leaders=[2 3 0 1]
[MPX][CHK] instance init sn=90
[MPX][CHK] seg bind sn=90 segID=2 firstSN=2 len=64 quorum=3 leaders=[2 3 0 1]
[MPX][CHK] instance init sn=94
[MPX][CHK] seg bind sn=94 segID=2 firstSN=2 len=64 quorum=3 leaders=[2 3 0 1]
[MPX][CHK] instance init sn=98
[MPX][CHK] seg bind sn=98 segID=2 firstSN=2 len=64 quorum=3 leaders=[2 3 0 1]
[MPX][CHK] instance init sn=102
[MPX][CHK] seg bind sn=102 segID=2 firstSN=2 len=64 quorum=3 leaders=[2 3 0 1]
[MPX][CHK] instance init sn=106
[MPX][CHK] seg bind sn=106 segID=2 firstSN=2 len=64 quorum=3 leaders=[2 3 0 1]
[MPX][CHK] instance init sn=110
[MPX][CHK] seg bind sn=110 segID=2 firstSN=2 len=64 quorum=3 leaders=[2 3 0 1]
[MPX][CHK] instance init sn=114
[MPX][CHK] seg bind sn=114 segID=2 firstSN=2 len=64 quorum=3 leaders=[2 3 0 1]
[MPX][CHK] instance init sn=118
[MPX][CHK] seg bind sn=118 segID=2 firstSN=2 len=64 quorum=3 leaders=[2 3 0 1]
[MPX][CHK] instance init sn=122
[MPX][CHK] seg bind sn=122 segID=2 firstSN=2 len=64 quorum=3 leaders=[2 3 0 1]
[MPX][CHK] instance init sn=126
[MPX][CHK] seg bind sn=126 segID=2 firstSN=2 len=64 quorum=3 leaders=[2 3 0 1]
[MPX][CHK] instance init sn=130
[MPX][CHK] seg bind sn=130 segID=2 firstSN=2 len=64 quorum=3 leaders=[2 3 0 1]
[MPX][CHK] instance init sn=134
[MPX][CHK] seg bind sn=134 segID=2 firstSN=2 len=64 quorum=3 leaders=[2 3 0 1]
[MPX][CHK] instance init sn=138
[MPX][CHK] seg bind sn=138 segID=2 firstSN=2 len=64 quorum=3 leaders=[2 3 0 1]
[MPX][CHK] instance init sn=142
[MPX][CHK] seg bind sn=142 segID=2 firstSN=2 len=64 quorum=3 leaders=[2 3 0 1]
[MPX][CHK] instance init sn=146
[MPX][CHK] seg bind sn=146 segID=2 firstSN=2 len=64 quorum=3 leaders=[2 3 0 1]
[MPX][CHK] instance init sn=150
[MPX][CHK] seg bind sn=150 segID=2 firstSN=2 len=64 quorum=3 leaders=[2 3 0 1]
[MPX][CHK] instance init sn=154
[MPX][CHK] seg bind sn=154 segID=2 firstSN=2 len=64 quorum=3 leaders=[2 3 0 1]
[MPX][CHK] instance init sn=158
[MPX][CHK] seg bind sn=158 segID=2 firstSN=2 len=64 quorum=3 leaders=[2 3 0 1]
[MPX][CHK] instance init sn=162
[MPX][CHK] seg bind sn=162 segID=2 firstSN=2 len=64 quorum=3 leaders=[2 3 0 1]
[MPX][CHK] instance init sn=166
[MPX][CHK] seg bind sn=166 segID=2 firstSN=2 len=64 quorum=3 leaders=[2 3 0 1]
[MPX][CHK] instance init sn=170
[MPX][CHK] seg bind sn=170 segID=2 firstSN=2 len=64 quorum=3 leaders=[2 3 0 1]
[MPX][CHK] instance init sn=174
[MPX][CHK] seg bind sn=174 segID=2 firstSN=2 len=64 quorum=3 leaders=[2 3 0 1]
[MPX][CHK] instance init sn=178
[MPX][CHK] seg bind sn=178 segID=2 firstSN=2 len=64 quorum=3 leaders=[2 3 0 1]
[MPX][CHK] instance init sn=182
[MPX][CHK] seg bind sn=182 segID=2 firstSN=2 len=64 quorum=3 leaders=[2 3 0 1]
[MPX][CHK] instance init sn=186
[MPX][CHK] seg bind sn=186 segID=2 firstSN=2 len=64 quorum=3 leaders=[2 3 0 1]
[MPX][CHK] instance init sn=190
[MPX][CHK] seg bind sn=190 segID=2 firstSN=2 len=64 quorum=3 leaders=[2 3 0 1]
[MPX][CHK] instance init sn=194
[MPX][CHK] seg bind sn=194 segID=2 firstSN=2 len=64 quorum=3 leaders=[2 3 0 1]
[MPX][CHK] instance init sn=198
[MPX][CHK] seg bind sn=198 segID=2 firstSN=2 len=64 quorum=3 leaders=[2 3 0 1]
[MPX][CHK] instance init sn=202
[MPX][CHK] seg bind sn=202 segID=2 firstSN=2 len=64 quorum=3 leaders=[2 3 0 1]
[MPX][CHK] instance init sn=206
[MPX][CHK] seg bind sn=206 segID=2 firstSN=2 len=64 quorum=3 leaders=[2 3 0 1]
[MPX][CHK] instance init sn=210
[MPX][CHK] seg bind sn=210 segID=2 firstSN=2 len=64 quorum=3 leaders=[2 3 0 1]
[MPX][CHK] instance init sn=214
[MPX][CHK] seg bind sn=214 segID=2 firstSN=2 len=64 quorum=3 leaders=[2 3 0 1]
[MPX][CHK] instance init sn=218
[MPX][CHK] seg bind sn=218 segID=2 firstSN=2 len=64 quorum=3 leaders=[2 3 0 1]
[MPX][CHK] instance init sn=222
[MPX][CHK] seg bind sn=222 segID=2 firstSN=2 len=64 quorum=3 leaders=[2 3 0 1]
[MPX][CHK] instance init sn=226
[MPX][CHK] seg bind sn=226 segID=2 firstSN=2 len=64 quorum=3 leaders=[2 3 0 1]
[MPX][CHK] instance init sn=230
[MPX][CHK] seg bind sn=230 segID=2 firstSN=2 len=64 quorum=3 leaders=[2 3 0 1]
[MPX][CHK] instance init sn=234
[MPX][CHK] seg bind sn=234 segID=2 firstSN=2 len=64 quorum=3 leaders=[2 3 0 1]
[MPX][CHK] instance init sn=238
[MPX][CHK] seg bind sn=238 segID=2 firstSN=2 len=64 quorum=3 leaders=[2 3 0 1]
[MPX][CHK] instance init sn=242
[MPX][CHK] seg bind sn=242 segID=2 firstSN=2 len=64 quorum=3 leaders=[2 3 0 1]
[MPX][CHK] instance init sn=246
[MPX][CHK] seg bind sn=246 segID=2 firstSN=2 len=64 quorum=3 leaders=[2 3 0 1]
[MPX][CHK] instance init sn=250
[MPX][CHK] seg bind sn=250 segID=2 firstSN=2 len=64 quorum=3 leaders=[2 3 0 1]
[MPX][CHK] instance init sn=254
[MPX][CHK] seg bind sn=254 segID=2 firstSN=2 len=64 quorum=3 leaders=[2 3 0 1]
20:24:43.684 INF MultiPaxos received new segment: [3 7 11 15 19 23 27 31 35 39 43 47 51 55 59 63 67 71 75 79 83 87 91 95 99 103 107 111 115 119 123 127 131 135 139 143 147 151 155 159 163 167 171 175 179 183 187 191 195 199 203 207 211 215 219 223 227 231 235 239 243 247 251 255] first leader=3 firstSN=3 lastSN=255 len=64 length=64 segId=3
[MPX][CHK] instance init sn=3
[MPX][CHK] seg bind sn=3 segID=3 firstSN=3 len=64 quorum=3 leaders=[3 0 1 2]
[MPX][CHK] instance init sn=7
[MPX][CHK] seg bind sn=7 segID=3 firstSN=3 len=64 quorum=3 leaders=[3 0 1 2]
[MPX][CHK] instance init sn=11
[MPX][CHK] seg bind sn=11 segID=3 firstSN=3 len=64 quorum=3 leaders=[3 0 1 2]
[MPX][CHK] instance init sn=15
[MPX][CHK] seg bind sn=15 segID=3 firstSN=3 len=64 quorum=3 leaders=[3 0 1 2]
[MPX][CHK] instance init sn=19
[MPX][CHK] seg bind sn=19 segID=3 firstSN=3 len=64 quorum=3 leaders=[3 0 1 2]
[MPX][CHK] instance init sn=23
[MPX][CHK] seg bind sn=23 segID=3 firstSN=3 len=64 quorum=3 leaders=[3 0 1 2]
[MPX][CHK] instance init sn=27
[MPX][CHK] seg bind sn=27 segID=3 firstSN=3 len=64 quorum=3 leaders=[3 0 1 2]
[MPX][CHK] instance init sn=31
[MPX][CHK] seg bind sn=31 segID=3 firstSN=3 len=64 quorum=3 leaders=[3 0 1 2]
[MPX][CHK] instance init sn=35
[MPX][CHK] seg bind sn=35 segID=3 firstSN=3 len=64 quorum=3 leaders=[3 0 1 2]
[MPX][CHK] instance init sn=39
[MPX][CHK] seg bind sn=39 segID=3 firstSN=3 len=64 quorum=3 leaders=[3 0 1 2]
[MPX][CHK] instance init sn=43
[MPX][CHK] seg bind sn=43 segID=3 firstSN=3 len=64 quorum=3 leaders=[3 0 1 2]
[MPX][CHK] instance init sn=47
[MPX][CHK] seg bind sn=47 segID=3 firstSN=3 len=64 quorum=3 leaders=[3 0 1 2]
[MPX][CHK] instance init sn=51
[MPX][CHK] seg bind sn=51 segID=3 firstSN=3 len=64 quorum=3 leaders=[3 0 1 2]
[MPX][CHK] instance init sn=55
[MPX][CHK] seg bind sn=55 segID=3 firstSN=3 len=64 quorum=3 leaders=[3 0 1 2]
[MPX][CHK] instance init sn=59
[MPX][CHK] seg bind sn=59 segID=3 firstSN=3 len=64 quorum=3 leaders=[3 0 1 2]
[MPX][CHK] instance init sn=63
[MPX][CHK] seg bind sn=63 segID=3 firstSN=3 len=64 quorum=3 leaders=[3 0 1 2]
[MPX][CHK] instance init sn=67
[MPX][CHK] seg bind sn=67 segID=3 firstSN=3 len=64 quorum=3 leaders=[3 0 1 2]
[MPX][CHK] instance init sn=71
[MPX][CHK] seg bind sn=71 segID=3 firstSN=3 len=64 quorum=3 leaders=[3 0 1 2]
[MPX][CHK] instance init sn=75
[MPX][CHK] seg bind sn=75 segID=3 firstSN=3 len=64 quorum=3 leaders=[3 0 1 2]
[MPX][CHK] instance init sn=79
[MPX][CHK] seg bind sn=79 segID=3 firstSN=3 len=64 quorum=3 leaders=[3 0 1 2]
[MPX][CHK] instance init sn=83
[MPX][CHK] seg bind sn=83 segID=3 firstSN=3 len=64 quorum=3 leaders=[3 0 1 2]
[MPX][CHK] instance init sn=87
[MPX][CHK] seg bind sn=87 segID=3 firstSN=3 len=64 quorum=3 leaders=[3 0 1 2]
[MPX][CHK] instance init sn=91
[MPX][CHK] seg bind sn=91 segID=3 firstSN=3 len=64 quorum=3 leaders=[3 0 1 2]
[MPX][CHK] instance init sn=95
[MPX][CHK] seg bind sn=95 segID=3 firstSN=3 len=64 quorum=3 leaders=[3 0 1 2]
[MPX][CHK] instance init sn=99
[MPX][CHK] seg bind sn=99 segID=3 firstSN=3 len=64 quorum=3 leaders=[3 0 1 2]
[MPX][CHK] instance init sn=103
[MPX][CHK] seg bind sn=103 segID=3 firstSN=3 len=64 quorum=3 leaders=[3 0 1 2]
[MPX][CHK] instance init sn=107
[MPX][CHK] seg bind sn=107 segID=3 firstSN=3 len=64 quorum=3 leaders=[3 0 1 2]
[MPX][CHK] instance init sn=111
[MPX][CHK] seg bind sn=111 segID=3 firstSN=3 len=64 quorum=3 leaders=[3 0 1 2]
[MPX][CHK] instance init sn=115
[MPX][CHK] seg bind sn=115 segID=3 firstSN=3 len=64 quorum=3 leaders=[3 0 1 2]
[MPX][CHK] instance init sn=119
[MPX][CHK] seg bind sn=119 segID=3 firstSN=3 len=64 quorum=3 leaders=[3 0 1 2]
[MPX][CHK] instance init sn=123
[MPX][CHK] seg bind sn=123 segID=3 firstSN=3 len=64 quorum=3 leaders=[3 0 1 2]
[MPX][CHK] instance init sn=127
[MPX][CHK] seg bind sn=127 segID=3 firstSN=3 len=64 quorum=3 leaders=[3 0 1 2]
[MPX][CHK] instance init sn=131
[MPX][CHK] seg bind sn=131 segID=3 firstSN=3 len=64 quorum=3 leaders=[3 0 1 2]
[MPX][CHK] instance init sn=135
[MPX][CHK] seg bind sn=135 segID=3 firstSN=3 len=64 quorum=3 leaders=[3 0 1 2]
[MPX][CHK] instance init sn=139
[MPX][CHK] seg bind sn=139 segID=3 firstSN=3 len=64 quorum=3 leaders=[3 0 1 2]
[MPX][CHK] instance init sn=143
[MPX][CHK] seg bind sn=143 segID=3 firstSN=3 len=64 quorum=3 leaders=[3 0 1 2]
[MPX][CHK] instance init sn=147
[MPX][CHK] seg bind sn=147 segID=3 firstSN=3 len=64 quorum=3 leaders=[3 0 1 2]
[MPX][CHK] instance init sn=151
[MPX][CHK] seg bind sn=151 segID=3 firstSN=3 len=64 quorum=3 leaders=[3 0 1 2]
[MPX][CHK] instance init sn=155
[MPX][CHK] seg bind sn=155 segID=3 firstSN=3 len=64 quorum=3 leaders=[3 0 1 2]
[MPX][CHK] instance init sn=159
[MPX][CHK] seg bind sn=159 segID=3 firstSN=3 len=64 quorum=3 leaders=[3 0 1 2]
[MPX][CHK] instance init sn=163
[MPX][CHK] seg bind sn=163 segID=3 firstSN=3 len=64 quorum=3 leaders=[3 0 1 2]
[MPX][CHK] instance init sn=167
[MPX][CHK] seg bind sn=167 segID=3 firstSN=3 len=64 quorum=3 leaders=[3 0 1 2]
[MPX][CHK] instance init sn=171
[MPX][CHK] seg bind sn=171 segID=3 firstSN=3 len=64 quorum=3 leaders=[3 0 1 2]
[MPX][CHK] instance init sn=175
[MPX][CHK] seg bind sn=175 segID=3 firstSN=3 len=64 quorum=3 leaders=[3 0 1 2]
[MPX][CHK] instance init sn=179
[MPX][CHK] seg bind sn=179 segID=3 firstSN=3 len=64 quorum=3 leaders=[3 0 1 2]
[MPX][CHK] instance init sn=183
[MPX][CHK] seg bind sn=183 segID=3 firstSN=3 len=64 quorum=3 leaders=[3 0 1 2]
[MPX][CHK] instance init sn=187
[MPX][CHK] seg bind sn=187 segID=3 firstSN=3 len=64 quorum=3 leaders=[3 0 1 2]
[MPX][CHK] instance init sn=191
[MPX][CHK] seg bind sn=191 segID=3 firstSN=3 len=64 quorum=3 leaders=[3 0 1 2]
[MPX][CHK] instance init sn=195
[MPX][CHK] seg bind sn=195 segID=3 firstSN=3 len=64 quorum=3 leaders=[3 0 1 2]
[MPX][CHK] instance init sn=199
[MPX][CHK] seg bind sn=199 segID=3 firstSN=3 len=64 quorum=3 leaders=[3 0 1 2]
[MPX][CHK] instance init sn=203
[MPX][CHK] seg bind sn=203 segID=3 firstSN=3 len=64 quorum=3 leaders=[3 0 1 2]
[MPX][CHK] instance init sn=207
[MPX][CHK] seg bind sn=207 segID=3 firstSN=3 len=64 quorum=3 leaders=[3 0 1 2]
[MPX][CHK] instance init sn=211
[MPX][CHK] seg bind sn=211 segID=3 firstSN=3 len=64 quorum=3 leaders=[3 0 1 2]
[MPX][CHK] instance init sn=215
[MPX][CHK] seg bind sn=215 segID=3 firstSN=3 len=64 quorum=3 leaders=[3 0 1 2]
[MPX][CHK] instance init sn=219
[MPX][CHK] seg bind sn=219 segID=3 firstSN=3 len=64 quorum=3 leaders=[3 0 1 2]
[MPX][CHK] instance init sn=223
[MPX][CHK] seg bind sn=223 segID=3 firstSN=3 len=64 quorum=3 leaders=[3 0 1 2]
[MPX][CHK] instance init sn=227
[MPX][CHK] seg bind sn=227 segID=3 firstSN=3 len=64 quorum=3 leaders=[3 0 1 2]
[MPX][CHK] instance init sn=231
[MPX][CHK] seg bind sn=231 segID=3 firstSN=3 len=64 quorum=3 leaders=[3 0 1 2]
[MPX][CHK] instance init sn=235
[MPX][CHK] seg bind sn=235 segID=3 firstSN=3 len=64 quorum=3 leaders=[3 0 1 2]
[MPX][CHK] instance init sn=239
[MPX][CHK] seg bind sn=239 segID=3 firstSN=3 len=64 quorum=3 leaders=[3 0 1 2]
[MPX][CHK] instance init sn=243
[MPX][CHK] seg bind sn=243 segID=3 firstSN=3 len=64 quorum=3 leaders=[3 0 1 2]
[MPX][CHK] instance init sn=247
[MPX][CHK] seg bind sn=247 segID=3 firstSN=3 len=64 quorum=3 leaders=[3 0 1 2]
[MPX][CHK] instance init sn=251
[MPX][CHK] seg bind sn=251 segID=3 firstSN=3 len=64 quorum=3 leaders=[3 0 1 2]
[MPX][CHK] instance init sn=255
[MPX][CHK] seg bind sn=255 segID=3 firstSN=3 len=64 quorum=3 leaders=[3 0 1 2]
[MPX][NET] SEND Prepare sn=2
[MC][SEND] kind=Prepare sn=2 gid=0 dst=ALL
20:24:44.688 WRN MPX handles message from self. sn=2
[MPX][IN ] PREPARE sn=2 from=2
[MPX][IN ] PREPARE sn=0 from=0
[MPX][NET] SEND Promise sn=0 members=[0 1 2 3]
[MPX][IN ] PROMISE sn=0 from=1 members=[0 1 2 3]
20:24:44.692 WRN MPX handles message from self. sn=0
[MPX][IN ] PROMISE sn=0 from=2 members=[0 1 2 3]
[MC][GROUP] sn=2 gid=3 members=[1 0 3]
[MC][GROUP] sn=0 gid=1 members=[1 2 3]
[MPX][IN ] PROMISE sn=0 from=3 members=[0 1 2 3]
[MPX][IN ] PREPARE sn=3 from=3
[MPX][NET] SEND Promise sn=3 members=[0 1 2 3]
[MPX][IN ] PROMISE sn=1 from=0 members=[0 1 2 3]
[MPX][IN ] PREPARE sn=1 from=1
[MPX][IN ] PROMISE sn=3 from=0 members=[0 1 2 3]
[MPX][IN ] PROMISE sn=3 from=1 members=[0 1 2 3]
[MC][GROUP] sn=3 gid=4 members=[0 1 2]
20:24:44.701 WRN MPX handles message from self. sn=3
[MPX][IN ] PROMISE sn=3 from=2 members=[0 1 2 3]
[MPX][IN ] PROMISE sn=1 from=3 members=[0 1 2 3]
==================
WARNING: DATA RACE
Read at 0x00c00686f068 by goroutine 626:
  github.com/hyperledger-labs/mirbft/orderer.(*mpxInstance).tick()
      /opt/gopath/src/github.com/hyperledger-labs/ISS_com_Multipaxos/mirbft/orderer/multipaxosinstance.go:496 +0xda
  github.com/hyperledger-labs/mirbft/orderer.(*MultiPaxosOrderer).runSegment.func1()
      /opt/gopath/src/github.com/hyperledger-labs/ISS_com_Multipaxos/mirbft/orderer/multipaxosorderer.go:300 +0x2be

Previous write at 0x00c00686f068 by goroutine 562:
  github.com/hyperledger-labs/mirbft/orderer.(*mpxInstance).handleMPxMsg()
      /opt/gopath/src/github.com/hyperledger-labs/ISS_com_Multipaxos/mirbft/orderer/multipaxosinstance.go:157 +0x904
  github.com/hyperledger-labs/mirbft/orderer.(*mpxInstance).startWorkers.func1()
      /opt/gopath/src/github.com/hyperledger-labs/ISS_com_Multipaxos/mirbft/orderer/multipaxosinstance.go:113 +0xc8

Goroutine 626 (running) created at:
  github.com/hyperledger-labs/mirbft/orderer.(*MultiPaxosOrderer).runSegment()
      /opt/gopath/src/github.com/hyperledger-labs/ISS_com_Multipaxos/mirbft/orderer/multipaxosorderer.go:273 +0x3d3
  github.com/hyperledger-labs/mirbft/orderer.(*MultiPaxosMulticastOrderer).Start.(*MultiPaxosOrderer).Start.func1.1()
      /opt/gopath/src/github.com/hyperledger-labs/ISS_com_Multipaxos/mirbft/orderer/multipaxosorderer.go:208 +0x24f

Goroutine 562 (running) created at:
  github.com/hyperledger-labs/mirbft/orderer.(*mpxInstance).startWorkers()
      /opt/gopath/src/github.com/hyperledger-labs/ISS_com_Multipaxos/mirbft/orderer/multipaxosinstance.go:105 +0xad
  github.com/hyperledger-labs/mirbft/orderer.(*MultiPaxosOrderer).runSegment()
      /opt/gopath/src/github.com/hyperledger-labs/ISS_com_Multipaxos/mirbft/orderer/multipaxosorderer.go:269 +0x2ad
  github.com/hyperledger-labs/mirbft/orderer.(*MultiPaxosMulticastOrderer).Start.(*MultiPaxosOrderer).Start.func1.1()
      /opt/gopath/src/github.com/hyperledger-labs/ISS_com_Multipaxos/mirbft/orderer/multipaxosorderer.go:208 +0x24f
==================
20:24:45.905 INF Incoming connection for requests. addr=127.0.0.1:55614
20:24:45.962 INF [REQ] ClientRequest received -> bucket bucketID=54 clientID=0 clientSn=2
20:24:45.962 DBG [REQ] Bucket size after enqueue bucketID=54 bucketLenApprox=0
20:24:45.973 INF [REQ] ClientRequest received -> bucket bucketID=8 clientID=0 clientSn=6
20:24:45.974 DBG [REQ] Bucket size after enqueue bucketID=8 bucketLenApprox=0
20:24:45.988 INF [REQ] ClientRequest received -> bucket bucketID=40 clientID=0 clientSn=10
20:24:45.988 DBG [REQ] Bucket size after enqueue bucketID=40 bucketLenApprox=0
20:24:46.005 INF [REQ] ClientRequest received -> bucket bucketID=6 clientID=0 clientSn=14
==================
WARNING: DATA RACE
Read at 0x00c000302920 by goroutine 836:
  github.com/hyperledger-labs/mirbft/request.(*Bucket).Len()
      /opt/gopath/src/github.com/hyperledger-labs/ISS_com_Multipaxos/mirbft/request/bucket.go:82 +0x38a
  github.com/hyperledger-labs/mirbft/request.HandleRequest()
      /opt/gopath/src/github.com/hyperledger-labs/ISS_com_Multipaxos/mirbft/request/requesthandler.go:67 +0x394
  github.com/hyperledger-labs/mirbft/messenger.(*messengerServer).Request()
      /opt/gopath/src/github.com/hyperledger-labs/ISS_com_Multipaxos/mirbft/messenger/clients.go:77 +0x19d
  github.com/hyperledger-labs/mirbft/protobufs._Messenger_Request_Handler()
      /opt/gopath/src/github.com/hyperledger-labs/ISS_com_Multipaxos/mirbft/protobufs/messenger_grpc.pb.go:138 +0xe5
  google.golang.org/grpc.(*Server).processStreamingRPC()
      /root/go/pkg/mod/google.golang.org/grpc@v1.66.2/server.go:1688 +0x1fd9
  google.golang.org/grpc.(*Server).handleStream()
      /root/go/pkg/mod/google.golang.org/grpc@v1.66.2/server.go:1809 +0x17c4
  google.golang.org/grpc.(*Server).serveStreams.func2.1()
      /root/go/pkg/mod/google.golang.org/grpc@v1.66.2/server.go:1029 +0x158

Previous write at 0x00c000302920 by goroutine 8:
  github.com/hyperledger-labs/mirbft/request.(*Bucket).append()
      /opt/gopath/src/github.com/hyperledger-labs/ISS_com_Multipaxos/mirbft/request/bucket.go:248 +0x329
  github.com/hyperledger-labs/mirbft/request.(*Bucket).addNoLock()
      /opt/gopath/src/github.com/hyperledger-labs/ISS_com_Multipaxos/mirbft/request/bucket.go:213 +0x592
  github.com/hyperledger-labs/mirbft/request.(*Bucket).AddRequest()
      /opt/gopath/src/github.com/hyperledger-labs/ISS_com_Multipaxos/mirbft/request/bucket.go:90 +0x9e
  github.com/hyperledger-labs/mirbft/request.Add()
      /opt/gopath/src/github.com/hyperledger-labs/ISS_com_Multipaxos/mirbft/request/request.go:202 +0x14a
  github.com/hyperledger-labs/mirbft/request.AddReqMsg()
      /opt/gopath/src/github.com/hyperledger-labs/ISS_com_Multipaxos/mirbft/request/request.go:173 +0x37c
  github.com/hyperledger-labs/mirbft/request.Init.func1()
      /opt/gopath/src/github.com/hyperledger-labs/ISS_com_Multipaxos/mirbft/request/request.go:90 +0x97
  github.com/hyperledger-labs/mirbft/request.Init.gowrap1()
      /opt/gopath/src/github.com/hyperledger-labs/ISS_com_Multipaxos/mirbft/request/request.go:92 +0xb0

Goroutine 836 (running) created at:
  google.golang.org/grpc.(*Server).serveStreams.func2()
      /root/go/pkg/mod/google.golang.org/grpc@v1.66.2/server.go:1040 +0x224
  google.golang.org/grpc/internal/transport.(*http2Server).operateHeaders()
      /root/go/pkg/mod/google.golang.org/grpc@v1.66.2/internal/transport/http2_server.go:630 +0x3881
  google.golang.org/grpc/internal/transport.(*http2Server).HandleStreams()
      /root/go/pkg/mod/google.golang.org/grpc@v1.66.2/internal/transport/http2_server.go:671 +0x415
  google.golang.org/grpc.(*Server).serveStreams()
      /root/go/pkg/mod/google.golang.org/grpc@v1.66.2/server.go:1023 +0x69b
  google.golang.org/grpc.(*Server).handleRawConn.func1()
      /root/go/pkg/mod/google.golang.org/grpc@v1.66.2/server.go:958 +0x86

Goroutine 8 (running) created at:
  github.com/hyperledger-labs/mirbft/request.Init()
      /opt/gopath/src/github.com/hyperledger-labs/ISS_com_Multipaxos/mirbft/request/request.go:88 +0x36a
  main.main()
      /opt/gopath/src/github.com/hyperledger-labs/ISS_com_Multipaxos/mirbft/cmd/orderingpeer/main.go:61 +0x45c
==================
20:24:46.005 DBG [REQ] Bucket size after enqueue bucketID=6 bucketLenApprox=1
20:24:46.020 INF [REQ] ClientRequest received -> bucket bucketID=57 clientID=0 clientSn=18
20:24:46.020 DBG [REQ] Bucket size after enqueue bucketID=57 bucketLenApprox=0
20:24:46.035 INF [REQ] ClientRequest received -> bucket bucketID=38 clientID=0 clientSn=22
20:24:46.035 DBG [REQ] Bucket size after enqueue bucketID=38 bucketLenApprox=0
20:24:46.051 INF [REQ] ClientRequest received -> bucket bucketID=3 clientID=0 clientSn=26
20:24:46.051 DBG [REQ] Bucket size after enqueue bucketID=3 bucketLenApprox=0
20:24:46.066 INF [REQ] ClientRequest received -> bucket bucketID=29 clientID=0 clientSn=30
20:24:46.066 DBG [REQ] Bucket size after enqueue bucketID=29 bucketLenApprox=0
20:24:46.082 INF [REQ] ClientRequest received -> bucket bucketID=10 clientID=0 clientSn=34
20:24:46.083 DBG [REQ] Bucket size after enqueue bucketID=10 bucketLenApprox=1
20:24:46.098 INF [REQ] ClientRequest received -> bucket bucketID=16 clientID=0 clientSn=38
20:24:46.098 DBG [REQ] Bucket size after enqueue bucketID=16 bucketLenApprox=0
20:24:46.113 INF [REQ] ClientRequest received -> bucket bucketID=59 clientID=0 clientSn=42
20:24:46.114 DBG [REQ] Bucket size after enqueue bucketID=59 bucketLenApprox=0
20:24:46.129 INF [REQ] ClientRequest received -> bucket bucketID=27 clientID=0 clientSn=46
20:24:46.129 DBG [REQ] Bucket size after enqueue bucketID=27 bucketLenApprox=0
20:24:46.144 INF [REQ] ClientRequest received -> bucket bucketID=3 clientID=0 clientSn=50
20:24:46.144 DBG [REQ] Bucket size after enqueue bucketID=3 bucketLenApprox=0
20:24:46.161 INF [REQ] ClientRequest received -> bucket bucketID=16 clientID=0 clientSn=54
20:24:46.161 DBG [REQ] Bucket size after enqueue bucketID=16 bucketLenApprox=0
20:24:46.176 INF [REQ] ClientRequest received -> bucket bucketID=59 clientID=0 clientSn=58
20:24:46.177 DBG [REQ] Bucket size after enqueue bucketID=59 bucketLenApprox=0
20:24:46.192 INF [REQ] ClientRequest received -> bucket bucketID=0 clientID=0 clientSn=62
20:24:46.192 DBG [REQ] Bucket size after enqueue bucketID=0 bucketLenApprox=0
20:24:46.207 INF [REQ] ClientRequest received -> bucket bucketID=36 clientID=0 clientSn=66
20:24:46.207 DBG [REQ] Bucket size after enqueue bucketID=36 bucketLenApprox=0
20:24:46.222 INF [REQ] ClientRequest received -> bucket bucketID=32 clientID=0 clientSn=70
20:24:46.222 DBG [REQ] Bucket size after enqueue bucketID=32 bucketLenApprox=0
20:24:46.238 INF [REQ] ClientRequest received -> bucket bucketID=27 clientID=0 clientSn=74
20:24:46.238 DBG [REQ] Bucket size after enqueue bucketID=27 bucketLenApprox=0
20:24:46.254 INF [REQ] ClientRequest received -> bucket bucketID=0 clientID=0 clientSn=78
20:24:46.254 DBG [REQ] Bucket size after enqueue bucketID=0 bucketLenApprox=0
20:24:46.269 INF [REQ] ClientRequest received -> bucket bucketID=1 clientID=0 clientSn=82
20:24:46.269 DBG [REQ] Bucket size after enqueue bucketID=1 bucketLenApprox=0
20:24:46.285 INF [REQ] ClientRequest received -> bucket bucketID=62 clientID=0 clientSn=86
20:24:46.285 DBG [REQ] Bucket size after enqueue bucketID=62 bucketLenApprox=1
20:24:46.301 INF [REQ] ClientRequest received -> bucket bucketID=10 clientID=0 clientSn=90
20:24:46.301 DBG [REQ] Bucket size after enqueue bucketID=10 bucketLenApprox=2
20:24:46.317 INF [REQ] ClientRequest received -> bucket bucketID=57 clientID=0 clientSn=94
20:24:46.317 DBG [REQ] Bucket size after enqueue bucketID=57 bucketLenApprox=0
20:24:46.332 INF [REQ] ClientRequest received -> bucket bucketID=18 clientID=0 clientSn=98
20:24:46.332 DBG [REQ] Bucket size after enqueue bucketID=18 bucketLenApprox=2
20:24:46.348 INF [REQ] ClientRequest received -> bucket bucketID=38 clientID=0 clientSn=102
20:24:46.348 DBG [REQ] Bucket size after enqueue bucketID=38 bucketLenApprox=1
20:24:46.363 INF [REQ] ClientRequest received -> bucket bucketID=38 clientID=0 clientSn=106
20:24:46.363 DBG [REQ] Bucket size after enqueue bucketID=38 bucketLenApprox=2
20:24:46.378 INF [REQ] ClientRequest received -> bucket bucketID=5 clientID=0 clientSn=110
20:24:46.378 DBG [REQ] Bucket size after enqueue bucketID=5 bucketLenApprox=0
20:24:46.395 INF [REQ] ClientRequest received -> bucket bucketID=37 clientID=0 clientSn=114
20:24:46.395 DBG [REQ] Bucket size after enqueue bucketID=37 bucketLenApprox=0
20:24:46.410 INF [REQ] ClientRequest received -> bucket bucketID=8 clientID=0 clientSn=118
20:24:46.410 DBG [REQ] Bucket size after enqueue bucketID=8 bucketLenApprox=0
20:24:46.425 INF [REQ] ClientRequest received -> bucket bucketID=61 clientID=0 clientSn=122
20:24:46.426 DBG [REQ] Bucket size after enqueue bucketID=61 bucketLenApprox=0
20:24:46.441 INF [REQ] ClientRequest received -> bucket bucketID=43 clientID=0 clientSn=126
20:24:46.442 DBG [REQ] Bucket size after enqueue bucketID=43 bucketLenApprox=0
20:24:46.457 INF [REQ] ClientRequest received -> bucket bucketID=8 clientID=0 clientSn=130
20:24:46.457 DBG [REQ] Bucket size after enqueue bucketID=8 bucketLenApprox=0
20:24:46.472 INF [REQ] ClientRequest received -> bucket bucketID=13 clientID=0 clientSn=134
20:24:46.472 DBG [REQ] Bucket size after enqueue bucketID=13 bucketLenApprox=0
20:24:46.488 INF [REQ] ClientRequest received -> bucket bucketID=32 clientID=0 clientSn=138
20:24:46.488 DBG [REQ] Bucket size after enqueue bucketID=32 bucketLenApprox=0
20:24:46.504 INF [REQ] ClientRequest received -> bucket bucketID=3 clientID=0 clientSn=142
20:24:46.504 DBG [REQ] Bucket size after enqueue bucketID=3 bucketLenApprox=0
20:24:46.519 INF [REQ] ClientRequest received -> bucket bucketID=22 clientID=0 clientSn=146
20:24:46.519 DBG [REQ] Bucket size after enqueue bucketID=22 bucketLenApprox=2
20:24:46.535 INF [REQ] ClientRequest received -> bucket bucketID=21 clientID=0 clientSn=150
20:24:46.535 DBG [REQ] Bucket size after enqueue bucketID=21 bucketLenApprox=0
20:24:46.551 INF [REQ] ClientRequest received -> bucket bucketID=60 clientID=0 clientSn=154
20:24:46.551 DBG [REQ] Bucket size after enqueue bucketID=60 bucketLenApprox=0
20:24:46.566 INF [REQ] ClientRequest received -> bucket bucketID=5 clientID=0 clientSn=158
20:24:46.567 DBG [REQ] Bucket size after enqueue bucketID=5 bucketLenApprox=0
20:24:46.582 INF [REQ] ClientRequest received -> bucket bucketID=45 clientID=0 clientSn=162
20:24:46.583 DBG [REQ] Bucket size after enqueue bucketID=45 bucketLenApprox=0
20:24:46.598 INF [REQ] ClientRequest received -> bucket bucketID=41 clientID=0 clientSn=166
20:24:46.598 DBG [REQ] Bucket size after enqueue bucketID=41 bucketLenApprox=0
20:24:46.613 INF [REQ] ClientRequest received -> bucket bucketID=58 clientID=0 clientSn=170
20:24:46.614 DBG [REQ] Bucket size after enqueue bucketID=58 bucketLenApprox=2
20:24:46.628 INF [REQ] ClientRequest received -> bucket bucketID=39 clientID=0 clientSn=174
20:24:46.629 DBG [REQ] Bucket size after enqueue bucketID=39 bucketLenApprox=0
20:24:46.645 INF [REQ] ClientRequest received -> bucket bucketID=6 clientID=0 clientSn=178
20:24:46.645 DBG [REQ] Bucket size after enqueue bucketID=6 bucketLenApprox=3
20:24:46.660 INF [REQ] ClientRequest received -> bucket bucketID=0 clientID=0 clientSn=182
20:24:46.660 DBG [REQ] Bucket size after enqueue bucketID=0 bucketLenApprox=0
20:24:46.675 INF [REQ] ClientRequest received -> bucket bucketID=57 clientID=0 clientSn=186
20:24:46.675 DBG [REQ] Bucket size after enqueue bucketID=57 bucketLenApprox=0
20:24:46.685 DBG Batch cut. left=0 nBuckets=16 nReq=47 next=0
PROPOSE sn=2 size=47
[MPX][NET] SEND Accept sn=2 bytes=27419 gid=2 digest=e7730aa2f5ae2994
[MC][SEND] kind=Accept sn=2 gid=3 (group)
[MPX] PROPOSE sn=2 size=47
[MPX][NET] SEND Prepare sn=3
[MC][SEND] kind=Prepare sn=3 gid=0 dst=ALL
[MPX][IN ] PROMISE sn=2 from=1 members=[0 1 2 3]
[MPX][IN ] PROMISE sn=2 from=0 members=[0 1 2 3]
[MPX][IN ] PROMISE sn=2 from=3 members=[0 1 2 3]
20:24:46.686 DBG Batch cut. left=0 nBuckets=16 nReq=0 next=0
[MPX][NET] SEND Prepare sn=4
[MC][SEND] kind=Prepare sn=4 gid=0 dst=ALL
20:24:46.687 DBG Batch cut. left=0 nBuckets=16 nReq=0 next=0
[MPX][NET] SEND Prepare sn=5
[MC][SEND] kind=Prepare sn=5 gid=0 dst=ALL
20:24:46.687 DBG Batch cut. left=0 nBuckets=16 nReq=0 next=0
[MPX][NET] SEND Prepare sn=6
[MC][SEND] kind=Prepare sn=6 gid=0 dst=ALL
20:24:46.687 WRN MPX handles message from self. sn=3
[MPX][IN ] PREPARE sn=3 from=2
20:24:46.688 WRN MPX handles message from self. sn=4
[MPX][IN ] PREPARE sn=4 from=2
20:24:46.688 WRN MPX handles message from self. sn=5
[MPX][IN ] PREPARE sn=5 from=2
20:24:46.688 WRN MPX handles message from self. sn=6
[MPX][IN ] PREPARE sn=6 from=2
[MPX][IN ] ACCEPTED sn=2 from=1
[MPX][QUORUM] ACCEPTED sn=2 count=2/3 digest=e7730aa2f5ae2994
[MPX][IN ] PROMISE sn=4 from=1 members=[0 1 2 3]
[MPX][IN ] PROMISE sn=5 from=1 members=[0 1 2 3]
[MPX][IN ] PROMISE sn=5 from=0 members=[0 1 2 3]
[MPX][IN ] ACCEPTED sn=2 from=0
[MPX][IN ] PROMISE sn=4 from=0 members=[0 1 2 3]
[MPX][QUORUM] ACCEPTED sn=2 count=3/3 digest=e7730aa2f5ae2994
[MPX][QUORUM] MAJORITY REACHED sn=2 → COMMIT digest=e7730aa2f5ae2994
[MPX][NET] SEND Commit sn=2 gid=2 digest=e7730aa2f5ae2994
[MC][GROUP] sn=6 gid=7 members=[3 1 0]
[MC][SEND] kind=Commit sn=2 gid=3 (group)
==================
WARNING: DATA RACE
Write at 0x00c00707dba8 by goroutine 629:
  github.com/hyperledger-labs/mirbft/orderer.(*mpxInstance).handleMPxMsg()
      /opt/gopath/src/github.com/hyperledger-labs/ISS_com_Multipaxos/mirbft/orderer/multipaxosinstance.go:157 +0x904
  github.com/hyperledger-labs/mirbft/orderer.(*mpxInstance).startWorkers.func1()
      /opt/gopath/src/github.com/hyperledger-labs/ISS_com_Multipaxos/mirbft/orderer/multipaxosinstance.go:113 +0xc8

Previous read at 0x00c00707dba8 by goroutine 824:
  github.com/hyperledger-labs/mirbft/orderer.(*mpxInstance).tick()
      /opt/gopath/src/github.com/hyperledger-labs/ISS_com_Multipaxos/mirbft/orderer/multipaxosinstance.go:519 +0x9c6
  github.com/hyperledger-labs/mirbft/orderer.(*MultiPaxosOrderer).runSegment.func1()
      /opt/gopath/src/github.com/hyperledger-labs/ISS_com_Multipaxos/mirbft/orderer/multipaxosorderer.go:300 +0x2be

Goroutine 629 (running) created at:
  github.com/hyperledger-labs/mirbft/orderer.(*mpxInstance).startWorkers()
      /opt/gopath/src/github.com/hyperledger-labs/ISS_com_Multipaxos/mirbft/orderer/multipaxosinstance.go:105 +0xad
  github.com/hyperledger-labs/mirbft/orderer.(*MultiPaxosOrderer).runSegment()
      /opt/gopath/src/github.com/hyperledger-labs/ISS_com_Multipaxos/mirbft/orderer/multipaxosorderer.go:269 +0x2ad
  github.com/hyperledger-labs/mirbft/orderer.(*MultiPaxosMulticastOrderer).Start.(*MultiPaxosOrderer).Start.func1.1()
      /opt/gopath/src/github.com/hyperledger-labs/ISS_com_Multipaxos/mirbft/orderer/multipaxosorderer.go:208 +0x24f

Goroutine 824 (running) created at:
  github.com/hyperledger-labs/mirbft/orderer.(*MultiPaxosOrderer).runSegment()
      /opt/gopath/src/github.com/hyperledger-labs/ISS_com_Multipaxos/mirbft/orderer/multipaxosorderer.go:273 +0x3d3
  github.com/hyperledger-labs/mirbft/orderer.(*MultiPaxosMulticastOrderer).Start.(*MultiPaxosOrderer).Start.func1.1()
      /opt/gopath/src/github.com/hyperledger-labs/ISS_com_Multipaxos/mirbft/orderer/multipaxosorderer.go:208 +0x24f
==================
==================
WARNING: DATA RACE
Write at 0x00c0002ca2a0 by goroutine 348:
  runtime.mapassign_fast32()
      /usr/local/go/src/runtime/map_fast32.go:113 +0x0
  github.com/hyperledger-labs/mirbft/multicast.(*messengerShim).DefineGroup()
      /opt/gopath/src/github.com/hyperledger-labs/ISS_com_Multipaxos/mirbft/multicast/shim_messenger.go:28 +0x90
  github.com/hyperledger-labs/mirbft/orderer.(*MultiPaxosMulticastOrderer).onPromise()
      /opt/gopath/src/github.com/hyperledger-labs/ISS_com_Multipaxos/mirbft/orderer/multipaxosmulticastorderer.go:165 +0x811
  github.com/hyperledger-labs/mirbft/orderer.(*MultiPaxosMulticastOrderer).HandleMessage()
      /opt/gopath/src/github.com/hyperledger-labs/ISS_com_Multipaxos/mirbft/orderer/multipaxosmulticastorderer.go:110 +0x1c7
  github.com/hyperledger-labs/mirbft/orderer.Orderer.HandleMessage-fm()
      <autogenerated>:1 +0x4c
  github.com/hyperledger-labs/mirbft/messenger.handleMessage()
      /opt/gopath/src/github.com/hyperledger-labs/ISS_com_Multipaxos/mirbft/messenger/peers.go:136 +0x4ba
  github.com/hyperledger-labs/mirbft/messenger.handleMessage()
      /opt/gopath/src/github.com/hyperledger-labs/ISS_com_Multipaxos/mirbft/messenger/peers.go:113 +0x514
  github.com/hyperledger-labs/mirbft/messenger.(*messengerServer).Listen()
      /opt/gopath/src/github.com/hyperledger-labs/ISS_com_Multipaxos/mirbft/messenger/peers.go:89 +0x14e
  github.com/hyperledger-labs/mirbft/protobufs._Messenger_Listen_Handler()
      /opt/gopath/src/github.com/hyperledger-labs/ISS_com_Multipaxos/mirbft/protobufs/messenger_grpc.pb.go:131 +0xe5
  google.golang.org/grpc.(*Server).processStreamingRPC()
      /root/go/pkg/mod/google.golang.org/grpc@v1.66.2/server.go:1688 +0x1fd9
  google.golang.org/grpc.(*Server).handleStream()
      /root/go/pkg/mod/google.golang.org/grpc@v1.66.2/server.go:1809 +0x17c4
  google.golang.org/grpc.(*Server).serveStreams.func2.1()
      /root/go/pkg/mod/google.golang.org/grpc@v1.66.2/server.go:1029 +0x158

Previous read at 0x00c0002ca2a0 by goroutine 694:
  runtime.mapaccess2_fast32()
      /usr/local/go/src/runtime/map_fast32.go:62 +0x0
  github.com/hyperledger-labs/mirbft/multicast.(*messengerShim).SendGroup()
      /opt/gopath/src/github.com/hyperledger-labs/ISS_com_Multipaxos/mirbft/multicast/shim_messenger.go:32 +0x55
  github.com/hyperledger-labs/mirbft/orderer.(*MultiPaxosMulticastOrderer).sendGroup()
      /opt/gopath/src/github.com/hyperledger-labs/ISS_com_Multipaxos/mirbft/orderer/multipaxosmulticastorderer.go:212 +0x196
  github.com/hyperledger-labs/mirbft/orderer.(*MultiPaxosMulticastOrderer).sendToGroupOrAll()
      /opt/gopath/src/github.com/hyperledger-labs/ISS_com_Multipaxos/mirbft/orderer/multipaxosmulticastorderer.go:196 +0xf1
  github.com/hyperledger-labs/mirbft/orderer.(*MultiPaxosMulticastOrderer).Init.func1()
      /opt/gopath/src/github.com/hyperledger-labs/ISS_com_Multipaxos/mirbft/orderer/multipaxosmulticastorderer.go:97 +0x408
  github.com/hyperledger-labs/mirbft/orderer.(*mpxInstance).onAccepted()
      /opt/gopath/src/github.com/hyperledger-labs/ISS_com_Multipaxos/mirbft/orderer/multipaxosinstance.go:306 +0xc58
  github.com/hyperledger-labs/mirbft/orderer.(*mpxInstance).handleMPxMsg()
      /opt/gopath/src/github.com/hyperledger-labs/ISS_com_Multipaxos/mirbft/orderer/multipaxosinstance.go:164 +0x533
  github.com/hyperledger-labs/mirbft/orderer.(*mpxInstance).startWorkers.func1()
      /opt/gopath/src/github.com/hyperledger-labs/ISS_com_Multipaxos/mirbft/orderer/multipaxosinstance.go:113 +0xc8

Goroutine 348 (running) created at:
  google.golang.org/grpc.(*Server).serveStreams.func2()
      /root/go/pkg/mod/google.golang.org/grpc@v1.66.2/server.go:1040 +0x224
  google.golang.org/grpc/internal/transport.(*http2Server).operateHeaders()
      /root/go/pkg/mod/google.golang.org/grpc@v1.66.2/internal/transport/http2_server.go:630 +0x3881
  google.golang.org/grpc/internal/transport.(*http2Server).HandleStreams()
      /root/go/pkg/mod/google.golang.org/grpc@v1.66.2/internal/transport/http2_server.go:671 +0x415
  google.golang.org/grpc.(*Server).serveStreams()
      /root/go/pkg/mod/google.golang.org/grpc@v1.66.2/server.go:1023 +0x69b
  google.golang.org/grpc.(*Server).handleRawConn.func1()
      /root/go/pkg/mod/google.golang.org/grpc@v1.66.2/server.go:958 +0x86

Goroutine 694 (running) created at:
  github.com/hyperledger-labs/mirbft/orderer.(*mpxInstance).startWorkers()
      /opt/gopath/src/github.com/hyperledger-labs/ISS_com_Multipaxos/mirbft/orderer/multipaxosinstance.go:105 +0xad
  github.com/hyperledger-labs/mirbft/orderer.(*MultiPaxosOrderer).runSegment()
      /opt/gopath/src/github.com/hyperledger-labs/ISS_com_Multipaxos/mirbft/orderer/multipaxosorderer.go:269 +0x2ad
  github.com/hyperledger-labs/mirbft/orderer.(*MultiPaxosMulticastOrderer).Start.(*MultiPaxosOrderer).Start.func1.1()
      /opt/gopath/src/github.com/hyperledger-labs/ISS_com_Multipaxos/mirbft/orderer/multipaxosorderer.go:208 +0x24f
==================
[MPX][NET] GOSSIP Commit sn=2 gid=2 digest=e7730aa2f5ae2994
[MC][GROUP] sn=5 gid=6 members=[1 0 3]
[MC][SEND] kind=Commit sn=2 gid=3 (group)
[MPX][IN ] PROMISE sn=5 from=3 members=[0 1 2 3]
==================
WARNING: DATA RACE
Write at 0x00c0002ca2a0 by goroutine 348:
  runtime.mapassign_fast32()
      /usr/local/go/src/runtime/map_fast32.go:113 +0x0
  github.com/hyperledger-labs/mirbft/multicast.(*messengerShim).DefineGroup()
      /opt/gopath/src/github.com/hyperledger-labs/ISS_com_Multipaxos/mirbft/multicast/shim_messenger.go:28 +0x90
  github.com/hyperledger-labs/mirbft/orderer.(*MultiPaxosMulticastOrderer).onPromise()
      /opt/gopath/src/github.com/hyperledger-labs/ISS_com_Multipaxos/mirbft/orderer/multipaxosmulticastorderer.go:165 +0x811
  github.com/hyperledger-labs/mirbft/orderer.(*MultiPaxosMulticastOrderer).HandleMessage()
      /opt/gopath/src/github.com/hyperledger-labs/ISS_com_Multipaxos/mirbft/orderer/multipaxosmulticastorderer.go:110 +0x1c7
  github.com/hyperledger-labs/mirbft/orderer.Orderer.HandleMessage-fm()
      <autogenerated>:1 +0x4c
  github.com/hyperledger-labs/mirbft/messenger.handleMessage()
      /opt/gopath/src/github.com/hyperledger-labs/ISS_com_Multipaxos/mirbft/messenger/peers.go:136 +0x4ba
  github.com/hyperledger-labs/mirbft/messenger.handleMessage()
      /opt/gopath/src/github.com/hyperledger-labs/ISS_com_Multipaxos/mirbft/messenger/peers.go:113 +0x514
  github.com/hyperledger-labs/mirbft/messenger.(*messengerServer).Listen()
      /opt/gopath/src/github.com/hyperledger-labs/ISS_com_Multipaxos/mirbft/messenger/peers.go:89 +0x14e
  github.com/hyperledger-labs/mirbft/protobufs._Messenger_Listen_Handler()
      /opt/gopath/src/github.com/hyperledger-labs/ISS_com_Multipaxos/mirbft/protobufs/messenger_grpc.pb.go:131 +0xe5
  google.golang.org/grpc.(*Server).processStreamingRPC()
      /root/go/pkg/mod/google.golang.org/grpc@v1.66.2/server.go:1688 +0x1fd9
  google.golang.org/grpc.(*Server).handleStream()
      /root/go/pkg/mod/google.golang.org/grpc@v1.66.2/server.go:1809 +0x17c4
  google.golang.org/grpc.(*Server).serveStreams.func2.1()
      /root/go/pkg/mod/google.golang.org/grpc@v1.66.2/server.go:1029 +0x158

Previous read at 0x00c0002ca2a0 by goroutine 694:
  runtime.mapaccess2_fast32()
      /usr/local/go/src/runtime/map_fast32.go:62 +0x0
  github.com/hyperledger-labs/mirbft/multicast.(*messengerShim).SendGroup()
      /opt/gopath/src/github.com/hyperledger-labs/ISS_com_Multipaxos/mirbft/multicast/shim_messenger.go:32 +0x55
  github.com/hyperledger-labs/mirbft/orderer.(*MultiPaxosMulticastOrderer).sendGroup()
      /opt/gopath/src/github.com/hyperledger-labs/ISS_com_Multipaxos/mirbft/orderer/multipaxosmulticastorderer.go:212 +0x196
  github.com/hyperledger-labs/mirbft/orderer.(*MultiPaxosMulticastOrderer).sendToGroupOrAll()
      /opt/gopath/src/github.com/hyperledger-labs/ISS_com_Multipaxos/mirbft/orderer/multipaxosmulticastorderer.go:196 +0xf1
  github.com/hyperledger-labs/mirbft/orderer.(*MultiPaxosMulticastOrderer).Init.func1()
      /opt/gopath/src/github.com/hyperledger-labs/ISS_com_Multipaxos/mirbft/orderer/multipaxosmulticastorderer.go:97 +0x408
  github.com/hyperledger-labs/mirbft/orderer.(*mpxInstance).onCommit()
      /opt/gopath/src/github.com/hyperledger-labs/ISS_com_Multipaxos/mirbft/orderer/multipaxosinstance.go:372 +0x1085
  github.com/hyperledger-labs/mirbft/orderer.(*mpxInstance).onAccepted()
      /opt/gopath/src/github.com/hyperledger-labs/ISS_com_Multipaxos/mirbft/orderer/multipaxosinstance.go:314 +0xe84
  github.com/hyperledger-labs/mirbft/orderer.(*mpxInstance).handleMPxMsg()
      /opt/gopath/src/github.com/hyperledger-labs/ISS_com_Multipaxos/mirbft/orderer/multipaxosinstance.go:164 +0x533
  github.com/hyperledger-labs/mirbft/orderer.(*mpxInstance).startWorkers.func1()
      /opt/gopath/src/github.com/hyperledger-labs/ISS_com_Multipaxos/mirbft/orderer/multipaxosinstance.go:113 +0xc8

Goroutine 348 (running) created at:
  google.golang.org/grpc.(*Server).serveStreams.func2()
      /root/go/pkg/mod/google.golang.org/grpc@v1.66.2/server.go:1040 +0x224
  google.golang.org/grpc/internal/transport.(*http2Server).operateHeaders()
      /root/go/pkg/mod/google.golang.org/grpc@v1.66.2/internal/transport/http2_server.go:630 +0x3881
  google.golang.org/grpc/internal/transport.(*http2Server).HandleStreams()
      /root/go/pkg/mod/google.golang.org/grpc@v1.66.2/internal/transport/http2_server.go:671 +0x415
  google.golang.org/grpc.(*Server).serveStreams()
      /root/go/pkg/mod/google.golang.org/grpc@v1.66.2/server.go:1023 +0x69b
  google.golang.org/grpc.(*Server).handleRawConn.func1()
      /root/go/pkg/mod/google.golang.org/grpc@v1.66.2/server.go:958 +0x86

Goroutine 694 (running) created at:
  github.com/hyperledger-labs/mirbft/orderer.(*mpxInstance).startWorkers()
      /opt/gopath/src/github.com/hyperledger-labs/ISS_com_Multipaxos/mirbft/orderer/multipaxosinstance.go:105 +0xad
  github.com/hyperledger-labs/mirbft/orderer.(*MultiPaxosOrderer).runSegment()
      /opt/gopath/src/github.com/hyperledger-labs/ISS_com_Multipaxos/mirbft/orderer/multipaxosorderer.go:269 +0x2ad
  github.com/hyperledger-labs/mirbft/orderer.(*MultiPaxosMulticastOrderer).Start.(*MultiPaxosOrderer).Start.func1.1()
      /opt/gopath/src/github.com/hyperledger-labs/ISS_com_Multipaxos/mirbft/orderer/multipaxosorderer.go:208 +0x24f
==================
[MC][GROUP] sn=4 gid=5 members=[1 0 3]
[MPX][IN ] PROMISE sn=4 from=3 members=[0 1 2 3]
20:24:46.692 INF [REQ] ClientRequest received -> bucket bucketID=29 clientID=0 clientSn=190
[MPX][CHK] ANNOUNCE sn=2 reqs=47
20:24:46.692 DBG [REQ] Bucket size after enqueue bucketID=29 bucketLenApprox=0
20:24:46.693 INF Committed entry. latency=0 nReq=47 sn=2
SB-DELIVER sn=2 size=47
COMMIT sn=2 size=47
DELIVER sn=2 delivered=47
[MPX] COMMIT  sn=2 size=47
[MPX][IN ] ACCEPTED sn=2 from=3
[MPX][QUORUM] ACCEPTED sn=2 count=4/3 digest=e7730aa2f5ae2994
[MPX][IN ] ACCEPT sn=0 from=0 gid=0
[MPX][QUORUM] ACCEPT sn=0 acceptCount=1 quorum=3 digest=7f7ad6dc4fb3ef3d
[MPX][NET] SEND Accepted sn=0 → leader=0 (unicast)
[MPX][IN ] PREPARE sn=1 from=0
[MPX][IN ] PREPARE sn=4 from=0
[MPX][IN ] PREPARE sn=2 from=0
[MPX][IN ] PREPARE sn=3 from=0
[MPX][IN ] ACCEPTED sn=2 from=0
[MPX][IN ] PROMISE sn=7 from=0 members=[0 1 2 3]
[MPX][IN ] ACCEPTED sn=2 from=3
[MPX][IN ] PREPARE sn=4 from=3
[MPX][IN ] ACCEPT sn=3 from=3 gid=3
[MPX][QUORUM] ACCEPT sn=3 acceptCount=1 quorum=3 digest=e454b51d83f0fb9a
[MPX][NET] SEND Accepted sn=3 → leader=3 (unicast)
[MPX][IN ] PREPARE sn=7 from=3
[MPX][IN ] PREPARE sn=5 from=3
[MPX][IN ] COMMIT sn=0 from=0 gid=0
[MPX][NET] GOSSIP Commit sn=0 gid=0 digest=7f7ad6dc4fb3ef3d
[MC][SEND] kind=Commit sn=0 gid=1 (group)
[MPX][CHK] ANNOUNCE sn=0 reqs=48
20:24:46.707 INF Committed entry. latency=0 nReq=48 sn=0
20:24:46.709 INF Delivered batch. nReq=48 sn=0
SB-DELIVER sn=0 size=48
COMMIT sn=0 size=48
DELIVER sn=0 delivered=48
[MPX] COMMIT  sn=0 size=48
[MPX][IN ] COMMIT sn=0 from=0 gid=0
[MPX][IN ] COMMIT sn=0 from=3 gid=0
[RESPONDER][ENTRY] sn=0 nreq=48
[RESPONDER][SEND] sn=0 client=0 req=0 msg=ClientResponse{orderSn=0,clientSn=0}
[MESSENGER][OK] client=0 deliver clientSn=0 sn=0
[RESPONDER][SEND] sn=0 client=0 req=64 msg=ClientResponse{orderSn=0,clientSn=64}
[MESSENGER][OK] client=0 deliver clientSn=64 sn=0
[RESPONDER][SEND] sn=0 client=0 req=128 msg=ClientResponse{orderSn=0,clientSn=128}
[MESSENGER][OK] client=0 deliver clientSn=128 sn=0
[RESPONDER][SEND] sn=0 client=0 req=4 msg=ClientResponse{orderSn=0,clientSn=4}
[MESSENGER][OK] client=0 deliver clientSn=4 sn=0
[RESPONDER][SEND] sn=0 client=0 req=68 msg=ClientResponse{orderSn=0,clientSn=68}
[MESSENGER][OK] client=0 deliver clientSn=68 sn=0
[RESPONDER][SEND] sn=0 client=0 req=132 msg=ClientResponse{orderSn=0,clientSn=132}
[MESSENGER][OK] client=0 deliver clientSn=132 sn=0
[RESPONDER][SEND] sn=0 client=0 req=8 msg=ClientResponse{orderSn=0,clientSn=8}
[MESSENGER][OK] client=0 deliver clientSn=8 sn=0
[RESPONDER][SEND] sn=0 client=0 req=72 msg=ClientResponse{orderSn=0,clientSn=72}
[MESSENGER][OK] client=0 deliver clientSn=72 sn=0
[RESPONDER][SEND] sn=0 client=0 req=136 msg=ClientResponse{orderSn=0,clientSn=136}
[MESSENGER][OK] client=0 deliver clientSn=136 sn=0
[RESPONDER][SEND] sn=0 client=0 req=12 msg=ClientResponse{orderSn=0,clientSn=12}
[MPX][IN ] COMMIT sn=0 from=1 gid=0
[MESSENGER][OK] client=0 deliver clientSn=12 sn=0
[RESPONDER][SEND] sn=0 client=0 req=76 msg=ClientResponse{orderSn=0,clientSn=76}
[MESSENGER][OK] client=0 deliver clientSn=76 sn=0
[RESPONDER][SEND] sn=0 client=0 req=140 msg=ClientResponse{orderSn=0,clientSn=140}
[MESSENGER][OK] client=0 deliver clientSn=140 sn=0
[RESPONDER][SEND] sn=0 client=0 req=16 msg=ClientResponse{orderSn=0,clientSn=16}
[MESSENGER][OK] client=0 deliver clientSn=16 sn=0
[RESPONDER][SEND] sn=0 client=0 req=80 msg=ClientResponse{orderSn=0,clientSn=80}
[MESSENGER][OK] client=0 deliver clientSn=80 sn=0
[RESPONDER][SEND] sn=0 client=0 req=144 msg=ClientResponse{orderSn=0,clientSn=144}
[MESSENGER][OK] client=0 deliver clientSn=144 sn=0
[RESPONDER][SEND] sn=0 client=0 req=20 msg=ClientResponse{orderSn=0,clientSn=20}
[MESSENGER][OK] client=0 deliver clientSn=20 sn=0
[MPX][IN ] ACCEPT sn=1 from=1 gid=1
[MPX][IN ] PREPARE sn=4 from=1
[MPX][IN ] PREPARE sn=2 from=1
[MPX][IN ] ACCEPTED sn=2 from=1
[MPX][QUORUM] ACCEPT sn=1 acceptCount=1 quorum=3 digest=c10dabf497b017ad
[MPX][NET] SEND Accepted sn=1 → leader=1 (unicast)
[MPX][IN ] PREPARE sn=5 from=1
[MPX][IN ] PREPARE sn=3 from=1
20:24:46.710 INF [REQ] ClientRequest received -> bucket bucketID=26 clientID=0 clientSn=194
20:24:46.710 DBG [REQ] Bucket size after enqueue bucketID=26 bucketLenApprox=0
[RESPONDER][SEND] sn=0 client=0 req=84 msg=ClientResponse{orderSn=0,clientSn=84}
[MESSENGER][OK] client=0 deliver clientSn=84 sn=0
[RESPONDER][SEND] sn=0 client=0 req=148 msg=ClientResponse{orderSn=0,clientSn=148}
[MESSENGER][OK] client=0 deliver clientSn=148 sn=0
[RESPONDER][SEND] sn=0 client=0 req=24 msg=ClientResponse{orderSn=0,clientSn=24}
[MESSENGER][OK] client=0 deliver clientSn=24 sn=0
[RESPONDER][SEND] sn=0 client=0 req=88 msg=ClientResponse{orderSn=0,clientSn=88}
[MESSENGER][OK] client=0 deliver clientSn=88 sn=0
[RESPONDER][SEND] sn=0 client=0 req=152 msg=ClientResponse{orderSn=0,clientSn=152}
[MESSENGER][OK] client=0 deliver clientSn=152 sn=0
[RESPONDER][SEND] sn=0 client=0 req=28 msg=ClientResponse{orderSn=0,clientSn=28}
[MESSENGER][OK] client=0 deliver clientSn=28 sn=0
[RESPONDER][SEND] sn=0 client=0 req=92 msg=ClientResponse{orderSn=0,clientSn=92}
[MESSENGER][OK] client=0 deliver clientSn=92 sn=0
[RESPONDER][SEND] sn=0 client=0 req=156 msg=ClientResponse{orderSn=0,clientSn=156}
[MESSENGER][OK] client=0 deliver clientSn=156 sn=0
[RESPONDER][SEND] sn=0 client=0 req=32 msg=ClientResponse{orderSn=0,clientSn=32}
[MESSENGER][OK] client=0 deliver clientSn=32 sn=0
[RESPONDER][SEND] sn=0 client=0 req=96 msg=ClientResponse{orderSn=0,clientSn=96}
[MESSENGER][OK] client=0 deliver clientSn=96 sn=0
[RESPONDER][SEND] sn=0 client=0 req=160 msg=ClientResponse{orderSn=0,clientSn=160}
[MESSENGER][OK] client=0 deliver clientSn=160 sn=0
[RESPONDER][SEND] sn=0 client=0 req=36 msg=ClientResponse{orderSn=0,clientSn=36}
[MESSENGER][OK] client=0 deliver clientSn=36 sn=0
20:24:46.711 WRN MPX handles message from self. sn=0
[RESPONDER][SEND] sn=0 client=0 req=100 msg=ClientResponse{orderSn=0,clientSn=100}
[MPX][IN ] COMMIT sn=0 from=2 gid=0
[MESSENGER][OK] client=0 deliver clientSn=100 sn=0
[RESPONDER][SEND] sn=0 client=0 req=164 msg=ClientResponse{orderSn=0,clientSn=164}
[MESSENGER][OK] client=0 deliver clientSn=164 sn=0
[RESPONDER][SEND] sn=0 client=0 req=40 msg=ClientResponse{orderSn=0,clientSn=40}
[MESSENGER][OK] client=0 deliver clientSn=40 sn=0
[RESPONDER][SEND] sn=0 client=0 req=104 msg=ClientResponse{orderSn=0,clientSn=104}
[MESSENGER][OK] client=0 deliver clientSn=104 sn=0
[RESPONDER][SEND] sn=0 client=0 req=168 msg=ClientResponse{orderSn=0,clientSn=168}
[MESSENGER][OK] client=0 deliver clientSn=168 sn=0
[RESPONDER][SEND] sn=0 client=0 req=44 msg=ClientResponse{orderSn=0,clientSn=44}
[MESSENGER][OK] client=0 deliver clientSn=44 sn=0
[RESPONDER][SEND] sn=0 client=0 req=108 msg=ClientResponse{orderSn=0,clientSn=108}
[MESSENGER][OK] client=0 deliver clientSn=108 sn=0
[RESPONDER][SEND] sn=0 client=0 req=172 msg=ClientResponse{orderSn=0,clientSn=172}
[MESSENGER][OK] client=0 deliver clientSn=172 sn=0
[RESPONDER][SEND] sn=0 client=0 req=48 msg=ClientResponse{orderSn=0,clientSn=48}
[MESSENGER][OK] client=0 deliver clientSn=48 sn=0
[RESPONDER][SEND] sn=0 client=0 req=112 msg=ClientResponse{orderSn=0,clientSn=112}
[MESSENGER][OK] client=0 deliver clientSn=112 sn=0
[RESPONDER][SEND] sn=0 client=0 req=176 msg=ClientResponse{orderSn=0,clientSn=176}
[MESSENGER][OK] client=0 deliver clientSn=176 sn=0
[RESPONDER][SEND] sn=0 client=0 req=52 msg=ClientResponse{orderSn=0,clientSn=52}
[MESSENGER][OK] client=0 deliver clientSn=52 sn=0
[RESPONDER][SEND] sn=0 client=0 req=116 msg=ClientResponse{orderSn=0,clientSn=116}
[MESSENGER][OK] client=0 deliver clientSn=116 sn=0
[RESPONDER][SEND] sn=0 client=0 req=180 msg=ClientResponse{orderSn=0,clientSn=180}
[MESSENGER][OK] client=0 deliver clientSn=180 sn=0
[RESPONDER][SEND] sn=0 client=0 req=56 msg=ClientResponse{orderSn=0,clientSn=56}
[MESSENGER][OK] client=0 deliver clientSn=56 sn=0
[RESPONDER][SEND] sn=0 client=0 req=120 msg=ClientResponse{orderSn=0,clientSn=120}
[MESSENGER][OK] client=0 deliver clientSn=120 sn=0
[RESPONDER][SEND] sn=0 client=0 req=184 msg=ClientResponse{orderSn=0,clientSn=184}
[MESSENGER][OK] client=0 deliver clientSn=184 sn=0
[RESPONDER][SEND] sn=0 client=0 req=60 msg=ClientResponse{orderSn=0,clientSn=60}
[MESSENGER][OK] client=0 deliver clientSn=60 sn=0
[RESPONDER][SEND] sn=0 client=0 req=124 msg=ClientResponse{orderSn=0,clientSn=124}
[MESSENGER][OK] client=0 deliver clientSn=124 sn=0
[RESPONDER][SEND] sn=0 client=0 req=188 msg=ClientResponse{orderSn=0,clientSn=188}
[MESSENGER][OK] client=0 deliver clientSn=188 sn=0
[RESPONDER][ENTRY][DONE] sn=0 sent=48/48
[MPX][IN ] COMMIT sn=3 from=3 gid=3
[MPX][NET] GOSSIP Commit sn=3 gid=3 digest=e454b51d83f0fb9a
[MC][SEND] kind=Commit sn=3 gid=4 (group)
[MPX][CHK] ANNOUNCE sn=3 reqs=48
20:24:46.718 INF Committed entry. latency=0 nReq=48 sn=3
SB-DELIVER sn=3 size=48
COMMIT sn=3 size=48
DELIVER sn=3 delivered=48
[MPX] COMMIT  sn=3 size=48
[MPX][IN ] COMMIT sn=3 from=3 gid=3
[MPX][IN ] COMMIT sn=3 from=1 gid=3
[MPX][IN ] COMMIT sn=3 from=0 gid=3
20:24:46.721 WRN MPX handles message from self. sn=3
[MPX][IN ] COMMIT sn=3 from=2 gid=3
[MPX][IN ] COMMIT sn=1 from=1 gid=1
[MPX][NET] GOSSIP Commit sn=1 gid=1 digest=c10dabf497b017ad
[MC][SEND] kind=Commit sn=1 gid=0 dst=ALL (fallback)
[MPX][CHK] ANNOUNCE sn=1 reqs=48
20:24:46.722 INF Committed entry. latency=0 nReq=48 sn=1
20:24:46.723 INF Delivered batch. nReq=48 sn=1
20:24:46.723 INF Delivered batch. nReq=47 sn=2
20:24:46.723 INF Delivered batch. nReq=48 sn=3
SB-DELIVER sn=1 size=48
COMMIT sn=1 size=48
DELIVER sn=1 delivered=48
[MPX] COMMIT  sn=1 size=48
[MPX][IN ] COMMIT sn=1 from=1 gid=1
[RESPONDER][ENTRY] sn=1 nreq=48
[RESPONDER][SEND] sn=1 client=0 req=1 msg=ClientResponse{orderSn=1,clientSn=1}
[MESSENGER][OK] client=0 deliver clientSn=1 sn=1
[RESPONDER][SEND] sn=1 client=0 req=65 msg=ClientResponse{orderSn=1,clientSn=65}
[MESSENGER][OK] client=0 deliver clientSn=65 sn=1
[RESPONDER][SEND] sn=1 client=0 req=129 msg=ClientResponse{orderSn=1,clientSn=129}
[MESSENGER][OK] client=0 deliver clientSn=129 sn=1
[RESPONDER][SEND] sn=1 client=0 req=5 msg=ClientResponse{orderSn=1,clientSn=5}
[MESSENGER][OK] client=0 deliver clientSn=5 sn=1
[RESPONDER][SEND] sn=1 client=0 req=69 msg=ClientResponse{orderSn=1,clientSn=69}
[MESSENGER][OK] client=0 deliver clientSn=69 sn=1
[RESPONDER][SEND] sn=1 client=0 req=133 msg=ClientResponse{orderSn=1,clientSn=133}
[MESSENGER][OK] client=0 deliver clientSn=133 sn=1
[RESPONDER][SEND] sn=1 client=0 req=9 msg=ClientResponse{orderSn=1,clientSn=9}
[MESSENGER][OK] client=0 deliver clientSn=9 sn=1
[RESPONDER][SEND] sn=1 client=0 req=73 msg=ClientResponse{orderSn=1,clientSn=73}
[MESSENGER][OK] client=0 deliver clientSn=73 sn=1
[RESPONDER][SEND] sn=1 client=0 req=137 msg=ClientResponse{orderSn=1,clientSn=137}
[MESSENGER][OK] client=0 deliver clientSn=137 sn=1
[RESPONDER][SEND] sn=1 client=0 req=13 msg=ClientResponse{orderSn=1,clientSn=13}
[MESSENGER][OK] client=0 deliver clientSn=13 sn=1
[RESPONDER][SEND] sn=1 client=0 req=77 msg=ClientResponse{orderSn=1,clientSn=77}
[MESSENGER][OK] client=0 deliver clientSn=77 sn=1
[RESPONDER][SEND] sn=1 client=0 req=141 msg=ClientResponse{orderSn=1,clientSn=141}
[MESSENGER][OK] client=0 deliver clientSn=141 sn=1
[RESPONDER][SEND] sn=1 client=0 req=17 msg=ClientResponse{orderSn=1,clientSn=17}
[MESSENGER][OK] client=0 deliver clientSn=17 sn=1
[RESPONDER][SEND] sn=1 client=0 req=81 msg=ClientResponse{orderSn=1,clientSn=81}
[MESSENGER][OK] client=0 deliver clientSn=81 sn=1
[RESPONDER][SEND] sn=1 client=0 req=145 msg=ClientResponse{orderSn=1,clientSn=145}
[MESSENGER][OK] client=0 deliver clientSn=145 sn=1
[RESPONDER][SEND] sn=1 client=0 req=21 msg=ClientResponse{orderSn=1,clientSn=21}
[MESSENGER][OK] client=0 deliver clientSn=21 sn=1
[RESPONDER][SEND] sn=1 client=0 req=85 msg=ClientResponse{orderSn=1,clientSn=85}
[MESSENGER][OK] client=0 deliver clientSn=85 sn=1
[RESPONDER][SEND] sn=1 client=0 req=149 msg=ClientResponse{orderSn=1,clientSn=149}
[MESSENGER][OK] client=0 deliver clientSn=149 sn=1
[RESPONDER][SEND] sn=1 client=0 req=25 msg=ClientResponse{orderSn=1,clientSn=25}
[MESSENGER][OK] client=0 deliver clientSn=25 sn=1
[RESPONDER][SEND] sn=1 client=0 req=89 msg=ClientResponse{orderSn=1,clientSn=89}
[MESSENGER][OK] client=0 deliver clientSn=89 sn=1
[RESPONDER][SEND] sn=1 client=0 req=153 msg=ClientResponse{orderSn=1,clientSn=153}
[MESSENGER][OK] client=0 deliver clientSn=153 sn=1
[RESPONDER][SEND] sn=1 client=0 req=29 msg=ClientResponse{orderSn=1,clientSn=29}
[MESSENGER][OK] client=0 deliver clientSn=29 sn=1
[RESPONDER][SEND] sn=1 client=0 req=93 msg=ClientResponse{orderSn=1,clientSn=93}
[MESSENGER][OK] client=0 deliver clientSn=93 sn=1
[RESPONDER][SEND] sn=1 client=0 req=157 msg=ClientResponse{orderSn=1,clientSn=157}
[MESSENGER][OK] client=0 deliver clientSn=157 sn=1
[RESPONDER][SEND] sn=1 client=0 req=33 msg=ClientResponse{orderSn=1,clientSn=33}
[MESSENGER][OK] client=0 deliver clientSn=33 sn=1
[RESPONDER][SEND] sn=1 client=0 req=97 msg=ClientResponse{orderSn=1,clientSn=97}
[MESSENGER][OK] client=0 deliver clientSn=97 sn=1
[RESPONDER][SEND] sn=1 client=0 req=161 msg=ClientResponse{orderSn=1,clientSn=161}
[MESSENGER][OK] client=0 deliver clientSn=161 sn=1
[RESPONDER][SEND] sn=1 client=0 req=37 msg=ClientResponse{orderSn=1,clientSn=37}
[MESSENGER][OK] client=0 deliver clientSn=37 sn=1
[RESPONDER][SEND] sn=1 client=0 req=101 msg=ClientResponse{orderSn=1,clientSn=101}
[MESSENGER][OK] client=0 deliver clientSn=101 sn=1
[RESPONDER][SEND] sn=1 client=0 req=165 msg=ClientResponse{orderSn=1,clientSn=165}
[MESSENGER][OK] client=0 deliver clientSn=165 sn=1
[RESPONDER][SEND] sn=1 client=0 req=41 msg=ClientResponse{orderSn=1,clientSn=41}
[MESSENGER][OK] client=0 deliver clientSn=41 sn=1
[RESPONDER][SEND] sn=1 client=0 req=105 msg=ClientResponse{orderSn=1,clientSn=105}
[MESSENGER][OK] client=0 deliver clientSn=105 sn=1
[RESPONDER][SEND] sn=1 client=0 req=169 msg=ClientResponse{orderSn=1,clientSn=169}
[MESSENGER][OK] client=0 deliver clientSn=169 sn=1
[RESPONDER][SEND] sn=1 client=0 req=45 msg=ClientResponse{orderSn=1,clientSn=45}
[MESSENGER][OK] client=0 deliver clientSn=45 sn=1
[RESPONDER][SEND] sn=1 client=0 req=109 msg=ClientResponse{orderSn=1,clientSn=109}
[MESSENGER][OK] client=0 deliver clientSn=109 sn=1
[RESPONDER][SEND] sn=1 client=0 req=173 msg=ClientResponse{orderSn=1,clientSn=173}
[MESSENGER][OK] client=0 deliver clientSn=173 sn=1
[RESPONDER][SEND] sn=1 client=0 req=49 msg=ClientResponse{orderSn=1,clientSn=49}
[MESSENGER][OK] client=0 deliver clientSn=49 sn=1
[RESPONDER][SEND] sn=1 client=0 req=113 msg=ClientResponse{orderSn=1,clientSn=113}
[MESSENGER][OK] client=0 deliver clientSn=113 sn=1
[RESPONDER][SEND] sn=1 client=0 req=177 msg=ClientResponse{orderSn=1,clientSn=177}
[MESSENGER][OK] client=0 deliver clientSn=177 sn=1
[RESPONDER][SEND] sn=1 client=0 req=53 msg=ClientResponse{orderSn=1,clientSn=53}
[MESSENGER][OK] client=0 deliver clientSn=53 sn=1
[RESPONDER][SEND] sn=1 client=0 req=117 msg=ClientResponse{orderSn=1,clientSn=117}
[MESSENGER][OK] client=0 deliver clientSn=117 sn=1
[RESPONDER][SEND] sn=1 client=0 req=181 msg=ClientResponse{orderSn=1,clientSn=181}
[MESSENGER][OK] client=0 deliver clientSn=181 sn=1
[RESPONDER][SEND] sn=1 client=0 req=57 msg=ClientResponse{orderSn=1,clientSn=57}
[MESSENGER][OK] client=0 deliver clientSn=57 sn=1
[RESPONDER][SEND] sn=1 client=0 req=121 msg=ClientResponse{orderSn=1,clientSn=121}
[MESSENGER][OK] client=0 deliver clientSn=121 sn=1
[RESPONDER][SEND] sn=1 client=0 req=185 msg=ClientResponse{orderSn=1,clientSn=185}
20:24:46.725 INF [REQ] ClientRequest received -> bucket bucketID=29 clientID=0 clientSn=198
[MESSENGER][OK] client=0 deliver clientSn=185 sn=1
[RESPONDER][SEND] sn=1 client=0 req=61 msg=ClientResponse{orderSn=1,clientSn=61}
[MESSENGER][OK] client=0 deliver clientSn=61 sn=1
[RESPONDER][SEND] sn=1 client=0 req=125 msg=ClientResponse{orderSn=1,clientSn=125}
[MESSENGER][OK] client=0 deliver clientSn=125 sn=1
[RESPONDER][SEND] sn=1 client=0 req=189 msg=ClientResponse{orderSn=1,clientSn=189}
[MESSENGER][OK] client=0 deliver clientSn=189 sn=1
[RESPONDER][ENTRY][DONE] sn=1 sent=48/48
[RESPONDER][ENTRY] sn=2 nreq=47
[RESPONDER][SEND] sn=2 client=0 req=2 msg=ClientResponse{orderSn=2,clientSn=2}
[MESSENGER][OK] client=0 deliver clientSn=2 sn=2
[RESPONDER][SEND] sn=2 client=0 req=66 msg=ClientResponse{orderSn=2,clientSn=66}
[MESSENGER][OK] client=0 deliver clientSn=66 sn=2
[RESPONDER][SEND] sn=2 client=0 req=6 msg=ClientResponse{orderSn=2,clientSn=6}
[MESSENGER][OK] client=0 deliver clientSn=6 sn=2
[RESPONDER][SEND] sn=2 client=0 req=70 msg=ClientResponse{orderSn=2,clientSn=70}
[MESSENGER][OK] client=0 deliver clientSn=70 sn=2
[RESPONDER][SEND] sn=2 client=0 req=10 msg=ClientResponse{orderSn=2,clientSn=10}
[MPX][IN ] COMMIT sn=1 from=3 gid=1
[MESSENGER][OK] client=0 deliver clientSn=10 sn=2
[RESPONDER][SEND] sn=2 client=0 req=74 msg=ClientResponse{orderSn=2,clientSn=74}
[MESSENGER][OK] client=0 deliver clientSn=74 sn=2
[RESPONDER][SEND] sn=2 client=0 req=14 msg=ClientResponse{orderSn=2,clientSn=14}
[MESSENGER][OK] client=0 deliver clientSn=14 sn=2
[RESPONDER][SEND] sn=2 client=0 req=78 msg=ClientResponse{orderSn=2,clientSn=78}
[MESSENGER][OK] client=0 deliver clientSn=78 sn=2
[RESPONDER][SEND] sn=2 client=0 req=18 msg=ClientResponse{orderSn=2,clientSn=18}
[MESSENGER][OK] client=0 deliver clientSn=18 sn=2
[RESPONDER][SEND] sn=2 client=0 req=82 msg=ClientResponse{orderSn=2,clientSn=82}
[MESSENGER][OK] client=0 deliver clientSn=82 sn=2
[RESPONDER][SEND] sn=2 client=0 req=22 msg=ClientResponse{orderSn=2,clientSn=22}
[MESSENGER][OK] client=0 deliver clientSn=22 sn=2
[RESPONDER][SEND] sn=2 client=0 req=86 msg=ClientResponse{orderSn=2,clientSn=86}
[MESSENGER][OK] client=0 deliver clientSn=86 sn=2
[RESPONDER][SEND] sn=2 client=0 req=26 msg=ClientResponse{orderSn=2,clientSn=26}
[MESSENGER][OK] client=0 deliver clientSn=26 sn=2
[RESPONDER][SEND] sn=2 client=0 req=90 msg=ClientResponse{orderSn=2,clientSn=90}
[MESSENGER][OK] client=0 deliver clientSn=90 sn=2
[RESPONDER][SEND] sn=2 client=0 req=30 msg=ClientResponse{orderSn=2,clientSn=30}
[MESSENGER][OK] client=0 deliver clientSn=30 sn=2
[RESPONDER][SEND] sn=2 client=0 req=94 msg=ClientResponse{orderSn=2,clientSn=94}
[MESSENGER][OK] client=0 deliver clientSn=94 sn=2
[RESPONDER][SEND] sn=2 client=0 req=34 msg=ClientResponse{orderSn=2,clientSn=34}
[MESSENGER][OK] client=0 deliver clientSn=34 sn=2
[RESPONDER][SEND] sn=2 client=0 req=98 msg=ClientResponse{orderSn=2,clientSn=98}
[MESSENGER][OK] client=0 deliver clientSn=98 sn=2
[RESPONDER][SEND] sn=2 client=0 req=38 msg=ClientResponse{orderSn=2,clientSn=38}
[MESSENGER][OK] client=0 deliver clientSn=38 sn=2
[RESPONDER][SEND] sn=2 client=0 req=102 msg=ClientResponse{orderSn=2,clientSn=102}
[MESSENGER][OK] client=0 deliver clientSn=102 sn=2
[RESPONDER][SEND] sn=2 client=0 req=42 msg=ClientResponse{orderSn=2,clientSn=42}
[MESSENGER][OK] client=0 deliver clientSn=42 sn=2
[RESPONDER][SEND] sn=2 client=0 req=106 msg=ClientResponse{orderSn=2,clientSn=106}
[MESSENGER][OK] client=0 deliver clientSn=106 sn=2
[RESPONDER][SEND] sn=2 client=0 req=46 msg=ClientResponse{orderSn=2,clientSn=46}
[MESSENGER][OK] client=0 deliver clientSn=46 sn=2
[RESPONDER][SEND] sn=2 client=0 req=110 msg=ClientResponse{orderSn=2,clientSn=110}
[MESSENGER][OK] client=0 deliver clientSn=110 sn=2
[RESPONDER][SEND] sn=2 client=0 req=50 msg=ClientResponse{orderSn=2,clientSn=50}
[MESSENGER][OK] client=0 deliver clientSn=50 sn=2
[RESPONDER][SEND] sn=2 client=0 req=114 msg=ClientResponse{orderSn=2,clientSn=114}
[MESSENGER][OK] client=0 deliver clientSn=114 sn=2
[RESPONDER][SEND] sn=2 client=0 req=54 msg=ClientResponse{orderSn=2,clientSn=54}
[MESSENGER][OK] client=0 deliver clientSn=54 sn=2
[RESPONDER][SEND] sn=2 client=0 req=118 msg=ClientResponse{orderSn=2,clientSn=118}
[MESSENGER][OK] client=0 deliver clientSn=118 sn=2
[RESPONDER][SEND] sn=2 client=0 req=58 msg=ClientResponse{orderSn=2,clientSn=58}
[MESSENGER][OK] client=0 deliver clientSn=58 sn=2
[RESPONDER][SEND] sn=2 client=0 req=122 msg=ClientResponse{orderSn=2,clientSn=122}
[MESSENGER][OK] client=0 deliver clientSn=122 sn=2
[RESPONDER][SEND] sn=2 client=0 req=62 msg=ClientResponse{orderSn=2,clientSn=62}
[MESSENGER][OK] client=0 deliver clientSn=62 sn=2
[RESPONDER][SEND] sn=2 client=0 req=126 msg=ClientResponse{orderSn=2,clientSn=126}
[MESSENGER][OK] client=0 deliver clientSn=126 sn=2
[RESPONDER][SEND] sn=2 client=0 req=130 msg=ClientResponse{orderSn=2,clientSn=130}
20:24:46.727 WRN MPX handles message from self. sn=1
[MESSENGER][OK] client=0 deliver clientSn=130 sn=2
[RESPONDER][SEND] sn=2 client=0 req=134 msg=ClientResponse{orderSn=2,clientSn=134}
[MESSENGER][OK] client=0 deliver clientSn=134 sn=2
[MPX][IN ] COMMIT sn=1 from=2 gid=1
[RESPONDER][SEND] sn=2 client=0 req=138 msg=ClientResponse{orderSn=2,clientSn=138}
[MESSENGER][OK] client=0 deliver clientSn=138 sn=2
[RESPONDER][SEND] sn=2 client=0 req=142 msg=ClientResponse{orderSn=2,clientSn=142}
[MESSENGER][OK] client=0 deliver clientSn=142 sn=2
[RESPONDER][SEND] sn=2 client=0 req=146 msg=ClientResponse{orderSn=2,clientSn=146}
[MESSENGER][OK] client=0 deliver clientSn=146 sn=2
[RESPONDER][SEND] sn=2 client=0 req=150 msg=ClientResponse{orderSn=2,clientSn=150}
[MESSENGER][OK] client=0 deliver clientSn=150 sn=2
[RESPONDER][SEND] sn=2 client=0 req=154 msg=ClientResponse{orderSn=2,clientSn=154}
[MESSENGER][OK] client=0 deliver clientSn=154 sn=2
[RESPONDER][SEND] sn=2 client=0 req=158 msg=ClientResponse{orderSn=2,clientSn=158}
[MESSENGER][OK] client=0 deliver clientSn=158 sn=2
20:24:46.725 DBG [REQ] Bucket size after enqueue bucketID=29 bucketLenApprox=0
[RESPONDER][SEND] sn=2 client=0 req=162 msg=ClientResponse{orderSn=2,clientSn=162}
[MESSENGER][OK] client=0 deliver clientSn=162 sn=2
[RESPONDER][SEND] sn=2 client=0 req=166 msg=ClientResponse{orderSn=2,clientSn=166}
[MESSENGER][OK] client=0 deliver clientSn=166 sn=2
[RESPONDER][SEND] sn=2 client=0 req=170 msg=ClientResponse{orderSn=2,clientSn=170}
[MESSENGER][OK] client=0 deliver clientSn=170 sn=2
[RESPONDER][SEND] sn=2 client=0 req=174 msg=ClientResponse{orderSn=2,clientSn=174}
[MESSENGER][OK] client=0 deliver clientSn=174 sn=2
[RESPONDER][SEND] sn=2 client=0 req=178 msg=ClientResponse{orderSn=2,clientSn=178}
[MESSENGER][OK] client=0 deliver clientSn=178 sn=2
[RESPONDER][SEND] sn=2 client=0 req=182 msg=ClientResponse{orderSn=2,clientSn=182}
[MESSENGER][OK] client=0 deliver clientSn=182 sn=2
[RESPONDER][SEND] sn=2 client=0 req=186 msg=ClientResponse{orderSn=2,clientSn=186}
[MESSENGER][OK] client=0 deliver clientSn=186 sn=2
[RESPONDER][ENTRY][DONE] sn=2 sent=47/47
[RESPONDER][ENTRY] sn=3 nreq=48
[RESPONDER][SEND] sn=3 client=0 req=3 msg=ClientResponse{orderSn=3,clientSn=3}
[MESSENGER][OK] client=0 deliver clientSn=3 sn=3
[RESPONDER][SEND] sn=3 client=0 req=67 msg=ClientResponse{orderSn=3,clientSn=67}
[MESSENGER][OK] client=0 deliver clientSn=67 sn=3
[RESPONDER][SEND] sn=3 client=0 req=131 msg=ClientResponse{orderSn=3,clientSn=131}
[MESSENGER][OK] client=0 deliver clientSn=131 sn=3
[RESPONDER][SEND] sn=3 client=0 req=7 msg=ClientResponse{orderSn=3,clientSn=7}
[MESSENGER][OK] client=0 deliver clientSn=7 sn=3
[RESPONDER][SEND] sn=3 client=0 req=71 msg=ClientResponse{orderSn=3,clientSn=71}
[MESSENGER][OK] client=0 deliver clientSn=71 sn=3
[RESPONDER][SEND] sn=3 client=0 req=135 msg=ClientResponse{orderSn=3,clientSn=135}
[MESSENGER][OK] client=0 deliver clientSn=135 sn=3
[RESPONDER][SEND] sn=3 client=0 req=11 msg=ClientResponse{orderSn=3,clientSn=11}
[MESSENGER][OK] client=0 deliver clientSn=11 sn=3
[RESPONDER][SEND] sn=3 client=0 req=75 msg=ClientResponse{orderSn=3,clientSn=75}
[MESSENGER][OK] client=0 deliver clientSn=75 sn=3
[RESPONDER][SEND] sn=3 client=0 req=139 msg=ClientResponse{orderSn=3,clientSn=139}
[MESSENGER][OK] client=0 deliver clientSn=139 sn=3
[RESPONDER][SEND] sn=3 client=0 req=15 msg=ClientResponse{orderSn=3,clientSn=15}
[MESSENGER][OK] client=0 deliver clientSn=15 sn=3
[RESPONDER][SEND] sn=3 client=0 req=79 msg=ClientResponse{orderSn=3,clientSn=79}
[MESSENGER][OK] client=0 deliver clientSn=79 sn=3
[RESPONDER][SEND] sn=3 client=0 req=143 msg=ClientResponse{orderSn=3,clientSn=143}
[MESSENGER][OK] client=0 deliver clientSn=143 sn=3
[RESPONDER][SEND] sn=3 client=0 req=19 msg=ClientResponse{orderSn=3,clientSn=19}
[MESSENGER][OK] client=0 deliver clientSn=19 sn=3
[RESPONDER][SEND] sn=3 client=0 req=83 msg=ClientResponse{orderSn=3,clientSn=83}
[MESSENGER][OK] client=0 deliver clientSn=83 sn=3
[RESPONDER][SEND] sn=3 client=0 req=147 msg=ClientResponse{orderSn=3,clientSn=147}
[MESSENGER][OK] client=0 deliver clientSn=147 sn=3
[RESPONDER][SEND] sn=3 client=0 req=23 msg=ClientResponse{orderSn=3,clientSn=23}
[MESSENGER][OK] client=0 deliver clientSn=23 sn=3
[RESPONDER][SEND] sn=3 client=0 req=87 msg=ClientResponse{orderSn=3,clientSn=87}
[MESSENGER][OK] client=0 deliver clientSn=87 sn=3
[RESPONDER][SEND] sn=3 client=0 req=151 msg=ClientResponse{orderSn=3,clientSn=151}
[MESSENGER][OK] client=0 deliver clientSn=151 sn=3
[RESPONDER][SEND] sn=3 client=0 req=27 msg=ClientResponse{orderSn=3,clientSn=27}
[MESSENGER][OK] client=0 deliver clientSn=27 sn=3
[RESPONDER][SEND] sn=3 client=0 req=91 msg=ClientResponse{orderSn=3,clientSn=91}
[MESSENGER][OK] client=0 deliver clientSn=91 sn=3
[RESPONDER][SEND] sn=3 client=0 req=155 msg=ClientResponse{orderSn=3,clientSn=155}
[MESSENGER][OK] client=0 deliver clientSn=155 sn=3
[RESPONDER][SEND] sn=3 client=0 req=31 msg=ClientResponse{orderSn=3,clientSn=31}
[MESSENGER][OK] client=0 deliver clientSn=31 sn=3
[RESPONDER][SEND] sn=3 client=0 req=95 msg=ClientResponse{orderSn=3,clientSn=95}
[MESSENGER][OK] client=0 deliver clientSn=95 sn=3
[RESPONDER][SEND] sn=3 client=0 req=159 msg=ClientResponse{orderSn=3,clientSn=159}
[MESSENGER][OK] client=0 deliver clientSn=159 sn=3
[RESPONDER][SEND] sn=3 client=0 req=35 msg=ClientResponse{orderSn=3,clientSn=35}
[MESSENGER][OK] client=0 deliver clientSn=35 sn=3
[RESPONDER][SEND] sn=3 client=0 req=99 msg=ClientResponse{orderSn=3,clientSn=99}
[MESSENGER][OK] client=0 deliver clientSn=99 sn=3
[RESPONDER][SEND] sn=3 client=0 req=163 msg=ClientResponse{orderSn=3,clientSn=163}
[MESSENGER][OK] client=0 deliver clientSn=163 sn=3
[RESPONDER][SEND] sn=3 client=0 req=39 msg=ClientResponse{orderSn=3,clientSn=39}
[MESSENGER][OK] client=0 deliver clientSn=39 sn=3
[RESPONDER][SEND] sn=3 client=0 req=103 msg=ClientResponse{orderSn=3,clientSn=103}
[MESSENGER][OK] client=0 deliver clientSn=103 sn=3
[RESPONDER][SEND] sn=3 client=0 req=167 msg=ClientResponse{orderSn=3,clientSn=167}
[MESSENGER][OK] client=0 deliver clientSn=167 sn=3
[MPX][IN ] COMMIT sn=1 from=0 gid=1
[RESPONDER][SEND] sn=3 client=0 req=43 msg=ClientResponse{orderSn=3,clientSn=43}
[MESSENGER][OK] client=0 deliver clientSn=43 sn=3
[RESPONDER][SEND] sn=3 client=0 req=107 msg=ClientResponse{orderSn=3,clientSn=107}
[MESSENGER][OK] client=0 deliver clientSn=107 sn=3
[RESPONDER][SEND] sn=3 client=0 req=171 msg=ClientResponse{orderSn=3,clientSn=171}
[MESSENGER][OK] client=0 deliver clientSn=171 sn=3
[RESPONDER][SEND] sn=3 client=0 req=47 msg=ClientResponse{orderSn=3,clientSn=47}
[MESSENGER][OK] client=0 deliver clientSn=47 sn=3
[RESPONDER][SEND] sn=3 client=0 req=111 msg=ClientResponse{orderSn=3,clientSn=111}
[MESSENGER][OK] client=0 deliver clientSn=111 sn=3
[RESPONDER][SEND] sn=3 client=0 req=175 msg=ClientResponse{orderSn=3,clientSn=175}
[MESSENGER][OK] client=0 deliver clientSn=175 sn=3
[RESPONDER][SEND] sn=3 client=0 req=51 msg=ClientResponse{orderSn=3,clientSn=51}
[MESSENGER][OK] client=0 deliver clientSn=51 sn=3
[RESPONDER][SEND] sn=3 client=0 req=115 msg=ClientResponse{orderSn=3,clientSn=115}
[MESSENGER][OK] client=0 deliver clientSn=115 sn=3
[RESPONDER][SEND] sn=3 client=0 req=179 msg=ClientResponse{orderSn=3,clientSn=179}
[MESSENGER][OK] client=0 deliver clientSn=179 sn=3
[RESPONDER][SEND] sn=3 client=0 req=55 msg=ClientResponse{orderSn=3,clientSn=55}
[MESSENGER][OK] client=0 deliver clientSn=55 sn=3
[RESPONDER][SEND] sn=3 client=0 req=119 msg=ClientResponse{orderSn=3,clientSn=119}
[MESSENGER][OK] client=0 deliver clientSn=119 sn=3
[RESPONDER][SEND] sn=3 client=0 req=183 msg=ClientResponse{orderSn=3,clientSn=183}
[MESSENGER][OK] client=0 deliver clientSn=183 sn=3
[RESPONDER][SEND] sn=3 client=0 req=59 msg=ClientResponse{orderSn=3,clientSn=59}
[MESSENGER][OK] client=0 deliver clientSn=59 sn=3
[RESPONDER][SEND] sn=3 client=0 req=123 msg=ClientResponse{orderSn=3,clientSn=123}
[MESSENGER][OK] client=0 deliver clientSn=123 sn=3
[RESPONDER][SEND] sn=3 client=0 req=187 msg=ClientResponse{orderSn=3,clientSn=187}
[MESSENGER][OK] client=0 deliver clientSn=187 sn=3
[RESPONDER][SEND] sn=3 client=0 req=63 msg=ClientResponse{orderSn=3,clientSn=63}
[MESSENGER][OK] client=0 deliver clientSn=63 sn=3
[RESPONDER][SEND] sn=3 client=0 req=127 msg=ClientResponse{orderSn=3,clientSn=127}
[MESSENGER][OK] client=0 deliver clientSn=127 sn=3
[RESPONDER][SEND] sn=3 client=0 req=191 msg=ClientResponse{orderSn=3,clientSn=191}
[MESSENGER][OK] client=0 deliver clientSn=191 sn=3
[RESPONDER][ENTRY][DONE] sn=3 sent=48/48
20:24:46.738 INF [REQ] ClientRequest received -> bucket bucketID=31 clientID=0 clientSn=202
20:24:46.738 DBG [REQ] Bucket size after enqueue bucketID=31 bucketLenApprox=0
20:24:46.764 INF [REQ] ClientRequest received -> bucket bucketID=4 clientID=0 clientSn=206
20:24:46.764 DBG [REQ] Bucket size after enqueue bucketID=4 bucketLenApprox=0
20:24:46.770 INF [REQ] ClientRequest received -> bucket bucketID=45 clientID=0 clientSn=210
20:24:46.770 DBG [REQ] Bucket size after enqueue bucketID=45 bucketLenApprox=0
20:24:46.785 INF [REQ] ClientRequest received -> bucket bucketID=24 clientID=0 clientSn=214
20:24:46.785 DBG [REQ] Bucket size after enqueue bucketID=24 bucketLenApprox=0
20:24:46.800 INF [REQ] ClientRequest received -> bucket bucketID=50 clientID=0 clientSn=218
20:24:46.800 DBG [REQ] Bucket size after enqueue bucketID=50 bucketLenApprox=0
20:24:46.816 INF [REQ] ClientRequest received -> bucket bucketID=5 clientID=0 clientSn=222
20:24:46.817 DBG [REQ] Bucket size after enqueue bucketID=5 bucketLenApprox=0
20:24:46.832 INF [REQ] ClientRequest received -> bucket bucketID=4 clientID=0 clientSn=226
20:24:46.832 DBG [REQ] Bucket size after enqueue bucketID=4 bucketLenApprox=0
20:24:46.848 INF [REQ] ClientRequest received -> bucket bucketID=40 clientID=0 clientSn=230
20:24:46.848 DBG [REQ] Bucket size after enqueue bucketID=40 bucketLenApprox=0
20:24:46.864 INF [REQ] ClientRequest received -> bucket bucketID=58 clientID=0 clientSn=234
20:24:46.864 DBG [REQ] Bucket size after enqueue bucketID=58 bucketLenApprox=0
20:24:46.879 INF [REQ] ClientRequest received -> bucket bucketID=44 clientID=0 clientSn=238
20:24:46.879 DBG [REQ] Bucket size after enqueue bucketID=44 bucketLenApprox=0
20:24:46.894 INF [REQ] ClientRequest received -> bucket bucketID=32 clientID=0 clientSn=242
20:24:46.895 DBG [REQ] Bucket size after enqueue bucketID=32 bucketLenApprox=0
20:24:46.910 INF [REQ] ClientRequest received -> bucket bucketID=39 clientID=0 clientSn=246
20:24:46.910 DBG [REQ] Bucket size after enqueue bucketID=39 bucketLenApprox=0
20:24:46.925 INF [REQ] ClientRequest received -> bucket bucketID=19 clientID=0 clientSn=250
20:24:46.926 DBG [REQ] Bucket size after enqueue bucketID=19 bucketLenApprox=0
20:24:46.941 INF [REQ] ClientRequest received -> bucket bucketID=38 clientID=0 clientSn=254
20:24:46.941 DBG [REQ] Bucket size after enqueue bucketID=38 bucketLenApprox=1
[MPX][IN ] ACCEPT sn=2 from=0 gid=2
[MPX][QUORUM] ACCEPT sn=2 acceptCount=4 quorum=3 digest=e7730aa2f5ae2994
[MPX][NET] SKIP Accepted sn=2 (leader=self)
[MPX][IN ] ACCEPTED sn=2 from=1
[MPX][IN ] ACCEPTED sn=2 from=0
[MPX][IN ] ACCEPTED sn=2 from=3
20:24:46.957 INF [REQ] ClientRequest received -> bucket bucketID=62 clientID=0 clientSn=258
20:24:46.957 DBG [REQ] Bucket size after enqueue bucketID=62 bucketLenApprox=2
20:24:46.973 INF [REQ] ClientRequest received -> bucket bucketID=53 clientID=0 clientSn=262
20:24:46.973 DBG [REQ] Bucket size after enqueue bucketID=53 bucketLenApprox=0
20:24:46.988 INF [REQ] ClientRequest received -> bucket bucketID=0 clientID=0 clientSn=266
20:24:46.988 DBG [REQ] Bucket size after enqueue bucketID=0 bucketLenApprox=0
20:24:47.003 INF [REQ] ClientRequest received -> bucket bucketID=16 clientID=0 clientSn=270
20:24:47.004 DBG [REQ] Bucket size after enqueue bucketID=16 bucketLenApprox=0
20:24:47.019 INF [REQ] ClientRequest received -> bucket bucketID=6 clientID=0 clientSn=274
20:24:47.020 DBG [REQ] Bucket size after enqueue bucketID=6 bucketLenApprox=2
20:24:47.035 INF [REQ] ClientRequest received -> bucket bucketID=30 clientID=0 clientSn=278
20:24:47.035 DBG [REQ] Bucket size after enqueue bucketID=30 bucketLenApprox=1
20:24:47.050 INF [REQ] ClientRequest received -> bucket bucketID=54 clientID=0 clientSn=282
20:24:47.051 DBG [REQ] Bucket size after enqueue bucketID=54 bucketLenApprox=1
20:24:47.066 INF [REQ] ClientRequest received -> bucket bucketID=53 clientID=0 clientSn=286
20:24:47.066 DBG [REQ] Bucket size after enqueue bucketID=53 bucketLenApprox=0
20:24:47.082 INF [REQ] ClientRequest received -> bucket bucketID=32 clientID=0 clientSn=290
20:24:47.082 DBG [REQ] Bucket size after enqueue bucketID=32 bucketLenApprox=0
20:24:47.098 INF [REQ] ClientRequest received -> bucket bucketID=29 clientID=0 clientSn=294
20:24:47.098 DBG [REQ] Bucket size after enqueue bucketID=29 bucketLenApprox=0
20:24:47.113 INF [REQ] ClientRequest received -> bucket bucketID=31 clientID=0 clientSn=298
20:24:47.113 DBG [REQ] Bucket size after enqueue bucketID=31 bucketLenApprox=0
20:24:47.129 INF [REQ] ClientRequest received -> bucket bucketID=34 clientID=0 clientSn=302
20:24:47.129 DBG [REQ] Bucket size after enqueue bucketID=34 bucketLenApprox=2
20:24:47.144 INF [REQ] ClientRequest received -> bucket bucketID=6 clientID=0 clientSn=306
20:24:47.145 DBG [REQ] Bucket size after enqueue bucketID=6 bucketLenApprox=2
20:24:47.160 INF [REQ] ClientRequest received -> bucket bucketID=30 clientID=0 clientSn=310
20:24:47.160 DBG [REQ] Bucket size after enqueue bucketID=30 bucketLenApprox=2
20:24:47.175 INF [REQ] ClientRequest received -> bucket bucketID=18 clientID=0 clientSn=314
20:24:47.176 DBG [REQ] Bucket size after enqueue bucketID=18 bucketLenApprox=2
20:24:47.191 INF [REQ] ClientRequest received -> bucket bucketID=21 clientID=0 clientSn=318
20:24:47.191 DBG [REQ] Bucket size after enqueue bucketID=21 bucketLenApprox=0
20:24:47.207 INF [REQ] ClientRequest received -> bucket bucketID=21 clientID=0 clientSn=322
20:24:47.207 DBG [REQ] Bucket size after enqueue bucketID=21 bucketLenApprox=0
20:24:47.223 INF [REQ] ClientRequest received -> bucket bucketID=10 clientID=0 clientSn=326
20:24:47.223 DBG [REQ] Bucket size after enqueue bucketID=10 bucketLenApprox=2
20:24:47.238 INF [REQ] ClientRequest received -> bucket bucketID=29 clientID=0 clientSn=330
20:24:47.238 DBG [REQ] Bucket size after enqueue bucketID=29 bucketLenApprox=0
20:24:47.253 INF [REQ] ClientRequest received -> bucket bucketID=15 clientID=0 clientSn=334
20:24:47.254 DBG [REQ] Bucket size after enqueue bucketID=15 bucketLenApprox=0
20:24:47.269 INF [REQ] ClientRequest received -> bucket bucketID=14 clientID=0 clientSn=338
20:24:47.269 DBG [REQ] Bucket size after enqueue bucketID=14 bucketLenApprox=3
20:24:47.285 INF [REQ] ClientRequest received -> bucket bucketID=20 clientID=0 clientSn=342
20:24:47.285 DBG [REQ] Bucket size after enqueue bucketID=20 bucketLenApprox=0
20:24:47.301 INF [REQ] ClientRequest received -> bucket bucketID=49 clientID=0 clientSn=346
20:24:47.301 DBG [REQ] Bucket size after enqueue bucketID=49 bucketLenApprox=0
20:24:47.317 INF [REQ] ClientRequest received -> bucket bucketID=23 clientID=0 clientSn=350
20:24:47.317 DBG [REQ] Bucket size after enqueue bucketID=23 bucketLenApprox=0
20:24:47.331 INF [REQ] ClientRequest received -> bucket bucketID=24 clientID=0 clientSn=354
20:24:47.331 DBG [REQ] Bucket size after enqueue bucketID=24 bucketLenApprox=0
20:24:47.348 INF [REQ] ClientRequest received -> bucket bucketID=63 clientID=0 clientSn=358
20:24:47.348 DBG [REQ] Bucket size after enqueue bucketID=63 bucketLenApprox=0
20:24:47.362 INF [REQ] ClientRequest received -> bucket bucketID=23 clientID=0 clientSn=362
20:24:47.363 DBG [REQ] Bucket size after enqueue bucketID=23 bucketLenApprox=0
20:24:47.379 INF [REQ] ClientRequest received -> bucket bucketID=5 clientID=0 clientSn=366
20:24:47.380 DBG [REQ] Bucket size after enqueue bucketID=5 bucketLenApprox=0
20:24:47.394 INF [REQ] ClientRequest received -> bucket bucketID=43 clientID=0 clientSn=370
20:24:47.394 DBG [REQ] Bucket size after enqueue bucketID=43 bucketLenApprox=0
20:24:47.409 INF [REQ] ClientRequest received -> bucket bucketID=47 clientID=0 clientSn=374
20:24:47.409 DBG [REQ] Bucket size after enqueue bucketID=47 bucketLenApprox=0
20:24:47.426 INF [REQ] ClientRequest received -> bucket bucketID=11 clientID=0 clientSn=378
20:24:47.426 DBG [REQ] Bucket size after enqueue bucketID=11 bucketLenApprox=0
20:24:47.441 INF [REQ] ClientRequest received -> bucket bucketID=16 clientID=0 clientSn=382
20:24:47.442 DBG [REQ] Bucket size after enqueue bucketID=16 bucketLenApprox=0
20:24:47.457 INF [REQ] ClientRequest received -> bucket bucketID=45 clientID=0 clientSn=386
20:24:47.457 DBG [REQ] Bucket size after enqueue bucketID=45 bucketLenApprox=0
20:24:47.473 INF [REQ] ClientRequest received -> bucket bucketID=54 clientID=0 clientSn=390
20:24:47.474 DBG [REQ] Bucket size after enqueue bucketID=54 bucketLenApprox=3
20:24:47.489 INF [REQ] ClientRequest received -> bucket bucketID=35 clientID=0 clientSn=394
20:24:47.489 DBG [REQ] Bucket size after enqueue bucketID=35 bucketLenApprox=0
20:24:47.504 INF [REQ] ClientRequest received -> bucket bucketID=55 clientID=0 clientSn=398
20:24:47.504 DBG [REQ] Bucket size after enqueue bucketID=55 bucketLenApprox=0
20:24:47.519 INF [REQ] ClientRequest received -> bucket bucketID=63 clientID=0 clientSn=402
20:24:47.519 DBG [REQ] Bucket size after enqueue bucketID=63 bucketLenApprox=0
20:24:47.535 INF [REQ] ClientRequest received -> bucket bucketID=45 clientID=0 clientSn=406
20:24:47.536 DBG [REQ] Bucket size after enqueue bucketID=45 bucketLenApprox=0
20:24:47.551 INF [REQ] ClientRequest received -> bucket bucketID=55 clientID=0 clientSn=410
20:24:47.551 DBG [REQ] Bucket size after enqueue bucketID=55 bucketLenApprox=0
20:24:47.566 INF [REQ] ClientRequest received -> bucket bucketID=2 clientID=0 clientSn=414
20:24:47.566 DBG [REQ] Bucket size after enqueue bucketID=2 bucketLenApprox=4
20:24:47.583 INF [REQ] ClientRequest received -> bucket bucketID=37 clientID=0 clientSn=418
20:24:47.583 DBG [REQ] Bucket size after enqueue bucketID=37 bucketLenApprox=0
20:24:47.597 INF [REQ] ClientRequest received -> bucket bucketID=21 clientID=0 clientSn=422
20:24:47.597 DBG [REQ] Bucket size after enqueue bucketID=21 bucketLenApprox=0
20:24:47.613 INF [REQ] ClientRequest received -> bucket bucketID=48 clientID=0 clientSn=426
20:24:47.613 DBG [REQ] Bucket size after enqueue bucketID=48 bucketLenApprox=0
20:24:47.629 INF [REQ] ClientRequest received -> bucket bucketID=57 clientID=0 clientSn=430
20:24:47.629 DBG [REQ] Bucket size after enqueue bucketID=57 bucketLenApprox=0
20:24:47.645 INF [REQ] ClientRequest received -> bucket bucketID=25 clientID=0 clientSn=434
20:24:47.645 DBG [REQ] Bucket size after enqueue bucketID=25 bucketLenApprox=0
20:24:47.660 INF [REQ] ClientRequest received -> bucket bucketID=41 clientID=0 clientSn=438
20:24:47.660 DBG [REQ] Bucket size after enqueue bucketID=41 bucketLenApprox=0
20:24:47.676 INF [REQ] ClientRequest received -> bucket bucketID=41 clientID=0 clientSn=442
20:24:47.676 DBG [REQ] Bucket size after enqueue bucketID=41 bucketLenApprox=0
20:24:47.691 INF [REQ] ClientRequest received -> bucket bucketID=4 clientID=0 clientSn=446
20:24:47.692 DBG [REQ] Bucket size after enqueue bucketID=4 bucketLenApprox=0
20:24:47.707 INF [REQ] ClientRequest received -> bucket bucketID=35 clientID=0 clientSn=450
20:24:47.707 DBG [REQ] Bucket size after enqueue bucketID=35 bucketLenApprox=0
20:24:47.723 INF [REQ] ClientRequest received -> bucket bucketID=10 clientID=0 clientSn=454
20:24:47.723 DBG [REQ] Bucket size after enqueue bucketID=10 bucketLenApprox=4
20:24:47.738 INF [REQ] ClientRequest received -> bucket bucketID=41 clientID=0 clientSn=458
20:24:47.738 DBG [REQ] Bucket size after enqueue bucketID=41 bucketLenApprox=0
20:24:47.754 INF [REQ] ClientRequest received -> bucket bucketID=38 clientID=0 clientSn=462
20:24:47.754 DBG [REQ] Bucket size after enqueue bucketID=38 bucketLenApprox=4
20:24:47.769 INF [REQ] ClientRequest received -> bucket bucketID=53 clientID=0 clientSn=466
20:24:47.769 DBG [REQ] Bucket size after enqueue bucketID=53 bucketLenApprox=0
20:24:47.786 INF [REQ] ClientRequest received -> bucket bucketID=7 clientID=0 clientSn=470
20:24:47.786 DBG [REQ] Bucket size after enqueue bucketID=7 bucketLenApprox=0
20:24:47.801 INF [REQ] ClientRequest received -> bucket bucketID=50 clientID=0 clientSn=474
20:24:47.801 DBG [REQ] Bucket size after enqueue bucketID=50 bucketLenApprox=4
20:24:47.816 INF [REQ] ClientRequest received -> bucket bucketID=29 clientID=0 clientSn=478
20:24:47.817 DBG [REQ] Bucket size after enqueue bucketID=29 bucketLenApprox=0
20:24:47.832 INF [REQ] ClientRequest received -> bucket bucketID=22 clientID=0 clientSn=482
20:24:47.832 DBG [REQ] Bucket size after enqueue bucketID=22 bucketLenApprox=5
20:24:47.847 INF [REQ] ClientRequest received -> bucket bucketID=35 clientID=0 clientSn=486
20:24:47.847 DBG [REQ] Bucket size after enqueue bucketID=35 bucketLenApprox=0
20:24:47.864 INF [REQ] ClientRequest received -> bucket bucketID=35 clientID=0 clientSn=490
20:24:47.864 DBG [REQ] Bucket size after enqueue bucketID=35 bucketLenApprox=0
20:24:47.879 INF [REQ] ClientRequest received -> bucket bucketID=45 clientID=0 clientSn=494
20:24:47.879 DBG [REQ] Bucket size after enqueue bucketID=45 bucketLenApprox=0
20:24:47.894 INF [REQ] ClientRequest received -> bucket bucketID=24 clientID=0 clientSn=498
20:24:47.894 DBG [REQ] Bucket size after enqueue bucketID=24 bucketLenApprox=0
20:24:47.910 INF [REQ] ClientRequest received -> bucket bucketID=31 clientID=0 clientSn=502
20:24:47.910 DBG [REQ] Bucket size after enqueue bucketID=31 bucketLenApprox=0
20:24:47.925 INF [REQ] ClientRequest received -> bucket bucketID=38 clientID=0 clientSn=506
20:24:47.926 DBG [REQ] Bucket size after enqueue bucketID=38 bucketLenApprox=5
20:24:47.942 INF [REQ] ClientRequest received -> bucket bucketID=18 clientID=0 clientSn=510
20:24:47.942 DBG [REQ] Bucket size after enqueue bucketID=18 bucketLenApprox=5
20:24:47.957 INF [REQ] ClientRequest received -> bucket bucketID=54 clientID=0 clientSn=514
20:24:47.958 DBG [REQ] Bucket size after enqueue bucketID=54 bucketLenApprox=5
20:24:47.972 INF [REQ] ClientRequest received -> bucket bucketID=37 clientID=0 clientSn=518
20:24:47.973 DBG [REQ] Bucket size after enqueue bucketID=37 bucketLenApprox=0
20:24:47.988 INF [REQ] ClientRequest received -> bucket bucketID=29 clientID=0 clientSn=522
20:24:47.989 DBG [REQ] Bucket size after enqueue bucketID=29 bucketLenApprox=0
20:24:48.004 INF [REQ] ClientRequest received -> bucket bucketID=7 clientID=0 clientSn=526
20:24:48.004 DBG [REQ] Bucket size after enqueue bucketID=7 bucketLenApprox=0
20:24:48.020 INF [REQ] ClientRequest received -> bucket bucketID=63 clientID=0 clientSn=530
20:24:48.020 DBG [REQ] Bucket size after enqueue bucketID=63 bucketLenApprox=0
20:24:48.035 INF [REQ] ClientRequest received -> bucket bucketID=22 clientID=0 clientSn=534
20:24:48.035 DBG [REQ] Bucket size after enqueue bucketID=22 bucketLenApprox=5
20:24:48.051 INF [REQ] ClientRequest received -> bucket bucketID=34 clientID=0 clientSn=538
20:24:48.051 DBG [REQ] Bucket size after enqueue bucketID=34 bucketLenApprox=5
20:24:48.066 INF [REQ] ClientRequest received -> bucket bucketID=50 clientID=0 clientSn=542
20:24:48.066 DBG [REQ] Bucket size after enqueue bucketID=50 bucketLenApprox=5
20:24:48.082 INF [REQ] ClientRequest received -> bucket bucketID=15 clientID=0 clientSn=546
20:24:48.082 DBG [REQ] Bucket size after enqueue bucketID=15 bucketLenApprox=0
20:24:48.098 INF [REQ] ClientRequest received -> bucket bucketID=27 clientID=0 clientSn=550
20:24:48.098 DBG [REQ] Bucket size after enqueue bucketID=27 bucketLenApprox=0
20:24:48.113 INF [REQ] ClientRequest received -> bucket bucketID=10 clientID=0 clientSn=554
20:24:48.114 DBG [REQ] Bucket size after enqueue bucketID=10 bucketLenApprox=6
20:24:48.129 INF [REQ] ClientRequest received -> bucket bucketID=56 clientID=0 clientSn=558
20:24:48.129 DBG [REQ] Bucket size after enqueue bucketID=56 bucketLenApprox=0
20:24:48.144 INF [REQ] ClientRequest received -> bucket bucketID=15 clientID=0 clientSn=562
20:24:48.144 DBG [REQ] Bucket size after enqueue bucketID=15 bucketLenApprox=0
20:24:48.159 INF [REQ] ClientRequest received -> bucket bucketID=6 clientID=0 clientSn=566
20:24:48.160 DBG [REQ] Bucket size after enqueue bucketID=6 bucketLenApprox=6
20:24:48.175 INF [REQ] ClientRequest received -> bucket bucketID=19 clientID=0 clientSn=570
20:24:48.175 DBG [REQ] Bucket size after enqueue bucketID=19 bucketLenApprox=0
20:24:48.191 INF [REQ] ClientRequest received -> bucket bucketID=48 clientID=0 clientSn=574
20:24:48.191 DBG [REQ] Bucket size after enqueue bucketID=48 bucketLenApprox=0
20:24:48.207 INF [REQ] ClientRequest received -> bucket bucketID=54 clientID=0 clientSn=578
20:24:48.207 DBG [REQ] Bucket size after enqueue bucketID=54 bucketLenApprox=6
20:24:48.223 INF [REQ] ClientRequest received -> bucket bucketID=56 clientID=0 clientSn=582
20:24:48.223 DBG [REQ] Bucket size after enqueue bucketID=56 bucketLenApprox=0
20:24:48.238 INF [REQ] ClientRequest received -> bucket bucketID=28 clientID=0 clientSn=586
20:24:48.238 DBG [REQ] Bucket size after enqueue bucketID=28 bucketLenApprox=0
20:24:48.254 INF [REQ] ClientRequest received -> bucket bucketID=56 clientID=0 clientSn=590
20:24:48.254 DBG [REQ] Bucket size after enqueue bucketID=56 bucketLenApprox=0
20:24:48.270 INF [REQ] ClientRequest received -> bucket bucketID=36 clientID=0 clientSn=594
20:24:48.270 DBG [REQ] Bucket size after enqueue bucketID=36 bucketLenApprox=0
20:24:48.285 INF [REQ] ClientRequest received -> bucket bucketID=44 clientID=0 clientSn=598
20:24:48.285 DBG [REQ] Bucket size after enqueue bucketID=44 bucketLenApprox=0
20:24:48.301 INF [REQ] ClientRequest received -> bucket bucketID=41 clientID=0 clientSn=602
20:24:48.301 DBG [REQ] Bucket size after enqueue bucketID=41 bucketLenApprox=0
20:24:48.317 INF [REQ] ClientRequest received -> bucket bucketID=6 clientID=0 clientSn=606
20:24:48.318 DBG [REQ] Bucket size after enqueue bucketID=6 bucketLenApprox=7
20:24:48.333 INF [REQ] ClientRequest received -> bucket bucketID=24 clientID=0 clientSn=610
20:24:48.333 DBG [REQ] Bucket size after enqueue bucketID=24 bucketLenApprox=0
20:24:48.348 INF [REQ] ClientRequest received -> bucket bucketID=33 clientID=0 clientSn=614
20:24:48.348 DBG [REQ] Bucket size after enqueue bucketID=33 bucketLenApprox=0
20:24:48.364 INF [REQ] ClientRequest received -> bucket bucketID=27 clientID=0 clientSn=618
20:24:48.364 DBG [REQ] Bucket size after enqueue bucketID=27 bucketLenApprox=0
20:24:48.378 INF [REQ] ClientRequest received -> bucket bucketID=42 clientID=0 clientSn=622
20:24:48.379 DBG [REQ] Bucket size after enqueue bucketID=42 bucketLenApprox=7
20:24:48.394 INF [REQ] ClientRequest received -> bucket bucketID=46 clientID=0 clientSn=626
20:24:48.395 DBG [REQ] Bucket size after enqueue bucketID=46 bucketLenApprox=7
20:24:48.409 INF [REQ] ClientRequest received -> bucket bucketID=46 clientID=0 clientSn=630
20:24:48.410 DBG [REQ] Bucket size after enqueue bucketID=46 bucketLenApprox=7
20:24:48.426 INF [REQ] ClientRequest received -> bucket bucketID=63 clientID=0 clientSn=634
20:24:48.426 DBG [REQ] Bucket size after enqueue bucketID=63 bucketLenApprox=0
20:24:48.441 INF [REQ] ClientRequest received -> bucket bucketID=0 clientID=0 clientSn=638
20:24:48.441 DBG [REQ] Bucket size after enqueue bucketID=0 bucketLenApprox=0
20:24:48.457 INF [REQ] ClientRequest received -> bucket bucketID=34 clientID=0 clientSn=642
20:24:48.457 DBG [REQ] Bucket size after enqueue bucketID=34 bucketLenApprox=7
20:24:48.472 INF [REQ] ClientRequest received -> bucket bucketID=50 clientID=0 clientSn=646
20:24:48.473 DBG [REQ] Bucket size after enqueue bucketID=50 bucketLenApprox=7
20:24:48.488 INF [REQ] ClientRequest received -> bucket bucketID=11 clientID=0 clientSn=650
20:24:48.488 DBG [REQ] Bucket size after enqueue bucketID=11 bucketLenApprox=0
20:24:48.504 INF [REQ] ClientRequest received -> bucket bucketID=56 clientID=0 clientSn=654
20:24:48.504 DBG [REQ] Bucket size after enqueue bucketID=56 bucketLenApprox=0
20:24:48.519 INF [REQ] ClientRequest received -> bucket bucketID=4 clientID=0 clientSn=658
20:24:48.519 DBG [REQ] Bucket size after enqueue bucketID=4 bucketLenApprox=0
20:24:48.535 INF [REQ] ClientRequest received -> bucket bucketID=5 clientID=0 clientSn=662
20:24:48.535 DBG [REQ] Bucket size after enqueue bucketID=5 bucketLenApprox=0
20:24:48.551 INF [REQ] ClientRequest received -> bucket bucketID=63 clientID=0 clientSn=666
20:24:48.551 DBG [REQ] Bucket size after enqueue bucketID=63 bucketLenApprox=0
20:24:48.566 INF [REQ] ClientRequest received -> bucket bucketID=49 clientID=0 clientSn=670
20:24:48.567 DBG [REQ] Bucket size after enqueue bucketID=49 bucketLenApprox=0
20:24:48.582 INF [REQ] ClientRequest received -> bucket bucketID=33 clientID=0 clientSn=674
20:24:48.583 DBG [REQ] Bucket size after enqueue bucketID=33 bucketLenApprox=0
20:24:48.597 INF [REQ] ClientRequest received -> bucket bucketID=58 clientID=0 clientSn=678
20:24:48.598 DBG [REQ] Bucket size after enqueue bucketID=58 bucketLenApprox=7
20:24:48.613 INF [REQ] ClientRequest received -> bucket bucketID=62 clientID=0 clientSn=682
20:24:48.614 DBG [REQ] Bucket size after enqueue bucketID=62 bucketLenApprox=8
20:24:48.629 INF [REQ] ClientRequest received -> bucket bucketID=25 clientID=0 clientSn=686
20:24:48.629 DBG [REQ] Bucket size after enqueue bucketID=25 bucketLenApprox=0
20:24:48.645 INF [REQ] ClientRequest received -> bucket bucketID=32 clientID=0 clientSn=690
20:24:48.645 DBG [REQ] Bucket size after enqueue bucketID=32 bucketLenApprox=0
20:24:48.660 INF [REQ] ClientRequest received -> bucket bucketID=17 clientID=0 clientSn=694
20:24:48.660 DBG [REQ] Bucket size after enqueue bucketID=17 bucketLenApprox=0
20:24:48.675 INF [REQ] ClientRequest received -> bucket bucketID=21 clientID=0 clientSn=698
20:24:48.676 DBG [REQ] Bucket size after enqueue bucketID=21 bucketLenApprox=0
20:24:48.689 DBG Batch cut. left=0 nBuckets=16 nReq=128 next=0
PROPOSE sn=6 size=128
[MPX][NET] SEND Accept sn=6 bytes=74761 gid=6 digest=de22235e4e846275
[MC][SEND] kind=Accept sn=6 gid=7 (group)
[MPX] PROPOSE sn=6 size=128
[MPX][NET] SEND Prepare sn=7
[MC][SEND] kind=Prepare sn=7 gid=0 dst=ALL
[MPX][IN ] PROMISE sn=6 from=1 members=[0 1 2 3]
[MPX][IN ] PROMISE sn=6 from=0 members=[0 1 2 3]
20:24:48.691 DBG Batch cut. left=0 nBuckets=16 nReq=0 next=0
[MPX][NET] SEND Prepare sn=8
[MC][SEND] kind=Prepare sn=8 gid=0 dst=ALL
20:24:48.691 DBG Batch cut. left=0 nBuckets=16 nReq=0 next=0
[MPX][IN ] PROMISE sn=6 from=3 members=[0 1 2 3]
[MPX][IN ] PREPARE sn=6 from=3
[MPX][NET] SEND Prepare sn=9
[MC][SEND] kind=Prepare sn=9 gid=0 dst=ALL
20:24:48.691 DBG Batch cut. left=0 nBuckets=16 nReq=0 next=0
[MPX][NET] SEND Prepare sn=10
[MC][SEND] kind=Prepare sn=10 gid=0 dst=ALL
20:24:48.691 INF [REQ] ClientRequest received -> bucket bucketID=11 clientID=0 clientSn=702
20:24:48.692 WRN MPX handles message from self. sn=7
[MPX][IN ] PREPARE sn=7 from=2
20:24:48.692 DBG [REQ] Bucket size after enqueue bucketID=11 bucketLenApprox=0
20:24:48.692 WRN MPX handles message from self. sn=8
[MPX][IN ] PREPARE sn=8 from=2
20:24:48.693 WRN MPX handles message from self. sn=9
20:24:48.693 WRN MPX handles message from self. sn=10
[MPX][IN ] PREPARE sn=9 from=2
[MPX][IN ] PREPARE sn=10 from=2
[MPX][IN ] PROMISE sn=9 from=1 members=[0 1 2 3]
[MC][GROUP] sn=10 gid=11 members=[1 0 3]
[MPX][IN ] PROMISE sn=9 from=3 members=[0 1 2 3]
[MPX][IN ] PROMISE sn=8 from=3 members=[0 1 2 3]
[MPX][IN ] ACCEPTED sn=6 from=3
[MPX][QUORUM] ACCEPTED sn=6 count=2/3 digest=de22235e4e846275
[MPX][IN ] ACCEPTED sn=6 from=1
[MPX][QUORUM] ACCEPTED sn=6 count=3/3 digest=de22235e4e846275
[MPX][QUORUM] MAJORITY REACHED sn=6 → COMMIT digest=de22235e4e846275
[MPX][NET] SEND Commit sn=6 gid=6 digest=de22235e4e846275
[MPX][IN ] PROMISE sn=8 from=1 members=[0 1 2 3]
[MC][SEND] kind=Commit sn=6 gid=7 (group)
[MPX][NET] GOSSIP Commit sn=6 gid=6 digest=de22235e4e846275
[MC][SEND] kind=Commit sn=6 gid=7 (group)
[MPX][IN ] PREPARE sn=5 from=0
[MPX][IN ] PREPARE sn=8 from=0
[MPX][IN ] PREPARE sn=7 from=0
[MPX][CHK] ANNOUNCE sn=6 reqs=128
20:24:48.701 INF Committed entry. latency=0 nReq=128 sn=6
SB-DELIVER sn=6 size=128
COMMIT sn=6 size=128
DELIVER sn=6 delivered=128
[MPX] COMMIT  sn=6 size=128
[MPX][IN ] ACCEPTED sn=6 from=0
[MPX][QUORUM] ACCEPTED sn=6 count=4/3 digest=de22235e4e846275
[MPX][IN ] PREPARE sn=6 from=0
[MPX][IN ] PREPARE sn=7 from=1
[MPX][IN ] PREPARE sn=6 from=1
[MPX][IN ] PREPARE sn=8 from=1
20:24:48.708 INF [REQ] ClientRequest received -> bucket bucketID=41 clientID=0 clientSn=706
20:24:48.708 DBG [REQ] Bucket size after enqueue bucketID=41 bucketLenApprox=0
[MPX][IN ] PREPARE sn=9 from=1
[MPX][IN ] ACCEPTED sn=6 from=0
[MPX][IN ] PROMISE sn=11 from=1 members=[0 1 2 3]
[MPX][IN ] ACCEPTED sn=6 from=1
[MPX][IN ] PROMISE sn=11 from=0 members=[0 1 2 3]
[MPX][IN ] PREPARE sn=11 from=3
[MPX][IN ] PREPARE sn=8 from=3
[MPX][IN ] PREPARE sn=9 from=3
[MPX][IN ] ACCEPT sn=7 from=3 gid=7
[MPX][QUORUM] ACCEPT sn=7 acceptCount=1 quorum=3 digest=35ed1189be5889e9
[MPX][NET] SEND Accepted sn=7 → leader=3 (unicast)
[MPX][IN ] ACCEPTED sn=6 from=3
20:24:48.724 INF [REQ] ClientRequest received -> bucket bucketID=6 clientID=0 clientSn=710
20:24:48.724 DBG [REQ] Bucket size after enqueue bucketID=6 bucketLenApprox=0
20:24:48.738 INF [REQ] ClientRequest received -> bucket bucketID=30 clientID=0 clientSn=714
20:24:48.739 DBG [REQ] Bucket size after enqueue bucketID=30 bucketLenApprox=0
[MPX][IN ] COMMIT sn=7 from=3 gid=7
[MPX][NET] GOSSIP Commit sn=7 gid=7 digest=35ed1189be5889e9
[MC][SEND] kind=Commit sn=7 gid=0 dst=ALL (fallback)
[MPX][CHK] ANNOUNCE sn=7 reqs=128
20:24:48.749 INF Committed entry. latency=0 nReq=128 sn=7
SB-DELIVER sn=7 size=128
COMMIT sn=7 size=128
DELIVER sn=7 delivered=128
[MPX] COMMIT  sn=7 size=128
[MPX][IN ] COMMIT sn=7 from=3 gid=7
[MPX][IN ] COMMIT sn=7 from=1 gid=7
20:24:48.760 INF [REQ] ClientRequest received -> bucket bucketID=3 clientID=0 clientSn=718
20:24:48.760 DBG [REQ] Bucket size after enqueue bucketID=3 bucketLenApprox=0
20:24:48.761 WRN MPX handles message from self. sn=7
[MPX][IN ] COMMIT sn=7 from=2 gid=7
[MPX][IN ] COMMIT sn=7 from=0 gid=7
20:24:48.772 INF [REQ] ClientRequest received -> bucket bucketID=36 clientID=0 clientSn=722
20:24:48.772 DBG [REQ] Bucket size after enqueue bucketID=36 bucketLenApprox=0
20:24:48.785 INF [REQ] ClientRequest received -> bucket bucketID=53 clientID=0 clientSn=726
20:24:48.786 DBG [REQ] Bucket size after enqueue bucketID=53 bucketLenApprox=0
20:24:48.801 INF [REQ] ClientRequest received -> bucket bucketID=8 clientID=0 clientSn=730
20:24:48.801 DBG [REQ] Bucket size after enqueue bucketID=8 bucketLenApprox=0
20:24:48.816 INF [REQ] ClientRequest received -> bucket bucketID=30 clientID=0 clientSn=734
20:24:48.816 DBG [REQ] Bucket size after enqueue bucketID=30 bucketLenApprox=0
20:24:48.832 INF [REQ] ClientRequest received -> bucket bucketID=47 clientID=0 clientSn=738
20:24:48.832 DBG [REQ] Bucket size after enqueue bucketID=47 bucketLenApprox=0
20:24:48.847 INF [REQ] ClientRequest received -> bucket bucketID=38 clientID=0 clientSn=742
20:24:48.847 DBG [REQ] Bucket size after enqueue bucketID=38 bucketLenApprox=0
20:24:48.863 INF [REQ] ClientRequest received -> bucket bucketID=51 clientID=0 clientSn=746
20:24:48.863 DBG [REQ] Bucket size after enqueue bucketID=51 bucketLenApprox=0
20:24:48.888 INF [REQ] ClientRequest received -> bucket bucketID=52 clientID=0 clientSn=750
20:24:48.888 DBG [REQ] Bucket size after enqueue bucketID=52 bucketLenApprox=0
20:24:48.908 INF [REQ] ClientRequest received -> bucket bucketID=23 clientID=0 clientSn=754
20:24:48.908 DBG [REQ] Bucket size after enqueue bucketID=23 bucketLenApprox=0
20:24:48.909 INF [REQ] ClientRequest received -> bucket bucketID=51 clientID=0 clientSn=758
20:24:48.909 DBG [REQ] Bucket size after enqueue bucketID=51 bucketLenApprox=0
20:24:48.926 INF [REQ] ClientRequest received -> bucket bucketID=55 clientID=0 clientSn=762
20:24:48.926 DBG [REQ] Bucket size after enqueue bucketID=55 bucketLenApprox=0
20:24:48.941 INF [REQ] ClientRequest received -> bucket bucketID=59 clientID=0 clientSn=766
20:24:48.942 DBG [REQ] Bucket size after enqueue bucketID=59 bucketLenApprox=0
[MPX][IN ] ACCEPT sn=6 from=0 gid=6
[MPX][QUORUM] ACCEPT sn=6 acceptCount=4 quorum=3 digest=de22235e4e846275
[MPX][NET] SKIP Accepted sn=6 (leader=self)
[MPX][IN ] ACCEPTED sn=6 from=0
[MPX][IN ] ACCEPTED sn=6 from=3
[MPX][IN ] ACCEPTED sn=6 from=1
20:24:48.957 INF [REQ] ClientRequest received -> bucket bucketID=49 clientID=0 clientSn=770
20:24:48.957 DBG [REQ] Bucket size after enqueue bucketID=49 bucketLenApprox=0
20:24:48.972 INF [REQ] ClientRequest received -> bucket bucketID=44 clientID=0 clientSn=774
20:24:48.972 DBG [REQ] Bucket size after enqueue bucketID=44 bucketLenApprox=0
20:24:48.988 INF [REQ] ClientRequest received -> bucket bucketID=17 clientID=0 clientSn=778
20:24:48.988 DBG [REQ] Bucket size after enqueue bucketID=17 bucketLenApprox=0
20:24:49.004 INF [REQ] ClientRequest received -> bucket bucketID=49 clientID=0 clientSn=782
20:24:49.004 DBG [REQ] Bucket size after enqueue bucketID=49 bucketLenApprox=0
20:24:49.019 INF [REQ] ClientRequest received -> bucket bucketID=39 clientID=0 clientSn=786
20:24:49.019 DBG [REQ] Bucket size after enqueue bucketID=39 bucketLenApprox=0
20:24:49.035 INF [REQ] ClientRequest received -> bucket bucketID=22 clientID=0 clientSn=790
20:24:49.035 DBG [REQ] Bucket size after enqueue bucketID=22 bucketLenApprox=1
20:24:49.051 INF [REQ] ClientRequest received -> bucket bucketID=59 clientID=0 clientSn=794
20:24:49.051 DBG [REQ] Bucket size after enqueue bucketID=59 bucketLenApprox=0
20:24:49.067 INF [REQ] ClientRequest received -> bucket bucketID=42 clientID=0 clientSn=798
20:24:49.067 DBG [REQ] Bucket size after enqueue bucketID=42 bucketLenApprox=1
20:24:49.082 INF [REQ] ClientRequest received -> bucket bucketID=42 clientID=0 clientSn=802
20:24:49.082 DBG [REQ] Bucket size after enqueue bucketID=42 bucketLenApprox=1
20:24:49.098 INF [REQ] ClientRequest received -> bucket bucketID=42 clientID=0 clientSn=806
20:24:49.098 DBG [REQ] Bucket size after enqueue bucketID=42 bucketLenApprox=1
20:24:49.113 INF [REQ] ClientRequest received -> bucket bucketID=34 clientID=0 clientSn=810
20:24:49.114 DBG [REQ] Bucket size after enqueue bucketID=34 bucketLenApprox=2
20:24:49.129 INF [REQ] ClientRequest received -> bucket bucketID=37 clientID=0 clientSn=814
20:24:49.129 DBG [REQ] Bucket size after enqueue bucketID=37 bucketLenApprox=0
20:24:49.144 INF [REQ] ClientRequest received -> bucket bucketID=10 clientID=0 clientSn=818
20:24:49.144 DBG [REQ] Bucket size after enqueue bucketID=10 bucketLenApprox=2
20:24:49.160 INF [REQ] ClientRequest received -> bucket bucketID=61 clientID=0 clientSn=822
20:24:49.160 DBG [REQ] Bucket size after enqueue bucketID=61 bucketLenApprox=0
20:24:49.175 INF [REQ] ClientRequest received -> bucket bucketID=62 clientID=0 clientSn=826
20:24:49.175 DBG [REQ] Bucket size after enqueue bucketID=62 bucketLenApprox=2
20:24:49.191 INF [REQ] ClientRequest received -> bucket bucketID=6 clientID=0 clientSn=830
20:24:49.192 DBG [REQ] Bucket size after enqueue bucketID=6 bucketLenApprox=2
20:24:49.206 INF [REQ] ClientRequest received -> bucket bucketID=15 clientID=0 clientSn=834
20:24:49.207 DBG [REQ] Bucket size after enqueue bucketID=15 bucketLenApprox=0
20:24:49.222 INF [REQ] ClientRequest received -> bucket bucketID=34 clientID=0 clientSn=838
20:24:49.223 DBG [REQ] Bucket size after enqueue bucketID=34 bucketLenApprox=2
20:24:49.238 INF [REQ] ClientRequest received -> bucket bucketID=48 clientID=0 clientSn=842
20:24:49.239 DBG [REQ] Bucket size after enqueue bucketID=48 bucketLenApprox=0
20:24:49.253 INF [REQ] ClientRequest received -> bucket bucketID=38 clientID=0 clientSn=846
20:24:49.254 DBG [REQ] Bucket size after enqueue bucketID=38 bucketLenApprox=2
20:24:49.269 INF [REQ] ClientRequest received -> bucket bucketID=10 clientID=0 clientSn=850
20:24:49.270 DBG [REQ] Bucket size after enqueue bucketID=10 bucketLenApprox=3
20:24:49.285 INF [REQ] ClientRequest received -> bucket bucketID=20 clientID=0 clientSn=854
20:24:49.286 DBG [REQ] Bucket size after enqueue bucketID=20 bucketLenApprox=0
20:24:49.301 INF [REQ] ClientRequest received -> bucket bucketID=47 clientID=0 clientSn=858
20:24:49.301 DBG [REQ] Bucket size after enqueue bucketID=47 bucketLenApprox=0
20:24:49.317 INF [REQ] ClientRequest received -> bucket bucketID=4 clientID=0 clientSn=862
20:24:49.317 DBG [REQ] Bucket size after enqueue bucketID=4 bucketLenApprox=0
20:24:49.332 INF [REQ] ClientRequest received -> bucket bucketID=20 clientID=0 clientSn=866
20:24:49.332 DBG [REQ] Bucket size after enqueue bucketID=20 bucketLenApprox=0
20:24:49.348 INF [REQ] ClientRequest received -> bucket bucketID=9 clientID=0 clientSn=870
20:24:49.348 DBG [REQ] Bucket size after enqueue bucketID=9 bucketLenApprox=0
20:24:49.363 INF [REQ] ClientRequest received -> bucket bucketID=43 clientID=0 clientSn=874
20:24:49.363 DBG [REQ] Bucket size after enqueue bucketID=43 bucketLenApprox=0
20:24:49.379 INF [REQ] ClientRequest received -> bucket bucketID=39 clientID=0 clientSn=878
20:24:49.380 DBG [REQ] Bucket size after enqueue bucketID=39 bucketLenApprox=0
20:24:49.394 INF [REQ] ClientRequest received -> bucket bucketID=46 clientID=0 clientSn=882
20:24:49.394 DBG [REQ] Bucket size after enqueue bucketID=46 bucketLenApprox=3
20:24:49.409 INF [REQ] ClientRequest received -> bucket bucketID=23 clientID=0 clientSn=886
20:24:49.410 DBG [REQ] Bucket size after enqueue bucketID=23 bucketLenApprox=0
20:24:49.426 INF [REQ] ClientRequest received -> bucket bucketID=0 clientID=0 clientSn=890
20:24:49.426 DBG [REQ] Bucket size after enqueue bucketID=0 bucketLenApprox=0
20:24:49.441 INF [REQ] ClientRequest received -> bucket bucketID=27 clientID=0 clientSn=894
20:24:49.442 DBG [REQ] Bucket size after enqueue bucketID=27 bucketLenApprox=0
20:24:49.456 INF [REQ] ClientRequest received -> bucket bucketID=44 clientID=0 clientSn=898
20:24:49.457 DBG [REQ] Bucket size after enqueue bucketID=44 bucketLenApprox=0
20:24:49.473 INF [REQ] ClientRequest received -> bucket bucketID=36 clientID=0 clientSn=902
20:24:49.473 DBG [REQ] Bucket size after enqueue bucketID=36 bucketLenApprox=0
20:24:49.488 INF [REQ] ClientRequest received -> bucket bucketID=36 clientID=0 clientSn=906
20:24:49.489 DBG [REQ] Bucket size after enqueue bucketID=36 bucketLenApprox=0
20:24:49.503 INF [REQ] ClientRequest received -> bucket bucketID=16 clientID=0 clientSn=910
20:24:49.503 DBG [REQ] Bucket size after enqueue bucketID=16 bucketLenApprox=0
20:24:49.519 INF [REQ] ClientRequest received -> bucket bucketID=41 clientID=0 clientSn=914
20:24:49.520 DBG [REQ] Bucket size after enqueue bucketID=41 bucketLenApprox=0
20:24:49.536 INF [REQ] ClientRequest received -> bucket bucketID=61 clientID=0 clientSn=918
20:24:49.536 DBG [REQ] Bucket size after enqueue bucketID=61 bucketLenApprox=0
20:24:49.551 INF [REQ] ClientRequest received -> bucket bucketID=56 clientID=0 clientSn=922
20:24:49.551 DBG [REQ] Bucket size after enqueue bucketID=56 bucketLenApprox=0
20:24:49.566 INF [REQ] ClientRequest received -> bucket bucketID=61 clientID=0 clientSn=926
20:24:49.566 DBG [REQ] Bucket size after enqueue bucketID=61 bucketLenApprox=0
20:24:49.582 INF [REQ] ClientRequest received -> bucket bucketID=43 clientID=0 clientSn=930
20:24:49.582 DBG [REQ] Bucket size after enqueue bucketID=43 bucketLenApprox=0
20:24:49.597 INF [REQ] ClientRequest received -> bucket bucketID=25 clientID=0 clientSn=934
20:24:49.597 DBG [REQ] Bucket size after enqueue bucketID=25 bucketLenApprox=0
20:24:49.613 INF [REQ] ClientRequest received -> bucket bucketID=28 clientID=0 clientSn=938
20:24:49.613 DBG [REQ] Bucket size after enqueue bucketID=28 bucketLenApprox=0
20:24:49.629 INF [REQ] ClientRequest received -> bucket bucketID=13 clientID=0 clientSn=942
20:24:49.629 DBG [REQ] Bucket size after enqueue bucketID=13 bucketLenApprox=0
20:24:49.644 INF [REQ] ClientRequest received -> bucket bucketID=10 clientID=0 clientSn=946
20:24:49.644 DBG [REQ] Bucket size after enqueue bucketID=10 bucketLenApprox=4
20:24:49.660 INF [REQ] ClientRequest received -> bucket bucketID=8 clientID=0 clientSn=950
20:24:49.660 DBG [REQ] Bucket size after enqueue bucketID=8 bucketLenApprox=0
20:24:49.676 INF [REQ] ClientRequest received -> bucket bucketID=40 clientID=0 clientSn=954
20:24:49.676 DBG [REQ] Bucket size after enqueue bucketID=40 bucketLenApprox=0
20:24:49.691 INF [REQ] ClientRequest received -> bucket bucketID=5 clientID=0 clientSn=958
20:24:49.691 DBG [REQ] Bucket size after enqueue bucketID=5 bucketLenApprox=0
20:24:49.707 INF [REQ] ClientRequest received -> bucket bucketID=57 clientID=0 clientSn=962
20:24:49.707 DBG [REQ] Bucket size after enqueue bucketID=57 bucketLenApprox=0
20:24:49.722 INF [REQ] ClientRequest received -> bucket bucketID=1 clientID=0 clientSn=966
20:24:49.722 DBG [REQ] Bucket size after enqueue bucketID=1 bucketLenApprox=0
20:24:49.738 INF [REQ] ClientRequest received -> bucket bucketID=46 clientID=0 clientSn=970
20:24:49.738 DBG [REQ] Bucket size after enqueue bucketID=46 bucketLenApprox=4
20:24:49.754 INF [REQ] ClientRequest received -> bucket bucketID=61 clientID=0 clientSn=974
20:24:49.754 DBG [REQ] Bucket size after enqueue bucketID=61 bucketLenApprox=0
20:24:49.769 INF [REQ] ClientRequest received -> bucket bucketID=46 clientID=0 clientSn=978
20:24:49.769 DBG [REQ] Bucket size after enqueue bucketID=46 bucketLenApprox=4
20:24:49.785 INF [REQ] ClientRequest received -> bucket bucketID=24 clientID=0 clientSn=982
20:24:49.785 DBG [REQ] Bucket size after enqueue bucketID=24 bucketLenApprox=0
20:24:49.801 INF [REQ] ClientRequest received -> bucket bucketID=57 clientID=0 clientSn=986
20:24:49.801 DBG [REQ] Bucket size after enqueue bucketID=57 bucketLenApprox=0
20:24:49.816 INF [REQ] ClientRequest received -> bucket bucketID=56 clientID=0 clientSn=990
20:24:49.816 DBG [REQ] Bucket size after enqueue bucketID=56 bucketLenApprox=0
20:24:49.832 INF [REQ] ClientRequest received -> bucket bucketID=3 clientID=0 clientSn=994
20:24:49.832 DBG [REQ] Bucket size after enqueue bucketID=3 bucketLenApprox=0
20:24:49.847 INF [REQ] ClientRequest received -> bucket bucketID=40 clientID=0 clientSn=998
20:24:49.847 DBG [REQ] Bucket size after enqueue bucketID=40 bucketLenApprox=0
20:24:49.863 INF [REQ] ClientRequest received -> bucket bucketID=55 clientID=0 clientSn=1002
20:24:49.864 DBG [REQ] Bucket size after enqueue bucketID=55 bucketLenApprox=0
20:24:49.879 INF [REQ] ClientRequest received -> bucket bucketID=25 clientID=0 clientSn=1006
20:24:49.879 DBG [REQ] Bucket size after enqueue bucketID=25 bucketLenApprox=0
20:24:49.894 INF [REQ] ClientRequest received -> bucket bucketID=0 clientID=0 clientSn=1010
20:24:49.894 DBG [REQ] Bucket size after enqueue bucketID=0 bucketLenApprox=0
20:24:49.910 INF [REQ] ClientRequest received -> bucket bucketID=36 clientID=0 clientSn=1014
20:24:49.910 DBG [REQ] Bucket size after enqueue bucketID=36 bucketLenApprox=0
20:24:49.925 INF [REQ] ClientRequest received -> bucket bucketID=7 clientID=0 clientSn=1018
20:24:49.925 DBG [REQ] Bucket size after enqueue bucketID=7 bucketLenApprox=0
20:24:49.941 INF [REQ] ClientRequest received -> bucket bucketID=28 clientID=0 clientSn=1022
20:24:49.941 DBG [REQ] Bucket size after enqueue bucketID=28 bucketLenApprox=0
20:24:49.957 INF [REQ] ClientRequest received -> bucket bucketID=18 clientID=0 clientSn=1026
20:24:49.957 DBG [REQ] Bucket size after enqueue bucketID=18 bucketLenApprox=5
20:24:49.973 INF [REQ] ClientRequest received -> bucket bucketID=37 clientID=0 clientSn=1030
20:24:49.973 DBG [REQ] Bucket size after enqueue bucketID=37 bucketLenApprox=0
20:24:49.987 INF [REQ] ClientRequest received -> bucket bucketID=16 clientID=0 clientSn=1034
20:24:49.988 DBG [REQ] Bucket size after enqueue bucketID=16 bucketLenApprox=0
20:24:50.004 INF [REQ] ClientRequest received -> bucket bucketID=28 clientID=0 clientSn=1038
20:24:50.004 DBG [REQ] Bucket size after enqueue bucketID=28 bucketLenApprox=0
20:24:50.019 INF [REQ] ClientRequest received -> bucket bucketID=57 clientID=0 clientSn=1042
20:24:50.020 DBG [REQ] Bucket size after enqueue bucketID=57 bucketLenApprox=0
20:24:50.035 INF [REQ] ClientRequest received -> bucket bucketID=30 clientID=0 clientSn=1046
20:24:50.035 DBG [REQ] Bucket size after enqueue bucketID=30 bucketLenApprox=5
20:24:50.050 INF [REQ] ClientRequest received -> bucket bucketID=58 clientID=0 clientSn=1050
20:24:50.050 DBG [REQ] Bucket size after enqueue bucketID=58 bucketLenApprox=5
20:24:50.066 INF [REQ] ClientRequest received -> bucket bucketID=3 clientID=0 clientSn=1054
20:24:50.067 DBG [REQ] Bucket size after enqueue bucketID=3 bucketLenApprox=0
20:24:50.081 INF [REQ] ClientRequest received -> bucket bucketID=25 clientID=0 clientSn=1058
20:24:50.082 DBG [REQ] Bucket size after enqueue bucketID=25 bucketLenApprox=0
20:24:50.097 INF [REQ] ClientRequest received -> bucket bucketID=5 clientID=0 clientSn=1062
20:24:50.097 DBG [REQ] Bucket size after enqueue bucketID=5 bucketLenApprox=0
20:24:50.113 INF [REQ] ClientRequest received -> bucket bucketID=1 clientID=0 clientSn=1066
20:24:50.113 DBG [REQ] Bucket size after enqueue bucketID=1 bucketLenApprox=0
20:24:50.129 INF [REQ] ClientRequest received -> bucket bucketID=28 clientID=0 clientSn=1070
20:24:50.129 DBG [REQ] Bucket size after enqueue bucketID=28 bucketLenApprox=0
20:24:50.144 INF [REQ] ClientRequest received -> bucket bucketID=61 clientID=0 clientSn=1074
20:24:50.144 DBG [REQ] Bucket size after enqueue bucketID=61 bucketLenApprox=0
20:24:50.160 INF [REQ] ClientRequest received -> bucket bucketID=9 clientID=0 clientSn=1078
20:24:50.160 DBG [REQ] Bucket size after enqueue bucketID=9 bucketLenApprox=0
20:24:50.176 INF [REQ] ClientRequest received -> bucket bucketID=22 clientID=0 clientSn=1082
20:24:50.176 DBG [REQ] Bucket size after enqueue bucketID=22 bucketLenApprox=6
20:24:50.191 INF [REQ] ClientRequest received -> bucket bucketID=43 clientID=0 clientSn=1086
20:24:50.192 DBG [REQ] Bucket size after enqueue bucketID=43 bucketLenApprox=0
20:24:50.206 INF [REQ] ClientRequest received -> bucket bucketID=29 clientID=0 clientSn=1090
20:24:50.206 DBG [REQ] Bucket size after enqueue bucketID=29 bucketLenApprox=0
20:24:50.222 INF [REQ] ClientRequest received -> bucket bucketID=41 clientID=0 clientSn=1094
20:24:50.223 DBG [REQ] Bucket size after enqueue bucketID=41 bucketLenApprox=0
20:24:50.237 INF [REQ] ClientRequest received -> bucket bucketID=17 clientID=0 clientSn=1098
20:24:50.238 DBG [REQ] Bucket size after enqueue bucketID=17 bucketLenApprox=0
20:24:50.254 INF [REQ] ClientRequest received -> bucket bucketID=42 clientID=0 clientSn=1102
20:24:50.254 DBG [REQ] Bucket size after enqueue bucketID=42 bucketLenApprox=6
20:24:50.270 INF [REQ] ClientRequest received -> bucket bucketID=25 clientID=0 clientSn=1106
20:24:50.270 DBG [REQ] Bucket size after enqueue bucketID=25 bucketLenApprox=0
20:24:50.285 INF [REQ] ClientRequest received -> bucket bucketID=31 clientID=0 clientSn=1110
20:24:50.285 DBG [REQ] Bucket size after enqueue bucketID=31 bucketLenApprox=0
20:24:50.300 INF [REQ] ClientRequest received -> bucket bucketID=6 clientID=0 clientSn=1114
20:24:50.301 DBG [REQ] Bucket size after enqueue bucketID=6 bucketLenApprox=7
20:24:50.316 INF [REQ] ClientRequest received -> bucket bucketID=60 clientID=0 clientSn=1118
20:24:50.316 DBG [REQ] Bucket size after enqueue bucketID=60 bucketLenApprox=0
20:24:50.332 INF [REQ] ClientRequest received -> bucket bucketID=36 clientID=0 clientSn=1122
20:24:50.332 DBG [REQ] Bucket size after enqueue bucketID=36 bucketLenApprox=0
20:24:50.348 INF [REQ] ClientRequest received -> bucket bucketID=20 clientID=0 clientSn=1126
20:24:50.348 DBG [REQ] Bucket size after enqueue bucketID=20 bucketLenApprox=0
20:24:50.363 INF [REQ] ClientRequest received -> bucket bucketID=10 clientID=0 clientSn=1130
20:24:50.363 DBG [REQ] Bucket size after enqueue bucketID=10 bucketLenApprox=7
20:24:50.378 INF [REQ] ClientRequest received -> bucket bucketID=63 clientID=0 clientSn=1134
20:24:50.379 DBG [REQ] Bucket size after enqueue bucketID=63 bucketLenApprox=0
20:24:50.394 INF [REQ] ClientRequest received -> bucket bucketID=9 clientID=0 clientSn=1138
20:24:50.394 DBG [REQ] Bucket size after enqueue bucketID=9 bucketLenApprox=0
20:24:50.410 INF [REQ] ClientRequest received -> bucket bucketID=54 clientID=0 clientSn=1142
20:24:50.410 DBG [REQ] Bucket size after enqueue bucketID=54 bucketLenApprox=6
20:24:50.425 INF [REQ] ClientRequest received -> bucket bucketID=58 clientID=0 clientSn=1146
20:24:50.425 DBG [REQ] Bucket size after enqueue bucketID=58 bucketLenApprox=6
20:24:50.442 INF [REQ] ClientRequest received -> bucket bucketID=57 clientID=0 clientSn=1150
20:24:50.442 DBG [REQ] Bucket size after enqueue bucketID=57 bucketLenApprox=0
20:24:50.456 INF [REQ] ClientRequest received -> bucket bucketID=4 clientID=0 clientSn=1154
20:24:50.456 DBG [REQ] Bucket size after enqueue bucketID=4 bucketLenApprox=0
20:24:50.472 INF [REQ] ClientRequest received -> bucket bucketID=28 clientID=0 clientSn=1158
20:24:50.472 DBG [REQ] Bucket size after enqueue bucketID=28 bucketLenApprox=0
20:24:50.488 INF [REQ] ClientRequest received -> bucket bucketID=7 clientID=0 clientSn=1162
20:24:50.488 DBG [REQ] Bucket size after enqueue bucketID=7 bucketLenApprox=0
20:24:50.503 INF [REQ] ClientRequest received -> bucket bucketID=40 clientID=0 clientSn=1166
20:24:50.503 DBG [REQ] Bucket size after enqueue bucketID=40 bucketLenApprox=0
20:24:50.519 INF [REQ] ClientRequest received -> bucket bucketID=49 clientID=0 clientSn=1170
20:24:50.519 DBG [REQ] Bucket size after enqueue bucketID=49 bucketLenApprox=0
20:24:50.535 INF [REQ] ClientRequest received -> bucket bucketID=37 clientID=0 clientSn=1174
20:24:50.535 DBG [REQ] Bucket size after enqueue bucketID=37 bucketLenApprox=0
20:24:50.551 INF [REQ] ClientRequest received -> bucket bucketID=48 clientID=0 clientSn=1178
20:24:50.551 DBG [REQ] Bucket size after enqueue bucketID=48 bucketLenApprox=0
20:24:50.566 INF [REQ] ClientRequest received -> bucket bucketID=19 clientID=0 clientSn=1182
20:24:50.566 DBG [REQ] Bucket size after enqueue bucketID=19 bucketLenApprox=0
20:24:50.582 INF [REQ] ClientRequest received -> bucket bucketID=33 clientID=0 clientSn=1186
20:24:50.582 DBG [REQ] Bucket size after enqueue bucketID=33 bucketLenApprox=0
20:24:50.597 INF [REQ] ClientRequest received -> bucket bucketID=8 clientID=0 clientSn=1190
20:24:50.597 DBG [REQ] Bucket size after enqueue bucketID=8 bucketLenApprox=0
20:24:50.613 INF [REQ] ClientRequest received -> bucket bucketID=5 clientID=0 clientSn=1194
20:24:50.614 DBG [REQ] Bucket size after enqueue bucketID=5 bucketLenApprox=0
20:24:50.628 INF [REQ] ClientRequest received -> bucket bucketID=54 clientID=0 clientSn=1198
20:24:50.628 DBG [REQ] Bucket size after enqueue bucketID=54 bucketLenApprox=7
20:24:50.644 INF [REQ] ClientRequest received -> bucket bucketID=17 clientID=0 clientSn=1202
20:24:50.644 DBG [REQ] Bucket size after enqueue bucketID=17 bucketLenApprox=0
20:24:50.660 INF [REQ] ClientRequest received -> bucket bucketID=11 clientID=0 clientSn=1206
20:24:50.661 DBG [REQ] Bucket size after enqueue bucketID=11 bucketLenApprox=0
20:24:50.675 INF [REQ] ClientRequest received -> bucket bucketID=12 clientID=0 clientSn=1210
20:24:50.675 DBG [REQ] Bucket size after enqueue bucketID=12 bucketLenApprox=0
20:24:50.691 INF [REQ] ClientRequest received -> bucket bucketID=28 clientID=0 clientSn=1214
20:24:50.691 DBG [REQ] Bucket size after enqueue bucketID=28 bucketLenApprox=0
20:24:50.693 DBG Batch cut. left=0 nBuckets=16 nReq=129 next=0
PROPOSE sn=10 size=129
[MPX][NET] SEND Accept sn=10 bytes=75328 gid=10 digest=b4dfa4d80725a87c
[MC][SEND] kind=Accept sn=10 gid=11 (group)
[MPX] PROPOSE sn=10 size=129
[MPX][NET] SEND Prepare sn=11
[MC][SEND] kind=Prepare sn=11 gid=0 dst=ALL
[MPX][IN ] PROMISE sn=10 from=1 members=[0 1 2 3]
[MPX][IN ] PROMISE sn=10 from=0 members=[0 1 2 3]
[MPX][IN ] PROMISE sn=10 from=3 members=[0 1 2 3]
[MPX][IN ] PREPARE sn=10 from=3
20:24:50.695 DBG Batch cut. left=0 nBuckets=16 nReq=0 next=0
[MPX][NET] SEND Prepare sn=12
[MC][SEND] kind=Prepare sn=12 gid=0 dst=ALL
20:24:50.695 DBG Batch cut. left=0 nBuckets=16 nReq=0 next=0
[MPX][NET] SEND Prepare sn=13
[MC][SEND] kind=Prepare sn=13 gid=0 dst=ALL
20:24:50.696 DBG Batch cut. left=0 nBuckets=16 nReq=0 next=0
[MPX][NET] SEND Prepare sn=14
[MC][SEND] kind=Prepare sn=14 gid=0 dst=ALL
20:24:50.697 WRN MPX handles message from self. sn=11
20:24:50.697 WRN MPX handles message from self. sn=12
[MPX][IN ] PREPARE sn=12 from=2
[MPX][IN ] PREPARE sn=11 from=2
20:24:50.697 WRN MPX handles message from self. sn=13
[MPX][IN ] PREPARE sn=13 from=2
20:24:50.698 WRN MPX handles message from self. sn=14
[MPX][IN ] PREPARE sn=14 from=2
[MPX][IN ] PROMISE sn=13 from=1 members=[0 1 2 3]
[MPX][IN ] PROMISE sn=12 from=1 members=[0 1 2 3]
[MPX][IN ] PROMISE sn=12 from=3 members=[0 1 2 3]
[MPX][IN ] PROMISE sn=13 from=3 members=[0 1 2 3]
[MPX][IN ] ACCEPTED sn=10 from=1
[MPX][QUORUM] ACCEPTED sn=10 count=2/3 digest=b4dfa4d80725a87c
[MPX][IN ] ACCEPTED sn=10 from=0
[MPX][QUORUM] ACCEPTED sn=10 count=3/3 digest=b4dfa4d80725a87c
[MPX][QUORUM] MAJORITY REACHED sn=10 → COMMIT digest=b4dfa4d80725a87c
[MPX][NET] SEND Commit sn=10 gid=10 digest=b4dfa4d80725a87c
[MC][SEND] kind=Commit sn=10 gid=11 (group)
[MPX][NET] GOSSIP Commit sn=10 gid=10 digest=b4dfa4d80725a87c
[MC][SEND] kind=Commit sn=10 gid=11 (group)
[MC][GROUP] sn=14 gid=15 members=[1 3 0]
[MC][GROUP] sn=12 gid=13 members=[0 1 3]
[MC][GROUP] sn=13 gid=14 members=[1 3 0]
[MPX][IN ] PROMISE sn=12 from=0 members=[0 1 2 3]
[MPX][IN ] PROMISE sn=13 from=0 members=[0 1 2 3]
[MPX][CHK] ANNOUNCE sn=10 reqs=129
20:24:50.704 INF Committed entry. latency=0 nReq=129 sn=10
SB-DELIVER sn=10 size=129
COMMIT sn=10 size=129
DELIVER sn=10 delivered=129
[MPX] COMMIT  sn=10 size=129
[MPX][IN ] ACCEPTED sn=10 from=3
[MPX][QUORUM] ACCEPTED sn=10 count=4/3 digest=b4dfa4d80725a87c
20:24:50.708 INF [REQ] ClientRequest received -> bucket bucketID=41 clientID=0 clientSn=1218
[MPX][IN ] PREPARE sn=10 from=0
[MPX][IN ] PREPARE sn=12 from=0
[MPX][IN ] PREPARE sn=11 from=0
20:24:50.708 DBG [REQ] Bucket size after enqueue bucketID=41 bucketLenApprox=0
[MPX][IN ] PREPARE sn=9 from=0
[MPX][IN ] ACCEPT sn=8 from=0 gid=8
[MPX][QUORUM] ACCEPT sn=8 acceptCount=1 quorum=3 digest=0ddc7c56fcb20420
[MPX][NET] SEND Accepted sn=8 → leader=0 (unicast)
[MPX][IN ] PREPARE sn=15 from=3
[MPX][NET] SEND Promise sn=15 members=[0 1 2 3]
20:24:50.717 WRN MPX handles message from self. sn=15
[MPX][IN ] PROMISE sn=15 from=2 members=[0 1 2 3]
[MPX][IN ] PROMISE sn=15 from=1 members=[0 1 2 3]
[MPX][IN ] PREPARE sn=12 from=3
[MPX][IN ] ACCEPT sn=11 from=3 gid=11
[MPX][IN ] PREPARE sn=13 from=3
[MPX][QUORUM] ACCEPT sn=11 acceptCount=1 quorum=3 digest=b1befeea4c78ed99
[MPX][NET] SEND Accepted sn=11 → leader=3 (unicast)
[MPX][IN ] ACCEPTED sn=10 from=0
[MPX][IN ] ACCEPTED sn=10 from=1
20:24:50.728 INF [REQ] ClientRequest received -> bucket bucketID=42 clientID=0 clientSn=1222
20:24:50.729 DBG [REQ] Bucket size after enqueue bucketID=42 bucketLenApprox=0
[MPX][IN ] ACCEPTED sn=10 from=3
[MPX][IN ] ACCEPT sn=9 from=1 gid=9
[MPX][QUORUM] ACCEPT sn=9 acceptCount=1 quorum=3 digest=dcb59e3dd82f3837
[MPX][NET] SEND Accepted sn=9 → leader=1 (unicast)
20:24:50.741 INF [REQ] ClientRequest received -> bucket bucketID=10 clientID=0 clientSn=1226
20:24:50.742 DBG [REQ] Bucket size after enqueue bucketID=10 bucketLenApprox=0
[MPX][IN ] COMMIT sn=8 from=0 gid=8
[MPX][NET] GOSSIP Commit sn=8 gid=8 digest=0ddc7c56fcb20420
[MC][SEND] kind=Commit sn=8 gid=0 dst=ALL (fallback)
[MPX][CHK] ANNOUNCE sn=8 reqs=128
[MPX][IN ] COMMIT sn=11 from=3 gid=11
[MPX][NET] GOSSIP Commit sn=11 gid=11 digest=b1befeea4c78ed99
[MC][SEND] kind=Commit sn=11 gid=0 dst=ALL (fallback)
[MPX][IN ] PREPARE sn=13 from=1
[MPX][IN ] PREPARE sn=10 from=1
[MPX][IN ] PREPARE sn=12 from=1
[MPX][CHK] ANNOUNCE sn=11 reqs=128
20:24:50.749 INF Committed entry. latency=0 nReq=128 sn=8
SB-DELIVER sn=8 size=128
COMMIT sn=8 size=128
DELIVER sn=8 delivered=128
[MPX] COMMIT  sn=8 size=128
[MPX][IN ] COMMIT sn=8 from=0 gid=8
20:24:50.761 INF Committed entry. latency=0 nReq=128 sn=11
SB-DELIVER sn=11 size=128
COMMIT sn=11 size=128
DELIVER sn=11 delivered=128
[MPX] COMMIT  sn=11 size=128
[MPX][IN ] COMMIT sn=11 from=3 gid=11
[MPX][IN ] PREPARE sn=11 from=1
20:24:50.756 INF [REQ] ClientRequest received -> bucket bucketID=19 clientID=0 clientSn=1230
20:24:50.764 DBG [REQ] Bucket size after enqueue bucketID=19 bucketLenApprox=0
[MPX][IN ] COMMIT sn=11 from=0 gid=11
20:24:50.770 INF [REQ] ClientRequest received -> bucket bucketID=6 clientID=0 clientSn=1234
20:24:50.770 DBG [REQ] Bucket size after enqueue bucketID=6 bucketLenApprox=1
[MPX][IN ] COMMIT sn=8 from=3 gid=8
[MPX][IN ] COMMIT sn=11 from=1 gid=11
20:24:50.777 WRN MPX handles message from self. sn=8
[MPX][IN ] COMMIT sn=8 from=2 gid=8
[MPX][IN ] COMMIT sn=9 from=3 gid=9
[MPX][NET] GOSSIP Commit sn=9 gid=9 digest=dcb59e3dd82f3837
[MC][SEND] kind=Commit sn=9 gid=0 dst=ALL (fallback)
20:24:50.782 WRN MPX handles message from self. sn=11
[MPX][IN ] COMMIT sn=11 from=2 gid=11
[MPX][IN ] COMMIT sn=8 from=1 gid=8
[MPX][CHK] ANNOUNCE sn=9 reqs=129
20:24:50.786 INF Committed entry. latency=0 nReq=129 sn=9
SB-DELIVER sn=9 size=129
COMMIT sn=9 size=129
DELIVER sn=9 delivered=129
[MPX] COMMIT  sn=9 size=129
[MPX][IN ] COMMIT sn=9 from=1 gid=9
[MPX][IN ] COMMIT sn=9 from=1 gid=9
[MPX][IN ] COMMIT sn=9 from=0 gid=9
20:24:50.789 WRN MPX handles message from self. sn=9
[MPX][IN ] COMMIT sn=9 from=2 gid=9
20:24:50.795 INF [REQ] ClientRequest received -> bucket bucketID=16 clientID=0 clientSn=1238
20:24:50.795 DBG [REQ] Bucket size after enqueue bucketID=16 bucketLenApprox=0
20:24:50.801 INF [REQ] ClientRequest received -> bucket bucketID=62 clientID=0 clientSn=1242
20:24:50.801 DBG [REQ] Bucket size after enqueue bucketID=62 bucketLenApprox=0
20:24:50.816 INF [REQ] ClientRequest received -> bucket bucketID=22 clientID=0 clientSn=1246
20:24:50.817 DBG [REQ] Bucket size after enqueue bucketID=22 bucketLenApprox=1
20:24:50.831 INF [REQ] ClientRequest received -> bucket bucketID=1 clientID=0 clientSn=1250
20:24:50.832 DBG [REQ] Bucket size after enqueue bucketID=1 bucketLenApprox=0
20:24:50.847 INF [REQ] ClientRequest received -> bucket bucketID=58 clientID=0 clientSn=1254
20:24:50.847 DBG [REQ] Bucket size after enqueue bucketID=58 bucketLenApprox=0
20:24:50.863 INF [REQ] ClientRequest received -> bucket bucketID=42 clientID=0 clientSn=1258
20:24:50.863 DBG [REQ] Bucket size after enqueue bucketID=42 bucketLenApprox=0
20:24:50.878 INF [REQ] ClientRequest received -> bucket bucketID=63 clientID=0 clientSn=1262
20:24:50.878 DBG [REQ] Bucket size after enqueue bucketID=63 bucketLenApprox=0
20:24:50.910 INF [REQ] ClientRequest received -> bucket bucketID=6 clientID=0 clientSn=1266
20:24:50.910 DBG [REQ] Bucket size after enqueue bucketID=6 bucketLenApprox=1
20:24:50.929 INF [REQ] ClientRequest received -> bucket bucketID=35 clientID=0 clientSn=1270
20:24:50.929 DBG [REQ] Bucket size after enqueue bucketID=35 bucketLenApprox=0
20:24:50.932 INF [REQ] ClientRequest received -> bucket bucketID=49 clientID=0 clientSn=1274
20:24:50.932 DBG [REQ] Bucket size after enqueue bucketID=49 bucketLenApprox=0
20:24:50.941 INF [REQ] ClientRequest received -> bucket bucketID=35 clientID=0 clientSn=1278
20:24:50.941 DBG [REQ] Bucket size after enqueue bucketID=35 bucketLenApprox=0
20:24:50.958 INF [REQ] ClientRequest received -> bucket bucketID=37 clientID=0 clientSn=1282
20:24:50.958 DBG [REQ] Bucket size after enqueue bucketID=37 bucketLenApprox=0
[MPX][IN ] ACCEPT sn=10 from=0 gid=10
[MPX][QUORUM] ACCEPT sn=10 acceptCount=4 quorum=3 digest=b4dfa4d80725a87c
[MPX][NET] SKIP Accepted sn=10 (leader=self)
[MPX][IN ] ACCEPTED sn=10 from=3
[MPX][IN ] ACCEPTED sn=10 from=1
[MPX][IN ] ACCEPTED sn=10 from=0
20:24:50.972 INF [REQ] ClientRequest received -> bucket bucketID=30 clientID=0 clientSn=1286
20:24:50.972 DBG [REQ] Bucket size after enqueue bucketID=30 bucketLenApprox=1
20:24:50.988 INF [REQ] ClientRequest received -> bucket bucketID=18 clientID=0 clientSn=1290
20:24:50.988 DBG [REQ] Bucket size after enqueue bucketID=18 bucketLenApprox=1
20:24:51.004 INF [REQ] ClientRequest received -> bucket bucketID=13 clientID=0 clientSn=1294
20:24:51.004 DBG [REQ] Bucket size after enqueue bucketID=13 bucketLenApprox=0
20:24:51.019 INF [REQ] ClientRequest received -> bucket bucketID=17 clientID=0 clientSn=1298
20:24:51.020 DBG [REQ] Bucket size after enqueue bucketID=17 bucketLenApprox=0
20:24:51.035 INF [REQ] ClientRequest received -> bucket bucketID=47 clientID=0 clientSn=1302
20:24:51.035 DBG [REQ] Bucket size after enqueue bucketID=47 bucketLenApprox=0
20:24:51.050 INF [REQ] ClientRequest received -> bucket bucketID=59 clientID=0 clientSn=1306
20:24:51.050 DBG [REQ] Bucket size after enqueue bucketID=59 bucketLenApprox=0
20:24:51.066 INF [REQ] ClientRequest received -> bucket bucketID=39 clientID=0 clientSn=1310
20:24:51.066 DBG [REQ] Bucket size after enqueue bucketID=39 bucketLenApprox=0
20:24:51.081 INF [REQ] ClientRequest received -> bucket bucketID=7 clientID=0 clientSn=1314
20:24:51.082 DBG [REQ] Bucket size after enqueue bucketID=7 bucketLenApprox=0
20:24:51.098 INF [REQ] ClientRequest received -> bucket bucketID=27 clientID=0 clientSn=1318
20:24:51.098 DBG [REQ] Bucket size after enqueue bucketID=27 bucketLenApprox=0
20:24:51.114 INF [REQ] ClientRequest received -> bucket bucketID=33 clientID=0 clientSn=1322
20:24:51.114 DBG [REQ] Bucket size after enqueue bucketID=33 bucketLenApprox=0
20:24:51.129 INF [REQ] ClientRequest received -> bucket bucketID=30 clientID=0 clientSn=1326
20:24:51.129 DBG [REQ] Bucket size after enqueue bucketID=30 bucketLenApprox=2
20:24:51.145 INF [REQ] ClientRequest received -> bucket bucketID=37 clientID=0 clientSn=1330
20:24:51.145 DBG [REQ] Bucket size after enqueue bucketID=37 bucketLenApprox=0
20:24:51.161 INF [REQ] ClientRequest received -> bucket bucketID=2 clientID=0 clientSn=1334
20:24:51.161 DBG [REQ] Bucket size after enqueue bucketID=2 bucketLenApprox=2
20:24:51.175 INF [REQ] ClientRequest received -> bucket bucketID=40 clientID=0 clientSn=1338
20:24:51.176 DBG [REQ] Bucket size after enqueue bucketID=40 bucketLenApprox=0
20:24:51.192 INF [REQ] ClientRequest received -> bucket bucketID=54 clientID=0 clientSn=1342
20:24:51.192 DBG [REQ] Bucket size after enqueue bucketID=54 bucketLenApprox=2
20:24:51.208 INF [REQ] ClientRequest received -> bucket bucketID=11 clientID=0 clientSn=1346
20:24:51.209 DBG [REQ] Bucket size after enqueue bucketID=11 bucketLenApprox=0
20:24:51.222 INF [REQ] ClientRequest received -> bucket bucketID=7 clientID=0 clientSn=1350
20:24:51.222 DBG [REQ] Bucket size after enqueue bucketID=7 bucketLenApprox=0
20:24:51.238 INF [REQ] ClientRequest received -> bucket bucketID=60 clientID=0 clientSn=1354
20:24:51.238 DBG [REQ] Bucket size after enqueue bucketID=60 bucketLenApprox=0
20:24:51.254 INF [REQ] ClientRequest received -> bucket bucketID=30 clientID=0 clientSn=1358
20:24:51.254 DBG [REQ] Bucket size after enqueue bucketID=30 bucketLenApprox=2
20:24:51.269 INF [REQ] ClientRequest received -> bucket bucketID=28 clientID=0 clientSn=1362
20:24:51.269 DBG [REQ] Bucket size after enqueue bucketID=28 bucketLenApprox=0
20:24:51.284 INF [REQ] ClientRequest received -> bucket bucketID=48 clientID=0 clientSn=1366
20:24:51.285 DBG [REQ] Bucket size after enqueue bucketID=48 bucketLenApprox=0
20:24:51.300 INF [REQ] ClientRequest received -> bucket bucketID=3 clientID=0 clientSn=1370
20:24:51.301 DBG [REQ] Bucket size after enqueue bucketID=3 bucketLenApprox=0
20:24:51.316 INF [REQ] ClientRequest received -> bucket bucketID=20 clientID=0 clientSn=1374
20:24:51.316 DBG [REQ] Bucket size after enqueue bucketID=20 bucketLenApprox=0
20:24:51.332 INF [REQ] ClientRequest received -> bucket bucketID=17 clientID=0 clientSn=1378
20:24:51.332 DBG [REQ] Bucket size after enqueue bucketID=17 bucketLenApprox=0
20:24:51.347 INF [REQ] ClientRequest received -> bucket bucketID=10 clientID=0 clientSn=1382
20:24:51.348 DBG [REQ] Bucket size after enqueue bucketID=10 bucketLenApprox=3
20:24:51.363 INF [REQ] ClientRequest received -> bucket bucketID=63 clientID=0 clientSn=1386
20:24:51.363 DBG [REQ] Bucket size after enqueue bucketID=63 bucketLenApprox=0
20:24:51.378 INF [REQ] ClientRequest received -> bucket bucketID=15 clientID=0 clientSn=1390
20:24:51.378 DBG [REQ] Bucket size after enqueue bucketID=15 bucketLenApprox=0
20:24:51.394 INF [REQ] ClientRequest received -> bucket bucketID=57 clientID=0 clientSn=1394
20:24:51.394 DBG [REQ] Bucket size after enqueue bucketID=57 bucketLenApprox=0
20:24:51.410 INF [REQ] ClientRequest received -> bucket bucketID=51 clientID=0 clientSn=1398
20:24:51.410 DBG [REQ] Bucket size after enqueue bucketID=51 bucketLenApprox=0
20:24:51.426 INF [REQ] ClientRequest received -> bucket bucketID=60 clientID=0 clientSn=1402
20:24:51.426 DBG [REQ] Bucket size after enqueue bucketID=60 bucketLenApprox=0
20:24:51.441 INF [REQ] ClientRequest received -> bucket bucketID=62 clientID=0 clientSn=1406
20:24:51.441 DBG [REQ] Bucket size after enqueue bucketID=62 bucketLenApprox=2
20:24:51.456 INF [REQ] ClientRequest received -> bucket bucketID=6 clientID=0 clientSn=1410
20:24:51.457 DBG [REQ] Bucket size after enqueue bucketID=6 bucketLenApprox=3
20:24:51.472 INF [REQ] ClientRequest received -> bucket bucketID=26 clientID=0 clientSn=1414
20:24:51.472 DBG [REQ] Bucket size after enqueue bucketID=26 bucketLenApprox=3
20:24:51.487 INF [REQ] ClientRequest received -> bucket bucketID=5 clientID=0 clientSn=1418
20:24:51.488 DBG [REQ] Bucket size after enqueue bucketID=5 bucketLenApprox=0
20:24:51.503 INF [REQ] ClientRequest received -> bucket bucketID=16 clientID=0 clientSn=1422
20:24:51.504 DBG [REQ] Bucket size after enqueue bucketID=16 bucketLenApprox=0
20:24:51.520 INF [REQ] ClientRequest received -> bucket bucketID=10 clientID=0 clientSn=1426
20:24:51.520 DBG [REQ] Bucket size after enqueue bucketID=10 bucketLenApprox=4
20:24:51.535 INF [REQ] ClientRequest received -> bucket bucketID=4 clientID=0 clientSn=1430
20:24:51.535 DBG [REQ] Bucket size after enqueue bucketID=4 bucketLenApprox=0
20:24:51.550 INF [REQ] ClientRequest received -> bucket bucketID=63 clientID=0 clientSn=1434
20:24:51.550 DBG [REQ] Bucket size after enqueue bucketID=63 bucketLenApprox=0
20:24:51.566 INF [REQ] ClientRequest received -> bucket bucketID=39 clientID=0 clientSn=1438
20:24:51.566 DBG [REQ] Bucket size after enqueue bucketID=39 bucketLenApprox=0
20:24:51.582 INF [REQ] ClientRequest received -> bucket bucketID=0 clientID=0 clientSn=1442
20:24:51.582 DBG [REQ] Bucket size after enqueue bucketID=0 bucketLenApprox=0
20:24:51.597 INF [REQ] ClientRequest received -> bucket bucketID=52 clientID=0 clientSn=1446
20:24:51.597 DBG [REQ] Bucket size after enqueue bucketID=52 bucketLenApprox=0
20:24:51.613 INF [REQ] ClientRequest received -> bucket bucketID=37 clientID=0 clientSn=1450
20:24:51.614 DBG [REQ] Bucket size after enqueue bucketID=37 bucketLenApprox=0
20:24:51.628 INF [REQ] ClientRequest received -> bucket bucketID=25 clientID=0 clientSn=1454
20:24:51.629 DBG [REQ] Bucket size after enqueue bucketID=25 bucketLenApprox=0
20:24:51.644 INF [REQ] ClientRequest received -> bucket bucketID=20 clientID=0 clientSn=1458
20:24:51.645 DBG [REQ] Bucket size after enqueue bucketID=20 bucketLenApprox=0
20:24:51.660 INF [REQ] ClientRequest received -> bucket bucketID=47 clientID=0 clientSn=1462
20:24:51.660 DBG [REQ] Bucket size after enqueue bucketID=47 bucketLenApprox=0
20:24:51.676 INF [REQ] ClientRequest received -> bucket bucketID=62 clientID=0 clientSn=1466
20:24:51.676 DBG [REQ] Bucket size after enqueue bucketID=62 bucketLenApprox=3
20:24:51.691 INF [REQ] ClientRequest received -> bucket bucketID=0 clientID=0 clientSn=1470
20:24:51.691 DBG [REQ] Bucket size after enqueue bucketID=0 bucketLenApprox=0
20:24:51.706 INF [REQ] ClientRequest received -> bucket bucketID=48 clientID=0 clientSn=1474
20:24:51.707 DBG [REQ] Bucket size after enqueue bucketID=48 bucketLenApprox=0
20:24:51.722 INF [REQ] ClientRequest received -> bucket bucketID=12 clientID=0 clientSn=1478
20:24:51.722 DBG [REQ] Bucket size after enqueue bucketID=12 bucketLenApprox=0
20:24:51.737 INF [REQ] ClientRequest received -> bucket bucketID=19 clientID=0 clientSn=1482
20:24:51.738 DBG [REQ] Bucket size after enqueue bucketID=19 bucketLenApprox=0
20:24:51.754 INF [REQ] ClientRequest received -> bucket bucketID=13 clientID=0 clientSn=1486
20:24:51.754 DBG [REQ] Bucket size after enqueue bucketID=13 bucketLenApprox=0
20:24:51.769 INF [REQ] ClientRequest received -> bucket bucketID=40 clientID=0 clientSn=1490
20:24:51.769 DBG [REQ] Bucket size after enqueue bucketID=40 bucketLenApprox=0
20:24:51.784 INF [REQ] ClientRequest received -> bucket bucketID=54 clientID=0 clientSn=1494
20:24:51.785 DBG [REQ] Bucket size after enqueue bucketID=54 bucketLenApprox=4
20:24:51.800 INF [REQ] ClientRequest received -> bucket bucketID=24 clientID=0 clientSn=1498
20:24:51.801 DBG [REQ] Bucket size after enqueue bucketID=24 bucketLenApprox=0
20:24:51.816 INF [REQ] ClientRequest received -> bucket bucketID=49 clientID=0 clientSn=1502
20:24:51.816 DBG [REQ] Bucket size after enqueue bucketID=49 bucketLenApprox=0
20:24:51.832 INF [REQ] ClientRequest received -> bucket bucketID=45 clientID=0 clientSn=1506
20:24:51.832 DBG [REQ] Bucket size after enqueue bucketID=45 bucketLenApprox=0
20:24:51.847 INF [REQ] ClientRequest received -> bucket bucketID=57 clientID=0 clientSn=1510
20:24:51.847 DBG [REQ] Bucket size after enqueue bucketID=57 bucketLenApprox=0
20:24:51.863 INF [REQ] ClientRequest received -> bucket bucketID=42 clientID=0 clientSn=1514
20:24:51.863 DBG [REQ] Bucket size after enqueue bucketID=42 bucketLenApprox=4
20:24:51.879 INF [REQ] ClientRequest received -> bucket bucketID=12 clientID=0 clientSn=1518
20:24:51.879 DBG [REQ] Bucket size after enqueue bucketID=12 bucketLenApprox=0
20:24:51.895 INF [REQ] ClientRequest received -> bucket bucketID=11 clientID=0 clientSn=1522
20:24:51.895 DBG [REQ] Bucket size after enqueue bucketID=11 bucketLenApprox=0
20:24:51.909 INF [REQ] ClientRequest received -> bucket bucketID=24 clientID=0 clientSn=1526
20:24:51.910 DBG [REQ] Bucket size after enqueue bucketID=24 bucketLenApprox=0
20:24:51.926 INF [REQ] ClientRequest received -> bucket bucketID=30 clientID=0 clientSn=1530
20:24:51.926 DBG [REQ] Bucket size after enqueue bucketID=30 bucketLenApprox=5
20:24:51.941 INF [REQ] ClientRequest received -> bucket bucketID=27 clientID=0 clientSn=1534
20:24:51.941 DBG [REQ] Bucket size after enqueue bucketID=27 bucketLenApprox=0
20:24:51.956 INF [REQ] ClientRequest received -> bucket bucketID=35 clientID=0 clientSn=1538
20:24:51.957 DBG [REQ] Bucket size after enqueue bucketID=35 bucketLenApprox=0
20:24:51.973 INF [REQ] ClientRequest received -> bucket bucketID=11 clientID=0 clientSn=1542
20:24:51.973 DBG [REQ] Bucket size after enqueue bucketID=11 bucketLenApprox=0
20:24:51.987 INF [REQ] ClientRequest received -> bucket bucketID=16 clientID=0 clientSn=1546
20:24:51.988 DBG [REQ] Bucket size after enqueue bucketID=16 bucketLenApprox=0
20:24:52.003 INF [REQ] ClientRequest received -> bucket bucketID=18 clientID=0 clientSn=1550
20:24:52.004 DBG [REQ] Bucket size after enqueue bucketID=18 bucketLenApprox=5
20:24:52.019 INF [REQ] ClientRequest received -> bucket bucketID=32 clientID=0 clientSn=1554
20:24:52.019 DBG [REQ] Bucket size after enqueue bucketID=32 bucketLenApprox=0
20:24:52.035 INF [REQ] ClientRequest received -> bucket bucketID=40 clientID=0 clientSn=1558
20:24:52.035 DBG [REQ] Bucket size after enqueue bucketID=40 bucketLenApprox=0
20:24:52.050 INF [REQ] ClientRequest received -> bucket bucketID=28 clientID=0 clientSn=1562
20:24:52.051 DBG [REQ] Bucket size after enqueue bucketID=28 bucketLenApprox=0
20:24:52.066 INF [REQ] ClientRequest received -> bucket bucketID=22 clientID=0 clientSn=1566
20:24:52.066 DBG [REQ] Bucket size after enqueue bucketID=22 bucketLenApprox=6
20:24:52.082 INF [REQ] ClientRequest received -> bucket bucketID=34 clientID=0 clientSn=1570
20:24:52.082 DBG [REQ] Bucket size after enqueue bucketID=34 bucketLenApprox=5
20:24:52.097 INF [REQ] ClientRequest received -> bucket bucketID=38 clientID=0 clientSn=1574
20:24:52.098 DBG [REQ] Bucket size after enqueue bucketID=38 bucketLenApprox=5
20:24:52.113 INF [REQ] ClientRequest received -> bucket bucketID=0 clientID=0 clientSn=1578
20:24:52.113 DBG [REQ] Bucket size after enqueue bucketID=0 bucketLenApprox=0
20:24:52.129 INF [REQ] ClientRequest received -> bucket bucketID=10 clientID=0 clientSn=1582
20:24:52.129 DBG [REQ] Bucket size after enqueue bucketID=10 bucketLenApprox=6
20:24:52.144 INF [REQ] ClientRequest received -> bucket bucketID=39 clientID=0 clientSn=1586
20:24:52.145 DBG [REQ] Bucket size after enqueue bucketID=39 bucketLenApprox=0
20:24:52.161 INF [REQ] ClientRequest received -> bucket bucketID=36 clientID=0 clientSn=1590
20:24:52.161 DBG [REQ] Bucket size after enqueue bucketID=36 bucketLenApprox=0
20:24:52.176 INF [REQ] ClientRequest received -> bucket bucketID=47 clientID=0 clientSn=1594
20:24:52.176 DBG [REQ] Bucket size after enqueue bucketID=47 bucketLenApprox=0
20:24:52.191 INF [REQ] ClientRequest received -> bucket bucketID=26 clientID=0 clientSn=1598
20:24:52.192 DBG [REQ] Bucket size after enqueue bucketID=26 bucketLenApprox=6
20:24:52.207 INF [REQ] ClientRequest received -> bucket bucketID=59 clientID=0 clientSn=1602
20:24:52.207 DBG [REQ] Bucket size after enqueue bucketID=59 bucketLenApprox=0
20:24:52.222 INF [REQ] ClientRequest received -> bucket bucketID=31 clientID=0 clientSn=1606
20:24:52.222 DBG [REQ] Bucket size after enqueue bucketID=31 bucketLenApprox=0
20:24:52.238 INF [REQ] ClientRequest received -> bucket bucketID=2 clientID=0 clientSn=1610
20:24:52.238 DBG [REQ] Bucket size after enqueue bucketID=2 bucketLenApprox=7
20:24:52.254 INF [REQ] ClientRequest received -> bucket bucketID=12 clientID=0 clientSn=1614
20:24:52.254 DBG [REQ] Bucket size after enqueue bucketID=12 bucketLenApprox=0
20:24:52.270 INF [REQ] ClientRequest received -> bucket bucketID=13 clientID=0 clientSn=1618
20:24:52.270 DBG [REQ] Bucket size after enqueue bucketID=13 bucketLenApprox=0
20:24:52.284 INF [REQ] ClientRequest received -> bucket bucketID=14 clientID=0 clientSn=1622
20:24:52.285 DBG [REQ] Bucket size after enqueue bucketID=14 bucketLenApprox=7
20:24:52.301 INF [REQ] ClientRequest received -> bucket bucketID=63 clientID=0 clientSn=1626
20:24:52.301 DBG [REQ] Bucket size after enqueue bucketID=63 bucketLenApprox=0
20:24:52.316 INF [REQ] ClientRequest received -> bucket bucketID=7 clientID=0 clientSn=1630
20:24:52.316 DBG [REQ] Bucket size after enqueue bucketID=7 bucketLenApprox=0
20:24:52.332 INF [REQ] ClientRequest received -> bucket bucketID=62 clientID=0 clientSn=1634
20:24:52.332 DBG [REQ] Bucket size after enqueue bucketID=62 bucketLenApprox=6
20:24:52.347 INF [REQ] ClientRequest received -> bucket bucketID=49 clientID=0 clientSn=1638
20:24:52.347 DBG [REQ] Bucket size after enqueue bucketID=49 bucketLenApprox=0
20:24:52.362 INF [REQ] ClientRequest received -> bucket bucketID=20 clientID=0 clientSn=1642
20:24:52.363 DBG [REQ] Bucket size after enqueue bucketID=20 bucketLenApprox=0
20:24:52.379 INF [REQ] ClientRequest received -> bucket bucketID=58 clientID=0 clientSn=1646
20:24:52.379 DBG [REQ] Bucket size after enqueue bucketID=58 bucketLenApprox=6
20:24:52.394 INF [REQ] ClientRequest received -> bucket bucketID=18 clientID=0 clientSn=1650
20:24:52.394 DBG [REQ] Bucket size after enqueue bucketID=18 bucketLenApprox=7
20:24:52.409 INF [REQ] ClientRequest received -> bucket bucketID=2 clientID=0 clientSn=1654
20:24:52.409 DBG [REQ] Bucket size after enqueue bucketID=2 bucketLenApprox=7
20:24:52.425 INF [REQ] ClientRequest received -> bucket bucketID=16 clientID=0 clientSn=1658
20:24:52.425 DBG [REQ] Bucket size after enqueue bucketID=16 bucketLenApprox=0
20:24:52.441 INF [REQ] ClientRequest received -> bucket bucketID=43 clientID=0 clientSn=1662
20:24:52.442 DBG [REQ] Bucket size after enqueue bucketID=43 bucketLenApprox=0
20:24:52.457 INF [REQ] ClientRequest received -> bucket bucketID=52 clientID=0 clientSn=1666
20:24:52.457 DBG [REQ] Bucket size after enqueue bucketID=52 bucketLenApprox=0
20:24:52.472 INF [REQ] ClientRequest received -> bucket bucketID=39 clientID=0 clientSn=1670
20:24:52.472 DBG [REQ] Bucket size after enqueue bucketID=39 bucketLenApprox=0
20:24:52.489 INF [REQ] ClientRequest received -> bucket bucketID=32 clientID=0 clientSn=1674
20:24:52.489 DBG [REQ] Bucket size after enqueue bucketID=32 bucketLenApprox=0
20:24:52.504 INF [REQ] ClientRequest received -> bucket bucketID=19 clientID=0 clientSn=1678
20:24:52.504 DBG [REQ] Bucket size after enqueue bucketID=19 bucketLenApprox=0
20:24:52.519 INF [REQ] ClientRequest received -> bucket bucketID=0 clientID=0 clientSn=1682
20:24:52.519 DBG [REQ] Bucket size after enqueue bucketID=0 bucketLenApprox=0
20:24:52.535 INF [REQ] ClientRequest received -> bucket bucketID=3 clientID=0 clientSn=1686
20:24:52.536 DBG [REQ] Bucket size after enqueue bucketID=3 bucketLenApprox=0
20:24:52.550 INF [REQ] ClientRequest received -> bucket bucketID=20 clientID=0 clientSn=1690
20:24:52.550 DBG [REQ] Bucket size after enqueue bucketID=20 bucketLenApprox=0
20:24:52.566 INF [REQ] ClientRequest received -> bucket bucketID=31 clientID=0 clientSn=1694
20:24:52.566 DBG [REQ] Bucket size after enqueue bucketID=31 bucketLenApprox=0
20:24:52.582 INF [REQ] ClientRequest received -> bucket bucketID=39 clientID=0 clientSn=1698
20:24:52.582 DBG [REQ] Bucket size after enqueue bucketID=39 bucketLenApprox=0
20:24:52.597 INF [REQ] ClientRequest received -> bucket bucketID=59 clientID=0 clientSn=1702
20:24:52.597 DBG [REQ] Bucket size after enqueue bucketID=59 bucketLenApprox=0
20:24:52.613 INF [REQ] ClientRequest received -> bucket bucketID=0 clientID=0 clientSn=1706
20:24:52.613 DBG [REQ] Bucket size after enqueue bucketID=0 bucketLenApprox=0
20:24:52.629 INF [REQ] ClientRequest received -> bucket bucketID=30 clientID=0 clientSn=1710
20:24:52.629 DBG [REQ] Bucket size after enqueue bucketID=30 bucketLenApprox=8
20:24:52.644 INF [REQ] ClientRequest received -> bucket bucketID=4 clientID=0 clientSn=1714
20:24:52.645 DBG [REQ] Bucket size after enqueue bucketID=4 bucketLenApprox=0
20:24:52.660 INF [REQ] ClientRequest received -> bucket bucketID=14 clientID=0 clientSn=1718
20:24:52.660 DBG [REQ] Bucket size after enqueue bucketID=14 bucketLenApprox=8
20:24:52.675 INF [REQ] ClientRequest received -> bucket bucketID=43 clientID=0 clientSn=1722
20:24:52.676 DBG [REQ] Bucket size after enqueue bucketID=43 bucketLenApprox=0
20:24:52.691 INF [REQ] ClientRequest received -> bucket bucketID=10 clientID=0 clientSn=1726
20:24:52.691 DBG [REQ] Bucket size after enqueue bucketID=10 bucketLenApprox=8
20:24:52.697 DBG Batch cut. left=0 nBuckets=16 nReq=128 next=0
PROPOSE sn=14 size=128
[MPX][NET] SEND Accept sn=14 bytes=74754 gid=14 digest=95e7883d2aa4c15d
[MC][SEND] kind=Accept sn=14 gid=15 (group)
[MPX] PROPOSE sn=14 size=128
[MPX][NET] SEND Prepare sn=15
[MC][SEND] kind=Prepare sn=15 gid=0 dst=ALL
==================
WARNING: DATA RACE
Write at 0x00c0075ff2a8 by goroutine 758:
  github.com/hyperledger-labs/mirbft/orderer.(*mpxInstance).ProposeIfDue()
      /opt/gopath/src/github.com/hyperledger-labs/ISS_com_Multipaxos/mirbft/orderer/multipaxosinstance.go:425 +0x789
  github.com/hyperledger-labs/mirbft/orderer.(*MultiPaxosOrderer).runSegment.func1()
      /opt/gopath/src/github.com/hyperledger-labs/ISS_com_Multipaxos/mirbft/orderer/multipaxosorderer.go:287 +0x37b

Previous write at 0x00c0075ff2a8 by goroutine 763:
  github.com/hyperledger-labs/mirbft/orderer.(*mpxInstance).handleMPxMsg()
      /opt/gopath/src/github.com/hyperledger-labs/ISS_com_Multipaxos/mirbft/orderer/multipaxosinstance.go:157 +0x904
  github.com/hyperledger-labs/mirbft/orderer.(*mpxInstance).startWorkers.func1()
      /opt/gopath/src/github.com/hyperledger-labs/ISS_com_Multipaxos/mirbft/orderer/multipaxosinstance.go:113 +0xc8

Goroutine 758 (running) created at:
  github.com/hyperledger-labs/mirbft/orderer.(*MultiPaxosOrderer).runSegment()
      /opt/gopath/src/github.com/hyperledger-labs/ISS_com_Multipaxos/mirbft/orderer/multipaxosorderer.go:273 +0x3d3
  github.com/hyperledger-labs/mirbft/orderer.(*MultiPaxosMulticastOrderer).Start.(*MultiPaxosOrderer).Start.func1.1()
      /opt/gopath/src/github.com/hyperledger-labs/ISS_com_Multipaxos/mirbft/orderer/multipaxosorderer.go:208 +0x24f

Goroutine 763 (running) created at:
  github.com/hyperledger-labs/mirbft/orderer.(*mpxInstance).startWorkers()
      /opt/gopath/src/github.com/hyperledger-labs/ISS_com_Multipaxos/mirbft/orderer/multipaxosinstance.go:105 +0xad
  github.com/hyperledger-labs/mirbft/orderer.(*MultiPaxosOrderer).runSegment()
      /opt/gopath/src/github.com/hyperledger-labs/ISS_com_Multipaxos/mirbft/orderer/multipaxosorderer.go:269 +0x2ad
  github.com/hyperledger-labs/mirbft/orderer.(*MultiPaxosMulticastOrderer).Start.(*MultiPaxosOrderer).Start.func1.1()
      /opt/gopath/src/github.com/hyperledger-labs/ISS_com_Multipaxos/mirbft/orderer/multipaxosorderer.go:208 +0x24f
==================
[MPX][IN ] PROMISE sn=14 from=1 members=[0 1 2 3]
[MPX][IN ] PROMISE sn=14 from=3 members=[0 1 2 3]
[MPX][IN ] PROMISE sn=14 from=0 members=[0 1 2 3]
[MPX][IN ] PREPARE sn=14 from=3
20:24:52.700 DBG Batch cut. left=0 nBuckets=16 nReq=0 next=0
[MPX][NET] SEND Prepare sn=16
[MC][SEND] kind=Prepare sn=16 gid=0 dst=ALL
20:24:52.700 DBG Batch cut. left=0 nBuckets=16 nReq=0 next=0
[MPX][NET] SEND Prepare sn=17
[MC][SEND] kind=Prepare sn=17 gid=0 dst=ALL
20:24:52.700 DBG Batch cut. left=0 nBuckets=16 nReq=0 next=0
[MPX][NET] SEND Prepare sn=18
[MC][SEND] kind=Prepare sn=18 gid=0 dst=ALL
20:24:52.701 WRN MPX handles message from self. sn=15
[MPX][IN ] PREPARE sn=15 from=2
20:24:52.701 WRN MPX handles message from self. sn=16
[MPX][IN ] PREPARE sn=16 from=2
20:24:52.701 WRN MPX handles message from self. sn=17
[MPX][IN ] PREPARE sn=17 from=2
20:24:52.702 WRN MPX handles message from self. sn=18
[MPX][IN ] PREPARE sn=18 from=2
[MPX][IN ] PROMISE sn=16 from=1 members=[0 1 2 3]
[MPX][IN ] PROMISE sn=16 from=3 members=[0 1 2 3]
[MPX][IN ] ACCEPTED sn=14 from=1
[MPX][QUORUM] ACCEPTED sn=14 count=2/3 digest=95e7883d2aa4c15d
[MPX][IN ] ACCEPTED sn=14 from=3
[MPX][QUORUM] ACCEPTED sn=14 count=3/3 digest=95e7883d2aa4c15d
[MPX][QUORUM] MAJORITY REACHED sn=14 → COMMIT digest=95e7883d2aa4c15d
[MPX][NET] SEND Commit sn=14 gid=14 digest=95e7883d2aa4c15d
[MPX][IN ] PROMISE sn=17 from=1 members=[0 1 2 3]
[MC][SEND] kind=Commit sn=14 gid=15 (group)
[MPX][IN ] PROMISE sn=17 from=3 members=[0 1 2 3]
[MPX][NET] GOSSIP Commit sn=14 gid=14 digest=95e7883d2aa4c15d
[MC][SEND] kind=Commit sn=14 gid=15 (group)
20:24:52.707 INF [REQ] ClientRequest received -> bucket bucketID=20 clientID=0 clientSn=1730
20:24:52.708 DBG [REQ] Bucket size after enqueue bucketID=20 bucketLenApprox=0
[MPX][CHK] ANNOUNCE sn=14 reqs=128
20:24:52.709 INF Committed entry. latency=0 nReq=128 sn=14
SB-DELIVER sn=14 size=128
COMMIT sn=14 size=128
DELIVER sn=14 delivered=128
[MPX] COMMIT  sn=14 size=128
[MPX][IN ] ACCEPTED sn=14 from=0
[MPX][QUORUM] ACCEPTED sn=14 count=4/3 digest=95e7883d2aa4c15d
[MPX][IN ] PREPARE sn=14 from=0
[MPX][IN ] PREPARE sn=13 from=0
[MPX][IN ] PREPARE sn=15 from=0
[MPX][IN ] PREPARE sn=16 from=0
20:24:52.722 INF [REQ] ClientRequest received -> bucket bucketID=61 clientID=0 clientSn=1734
20:24:52.722 DBG [REQ] Bucket size after enqueue bucketID=61 bucketLenApprox=0
[MPX][IN ] ACCEPTED sn=14 from=0
[MPX][IN ] PREPARE sn=19 from=3
[MPX][NET] SEND Promise sn=19 members=[0 1 2 3]
[MPX][IN ] ACCEPTED sn=14 from=3
[MPX][IN ] PREPARE sn=17 from=3
[MPX][IN ] PREPARE sn=16 from=3
[MPX][IN ] ACCEPT sn=15 from=3 gid=15
[MPX][IN ] PROMISE sn=19 from=1 members=[0 1 2 3]
[MPX][QUORUM] ACCEPT sn=15 acceptCount=1 quorum=3 digest=06cd796dbc57da39
[MPX][NET] SEND Accepted sn=15 → leader=3 (unicast)
20:24:52.731 WRN MPX handles message from self. sn=19
[MPX][IN ] PROMISE sn=19 from=2 members=[0 1 2 3]
[MPX][IN ] ACCEPTED sn=14 from=1
[MPX][IN ] PREPARE sn=16 from=1
[MPX][IN ] PREPARE sn=17 from=1
20:24:52.739 INF [REQ] ClientRequest received -> bucket bucketID=31 clientID=0 clientSn=1738
20:24:52.740 DBG [REQ] Bucket size after enqueue bucketID=31 bucketLenApprox=0
[MPX][IN ] PREPARE sn=15 from=1
[MPX][IN ] PREPARE sn=14 from=1
20:24:52.763 INF [REQ] ClientRequest received -> bucket bucketID=1 clientID=0 clientSn=1742
20:24:52.763 DBG [REQ] Bucket size after enqueue bucketID=1 bucketLenApprox=0
20:24:52.776 INF [REQ] ClientRequest received -> bucket bucketID=32 clientID=0 clientSn=1746
20:24:52.777 DBG [REQ] Bucket size after enqueue bucketID=32 bucketLenApprox=0
20:24:52.787 INF [REQ] ClientRequest received -> bucket bucketID=63 clientID=0 clientSn=1750
20:24:52.788 DBG [REQ] Bucket size after enqueue bucketID=63 bucketLenApprox=0
[MPX][IN ] COMMIT sn=15 from=0 gid=15
[MPX][NET] GOSSIP Commit sn=15 gid=15 digest=06cd796dbc57da39
[MC][SEND] kind=Commit sn=15 gid=0 dst=ALL (fallback)
[MPX][CHK] ANNOUNCE sn=15 reqs=129
20:24:52.792 INF Committed entry. latency=0 nReq=129 sn=15
SB-DELIVER sn=15 size=129
COMMIT sn=15 size=129
DELIVER sn=15 delivered=129
[MPX] COMMIT  sn=15 size=129
[MPX][IN ] COMMIT sn=15 from=3 gid=15
[MPX][IN ] COMMIT sn=15 from=3 gid=15
[MPX][IN ] COMMIT sn=15 from=1 gid=15
20:24:52.810 WRN MPX handles message from self. sn=15
[MPX][IN ] COMMIT sn=15 from=2 gid=15
20:24:52.816 INF [REQ] ClientRequest received -> bucket bucketID=34 clientID=0 clientSn=1754
20:24:52.816 DBG [REQ] Bucket size after enqueue bucketID=34 bucketLenApprox=0
20:24:52.819 INF [REQ] ClientRequest received -> bucket bucketID=63 clientID=0 clientSn=1758
20:24:52.819 DBG [REQ] Bucket size after enqueue bucketID=63 bucketLenApprox=0
20:24:52.832 INF [REQ] ClientRequest received -> bucket bucketID=54 clientID=0 clientSn=1762
20:24:52.832 DBG [REQ] Bucket size after enqueue bucketID=54 bucketLenApprox=0
20:24:52.847 INF [REQ] ClientRequest received -> bucket bucketID=14 clientID=0 clientSn=1766
20:24:52.848 DBG [REQ] Bucket size after enqueue bucketID=14 bucketLenApprox=1
20:24:52.862 INF [REQ] ClientRequest received -> bucket bucketID=5 clientID=0 clientSn=1770
20:24:52.863 DBG [REQ] Bucket size after enqueue bucketID=5 bucketLenApprox=0
20:24:52.878 INF [REQ] ClientRequest received -> bucket bucketID=35 clientID=0 clientSn=1774
20:24:52.878 DBG [REQ] Bucket size after enqueue bucketID=35 bucketLenApprox=0
20:24:52.894 INF [REQ] ClientRequest received -> bucket bucketID=36 clientID=0 clientSn=1778
20:24:52.894 DBG [REQ] Bucket size after enqueue bucketID=36 bucketLenApprox=0
20:24:52.909 INF [REQ] ClientRequest received -> bucket bucketID=41 clientID=0 clientSn=1782
20:24:52.910 DBG [REQ] Bucket size after enqueue bucketID=41 bucketLenApprox=0
20:24:52.936 INF [REQ] ClientRequest received -> bucket bucketID=37 clientID=0 clientSn=1786
20:24:52.936 DBG [REQ] Bucket size after enqueue bucketID=37 bucketLenApprox=0
20:24:52.955 INF [REQ] ClientRequest received -> bucket bucketID=40 clientID=0 clientSn=1790
20:24:52.955 DBG [REQ] Bucket size after enqueue bucketID=40 bucketLenApprox=0
20:24:52.957 INF [REQ] ClientRequest received -> bucket bucketID=24 clientID=0 clientSn=1794
20:24:52.957 DBG [REQ] Bucket size after enqueue bucketID=24 bucketLenApprox=0
[MPX][IN ] ACCEPTED sn=14 from=3
[MPX][IN ] ACCEPT sn=14 from=0 gid=14
[MPX][QUORUM] ACCEPT sn=14 acceptCount=4 quorum=3 digest=95e7883d2aa4c15d
[MPX][NET] SKIP Accepted sn=14 (leader=self)
[MPX][IN ] ACCEPTED sn=14 from=0
[MPX][IN ] ACCEPTED sn=14 from=1
20:24:52.972 INF [REQ] ClientRequest received -> bucket bucketID=37 clientID=0 clientSn=1798
20:24:52.972 DBG [REQ] Bucket size after enqueue bucketID=37 bucketLenApprox=0
20:24:52.988 INF [REQ] ClientRequest received -> bucket bucketID=37 clientID=0 clientSn=1802
20:24:52.988 DBG [REQ] Bucket size after enqueue bucketID=37 bucketLenApprox=0
20:24:53.003 INF [REQ] ClientRequest received -> bucket bucketID=34 clientID=0 clientSn=1806
20:24:53.004 DBG [REQ] Bucket size after enqueue bucketID=34 bucketLenApprox=1
20:24:53.018 INF [REQ] ClientRequest received -> bucket bucketID=16 clientID=0 clientSn=1810
20:24:53.019 DBG [REQ] Bucket size after enqueue bucketID=16 bucketLenApprox=0
20:24:53.035 INF [REQ] ClientRequest received -> bucket bucketID=10 clientID=0 clientSn=1814
20:24:53.035 DBG [REQ] Bucket size after enqueue bucketID=10 bucketLenApprox=2
20:24:53.050 INF [REQ] ClientRequest received -> bucket bucketID=44 clientID=0 clientSn=1818
20:24:53.051 DBG [REQ] Bucket size after enqueue bucketID=44 bucketLenApprox=0
20:24:53.066 INF [REQ] ClientRequest received -> bucket bucketID=34 clientID=0 clientSn=1822
20:24:53.067 DBG [REQ] Bucket size after enqueue bucketID=34 bucketLenApprox=1
20:24:53.082 INF [REQ] ClientRequest received -> bucket bucketID=62 clientID=0 clientSn=1826
20:24:53.082 DBG [REQ] Bucket size after enqueue bucketID=62 bucketLenApprox=1
20:24:53.098 INF [REQ] ClientRequest received -> bucket bucketID=39 clientID=0 clientSn=1830
20:24:53.098 DBG [REQ] Bucket size after enqueue bucketID=39 bucketLenApprox=0
20:24:53.112 INF [REQ] ClientRequest received -> bucket bucketID=30 clientID=0 clientSn=1834
20:24:53.113 DBG [REQ] Bucket size after enqueue bucketID=30 bucketLenApprox=2
20:24:53.129 INF [REQ] ClientRequest received -> bucket bucketID=63 clientID=0 clientSn=1838
20:24:53.129 DBG [REQ] Bucket size after enqueue bucketID=63 bucketLenApprox=0
20:24:53.144 INF [REQ] ClientRequest received -> bucket bucketID=49 clientID=0 clientSn=1842
20:24:53.144 DBG [REQ] Bucket size after enqueue bucketID=49 bucketLenApprox=0
20:24:53.160 INF [REQ] ClientRequest received -> bucket bucketID=10 clientID=0 clientSn=1846
20:24:53.160 DBG [REQ] Bucket size after enqueue bucketID=10 bucketLenApprox=2
20:24:53.175 INF [REQ] ClientRequest received -> bucket bucketID=29 clientID=0 clientSn=1850
20:24:53.175 DBG [REQ] Bucket size after enqueue bucketID=29 bucketLenApprox=0
20:24:53.191 INF [REQ] ClientRequest received -> bucket bucketID=28 clientID=0 clientSn=1854
20:24:53.191 DBG [REQ] Bucket size after enqueue bucketID=28 bucketLenApprox=0
20:24:53.206 INF [REQ] ClientRequest received -> bucket bucketID=19 clientID=0 clientSn=1858
20:24:53.207 DBG [REQ] Bucket size after enqueue bucketID=19 bucketLenApprox=0
20:24:53.222 INF [REQ] ClientRequest received -> bucket bucketID=12 clientID=0 clientSn=1862
20:24:53.222 DBG [REQ] Bucket size after enqueue bucketID=12 bucketLenApprox=0
20:24:53.238 INF [REQ] ClientRequest received -> bucket bucketID=58 clientID=0 clientSn=1866
20:24:53.238 DBG [REQ] Bucket size after enqueue bucketID=58 bucketLenApprox=2
20:24:53.254 INF [REQ] ClientRequest received -> bucket bucketID=18 clientID=0 clientSn=1870
20:24:53.254 DBG [REQ] Bucket size after enqueue bucketID=18 bucketLenApprox=2
20:24:53.269 INF [REQ] ClientRequest received -> bucket bucketID=30 clientID=0 clientSn=1874
20:24:53.269 DBG [REQ] Bucket size after enqueue bucketID=30 bucketLenApprox=2
20:24:53.285 INF [REQ] ClientRequest received -> bucket bucketID=43 clientID=0 clientSn=1878
20:24:53.285 DBG [REQ] Bucket size after enqueue bucketID=43 bucketLenApprox=0
20:24:53.301 INF [REQ] ClientRequest received -> bucket bucketID=15 clientID=0 clientSn=1882
20:24:53.301 DBG [REQ] Bucket size after enqueue bucketID=15 bucketLenApprox=0
20:24:53.316 INF [REQ] ClientRequest received -> bucket bucketID=8 clientID=0 clientSn=1886
20:24:53.316 DBG [REQ] Bucket size after enqueue bucketID=8 bucketLenApprox=0
20:24:53.331 INF [REQ] ClientRequest received -> bucket bucketID=41 clientID=0 clientSn=1890
20:24:53.331 DBG [REQ] Bucket size after enqueue bucketID=41 bucketLenApprox=0
20:24:53.347 INF [REQ] ClientRequest received -> bucket bucketID=23 clientID=0 clientSn=1894
20:24:53.347 DBG [REQ] Bucket size after enqueue bucketID=23 bucketLenApprox=0
20:24:53.363 INF [REQ] ClientRequest received -> bucket bucketID=35 clientID=0 clientSn=1898
20:24:53.363 DBG [REQ] Bucket size after enqueue bucketID=35 bucketLenApprox=0
20:24:53.379 INF [REQ] ClientRequest received -> bucket bucketID=42 clientID=0 clientSn=1902
20:24:53.379 DBG [REQ] Bucket size after enqueue bucketID=42 bucketLenApprox=3
20:24:53.393 INF [REQ] ClientRequest received -> bucket bucketID=23 clientID=0 clientSn=1906
20:24:53.393 DBG [REQ] Bucket size after enqueue bucketID=23 bucketLenApprox=0
20:24:53.410 INF [REQ] ClientRequest received -> bucket bucketID=3 clientID=0 clientSn=1910
20:24:53.410 DBG [REQ] Bucket size after enqueue bucketID=3 bucketLenApprox=0
20:24:53.425 INF [REQ] ClientRequest received -> bucket bucketID=38 clientID=0 clientSn=1914
20:24:53.425 DBG [REQ] Bucket size after enqueue bucketID=38 bucketLenApprox=3
20:24:53.440 INF [REQ] ClientRequest received -> bucket bucketID=59 clientID=0 clientSn=1918
20:24:53.441 DBG [REQ] Bucket size after enqueue bucketID=59 bucketLenApprox=0
20:24:53.456 INF [REQ] ClientRequest received -> bucket bucketID=18 clientID=0 clientSn=1922
20:24:53.457 DBG [REQ] Bucket size after enqueue bucketID=18 bucketLenApprox=3
20:24:53.472 INF [REQ] ClientRequest received -> bucket bucketID=39 clientID=0 clientSn=1926
20:24:53.472 DBG [REQ] Bucket size after enqueue bucketID=39 bucketLenApprox=0
20:24:53.487 INF [REQ] ClientRequest received -> bucket bucketID=42 clientID=0 clientSn=1930
20:24:53.487 DBG [REQ] Bucket size after enqueue bucketID=42 bucketLenApprox=3
20:24:53.504 INF [REQ] ClientRequest received -> bucket bucketID=50 clientID=0 clientSn=1934
20:24:53.504 DBG [REQ] Bucket size after enqueue bucketID=50 bucketLenApprox=3
20:24:53.519 INF [REQ] ClientRequest received -> bucket bucketID=20 clientID=0 clientSn=1938
20:24:53.519 DBG [REQ] Bucket size after enqueue bucketID=20 bucketLenApprox=0
20:24:53.535 INF [REQ] ClientRequest received -> bucket bucketID=20 clientID=0 clientSn=1942
20:24:53.535 DBG [REQ] Bucket size after enqueue bucketID=20 bucketLenApprox=0
20:24:53.551 INF [REQ] ClientRequest received -> bucket bucketID=50 clientID=0 clientSn=1946
20:24:53.551 DBG [REQ] Bucket size after enqueue bucketID=50 bucketLenApprox=3
20:24:53.566 INF [REQ] ClientRequest received -> bucket bucketID=52 clientID=0 clientSn=1950
20:24:53.567 DBG [REQ] Bucket size after enqueue bucketID=52 bucketLenApprox=0
20:24:53.581 INF [REQ] ClientRequest received -> bucket bucketID=20 clientID=0 clientSn=1954
20:24:53.582 DBG [REQ] Bucket size after enqueue bucketID=20 bucketLenApprox=0
20:24:53.597 INF [REQ] ClientRequest received -> bucket bucketID=13 clientID=0 clientSn=1958
20:24:53.597 DBG [REQ] Bucket size after enqueue bucketID=13 bucketLenApprox=0
20:24:53.613 INF [REQ] ClientRequest received -> bucket bucketID=50 clientID=0 clientSn=1962
20:24:53.613 DBG [REQ] Bucket size after enqueue bucketID=50 bucketLenApprox=3
20:24:53.628 INF [REQ] ClientRequest received -> bucket bucketID=21 clientID=0 clientSn=1966
20:24:53.629 DBG [REQ] Bucket size after enqueue bucketID=21 bucketLenApprox=0
20:24:53.644 INF [REQ] ClientRequest received -> bucket bucketID=45 clientID=0 clientSn=1970
20:24:53.644 DBG [REQ] Bucket size after enqueue bucketID=45 bucketLenApprox=0
20:24:53.660 INF [REQ] ClientRequest received -> bucket bucketID=22 clientID=0 clientSn=1974
20:24:53.660 DBG [REQ] Bucket size after enqueue bucketID=22 bucketLenApprox=4
20:24:53.676 INF [REQ] ClientRequest received -> bucket bucketID=58 clientID=0 clientSn=1978
20:24:53.676 DBG [REQ] Bucket size after enqueue bucketID=58 bucketLenApprox=3
20:24:53.690 INF [REQ] ClientRequest received -> bucket bucketID=4 clientID=0 clientSn=1982
20:24:53.691 DBG [REQ] Bucket size after enqueue bucketID=4 bucketLenApprox=0
20:24:53.707 INF [REQ] ClientRequest received -> bucket bucketID=51 clientID=0 clientSn=1986
20:24:53.707 DBG [REQ] Bucket size after enqueue bucketID=51 bucketLenApprox=0
20:24:53.722 INF [REQ] ClientRequest received -> bucket bucketID=5 clientID=0 clientSn=1990
20:24:53.722 DBG [REQ] Bucket size after enqueue bucketID=5 bucketLenApprox=0
20:24:53.738 INF [REQ] ClientRequest received -> bucket bucketID=43 clientID=0 clientSn=1994
20:24:53.738 DBG [REQ] Bucket size after enqueue bucketID=43 bucketLenApprox=0
20:24:53.753 INF [REQ] ClientRequest received -> bucket bucketID=41 clientID=0 clientSn=1998
20:24:53.753 DBG [REQ] Bucket size after enqueue bucketID=41 bucketLenApprox=0
20:24:53.769 INF [REQ] ClientRequest received -> bucket bucketID=6 clientID=0 clientSn=2002
20:24:53.769 DBG [REQ] Bucket size after enqueue bucketID=6 bucketLenApprox=5
20:24:53.785 INF [REQ] ClientRequest received -> bucket bucketID=53 clientID=0 clientSn=2006
20:24:53.785 DBG [REQ] Bucket size after enqueue bucketID=53 bucketLenApprox=0
20:24:53.800 INF [REQ] ClientRequest received -> bucket bucketID=49 clientID=0 clientSn=2010
20:24:53.800 DBG [REQ] Bucket size after enqueue bucketID=49 bucketLenApprox=0
20:24:53.816 INF [REQ] ClientRequest received -> bucket bucketID=14 clientID=0 clientSn=2014
20:24:53.816 DBG [REQ] Bucket size after enqueue bucketID=14 bucketLenApprox=5
20:24:53.831 INF [REQ] ClientRequest received -> bucket bucketID=56 clientID=0 clientSn=2018
20:24:53.831 DBG [REQ] Bucket size after enqueue bucketID=56 bucketLenApprox=0
20:24:53.847 INF [REQ] ClientRequest received -> bucket bucketID=25 clientID=0 clientSn=2022
20:24:53.847 DBG [REQ] Bucket size after enqueue bucketID=25 bucketLenApprox=0
20:24:53.862 INF [REQ] ClientRequest received -> bucket bucketID=47 clientID=0 clientSn=2026
20:24:53.862 DBG [REQ] Bucket size after enqueue bucketID=47 bucketLenApprox=0
20:24:53.878 INF [REQ] ClientRequest received -> bucket bucketID=57 clientID=0 clientSn=2030
20:24:53.878 DBG [REQ] Bucket size after enqueue bucketID=57 bucketLenApprox=0
20:24:53.894 INF [REQ] ClientRequest received -> bucket bucketID=47 clientID=0 clientSn=2034
20:24:53.894 DBG [REQ] Bucket size after enqueue bucketID=47 bucketLenApprox=0
20:24:53.910 INF [REQ] ClientRequest received -> bucket bucketID=33 clientID=0 clientSn=2038
20:24:53.910 DBG [REQ] Bucket size after enqueue bucketID=33 bucketLenApprox=0
20:24:53.925 INF [REQ] ClientRequest received -> bucket bucketID=36 clientID=0 clientSn=2042
20:24:53.926 DBG [REQ] Bucket size after enqueue bucketID=36 bucketLenApprox=0
20:24:53.941 INF [REQ] ClientRequest received -> bucket bucketID=1 clientID=0 clientSn=2046
20:24:53.941 DBG [REQ] Bucket size after enqueue bucketID=1 bucketLenApprox=0
20:24:53.957 INF [REQ] ClientRequest received -> bucket bucketID=20 clientID=0 clientSn=2050
20:24:53.957 DBG [REQ] Bucket size after enqueue bucketID=20 bucketLenApprox=0
20:24:53.972 INF [REQ] ClientRequest received -> bucket bucketID=53 clientID=0 clientSn=2054
20:24:53.973 DBG [REQ] Bucket size after enqueue bucketID=53 bucketLenApprox=0
20:24:53.988 INF [REQ] ClientRequest received -> bucket bucketID=13 clientID=0 clientSn=2058
20:24:53.988 DBG [REQ] Bucket size after enqueue bucketID=13 bucketLenApprox=0
20:24:54.004 INF [REQ] ClientRequest received -> bucket bucketID=36 clientID=0 clientSn=2062
20:24:54.004 DBG [REQ] Bucket size after enqueue bucketID=36 bucketLenApprox=0
20:24:54.019 INF [REQ] ClientRequest received -> bucket bucketID=24 clientID=0 clientSn=2066
20:24:54.019 DBG [REQ] Bucket size after enqueue bucketID=24 bucketLenApprox=0
20:24:54.035 INF [REQ] ClientRequest received -> bucket bucketID=42 clientID=0 clientSn=2070
20:24:54.035 DBG [REQ] Bucket size after enqueue bucketID=42 bucketLenApprox=5
20:24:54.051 INF [REQ] ClientRequest received -> bucket bucketID=26 clientID=0 clientSn=2074
20:24:54.051 DBG [REQ] Bucket size after enqueue bucketID=26 bucketLenApprox=5
20:24:54.066 INF [REQ] ClientRequest received -> bucket bucketID=43 clientID=0 clientSn=2078
20:24:54.066 DBG [REQ] Bucket size after enqueue bucketID=43 bucketLenApprox=0
20:24:54.081 INF [REQ] ClientRequest received -> bucket bucketID=12 clientID=0 clientSn=2082
20:24:54.082 DBG [REQ] Bucket size after enqueue bucketID=12 bucketLenApprox=0
20:24:54.098 INF [REQ] ClientRequest received -> bucket bucketID=54 clientID=0 clientSn=2086
20:24:54.098 DBG [REQ] Bucket size after enqueue bucketID=54 bucketLenApprox=5
20:24:54.113 INF [REQ] ClientRequest received -> bucket bucketID=56 clientID=0 clientSn=2090
20:24:54.113 DBG [REQ] Bucket size after enqueue bucketID=56 bucketLenApprox=0
20:24:54.129 INF [REQ] ClientRequest received -> bucket bucketID=32 clientID=0 clientSn=2094
20:24:54.129 DBG [REQ] Bucket size after enqueue bucketID=32 bucketLenApprox=0
20:24:54.144 INF [REQ] ClientRequest received -> bucket bucketID=40 clientID=0 clientSn=2098
20:24:54.144 DBG [REQ] Bucket size after enqueue bucketID=40 bucketLenApprox=0
20:24:54.160 INF [REQ] ClientRequest received -> bucket bucketID=5 clientID=0 clientSn=2102
20:24:54.160 DBG [REQ] Bucket size after enqueue bucketID=5 bucketLenApprox=0
20:24:54.176 INF [REQ] ClientRequest received -> bucket bucketID=21 clientID=0 clientSn=2106
20:24:54.176 DBG [REQ] Bucket size after enqueue bucketID=21 bucketLenApprox=0
20:24:54.191 INF [REQ] ClientRequest received -> bucket bucketID=34 clientID=0 clientSn=2110
20:24:54.191 DBG [REQ] Bucket size after enqueue bucketID=34 bucketLenApprox=6
20:24:54.207 INF [REQ] ClientRequest received -> bucket bucketID=9 clientID=0 clientSn=2114
20:24:54.207 DBG [REQ] Bucket size after enqueue bucketID=9 bucketLenApprox=0
20:24:54.223 INF [REQ] ClientRequest received -> bucket bucketID=55 clientID=0 clientSn=2118
20:24:54.223 DBG [REQ] Bucket size after enqueue bucketID=55 bucketLenApprox=0
20:24:54.238 INF [REQ] ClientRequest received -> bucket bucketID=56 clientID=0 clientSn=2122
20:24:54.238 DBG [REQ] Bucket size after enqueue bucketID=56 bucketLenApprox=0
20:24:54.253 INF [REQ] ClientRequest received -> bucket bucketID=2 clientID=0 clientSn=2126
20:24:54.253 DBG [REQ] Bucket size after enqueue bucketID=2 bucketLenApprox=7
20:24:54.268 INF [REQ] ClientRequest received -> bucket bucketID=48 clientID=0 clientSn=2130
20:24:54.269 DBG [REQ] Bucket size after enqueue bucketID=48 bucketLenApprox=0
20:24:54.285 INF [REQ] ClientRequest received -> bucket bucketID=10 clientID=0 clientSn=2134
20:24:54.285 DBG [REQ] Bucket size after enqueue bucketID=10 bucketLenApprox=7
20:24:54.300 INF [REQ] ClientRequest received -> bucket bucketID=29 clientID=0 clientSn=2138
20:24:54.300 DBG [REQ] Bucket size after enqueue bucketID=29 bucketLenApprox=0
20:24:54.317 INF [REQ] ClientRequest received -> bucket bucketID=9 clientID=0 clientSn=2142
20:24:54.317 DBG [REQ] Bucket size after enqueue bucketID=9 bucketLenApprox=0
20:24:54.331 INF [REQ] ClientRequest received -> bucket bucketID=7 clientID=0 clientSn=2146
20:24:54.332 DBG [REQ] Bucket size after enqueue bucketID=7 bucketLenApprox=0
20:24:54.348 INF [REQ] ClientRequest received -> bucket bucketID=24 clientID=0 clientSn=2150
20:24:54.348 DBG [REQ] Bucket size after enqueue bucketID=24 bucketLenApprox=0
20:24:54.363 INF [REQ] ClientRequest received -> bucket bucketID=31 clientID=0 clientSn=2154
20:24:54.363 DBG [REQ] Bucket size after enqueue bucketID=31 bucketLenApprox=0
20:24:54.379 INF [REQ] ClientRequest received -> bucket bucketID=8 clientID=0 clientSn=2158
20:24:54.379 DBG [REQ] Bucket size after enqueue bucketID=8 bucketLenApprox=0
20:24:54.394 INF [REQ] ClientRequest received -> bucket bucketID=40 clientID=0 clientSn=2162
20:24:54.394 DBG [REQ] Bucket size after enqueue bucketID=40 bucketLenApprox=0
20:24:54.409 INF [REQ] ClientRequest received -> bucket bucketID=43 clientID=0 clientSn=2166
20:24:54.409 DBG [REQ] Bucket size after enqueue bucketID=43 bucketLenApprox=0
20:24:54.425 INF [REQ] ClientRequest received -> bucket bucketID=37 clientID=0 clientSn=2170
20:24:54.425 DBG [REQ] Bucket size after enqueue bucketID=37 bucketLenApprox=0
20:24:54.440 INF [REQ] ClientRequest received -> bucket bucketID=30 clientID=0 clientSn=2174
20:24:54.441 DBG [REQ] Bucket size after enqueue bucketID=30 bucketLenApprox=7
20:24:54.456 INF [REQ] ClientRequest received -> bucket bucketID=25 clientID=0 clientSn=2178
20:24:54.456 DBG [REQ] Bucket size after enqueue bucketID=25 bucketLenApprox=0
20:24:54.473 INF [REQ] ClientRequest received -> bucket bucketID=53 clientID=0 clientSn=2182
20:24:54.473 DBG [REQ] Bucket size after enqueue bucketID=53 bucketLenApprox=0
20:24:54.488 INF [REQ] ClientRequest received -> bucket bucketID=28 clientID=0 clientSn=2186
20:24:54.488 DBG [REQ] Bucket size after enqueue bucketID=28 bucketLenApprox=0
20:24:54.504 INF [REQ] ClientRequest received -> bucket bucketID=40 clientID=0 clientSn=2190
20:24:54.504 DBG [REQ] Bucket size after enqueue bucketID=40 bucketLenApprox=0
20:24:54.519 INF [REQ] ClientRequest received -> bucket bucketID=47 clientID=0 clientSn=2194
20:24:54.519 DBG [REQ] Bucket size after enqueue bucketID=47 bucketLenApprox=0
20:24:54.534 INF [REQ] ClientRequest received -> bucket bucketID=0 clientID=0 clientSn=2198
20:24:54.535 DBG [REQ] Bucket size after enqueue bucketID=0 bucketLenApprox=0
20:24:54.550 INF [REQ] ClientRequest received -> bucket bucketID=48 clientID=0 clientSn=2202
20:24:54.551 DBG [REQ] Bucket size after enqueue bucketID=48 bucketLenApprox=0
20:24:54.566 INF [REQ] ClientRequest received -> bucket bucketID=62 clientID=0 clientSn=2206
20:24:54.567 DBG [REQ] Bucket size after enqueue bucketID=62 bucketLenApprox=7
20:24:54.581 INF [REQ] ClientRequest received -> bucket bucketID=61 clientID=0 clientSn=2210
20:24:54.581 DBG [REQ] Bucket size after enqueue bucketID=61 bucketLenApprox=0
20:24:54.597 INF [REQ] ClientRequest received -> bucket bucketID=58 clientID=0 clientSn=2214
20:24:54.598 DBG [REQ] Bucket size after enqueue bucketID=58 bucketLenApprox=7
20:24:54.612 INF [REQ] ClientRequest received -> bucket bucketID=31 clientID=0 clientSn=2218
20:24:54.612 DBG [REQ] Bucket size after enqueue bucketID=31 bucketLenApprox=0
20:24:54.628 INF [REQ] ClientRequest received -> bucket bucketID=9 clientID=0 clientSn=2222
20:24:54.628 DBG [REQ] Bucket size after enqueue bucketID=9 bucketLenApprox=0
20:24:54.644 INF [REQ] ClientRequest received -> bucket bucketID=52 clientID=0 clientSn=2226
20:24:54.644 DBG [REQ] Bucket size after enqueue bucketID=52 bucketLenApprox=0
20:24:54.659 INF [REQ] ClientRequest received -> bucket bucketID=48 clientID=0 clientSn=2230
20:24:54.659 DBG [REQ] Bucket size after enqueue bucketID=48 bucketLenApprox=0
20:24:54.675 INF [REQ] ClientRequest received -> bucket bucketID=41 clientID=0 clientSn=2234
20:24:54.676 DBG [REQ] Bucket size after enqueue bucketID=41 bucketLenApprox=0
20:24:54.691 INF [REQ] ClientRequest received -> bucket bucketID=10 clientID=0 clientSn=2238
20:24:54.691 DBG [REQ] Bucket size after enqueue bucketID=10 bucketLenApprox=8
20:24:54.702 DBG Batch cut. left=0 nBuckets=16 nReq=128 next=0
PROPOSE sn=18 size=128
[MPX][NET] SEND Accept sn=18 bytes=74750 gid=18 digest=d0b299fbbffe5139
[MC][SEND] kind=Accept sn=18 gid=0 dst=ALL (fallback)
[MPX] PROPOSE sn=18 size=128
[MPX][NET] SEND Prepare sn=19
[MC][SEND] kind=Prepare sn=19 gid=0 dst=ALL
[MPX][IN ] PROMISE sn=18 from=1 members=[0 1 2 3]
[MPX][IN ] PROMISE sn=18 from=3 members=[0 1 2 3]
[MPX][IN ] PREPARE sn=18 from=3
20:24:54.703 DBG Batch cut. left=0 nBuckets=16 nReq=0 next=0
[MPX][NET] SEND Prepare sn=20
[MC][SEND] kind=Prepare sn=20 gid=0 dst=ALL
20:24:54.703 DBG Batch cut. left=0 nBuckets=16 nReq=0 next=0
[MPX][NET] SEND Prepare sn=21
[MC][SEND] kind=Prepare sn=21 gid=0 dst=ALL
20:24:54.704 DBG Batch cut. left=0 nBuckets=16 nReq=0 next=0
[MPX][NET] SEND Prepare sn=22
[MC][SEND] kind=Prepare sn=22 gid=0 dst=ALL
20:24:54.706 WRN MPX handles message from self. sn=21
20:24:54.706 WRN MPX handles message from self. sn=22
[MPX][IN ] PREPARE sn=21 from=2
[MPX][IN ] PREPARE sn=22 from=2
[MPX][IN ] PROMISE sn=21 from=1 members=[0 1 2 3]
20:24:54.707 INF [REQ] ClientRequest received -> bucket bucketID=33 clientID=0 clientSn=2242
20:24:54.707 DBG [REQ] Bucket size after enqueue bucketID=33 bucketLenApprox=0
[MPX][IN ] PROMISE sn=21 from=0 members=[0 1 2 3]
20:24:54.708 WRN MPX handles message from self. sn=18
[MPX][IN ] ACCEPTED sn=18 from=1
[MPX][QUORUM] ACCEPTED sn=18 count=2/3 digest=d0b299fbbffe5139
[MPX][IN ] ACCEPT sn=18 from=2 gid=18
[MPX][IN ] PROMISE sn=20 from=1 members=[0 1 2 3]
20:24:54.708 WRN MPX handles message from self. sn=19
20:24:54.708 WRN MPX handles message from self. sn=20
[MPX][IN ] PREPARE sn=20 from=2
[MPX][IN ] PREPARE sn=19 from=2
[MPX][QUORUM] ACCEPT sn=18 acceptCount=2 quorum=3 digest=d0b299fbbffe5139
[MPX][NET] SKIP Accepted sn=18 (leader=self)
[MC][GROUP] sn=21 gid=22 members=[1 0 3]
[MC][GROUP] sn=22 gid=23 members=[1 0 3]
[MPX][IN ] PROMISE sn=21 from=3 members=[0 1 2 3]
[MPX][IN ] ACCEPTED sn=18 from=3
[MPX][IN ] PROMISE sn=20 from=3 members=[0 1 2 3]
[MPX][QUORUM] ACCEPTED sn=18 count=3/3 digest=d0b299fbbffe5139
[MPX][QUORUM] MAJORITY REACHED sn=18 → COMMIT digest=d0b299fbbffe5139
[MPX][NET] SEND Commit sn=18 gid=18 digest=d0b299fbbffe5139
[MC][SEND] kind=Commit sn=18 gid=0 dst=ALL (fallback)
[MPX][NET] GOSSIP Commit sn=18 gid=18 digest=d0b299fbbffe5139
[MC][SEND] kind=Commit sn=18 gid=0 dst=ALL (fallback)
[MC][GROUP] sn=20 gid=21 members=[1 3 0]
[MPX][IN ] PROMISE sn=20 from=0 members=[0 1 2 3]
[MPX][CHK] ANNOUNCE sn=18 reqs=128
20:24:54.711 INF Committed entry. latency=0 nReq=128 sn=18
SB-DELIVER sn=18 size=128
COMMIT sn=18 size=128
DELIVER sn=18 delivered=128
[MPX] COMMIT  sn=18 size=128
[MPX][IN ] ACCEPTED sn=18 from=0
[MPX][QUORUM] ACCEPTED sn=18 count=4/3 digest=d0b299fbbffe5139
20:24:54.716 WRN MPX handles message from self. sn=18
20:24:54.716 WRN MPX handles message from self. sn=18
[MPX][IN ] COMMIT sn=18 from=2 gid=18
[MPX][IN ] COMMIT sn=18 from=2 gid=18
[MPX][IN ] PREPARE sn=19 from=0
[MPX][IN ] PREPARE sn=17 from=0
[MPX][IN ] PREPARE sn=18 from=0
[MPX][IN ] ACCEPT sn=18 from=0 gid=18
[MPX][QUORUM] ACCEPT sn=18 acceptCount=4 quorum=3 digest=d0b299fbbffe5139
[MPX][NET] SKIP Accepted sn=18 (leader=self)
[MPX][IN ] PREPARE sn=20 from=0
20:24:54.722 INF [REQ] ClientRequest received -> bucket bucketID=60 clientID=0 clientSn=2246
20:24:54.723 DBG [REQ] Bucket size after enqueue bucketID=60 bucketLenApprox=0
[MPX][IN ] ACCEPT sn=16 from=0 gid=16
[MPX][QUORUM] ACCEPT sn=16 acceptCount=1 quorum=3 digest=5d88f50cd0dcbd38
[MPX][NET] SEND Accepted sn=16 → leader=0 (unicast)
[MPX][IN ] ACCEPTED sn=18 from=3
[MPX][IN ] COMMIT sn=18 from=3 gid=18
[MPX][IN ] ACCEPTED sn=18 from=1
[MPX][IN ] PREPARE sn=21 from=3
[MPX][IN ] PREPARE sn=23 from=3
[MPX][NET] SEND Promise sn=23 members=[0 1 2 3]
[MPX][IN ] ACCEPTED sn=18 from=0
20:24:54.737 WRN MPX handles message from self. sn=23
[MPX][IN ] PROMISE sn=23 from=2 members=[0 1 2 3]
[MPX][IN ] COMMIT sn=18 from=1 gid=18
[MPX][IN ] ACCEPT sn=19 from=3 gid=19
20:24:54.739 INF [REQ] ClientRequest received -> bucket bucketID=62 clientID=0 clientSn=2250
[MPX][QUORUM] ACCEPT sn=19 acceptCount=1 quorum=3 digest=718fe508b7afce70
[MPX][NET] SEND Accepted sn=19 → leader=3 (unicast)
[MPX][IN ] PREPARE sn=20 from=3
20:24:54.740 DBG [REQ] Bucket size after enqueue bucketID=62 bucketLenApprox=0
[MPX][IN ] COMMIT sn=18 from=0 gid=18
[MPX][IN ] COMMIT sn=16 from=0 gid=16
[MPX][NET] GOSSIP Commit sn=16 gid=16 digest=5d88f50cd0dcbd38
[MC][SEND] kind=Commit sn=16 gid=0 dst=ALL (fallback)
[MPX][CHK] ANNOUNCE sn=16 reqs=128
20:24:54.745 INF Committed entry. latency=0 nReq=128 sn=16
SB-DELIVER sn=16 size=128
COMMIT sn=16 size=128
DELIVER sn=16 delivered=128
[MPX] COMMIT  sn=16 size=128
[MPX][IN ] COMMIT sn=16 from=0 gid=16
[MPX][IN ] COMMIT sn=16 from=1 gid=16
[MPX][IN ] COMMIT sn=16 from=3 gid=16
[MPX][IN ] PREPARE sn=21 from=1
[MPX][IN ] PREPARE sn=20 from=1
20:24:54.762 WRN MPX handles message from self. sn=16
[MPX][IN ] COMMIT sn=16 from=2 gid=16
20:24:54.773 INF [REQ] ClientRequest received -> bucket bucketID=52 clientID=0 clientSn=2254
20:24:54.773 DBG [REQ] Bucket size after enqueue bucketID=52 bucketLenApprox=0
20:24:54.776 INF [REQ] ClientRequest received -> bucket bucketID=44 clientID=0 clientSn=2258
20:24:54.777 DBG [REQ] Bucket size after enqueue bucketID=44 bucketLenApprox=0
[MPX][IN ] COMMIT sn=19 from=0 gid=19
[MPX][NET] GOSSIP Commit sn=19 gid=19 digest=718fe508b7afce70
[MC][SEND] kind=Commit sn=19 gid=0 dst=ALL (fallback)
[MPX][CHK] ANNOUNCE sn=19 reqs=128
20:24:54.784 INF Committed entry. latency=0 nReq=128 sn=19
SB-DELIVER sn=19 size=128
COMMIT sn=19 size=128
DELIVER sn=19 delivered=128
[MPX] COMMIT  sn=19 size=128
[MPX][IN ] COMMIT sn=19 from=1 gid=19
20:24:54.786 INF [REQ] ClientRequest received -> bucket bucketID=57 clientID=0 clientSn=2262
20:24:54.787 DBG [REQ] Bucket size after enqueue bucketID=57 bucketLenApprox=0
20:24:54.786 WRN MPX handles message from self. sn=19
[MPX][IN ] COMMIT sn=19 from=2 gid=19
[MPX][IN ] COMMIT sn=19 from=3 gid=19
[MPX][IN ] COMMIT sn=19 from=3 gid=19
[MPX][IN ] PREPARE sn=18 from=1
[MPX][IN ] ACCEPT sn=18 from=1 gid=18
[MPX][QUORUM] ACCEPT sn=18 acceptCount=4 quorum=3 digest=d0b299fbbffe5139
[MPX][NET] SEND Accepted sn=18 → leader=1 (unicast)
[MPX][IN ] ACCEPT sn=17 from=1 gid=17
[MPX][QUORUM] ACCEPT sn=17 acceptCount=1 quorum=3 digest=9ee8b219e48e66de
[MPX][NET] SEND Accepted sn=17 → leader=1 (unicast)
[MPX][IN ] PREPARE sn=19 from=1
[MPX][IN ] ACCEPT sn=19 from=1 gid=19
[MPX][QUORUM] ACCEPT sn=19 acceptCount=1 quorum=3 digest=718fe508b7afce70
[MPX][NET] SEND Accepted sn=19 → leader=1 (unicast)
20:24:54.802 INF [REQ] ClientRequest received -> bucket bucketID=58 clientID=0 clientSn=2266
[MPX][IN ] COMMIT sn=17 from=3 gid=17
[MPX][NET] GOSSIP Commit sn=17 gid=17 digest=9ee8b219e48e66de
20:24:54.802 DBG [REQ] Bucket size after enqueue bucketID=58 bucketLenApprox=0
[MC][SEND] kind=Commit sn=17 gid=0 dst=ALL (fallback)
[MPX][CHK] ANNOUNCE sn=17 reqs=129
20:24:54.806 INF Committed entry. latency=0 nReq=129 sn=17
SB-DELIVER sn=17 size=129
COMMIT sn=17 size=129
DELIVER sn=17 delivered=129
[MPX] COMMIT  sn=17 size=129
[MPX][IN ] COMMIT sn=18 from=1 gid=18
[MPX][IN ] COMMIT sn=18 from=1 gid=18
[MPX][IN ] COMMIT sn=17 from=0 gid=17
20:24:54.818 WRN MPX handles message from self. sn=17
[MPX][IN ] COMMIT sn=17 from=2 gid=17
20:24:54.820 INF [REQ] ClientRequest received -> bucket bucketID=45 clientID=0 clientSn=2270
20:24:54.820 DBG [REQ] Bucket size after enqueue bucketID=45 bucketLenApprox=0
[MPX][IN ] COMMIT sn=17 from=1 gid=17
[MPX][IN ] COMMIT sn=17 from=1 gid=17
20:24:54.832 INF [REQ] ClientRequest received -> bucket bucketID=16 clientID=0 clientSn=2274
20:24:54.832 DBG [REQ] Bucket size after enqueue bucketID=16 bucketLenApprox=0
20:24:54.847 INF [REQ] ClientRequest received -> bucket bucketID=20 clientID=0 clientSn=2278
20:24:54.848 DBG [REQ] Bucket size after enqueue bucketID=20 bucketLenApprox=0
20:24:54.862 INF [REQ] ClientRequest received -> bucket bucketID=49 clientID=0 clientSn=2282
20:24:54.863 DBG [REQ] Bucket size after enqueue bucketID=49 bucketLenApprox=0
20:24:54.879 INF [REQ] ClientRequest received -> bucket bucketID=58 clientID=0 clientSn=2286
20:24:54.879 DBG [REQ] Bucket size after enqueue bucketID=58 bucketLenApprox=0
20:24:54.894 INF [REQ] ClientRequest received -> bucket bucketID=45 clientID=0 clientSn=2290
20:24:54.894 DBG [REQ] Bucket size after enqueue bucketID=45 bucketLenApprox=0
20:24:54.933 INF [REQ] ClientRequest received -> bucket bucketID=29 clientID=0 clientSn=2294
20:24:54.933 DBG [REQ] Bucket size after enqueue bucketID=29 bucketLenApprox=0
20:24:54.934 INF [REQ] ClientRequest received -> bucket bucketID=20 clientID=0 clientSn=2298
20:24:54.935 DBG [REQ] Bucket size after enqueue bucketID=20 bucketLenApprox=0
20:24:54.940 INF [REQ] ClientRequest received -> bucket bucketID=58 clientID=0 clientSn=2302
20:24:54.940 DBG [REQ] Bucket size after enqueue bucketID=58 bucketLenApprox=1
20:24:54.956 INF [REQ] ClientRequest received -> bucket bucketID=4 clientID=0 clientSn=2306
20:24:54.956 DBG [REQ] Bucket size after enqueue bucketID=4 bucketLenApprox=0
20:24:54.972 INF [REQ] ClientRequest received -> bucket bucketID=44 clientID=0 clientSn=2310
20:24:54.972 DBG [REQ] Bucket size after enqueue bucketID=44 bucketLenApprox=0
20:24:54.988 INF [REQ] ClientRequest received -> bucket bucketID=1 clientID=0 clientSn=2314
20:24:54.988 DBG [REQ] Bucket size after enqueue bucketID=1 bucketLenApprox=0
20:24:55.003 INF [REQ] ClientRequest received -> bucket bucketID=26 clientID=0 clientSn=2318
20:24:55.004 DBG [REQ] Bucket size after enqueue bucketID=26 bucketLenApprox=1
20:24:55.019 INF [REQ] ClientRequest received -> bucket bucketID=9 clientID=0 clientSn=2322
20:24:55.019 DBG [REQ] Bucket size after enqueue bucketID=9 bucketLenApprox=0
20:24:55.035 INF [REQ] ClientRequest received -> bucket bucketID=37 clientID=0 clientSn=2326
20:24:55.035 DBG [REQ] Bucket size after enqueue bucketID=37 bucketLenApprox=0
20:24:55.050 INF [REQ] ClientRequest received -> bucket bucketID=25 clientID=0 clientSn=2330
20:24:55.051 DBG [REQ] Bucket size after enqueue bucketID=25 bucketLenApprox=0
20:24:55.066 INF [REQ] ClientRequest received -> bucket bucketID=5 clientID=0 clientSn=2334
20:24:55.066 DBG [REQ] Bucket size after enqueue bucketID=5 bucketLenApprox=0
20:24:55.081 INF [REQ] ClientRequest received -> bucket bucketID=61 clientID=0 clientSn=2338
20:24:55.081 DBG [REQ] Bucket size after enqueue bucketID=61 bucketLenApprox=0
20:24:55.097 INF [REQ] ClientRequest received -> bucket bucketID=4 clientID=0 clientSn=2342
20:24:55.098 DBG [REQ] Bucket size after enqueue bucketID=4 bucketLenApprox=0
20:24:55.112 INF [REQ] ClientRequest received -> bucket bucketID=58 clientID=0 clientSn=2346
20:24:55.113 DBG [REQ] Bucket size after enqueue bucketID=58 bucketLenApprox=1
20:24:55.128 INF [REQ] ClientRequest received -> bucket bucketID=35 clientID=0 clientSn=2350
20:24:55.128 DBG [REQ] Bucket size after enqueue bucketID=35 bucketLenApprox=0
20:24:55.144 INF [REQ] ClientRequest received -> bucket bucketID=46 clientID=0 clientSn=2354
20:24:55.144 DBG [REQ] Bucket size after enqueue bucketID=46 bucketLenApprox=2
20:24:55.160 INF [REQ] ClientRequest received -> bucket bucketID=52 clientID=0 clientSn=2358
20:24:55.160 DBG [REQ] Bucket size after enqueue bucketID=52 bucketLenApprox=0
20:24:55.175 INF [REQ] ClientRequest received -> bucket bucketID=15 clientID=0 clientSn=2362
20:24:55.175 DBG [REQ] Bucket size after enqueue bucketID=15 bucketLenApprox=0
20:24:55.191 INF [REQ] ClientRequest received -> bucket bucketID=34 clientID=0 clientSn=2366
20:24:55.191 DBG [REQ] Bucket size after enqueue bucketID=34 bucketLenApprox=2
20:24:55.206 INF [REQ] ClientRequest received -> bucket bucketID=14 clientID=0 clientSn=2370
20:24:55.206 DBG [REQ] Bucket size after enqueue bucketID=14 bucketLenApprox=2
20:24:55.222 INF [REQ] ClientRequest received -> bucket bucketID=59 clientID=0 clientSn=2374
20:24:55.222 DBG [REQ] Bucket size after enqueue bucketID=59 bucketLenApprox=0
20:24:55.238 INF [REQ] ClientRequest received -> bucket bucketID=8 clientID=0 clientSn=2378
20:24:55.238 DBG [REQ] Bucket size after enqueue bucketID=8 bucketLenApprox=0
20:24:55.253 INF [REQ] ClientRequest received -> bucket bucketID=13 clientID=0 clientSn=2382
20:24:55.254 DBG [REQ] Bucket size after enqueue bucketID=13 bucketLenApprox=0
20:24:55.269 INF [REQ] ClientRequest received -> bucket bucketID=5 clientID=0 clientSn=2386
20:24:55.269 DBG [REQ] Bucket size after enqueue bucketID=5 bucketLenApprox=0
20:24:55.285 INF [REQ] ClientRequest received -> bucket bucketID=35 clientID=0 clientSn=2390
20:24:55.285 DBG [REQ] Bucket size after enqueue bucketID=35 bucketLenApprox=0
20:24:55.300 INF [REQ] ClientRequest received -> bucket bucketID=13 clientID=0 clientSn=2394
20:24:55.300 DBG [REQ] Bucket size after enqueue bucketID=13 bucketLenApprox=0
20:24:55.315 INF [REQ] ClientRequest received -> bucket bucketID=61 clientID=0 clientSn=2398
20:24:55.316 DBG [REQ] Bucket size after enqueue bucketID=61 bucketLenApprox=0
20:24:55.331 INF [REQ] ClientRequest received -> bucket bucketID=53 clientID=0 clientSn=2402
20:24:55.331 DBG [REQ] Bucket size after enqueue bucketID=53 bucketLenApprox=0
20:24:55.346 INF [REQ] ClientRequest received -> bucket bucketID=9 clientID=0 clientSn=2406
20:24:55.346 DBG [REQ] Bucket size after enqueue bucketID=9 bucketLenApprox=0
20:24:55.362 INF [REQ] ClientRequest received -> bucket bucketID=2 clientID=0 clientSn=2410
20:24:55.363 DBG [REQ] Bucket size after enqueue bucketID=2 bucketLenApprox=3
20:24:55.378 INF [REQ] ClientRequest received -> bucket bucketID=49 clientID=0 clientSn=2414
20:24:55.379 DBG [REQ] Bucket size after enqueue bucketID=49 bucketLenApprox=0
20:24:55.394 INF [REQ] ClientRequest received -> bucket bucketID=0 clientID=0 clientSn=2418
20:24:55.394 DBG [REQ] Bucket size after enqueue bucketID=0 bucketLenApprox=0
20:24:55.410 INF [REQ] ClientRequest received -> bucket bucketID=7 clientID=0 clientSn=2422
20:24:55.410 DBG [REQ] Bucket size after enqueue bucketID=7 bucketLenApprox=0
20:24:55.425 INF [REQ] ClientRequest received -> bucket bucketID=15 clientID=0 clientSn=2426
20:24:55.425 DBG [REQ] Bucket size after enqueue bucketID=15 bucketLenApprox=0
20:24:55.441 INF [REQ] ClientRequest received -> bucket bucketID=9 clientID=0 clientSn=2430
20:24:55.441 DBG [REQ] Bucket size after enqueue bucketID=9 bucketLenApprox=0
20:24:55.457 INF [REQ] ClientRequest received -> bucket bucketID=38 clientID=0 clientSn=2434
20:24:55.457 DBG [REQ] Bucket size after enqueue bucketID=38 bucketLenApprox=3
20:24:55.472 INF [REQ] ClientRequest received -> bucket bucketID=48 clientID=0 clientSn=2438
20:24:55.473 DBG [REQ] Bucket size after enqueue bucketID=48 bucketLenApprox=0
20:24:55.488 INF [REQ] ClientRequest received -> bucket bucketID=58 clientID=0 clientSn=2442
20:24:55.488 DBG [REQ] Bucket size after enqueue bucketID=58 bucketLenApprox=3
20:24:55.503 INF [REQ] ClientRequest received -> bucket bucketID=16 clientID=0 clientSn=2446
20:24:55.503 DBG [REQ] Bucket size after enqueue bucketID=16 bucketLenApprox=0
20:24:55.518 INF [REQ] ClientRequest received -> bucket bucketID=19 clientID=0 clientSn=2450
20:24:55.519 DBG [REQ] Bucket size after enqueue bucketID=19 bucketLenApprox=0
20:24:55.535 INF [REQ] ClientRequest received -> bucket bucketID=8 clientID=0 clientSn=2454
20:24:55.535 DBG [REQ] Bucket size after enqueue bucketID=8 bucketLenApprox=0
20:24:55.550 INF [REQ] ClientRequest received -> bucket bucketID=32 clientID=0 clientSn=2458
20:24:55.550 DBG [REQ] Bucket size after enqueue bucketID=32 bucketLenApprox=0
20:24:55.565 INF [REQ] ClientRequest received -> bucket bucketID=33 clientID=0 clientSn=2462
20:24:55.565 DBG [REQ] Bucket size after enqueue bucketID=33 bucketLenApprox=0
20:24:55.582 INF [REQ] ClientRequest received -> bucket bucketID=8 clientID=0 clientSn=2466
20:24:55.582 DBG [REQ] Bucket size after enqueue bucketID=8 bucketLenApprox=0
20:24:55.597 INF [REQ] ClientRequest received -> bucket bucketID=13 clientID=0 clientSn=2470
20:24:55.598 DBG [REQ] Bucket size after enqueue bucketID=13 bucketLenApprox=0
20:24:55.612 INF [REQ] ClientRequest received -> bucket bucketID=17 clientID=0 clientSn=2474
20:24:55.612 DBG [REQ] Bucket size after enqueue bucketID=17 bucketLenApprox=0
20:24:55.628 INF [REQ] ClientRequest received -> bucket bucketID=10 clientID=0 clientSn=2478
20:24:55.628 DBG [REQ] Bucket size after enqueue bucketID=10 bucketLenApprox=4
20:24:55.644 INF [REQ] ClientRequest received -> bucket bucketID=47 clientID=0 clientSn=2482
20:24:55.644 DBG [REQ] Bucket size after enqueue bucketID=47 bucketLenApprox=0
20:24:55.660 INF [REQ] ClientRequest received -> bucket bucketID=3 clientID=0 clientSn=2486
20:24:55.660 DBG [REQ] Bucket size after enqueue bucketID=3 bucketLenApprox=0
20:24:55.675 INF [REQ] ClientRequest received -> bucket bucketID=30 clientID=0 clientSn=2490
20:24:55.675 DBG [REQ] Bucket size after enqueue bucketID=30 bucketLenApprox=4
20:24:55.691 INF [REQ] ClientRequest received -> bucket bucketID=61 clientID=0 clientSn=2494
20:24:55.691 DBG [REQ] Bucket size after enqueue bucketID=61 bucketLenApprox=0
20:24:55.707 INF [REQ] ClientRequest received -> bucket bucketID=28 clientID=0 clientSn=2498
20:24:55.707 DBG [REQ] Bucket size after enqueue bucketID=28 bucketLenApprox=0
20:24:55.722 INF [REQ] ClientRequest received -> bucket bucketID=41 clientID=0 clientSn=2502
20:24:55.722 DBG [REQ] Bucket size after enqueue bucketID=41 bucketLenApprox=0
20:24:55.738 INF [REQ] ClientRequest received -> bucket bucketID=39 clientID=0 clientSn=2506
20:24:55.738 DBG [REQ] Bucket size after enqueue bucketID=39 bucketLenApprox=0
20:24:55.753 INF [REQ] ClientRequest received -> bucket bucketID=62 clientID=0 clientSn=2510
20:24:55.753 DBG [REQ] Bucket size after enqueue bucketID=62 bucketLenApprox=4
20:24:55.769 INF [REQ] ClientRequest received -> bucket bucketID=17 clientID=0 clientSn=2514
20:24:55.769 DBG [REQ] Bucket size after enqueue bucketID=17 bucketLenApprox=0
20:24:55.785 INF [REQ] ClientRequest received -> bucket bucketID=37 clientID=0 clientSn=2518
20:24:55.785 DBG [REQ] Bucket size after enqueue bucketID=37 bucketLenApprox=0
20:24:55.800 INF [REQ] ClientRequest received -> bucket bucketID=41 clientID=0 clientSn=2522
20:24:55.801 DBG [REQ] Bucket size after enqueue bucketID=41 bucketLenApprox=0
20:24:55.816 INF [REQ] ClientRequest received -> bucket bucketID=39 clientID=0 clientSn=2526
20:24:55.816 DBG [REQ] Bucket size after enqueue bucketID=39 bucketLenApprox=0
20:24:55.832 INF [REQ] ClientRequest received -> bucket bucketID=3 clientID=0 clientSn=2530
20:24:55.832 DBG [REQ] Bucket size after enqueue bucketID=3 bucketLenApprox=0
20:24:55.847 INF [REQ] ClientRequest received -> bucket bucketID=39 clientID=0 clientSn=2534
20:24:55.847 DBG [REQ] Bucket size after enqueue bucketID=39 bucketLenApprox=0
20:24:55.863 INF [REQ] ClientRequest received -> bucket bucketID=30 clientID=0 clientSn=2538
20:24:55.863 DBG [REQ] Bucket size after enqueue bucketID=30 bucketLenApprox=5
20:24:55.879 INF [REQ] ClientRequest received -> bucket bucketID=35 clientID=0 clientSn=2542
20:24:55.879 DBG [REQ] Bucket size after enqueue bucketID=35 bucketLenApprox=0
20:24:55.895 INF [REQ] ClientRequest received -> bucket bucketID=53 clientID=0 clientSn=2546
20:24:55.895 DBG [REQ] Bucket size after enqueue bucketID=53 bucketLenApprox=0
20:24:55.909 INF [REQ] ClientRequest received -> bucket bucketID=6 clientID=0 clientSn=2550
20:24:55.909 DBG [REQ] Bucket size after enqueue bucketID=6 bucketLenApprox=5
20:24:55.925 INF [REQ] ClientRequest received -> bucket bucketID=53 clientID=0 clientSn=2554
20:24:55.926 DBG [REQ] Bucket size after enqueue bucketID=53 bucketLenApprox=0
20:24:55.941 INF [REQ] ClientRequest received -> bucket bucketID=40 clientID=0 clientSn=2558
20:24:55.941 DBG [REQ] Bucket size after enqueue bucketID=40 bucketLenApprox=0
20:24:55.956 INF [REQ] ClientRequest received -> bucket bucketID=15 clientID=0 clientSn=2562
20:24:55.956 DBG [REQ] Bucket size after enqueue bucketID=15 bucketLenApprox=0
20:24:55.972 INF [REQ] ClientRequest received -> bucket bucketID=3 clientID=0 clientSn=2566
20:24:55.972 DBG [REQ] Bucket size after enqueue bucketID=3 bucketLenApprox=0
20:24:55.988 INF [REQ] ClientRequest received -> bucket bucketID=6 clientID=0 clientSn=2570
20:24:55.988 DBG [REQ] Bucket size after enqueue bucketID=6 bucketLenApprox=6
20:24:56.003 INF [REQ] ClientRequest received -> bucket bucketID=20 clientID=0 clientSn=2574
20:24:56.003 DBG [REQ] Bucket size after enqueue bucketID=20 bucketLenApprox=0
20:24:56.019 INF [REQ] ClientRequest received -> bucket bucketID=42 clientID=0 clientSn=2578
20:24:56.019 DBG [REQ] Bucket size after enqueue bucketID=42 bucketLenApprox=5
20:24:56.034 INF [REQ] ClientRequest received -> bucket bucketID=55 clientID=0 clientSn=2582
20:24:56.034 DBG [REQ] Bucket size after enqueue bucketID=55 bucketLenApprox=0
20:24:56.050 INF [REQ] ClientRequest received -> bucket bucketID=27 clientID=0 clientSn=2586
20:24:56.050 DBG [REQ] Bucket size after enqueue bucketID=27 bucketLenApprox=0
20:24:56.066 INF [REQ] ClientRequest received -> bucket bucketID=5 clientID=0 clientSn=2590
20:24:56.066 DBG [REQ] Bucket size after enqueue bucketID=5 bucketLenApprox=0
20:24:56.081 INF [REQ] ClientRequest received -> bucket bucketID=62 clientID=0 clientSn=2594
20:24:56.082 DBG [REQ] Bucket size after enqueue bucketID=62 bucketLenApprox=5
20:24:56.097 INF [REQ] ClientRequest received -> bucket bucketID=54 clientID=0 clientSn=2598
20:24:56.097 DBG [REQ] Bucket size after enqueue bucketID=54 bucketLenApprox=5
20:24:56.113 INF [REQ] ClientRequest received -> bucket bucketID=10 clientID=0 clientSn=2602
20:24:56.114 DBG [REQ] Bucket size after enqueue bucketID=10 bucketLenApprox=6
20:24:56.129 INF [REQ] ClientRequest received -> bucket bucketID=40 clientID=0 clientSn=2606
20:24:56.129 DBG [REQ] Bucket size after enqueue bucketID=40 bucketLenApprox=0
20:24:56.144 INF [REQ] ClientRequest received -> bucket bucketID=15 clientID=0 clientSn=2610
20:24:56.144 DBG [REQ] Bucket size after enqueue bucketID=15 bucketLenApprox=0
20:24:56.159 INF [REQ] ClientRequest received -> bucket bucketID=9 clientID=0 clientSn=2614
20:24:56.160 DBG [REQ] Bucket size after enqueue bucketID=9 bucketLenApprox=0
20:24:56.176 INF [REQ] ClientRequest received -> bucket bucketID=17 clientID=0 clientSn=2618
20:24:56.177 DBG [REQ] Bucket size after enqueue bucketID=17 bucketLenApprox=0
20:24:56.191 INF [REQ] ClientRequest received -> bucket bucketID=4 clientID=0 clientSn=2622
20:24:56.191 DBG [REQ] Bucket size after enqueue bucketID=4 bucketLenApprox=0
20:24:56.206 INF [REQ] ClientRequest received -> bucket bucketID=55 clientID=0 clientSn=2626
20:24:56.206 DBG [REQ] Bucket size after enqueue bucketID=55 bucketLenApprox=0
20:24:56.222 INF [REQ] ClientRequest received -> bucket bucketID=41 clientID=0 clientSn=2630
20:24:56.222 DBG [REQ] Bucket size after enqueue bucketID=41 bucketLenApprox=0
20:24:56.238 INF [REQ] ClientRequest received -> bucket bucketID=32 clientID=0 clientSn=2634
20:24:56.238 DBG [REQ] Bucket size after enqueue bucketID=32 bucketLenApprox=0
20:24:56.254 INF [REQ] ClientRequest received -> bucket bucketID=11 clientID=0 clientSn=2638
20:24:56.254 DBG [REQ] Bucket size after enqueue bucketID=11 bucketLenApprox=0
20:24:56.269 INF [REQ] ClientRequest received -> bucket bucketID=52 clientID=0 clientSn=2642
20:24:56.269 DBG [REQ] Bucket size after enqueue bucketID=52 bucketLenApprox=0
20:24:56.285 INF [REQ] ClientRequest received -> bucket bucketID=8 clientID=0 clientSn=2646
20:24:56.285 DBG [REQ] Bucket size after enqueue bucketID=8 bucketLenApprox=0
20:24:56.300 INF [REQ] ClientRequest received -> bucket bucketID=35 clientID=0 clientSn=2650
20:24:56.300 DBG [REQ] Bucket size after enqueue bucketID=35 bucketLenApprox=0
20:24:56.316 INF [REQ] ClientRequest received -> bucket bucketID=15 clientID=0 clientSn=2654
20:24:56.316 DBG [REQ] Bucket size after enqueue bucketID=15 bucketLenApprox=0
20:24:56.331 INF [REQ] ClientRequest received -> bucket bucketID=60 clientID=0 clientSn=2658
20:24:56.331 DBG [REQ] Bucket size after enqueue bucketID=60 bucketLenApprox=0
20:24:56.347 INF [REQ] ClientRequest received -> bucket bucketID=19 clientID=0 clientSn=2662
20:24:56.347 DBG [REQ] Bucket size after enqueue bucketID=19 bucketLenApprox=0
20:24:56.363 INF [REQ] ClientRequest received -> bucket bucketID=37 clientID=0 clientSn=2666
20:24:56.363 DBG [REQ] Bucket size after enqueue bucketID=37 bucketLenApprox=0
20:24:56.379 INF [REQ] ClientRequest received -> bucket bucketID=44 clientID=0 clientSn=2670
20:24:56.379 DBG [REQ] Bucket size after enqueue bucketID=44 bucketLenApprox=0
20:24:56.393 INF [REQ] ClientRequest received -> bucket bucketID=11 clientID=0 clientSn=2674
20:24:56.393 DBG [REQ] Bucket size after enqueue bucketID=11 bucketLenApprox=0
20:24:56.410 INF [REQ] ClientRequest received -> bucket bucketID=61 clientID=0 clientSn=2678
20:24:56.410 DBG [REQ] Bucket size after enqueue bucketID=61 bucketLenApprox=0
20:24:56.425 INF [REQ] ClientRequest received -> bucket bucketID=32 clientID=0 clientSn=2682
20:24:56.425 DBG [REQ] Bucket size after enqueue bucketID=32 bucketLenApprox=0
20:24:56.441 INF [REQ] ClientRequest received -> bucket bucketID=0 clientID=0 clientSn=2686
20:24:56.441 DBG [REQ] Bucket size after enqueue bucketID=0 bucketLenApprox=0
20:24:56.457 INF [REQ] ClientRequest received -> bucket bucketID=3 clientID=0 clientSn=2690
20:24:56.457 DBG [REQ] Bucket size after enqueue bucketID=3 bucketLenApprox=0
20:24:56.472 INF [REQ] ClientRequest received -> bucket bucketID=49 clientID=0 clientSn=2694
20:24:56.472 DBG [REQ] Bucket size after enqueue bucketID=49 bucketLenApprox=0
20:24:56.487 INF [REQ] ClientRequest received -> bucket bucketID=63 clientID=0 clientSn=2698
20:24:56.487 DBG [REQ] Bucket size after enqueue bucketID=63 bucketLenApprox=0
20:24:56.503 INF [REQ] ClientRequest received -> bucket bucketID=59 clientID=0 clientSn=2702
20:24:56.503 DBG [REQ] Bucket size after enqueue bucketID=59 bucketLenApprox=0
20:24:56.519 INF [REQ] ClientRequest received -> bucket bucketID=52 clientID=0 clientSn=2706
20:24:56.519 DBG [REQ] Bucket size after enqueue bucketID=52 bucketLenApprox=0
20:24:56.535 INF [REQ] ClientRequest received -> bucket bucketID=54 clientID=0 clientSn=2710
20:24:56.535 DBG [REQ] Bucket size after enqueue bucketID=54 bucketLenApprox=7
20:24:56.551 INF [REQ] ClientRequest received -> bucket bucketID=51 clientID=0 clientSn=2714
20:24:56.551 DBG [REQ] Bucket size after enqueue bucketID=51 bucketLenApprox=0
20:24:56.566 INF [REQ] ClientRequest received -> bucket bucketID=42 clientID=0 clientSn=2718
20:24:56.566 DBG [REQ] Bucket size after enqueue bucketID=42 bucketLenApprox=7
20:24:56.581 INF [REQ] ClientRequest received -> bucket bucketID=32 clientID=0 clientSn=2722
20:24:56.581 DBG [REQ] Bucket size after enqueue bucketID=32 bucketLenApprox=0
20:24:56.598 INF [REQ] ClientRequest received -> bucket bucketID=26 clientID=0 clientSn=2726
20:24:56.598 DBG [REQ] Bucket size after enqueue bucketID=26 bucketLenApprox=8
20:24:56.612 INF [REQ] ClientRequest received -> bucket bucketID=31 clientID=0 clientSn=2730
20:24:56.613 DBG [REQ] Bucket size after enqueue bucketID=31 bucketLenApprox=0
20:24:56.628 INF [REQ] ClientRequest received -> bucket bucketID=52 clientID=0 clientSn=2734
20:24:56.629 DBG [REQ] Bucket size after enqueue bucketID=52 bucketLenApprox=0
20:24:56.644 INF [REQ] ClientRequest received -> bucket bucketID=40 clientID=0 clientSn=2738
20:24:56.644 DBG [REQ] Bucket size after enqueue bucketID=40 bucketLenApprox=0
20:24:56.660 INF [REQ] ClientRequest received -> bucket bucketID=27 clientID=0 clientSn=2742
20:24:56.660 DBG [REQ] Bucket size after enqueue bucketID=27 bucketLenApprox=0
20:24:56.675 INF [REQ] ClientRequest received -> bucket bucketID=58 clientID=0 clientSn=2746
20:24:56.676 DBG [REQ] Bucket size after enqueue bucketID=58 bucketLenApprox=7
20:24:56.690 INF [REQ] ClientRequest received -> bucket bucketID=44 clientID=0 clientSn=2750
20:24:56.690 DBG [REQ] Bucket size after enqueue bucketID=44 bucketLenApprox=0
20:24:56.705 DBG Batch cut. left=0 nBuckets=16 nReq=128 next=0
PROPOSE sn=22 size=128
[MPX][NET] SEND Accept sn=22 bytes=74753 gid=22 digest=dc8b912caf805218
[MC][SEND] kind=Accept sn=22 gid=23 (group)
[MPX] PROPOSE sn=22 size=128
[MPX][NET] SEND Prepare sn=23
[MC][SEND] kind=Prepare sn=23 gid=0 dst=ALL
[MPX][IN ] PROMISE sn=22 from=1 members=[0 1 2 3]
[MPX][IN ] PROMISE sn=22 from=0 members=[0 1 2 3]
[MPX][IN ] PROMISE sn=22 from=3 members=[0 1 2 3]
[MPX][IN ] PREPARE sn=22 from=3
20:24:56.706 DBG Batch cut. left=0 nBuckets=16 nReq=0 next=0
[MPX][NET] SEND Prepare sn=24
[MC][SEND] kind=Prepare sn=24 gid=0 dst=ALL
20:24:56.707 DBG Batch cut. left=0 nBuckets=16 nReq=0 next=0
[MPX][NET] SEND Prepare sn=25
[MC][SEND] kind=Prepare sn=25 gid=0 dst=ALL
20:24:56.707 INF [REQ] ClientRequest received -> bucket bucketID=27 clientID=0 clientSn=2754
20:24:56.707 DBG Batch cut. left=0 nBuckets=16 nReq=0 next=0
20:24:56.707 DBG [REQ] Bucket size after enqueue bucketID=27 bucketLenApprox=0
[MPX][NET] SEND Prepare sn=26
[MC][SEND] kind=Prepare sn=26 gid=0 dst=ALL
20:24:56.707 WRN MPX handles message from self. sn=23
20:24:56.708 WRN MPX handles message from self. sn=24
[MPX][IN ] PREPARE sn=23 from=2
20:24:56.708 WRN MPX handles message from self. sn=25
[MPX][IN ] PREPARE sn=24 from=2
[MPX][IN ] PREPARE sn=25 from=2
20:24:56.709 WRN MPX handles message from self. sn=26
[MPX][IN ] PREPARE sn=26 from=2
[MC][GROUP] sn=26 gid=27 members=[0 1 3]
[MPX][IN ] ACCEPTED sn=22 from=3
[MPX][IN ] PROMISE sn=24 from=3 members=[0 1 2 3]
[MPX][IN ] PROMISE sn=25 from=3 members=[0 1 2 3]
[MPX][QUORUM] ACCEPTED sn=22 count=2/3 digest=dc8b912caf805218
[MPX][IN ] ACCEPTED sn=22 from=1
[MPX][QUORUM] ACCEPTED sn=22 count=3/3 digest=dc8b912caf805218
[MPX][IN ] PROMISE sn=25 from=1 members=[0 1 2 3]
[MPX][QUORUM] MAJORITY REACHED sn=22 → COMMIT digest=dc8b912caf805218
[MPX][NET] SEND Commit sn=22 gid=22 digest=dc8b912caf805218
[MPX][IN ] PROMISE sn=24 from=1 members=[0 1 2 3]
[MC][SEND] kind=Commit sn=22 gid=23 (group)
[MPX][NET] GOSSIP Commit sn=22 gid=22 digest=dc8b912caf805218
[MC][SEND] kind=Commit sn=22 gid=23 (group)
[MPX][CHK] ANNOUNCE sn=22 reqs=128
20:24:56.713 INF Committed entry. latency=0 nReq=128 sn=22
SB-DELIVER sn=22 size=128
COMMIT sn=22 size=128
DELIVER sn=22 delivered=128
[MPX] COMMIT  sn=22 size=128
[MPX][IN ] ACCEPTED sn=22 from=0
[MPX][QUORUM] ACCEPTED sn=22 count=4/3 digest=dc8b912caf805218
[MPX][IN ] PREPARE sn=21 from=0
20:24:56.724 INF [REQ] ClientRequest received -> bucket bucketID=41 clientID=0 clientSn=2758
20:24:56.725 DBG [REQ] Bucket size after enqueue bucketID=41 bucketLenApprox=0
[MPX][IN ] PREPARE sn=24 from=0
[MPX][IN ] PREPARE sn=23 from=0
[MPX][IN ] PREPARE sn=22 from=0
[MPX][IN ] ACCEPTED sn=22 from=1
[MPX][IN ] ACCEPTED sn=22 from=3
[MPX][IN ] ACCEPTED sn=22 from=0
20:24:56.739 INF [REQ] ClientRequest received -> bucket bucketID=63 clientID=0 clientSn=2762
20:24:56.739 DBG [REQ] Bucket size after enqueue bucketID=63 bucketLenApprox=0
[MPX][IN ] PREPARE sn=27 from=3
[MPX][NET] SEND Promise sn=27 members=[0 1 2 3]
[MPX][IN ] ACCEPT sn=23 from=3 gid=23
[MPX][QUORUM] ACCEPT sn=23 acceptCount=1 quorum=3 digest=f4b533ab211bd0a2
[MPX][NET] SEND Accepted sn=23 → leader=3 (unicast)
[MPX][IN ] PREPARE sn=24 from=3
[MPX][IN ] PREPARE sn=25 from=3
20:24:56.746 WRN MPX handles message from self. sn=27
[MPX][IN ] PROMISE sn=27 from=2 members=[0 1 2 3]
[MPX][IN ] PROMISE sn=27 from=1 members=[0 1 2 3]
20:24:56.754 INF [REQ] ClientRequest received -> bucket bucketID=26 clientID=0 clientSn=2766
20:24:56.755 DBG [REQ] Bucket size after enqueue bucketID=26 bucketLenApprox=0
[MPX][IN ] COMMIT sn=23 from=3 gid=23
[MPX][NET] GOSSIP Commit sn=23 gid=23 digest=f4b533ab211bd0a2
[MC][SEND] kind=Commit sn=23 gid=0 dst=ALL (fallback)
[MPX][CHK] ANNOUNCE sn=23 reqs=129
20:24:56.763 INF Committed entry. latency=0 nReq=129 sn=23
SB-DELIVER sn=23 size=129
COMMIT sn=23 size=129
DELIVER sn=23 delivered=129
[MPX] COMMIT  sn=23 size=129
[MPX][IN ] COMMIT sn=23 from=3 gid=23
[MPX][IN ] PREPARE sn=25 from=1
[MPX][IN ] PREPARE sn=23 from=1
[MPX][IN ] PREPARE sn=24 from=1
[MPX][IN ] ACCEPT sn=23 from=1 gid=23
[MPX][IN ] PREPARE sn=22 from=1
[MPX][QUORUM] ACCEPT sn=23 acceptCount=1 quorum=3 digest=f4b533ab211bd0a2
[MPX][NET] SEND Accepted sn=23 → leader=1 (unicast)
20:24:56.772 WRN MPX handles message from self. sn=23
[MPX][IN ] COMMIT sn=23 from=2 gid=23
20:24:56.772 INF [REQ] ClientRequest received -> bucket bucketID=28 clientID=0 clientSn=2770
20:24:56.773 DBG [REQ] Bucket size after enqueue bucketID=28 bucketLenApprox=0
[MPX][IN ] COMMIT sn=23 from=1 gid=23
[MPX][IN ] COMMIT sn=23 from=0 gid=23
20:24:56.784 INF [REQ] ClientRequest received -> bucket bucketID=52 clientID=0 clientSn=2774
20:24:56.784 DBG [REQ] Bucket size after enqueue bucketID=52 bucketLenApprox=0
20:24:56.800 INF [REQ] ClientRequest received -> bucket bucketID=55 clientID=0 clientSn=2778
20:24:56.801 DBG [REQ] Bucket size after enqueue bucketID=55 bucketLenApprox=0
20:24:56.817 INF [REQ] ClientRequest received -> bucket bucketID=11 clientID=0 clientSn=2782
20:24:56.817 DBG [REQ] Bucket size after enqueue bucketID=11 bucketLenApprox=0
20:24:56.831 INF [REQ] ClientRequest received -> bucket bucketID=56 clientID=0 clientSn=2786
20:24:56.831 DBG [REQ] Bucket size after enqueue bucketID=56 bucketLenApprox=0
20:24:56.847 INF [REQ] ClientRequest received -> bucket bucketID=20 clientID=0 clientSn=2790
20:24:56.847 DBG [REQ] Bucket size after enqueue bucketID=20 bucketLenApprox=0
20:24:56.862 INF [REQ] ClientRequest received -> bucket bucketID=51 clientID=0 clientSn=2794
20:24:56.862 DBG [REQ] Bucket size after enqueue bucketID=51 bucketLenApprox=0
20:24:56.878 INF [REQ] ClientRequest received -> bucket bucketID=41 clientID=0 clientSn=2798
20:24:56.879 DBG [REQ] Bucket size after enqueue bucketID=41 bucketLenApprox=0
20:24:56.893 INF [REQ] ClientRequest received -> bucket bucketID=42 clientID=0 clientSn=2802
20:24:56.894 DBG [REQ] Bucket size after enqueue bucketID=42 bucketLenApprox=1
20:24:56.931 INF [REQ] ClientRequest received -> bucket bucketID=31 clientID=0 clientSn=2806
20:24:56.931 DBG [REQ] Bucket size after enqueue bucketID=31 bucketLenApprox=0
20:24:56.933 INF [REQ] ClientRequest received -> bucket bucketID=3 clientID=0 clientSn=2810
20:24:56.933 DBG [REQ] Bucket size after enqueue bucketID=3 bucketLenApprox=0
20:24:56.940 INF [REQ] ClientRequest received -> bucket bucketID=61 clientID=0 clientSn=2814
20:24:56.941 DBG [REQ] Bucket size after enqueue bucketID=61 bucketLenApprox=0
20:24:56.956 INF [REQ] ClientRequest received -> bucket bucketID=59 clientID=0 clientSn=2818
20:24:56.956 DBG [REQ] Bucket size after enqueue bucketID=59 bucketLenApprox=0
20:24:56.972 INF [REQ] ClientRequest received -> bucket bucketID=17 clientID=0 clientSn=2822
20:24:56.972 DBG [REQ] Bucket size after enqueue bucketID=17 bucketLenApprox=0
[MPX][IN ] ACCEPT sn=22 from=0 gid=22
[MPX][QUORUM] ACCEPT sn=22 acceptCount=4 quorum=3 digest=dc8b912caf805218
[MPX][NET] SKIP Accepted sn=22 (leader=self)
[MPX][IN ] ACCEPTED sn=22 from=3
[MPX][IN ] ACCEPTED sn=22 from=1
[MPX][IN ] ACCEPTED sn=22 from=0
20:24:56.988 INF [REQ] ClientRequest received -> bucket bucketID=55 clientID=0 clientSn=2826
20:24:56.988 DBG [REQ] Bucket size after enqueue bucketID=55 bucketLenApprox=0
20:24:57.003 INF [REQ] ClientRequest received -> bucket bucketID=9 clientID=0 clientSn=2830
20:24:57.004 DBG [REQ] Bucket size after enqueue bucketID=9 bucketLenApprox=0
20:24:57.018 INF [REQ] ClientRequest received -> bucket bucketID=28 clientID=0 clientSn=2834
20:24:57.018 DBG [REQ] Bucket size after enqueue bucketID=28 bucketLenApprox=0
20:24:57.034 INF [REQ] ClientRequest received -> bucket bucketID=63 clientID=0 clientSn=2838
20:24:57.035 DBG [REQ] Bucket size after enqueue bucketID=63 bucketLenApprox=0
20:24:57.050 INF [REQ] ClientRequest received -> bucket bucketID=29 clientID=0 clientSn=2842
20:24:57.050 DBG [REQ] Bucket size after enqueue bucketID=29 bucketLenApprox=0
20:24:57.066 INF [REQ] ClientRequest received -> bucket bucketID=28 clientID=0 clientSn=2846
20:24:57.066 DBG [REQ] Bucket size after enqueue bucketID=28 bucketLenApprox=0
20:24:57.082 INF [REQ] ClientRequest received -> bucket bucketID=9 clientID=0 clientSn=2850
20:24:57.082 DBG [REQ] Bucket size after enqueue bucketID=9 bucketLenApprox=0
20:24:57.097 INF [REQ] ClientRequest received -> bucket bucketID=56 clientID=0 clientSn=2854
20:24:57.097 DBG [REQ] Bucket size after enqueue bucketID=56 bucketLenApprox=0
20:24:57.113 INF [REQ] ClientRequest received -> bucket bucketID=38 clientID=0 clientSn=2858
20:24:57.113 DBG [REQ] Bucket size after enqueue bucketID=38 bucketLenApprox=2
20:24:57.129 INF [REQ] ClientRequest received -> bucket bucketID=53 clientID=0 clientSn=2862
20:24:57.130 DBG [REQ] Bucket size after enqueue bucketID=53 bucketLenApprox=0
20:24:57.145 INF [REQ] ClientRequest received -> bucket bucketID=19 clientID=0 clientSn=2866
20:24:57.145 DBG [REQ] Bucket size after enqueue bucketID=19 bucketLenApprox=0
20:24:57.160 INF [REQ] ClientRequest received -> bucket bucketID=40 clientID=0 clientSn=2870
20:24:57.160 DBG [REQ] Bucket size after enqueue bucketID=40 bucketLenApprox=0
20:24:57.175 INF [REQ] ClientRequest received -> bucket bucketID=32 clientID=0 clientSn=2874
20:24:57.176 DBG [REQ] Bucket size after enqueue bucketID=32 bucketLenApprox=0
20:24:57.190 INF [REQ] ClientRequest received -> bucket bucketID=22 clientID=0 clientSn=2878
20:24:57.191 DBG [REQ] Bucket size after enqueue bucketID=22 bucketLenApprox=2
20:24:57.206 INF [REQ] ClientRequest received -> bucket bucketID=63 clientID=0 clientSn=2882
20:24:57.207 DBG [REQ] Bucket size after enqueue bucketID=63 bucketLenApprox=0
20:24:57.222 INF [REQ] ClientRequest received -> bucket bucketID=16 clientID=0 clientSn=2886
20:24:57.222 DBG [REQ] Bucket size after enqueue bucketID=16 bucketLenApprox=0
20:24:57.237 INF [REQ] ClientRequest received -> bucket bucketID=34 clientID=0 clientSn=2890
20:24:57.238 DBG [REQ] Bucket size after enqueue bucketID=34 bucketLenApprox=2
20:24:57.253 INF [REQ] ClientRequest received -> bucket bucketID=51 clientID=0 clientSn=2894
20:24:57.253 DBG [REQ] Bucket size after enqueue bucketID=51 bucketLenApprox=0
20:24:57.269 INF [REQ] ClientRequest received -> bucket bucketID=20 clientID=0 clientSn=2898
20:24:57.269 DBG [REQ] Bucket size after enqueue bucketID=20 bucketLenApprox=0
20:24:57.285 INF [REQ] ClientRequest received -> bucket bucketID=23 clientID=0 clientSn=2902
20:24:57.285 DBG [REQ] Bucket size after enqueue bucketID=23 bucketLenApprox=0
20:24:57.301 INF [REQ] ClientRequest received -> bucket bucketID=24 clientID=0 clientSn=2906
20:24:57.301 DBG [REQ] Bucket size after enqueue bucketID=24 bucketLenApprox=0
20:24:57.316 INF [REQ] ClientRequest received -> bucket bucketID=17 clientID=0 clientSn=2910
20:24:57.316 DBG [REQ] Bucket size after enqueue bucketID=17 bucketLenApprox=0
20:24:57.332 INF [REQ] ClientRequest received -> bucket bucketID=44 clientID=0 clientSn=2914
20:24:57.332 DBG [REQ] Bucket size after enqueue bucketID=44 bucketLenApprox=0
20:24:57.348 INF [REQ] ClientRequest received -> bucket bucketID=11 clientID=0 clientSn=2918
20:24:57.348 DBG [REQ] Bucket size after enqueue bucketID=11 bucketLenApprox=0
20:24:57.363 INF [REQ] ClientRequest received -> bucket bucketID=42 clientID=0 clientSn=2922
20:24:57.363 DBG [REQ] Bucket size after enqueue bucketID=42 bucketLenApprox=2
20:24:57.378 INF [REQ] ClientRequest received -> bucket bucketID=1 clientID=0 clientSn=2926
20:24:57.378 DBG [REQ] Bucket size after enqueue bucketID=1 bucketLenApprox=0
20:24:57.394 INF [REQ] ClientRequest received -> bucket bucketID=34 clientID=0 clientSn=2930
20:24:57.394 DBG [REQ] Bucket size after enqueue bucketID=34 bucketLenApprox=3
20:24:57.410 INF [REQ] ClientRequest received -> bucket bucketID=22 clientID=0 clientSn=2934
20:24:57.411 DBG [REQ] Bucket size after enqueue bucketID=22 bucketLenApprox=3
20:24:57.425 INF [REQ] ClientRequest received -> bucket bucketID=51 clientID=0 clientSn=2938
20:24:57.425 DBG [REQ] Bucket size after enqueue bucketID=51 bucketLenApprox=0
20:24:57.440 INF [REQ] ClientRequest received -> bucket bucketID=54 clientID=0 clientSn=2942
20:24:57.441 DBG [REQ] Bucket size after enqueue bucketID=54 bucketLenApprox=3
20:24:57.456 INF [REQ] ClientRequest received -> bucket bucketID=0 clientID=0 clientSn=2946
20:24:57.456 DBG [REQ] Bucket size after enqueue bucketID=0 bucketLenApprox=0
20:24:57.471 INF [REQ] ClientRequest received -> bucket bucketID=10 clientID=0 clientSn=2950
20:24:57.471 DBG [REQ] Bucket size after enqueue bucketID=10 bucketLenApprox=3
20:24:57.488 INF [REQ] ClientRequest received -> bucket bucketID=8 clientID=0 clientSn=2954
20:24:57.488 DBG [REQ] Bucket size after enqueue bucketID=8 bucketLenApprox=0
20:24:57.503 INF [REQ] ClientRequest received -> bucket bucketID=13 clientID=0 clientSn=2958
20:24:57.504 DBG [REQ] Bucket size after enqueue bucketID=13 bucketLenApprox=0
20:24:57.519 INF [REQ] ClientRequest received -> bucket bucketID=40 clientID=0 clientSn=2962
20:24:57.519 DBG [REQ] Bucket size after enqueue bucketID=40 bucketLenApprox=0
20:24:57.534 INF [REQ] ClientRequest received -> bucket bucketID=38 clientID=0 clientSn=2966
20:24:57.534 DBG [REQ] Bucket size after enqueue bucketID=38 bucketLenApprox=3
20:24:57.550 INF [REQ] ClientRequest received -> bucket bucketID=22 clientID=0 clientSn=2970
20:24:57.551 DBG [REQ] Bucket size after enqueue bucketID=22 bucketLenApprox=4
20:24:57.565 INF [REQ] ClientRequest received -> bucket bucketID=25 clientID=0 clientSn=2974
20:24:57.566 DBG [REQ] Bucket size after enqueue bucketID=25 bucketLenApprox=0
20:24:57.581 INF [REQ] ClientRequest received -> bucket bucketID=56 clientID=0 clientSn=2978
20:24:57.581 DBG [REQ] Bucket size after enqueue bucketID=56 bucketLenApprox=0
20:24:57.597 INF [REQ] ClientRequest received -> bucket bucketID=20 clientID=0 clientSn=2982
20:24:57.597 DBG [REQ] Bucket size after enqueue bucketID=20 bucketLenApprox=0
20:24:57.612 INF [REQ] ClientRequest received -> bucket bucketID=52 clientID=0 clientSn=2986
20:24:57.613 DBG [REQ] Bucket size after enqueue bucketID=52 bucketLenApprox=0
20:24:57.628 INF [REQ] ClientRequest received -> bucket bucketID=7 clientID=0 clientSn=2990
20:24:57.628 DBG [REQ] Bucket size after enqueue bucketID=7 bucketLenApprox=0
20:24:57.644 INF [REQ] ClientRequest received -> bucket bucketID=42 clientID=0 clientSn=2994
20:24:57.645 DBG [REQ] Bucket size after enqueue bucketID=42 bucketLenApprox=4
20:24:57.659 INF [REQ] ClientRequest received -> bucket bucketID=39 clientID=0 clientSn=2998
20:24:57.659 DBG [REQ] Bucket size after enqueue bucketID=39 bucketLenApprox=0
20:24:57.675 INF [REQ] ClientRequest received -> bucket bucketID=54 clientID=0 clientSn=3002
20:24:57.675 DBG [REQ] Bucket size after enqueue bucketID=54 bucketLenApprox=4
20:24:57.691 INF [REQ] ClientRequest received -> bucket bucketID=22 clientID=0 clientSn=3006
20:24:57.691 DBG [REQ] Bucket size after enqueue bucketID=22 bucketLenApprox=4
20:24:57.707 INF [REQ] ClientRequest received -> bucket bucketID=2 clientID=0 clientSn=3010
20:24:57.707 DBG [REQ] Bucket size after enqueue bucketID=2 bucketLenApprox=4
20:24:57.722 INF [REQ] ClientRequest received -> bucket bucketID=45 clientID=0 clientSn=3014
20:24:57.723 DBG [REQ] Bucket size after enqueue bucketID=45 bucketLenApprox=0
20:24:57.738 INF [REQ] ClientRequest received -> bucket bucketID=23 clientID=0 clientSn=3018
20:24:57.738 DBG [REQ] Bucket size after enqueue bucketID=23 bucketLenApprox=0
20:24:57.753 INF [REQ] ClientRequest received -> bucket bucketID=0 clientID=0 clientSn=3022
20:24:57.753 DBG [REQ] Bucket size after enqueue bucketID=0 bucketLenApprox=0
20:24:57.768 INF [REQ] ClientRequest received -> bucket bucketID=18 clientID=0 clientSn=3026
20:24:57.769 DBG [REQ] Bucket size after enqueue bucketID=18 bucketLenApprox=4
20:24:57.784 INF [REQ] ClientRequest received -> bucket bucketID=23 clientID=0 clientSn=3030
20:24:57.784 DBG [REQ] Bucket size after enqueue bucketID=23 bucketLenApprox=0
20:24:57.800 INF [REQ] ClientRequest received -> bucket bucketID=10 clientID=0 clientSn=3034
20:24:57.801 DBG [REQ] Bucket size after enqueue bucketID=10 bucketLenApprox=5
20:24:57.816 INF [REQ] ClientRequest received -> bucket bucketID=56 clientID=0 clientSn=3038
20:24:57.816 DBG [REQ] Bucket size after enqueue bucketID=56 bucketLenApprox=0
20:24:57.831 INF [REQ] ClientRequest received -> bucket bucketID=40 clientID=0 clientSn=3042
20:24:57.831 DBG [REQ] Bucket size after enqueue bucketID=40 bucketLenApprox=0
20:24:57.847 INF [REQ] ClientRequest received -> bucket bucketID=62 clientID=0 clientSn=3046
20:24:57.847 DBG [REQ] Bucket size after enqueue bucketID=62 bucketLenApprox=4
20:24:57.863 INF [REQ] ClientRequest received -> bucket bucketID=47 clientID=0 clientSn=3050
20:24:57.863 DBG [REQ] Bucket size after enqueue bucketID=47 bucketLenApprox=0
20:24:57.878 INF [REQ] ClientRequest received -> bucket bucketID=0 clientID=0 clientSn=3054
20:24:57.878 DBG [REQ] Bucket size after enqueue bucketID=0 bucketLenApprox=0
20:24:57.894 INF [REQ] ClientRequest received -> bucket bucketID=20 clientID=0 clientSn=3058
20:24:57.894 DBG [REQ] Bucket size after enqueue bucketID=20 bucketLenApprox=0
20:24:57.909 INF [REQ] ClientRequest received -> bucket bucketID=13 clientID=0 clientSn=3062
20:24:57.909 DBG [REQ] Bucket size after enqueue bucketID=13 bucketLenApprox=0
20:24:57.925 INF [REQ] ClientRequest received -> bucket bucketID=43 clientID=0 clientSn=3066
20:24:57.925 DBG [REQ] Bucket size after enqueue bucketID=43 bucketLenApprox=0
20:24:57.940 INF [REQ] ClientRequest received -> bucket bucketID=54 clientID=0 clientSn=3070
20:24:57.940 DBG [REQ] Bucket size after enqueue bucketID=54 bucketLenApprox=5
20:24:57.956 INF [REQ] ClientRequest received -> bucket bucketID=53 clientID=0 clientSn=3074
20:24:57.956 DBG [REQ] Bucket size after enqueue bucketID=53 bucketLenApprox=0
20:24:57.972 INF [REQ] ClientRequest received -> bucket bucketID=17 clientID=0 clientSn=3078
20:24:57.972 DBG [REQ] Bucket size after enqueue bucketID=17 bucketLenApprox=0
20:24:57.988 INF [REQ] ClientRequest received -> bucket bucketID=19 clientID=0 clientSn=3082
20:24:57.988 DBG [REQ] Bucket size after enqueue bucketID=19 bucketLenApprox=0
20:24:58.003 INF [REQ] ClientRequest received -> bucket bucketID=4 clientID=0 clientSn=3086
20:24:58.003 DBG [REQ] Bucket size after enqueue bucketID=4 bucketLenApprox=0
20:24:58.018 INF [REQ] ClientRequest received -> bucket bucketID=46 clientID=0 clientSn=3090
20:24:58.019 DBG [REQ] Bucket size after enqueue bucketID=46 bucketLenApprox=5
20:24:58.034 INF [REQ] ClientRequest received -> bucket bucketID=27 clientID=0 clientSn=3094
20:24:58.035 DBG [REQ] Bucket size after enqueue bucketID=27 bucketLenApprox=0
20:24:58.050 INF [REQ] ClientRequest received -> bucket bucketID=5 clientID=0 clientSn=3098
20:24:58.051 DBG [REQ] Bucket size after enqueue bucketID=5 bucketLenApprox=0
20:24:58.066 INF [REQ] ClientRequest received -> bucket bucketID=60 clientID=0 clientSn=3102
20:24:58.066 DBG [REQ] Bucket size after enqueue bucketID=60 bucketLenApprox=0
20:24:58.081 INF [REQ] ClientRequest received -> bucket bucketID=45 clientID=0 clientSn=3106
20:24:58.081 DBG [REQ] Bucket size after enqueue bucketID=45 bucketLenApprox=0
20:24:58.097 INF [REQ] ClientRequest received -> bucket bucketID=60 clientID=0 clientSn=3110
20:24:58.097 DBG [REQ] Bucket size after enqueue bucketID=60 bucketLenApprox=0
20:24:58.113 INF [REQ] ClientRequest received -> bucket bucketID=30 clientID=0 clientSn=3114
20:24:58.113 DBG [REQ] Bucket size after enqueue bucketID=30 bucketLenApprox=6
20:24:58.128 INF [REQ] ClientRequest received -> bucket bucketID=45 clientID=0 clientSn=3118
20:24:58.128 DBG [REQ] Bucket size after enqueue bucketID=45 bucketLenApprox=0
20:24:58.144 INF [REQ] ClientRequest received -> bucket bucketID=5 clientID=0 clientSn=3122
20:24:58.145 DBG [REQ] Bucket size after enqueue bucketID=5 bucketLenApprox=0
20:24:58.160 INF [REQ] ClientRequest received -> bucket bucketID=46 clientID=0 clientSn=3126
20:24:58.160 DBG [REQ] Bucket size after enqueue bucketID=46 bucketLenApprox=6
20:24:58.175 INF [REQ] ClientRequest received -> bucket bucketID=14 clientID=0 clientSn=3130
20:24:58.176 DBG [REQ] Bucket size after enqueue bucketID=14 bucketLenApprox=6
20:24:58.191 INF [REQ] ClientRequest received -> bucket bucketID=25 clientID=0 clientSn=3134
20:24:58.191 DBG [REQ] Bucket size after enqueue bucketID=25 bucketLenApprox=0
20:24:58.206 INF [REQ] ClientRequest received -> bucket bucketID=63 clientID=0 clientSn=3138
20:24:58.207 DBG [REQ] Bucket size after enqueue bucketID=63 bucketLenApprox=0
20:24:58.222 INF [REQ] ClientRequest received -> bucket bucketID=12 clientID=0 clientSn=3142
20:24:58.222 DBG [REQ] Bucket size after enqueue bucketID=12 bucketLenApprox=0
20:24:58.238 INF [REQ] ClientRequest received -> bucket bucketID=35 clientID=0 clientSn=3146
20:24:58.238 DBG [REQ] Bucket size after enqueue bucketID=35 bucketLenApprox=0
20:24:58.253 INF [REQ] ClientRequest received -> bucket bucketID=30 clientID=0 clientSn=3150
20:24:58.253 DBG [REQ] Bucket size after enqueue bucketID=30 bucketLenApprox=6
20:24:58.269 INF [REQ] ClientRequest received -> bucket bucketID=50 clientID=0 clientSn=3154
20:24:58.269 DBG [REQ] Bucket size after enqueue bucketID=50 bucketLenApprox=6
20:24:58.285 INF [REQ] ClientRequest received -> bucket bucketID=2 clientID=0 clientSn=3158
20:24:58.286 DBG [REQ] Bucket size after enqueue bucketID=2 bucketLenApprox=7
20:24:58.300 INF [REQ] ClientRequest received -> bucket bucketID=48 clientID=0 clientSn=3162
20:24:58.301 DBG [REQ] Bucket size after enqueue bucketID=48 bucketLenApprox=0
20:24:58.316 INF [REQ] ClientRequest received -> bucket bucketID=54 clientID=0 clientSn=3166
20:24:58.316 DBG [REQ] Bucket size after enqueue bucketID=54 bucketLenApprox=6
20:24:58.331 INF [REQ] ClientRequest received -> bucket bucketID=33 clientID=0 clientSn=3170
20:24:58.331 DBG [REQ] Bucket size after enqueue bucketID=33 bucketLenApprox=0
20:24:58.347 INF [REQ] ClientRequest received -> bucket bucketID=0 clientID=0 clientSn=3174
20:24:58.347 DBG [REQ] Bucket size after enqueue bucketID=0 bucketLenApprox=0
20:24:58.363 INF [REQ] ClientRequest received -> bucket bucketID=1 clientID=0 clientSn=3178
20:24:58.363 DBG [REQ] Bucket size after enqueue bucketID=1 bucketLenApprox=0
20:24:58.378 INF [REQ] ClientRequest received -> bucket bucketID=7 clientID=0 clientSn=3182
20:24:58.378 DBG [REQ] Bucket size after enqueue bucketID=7 bucketLenApprox=0
20:24:58.393 INF [REQ] ClientRequest received -> bucket bucketID=1 clientID=0 clientSn=3186
20:24:58.394 DBG [REQ] Bucket size after enqueue bucketID=1 bucketLenApprox=0
20:24:58.409 INF [REQ] ClientRequest received -> bucket bucketID=28 clientID=0 clientSn=3190
20:24:58.409 DBG [REQ] Bucket size after enqueue bucketID=28 bucketLenApprox=0
20:24:58.425 INF [REQ] ClientRequest received -> bucket bucketID=34 clientID=0 clientSn=3194
20:24:58.425 DBG [REQ] Bucket size after enqueue bucketID=34 bucketLenApprox=7
20:24:58.440 INF [REQ] ClientRequest received -> bucket bucketID=2 clientID=0 clientSn=3198
20:24:58.440 DBG [REQ] Bucket size after enqueue bucketID=2 bucketLenApprox=7
20:24:58.457 INF [REQ] ClientRequest received -> bucket bucketID=12 clientID=0 clientSn=3202
20:24:58.457 DBG [REQ] Bucket size after enqueue bucketID=12 bucketLenApprox=0
20:24:58.472 INF [REQ] ClientRequest received -> bucket bucketID=3 clientID=0 clientSn=3206
20:24:58.472 DBG [REQ] Bucket size after enqueue bucketID=3 bucketLenApprox=0
20:24:58.487 INF [REQ] ClientRequest received -> bucket bucketID=48 clientID=0 clientSn=3210
20:24:58.487 DBG [REQ] Bucket size after enqueue bucketID=48 bucketLenApprox=0
20:24:58.503 INF [REQ] ClientRequest received -> bucket bucketID=56 clientID=0 clientSn=3214
20:24:58.504 DBG [REQ] Bucket size after enqueue bucketID=56 bucketLenApprox=0
20:24:58.519 INF [REQ] ClientRequest received -> bucket bucketID=31 clientID=0 clientSn=3218
20:24:58.519 DBG [REQ] Bucket size after enqueue bucketID=31 bucketLenApprox=0
20:24:58.534 INF [REQ] ClientRequest received -> bucket bucketID=30 clientID=0 clientSn=3222
20:24:58.535 DBG [REQ] Bucket size after enqueue bucketID=30 bucketLenApprox=7
20:24:58.550 INF [REQ] ClientRequest received -> bucket bucketID=1 clientID=0 clientSn=3226
20:24:58.550 DBG [REQ] Bucket size after enqueue bucketID=1 bucketLenApprox=0
20:24:58.566 INF [REQ] ClientRequest received -> bucket bucketID=31 clientID=0 clientSn=3230
20:24:58.566 DBG [REQ] Bucket size after enqueue bucketID=31 bucketLenApprox=0
20:24:58.581 INF [REQ] ClientRequest received -> bucket bucketID=47 clientID=0 clientSn=3234
20:24:58.581 DBG [REQ] Bucket size after enqueue bucketID=47 bucketLenApprox=0
20:24:58.597 INF [REQ] ClientRequest received -> bucket bucketID=6 clientID=0 clientSn=3238
20:24:58.597 DBG [REQ] Bucket size after enqueue bucketID=6 bucketLenApprox=8
20:24:58.612 INF [REQ] ClientRequest received -> bucket bucketID=16 clientID=0 clientSn=3242
20:24:58.612 DBG [REQ] Bucket size after enqueue bucketID=16 bucketLenApprox=0
20:24:58.628 INF [REQ] ClientRequest received -> bucket bucketID=50 clientID=0 clientSn=3246
20:24:58.629 DBG [REQ] Bucket size after enqueue bucketID=50 bucketLenApprox=7
20:24:58.644 INF [REQ] ClientRequest received -> bucket bucketID=45 clientID=0 clientSn=3250
20:24:58.644 DBG [REQ] Bucket size after enqueue bucketID=45 bucketLenApprox=0
20:24:58.660 INF [REQ] ClientRequest received -> bucket bucketID=61 clientID=0 clientSn=3254
20:24:58.660 DBG [REQ] Bucket size after enqueue bucketID=61 bucketLenApprox=0
20:24:58.675 INF [REQ] ClientRequest received -> bucket bucketID=27 clientID=0 clientSn=3258
20:24:58.675 DBG [REQ] Bucket size after enqueue bucketID=27 bucketLenApprox=0
20:24:58.691 INF [REQ] ClientRequest received -> bucket bucketID=51 clientID=0 clientSn=3262
20:24:58.691 DBG [REQ] Bucket size after enqueue bucketID=51 bucketLenApprox=0
20:24:58.707 INF [REQ] ClientRequest received -> bucket bucketID=44 clientID=0 clientSn=3266
20:24:58.707 DBG [REQ] Bucket size after enqueue bucketID=44 bucketLenApprox=0
20:24:58.708 DBG Batch cut. left=0 nBuckets=16 nReq=129 next=0
PROPOSE sn=26 size=129
[MPX][NET] SEND Accept sn=26 bytes=75340 gid=26 digest=8139904e9419aac6
[MC][SEND] kind=Accept sn=26 gid=27 (group)
[MPX] PROPOSE sn=26 size=129
[MPX][NET] SEND Prepare sn=27
[MC][SEND] kind=Prepare sn=27 gid=0 dst=ALL
[MPX][IN ] PROMISE sn=26 from=0 members=[0 1 2 3]
[MPX][IN ] PROMISE sn=26 from=1 members=[0 1 2 3]
[MPX][IN ] PROMISE sn=26 from=3 members=[0 1 2 3]
[MPX][IN ] PREPARE sn=26 from=3
20:24:58.710 DBG Batch cut. left=0 nBuckets=16 nReq=0 next=0
[MPX][NET] SEND Prepare sn=28
[MC][SEND] kind=Prepare sn=28 gid=0 dst=ALL
20:24:58.711 DBG Batch cut. left=0 nBuckets=16 nReq=0 next=0
[MPX][NET] SEND Prepare sn=29
[MC][SEND] kind=Prepare sn=29 gid=0 dst=ALL
20:24:58.711 DBG Batch cut. left=0 nBuckets=16 nReq=0 next=0
[MPX][NET] SEND Prepare sn=30
[MC][SEND] kind=Prepare sn=30 gid=0 dst=ALL
20:24:58.711 WRN MPX handles message from self. sn=27
[MPX][IN ] PREPARE sn=27 from=2
20:24:58.712 WRN MPX handles message from self. sn=28
20:24:58.713 WRN MPX handles message from self. sn=29
20:24:58.713 WRN MPX handles message from self. sn=30
[MPX][IN ] PREPARE sn=29 from=2
[MPX][IN ] PREPARE sn=30 from=2
[MPX][IN ] PREPARE sn=28 from=2
[MPX][IN ] PROMISE sn=28 from=3 members=[0 1 2 3]
[MPX][IN ] PROMISE sn=29 from=3 members=[0 1 2 3]
[MPX][IN ] PROMISE sn=28 from=1 members=[0 1 2 3]
[MPX][IN ] PROMISE sn=29 from=1 members=[0 1 2 3]
[MC][GROUP] sn=30 gid=31 members=[3 1 0]
[MC][GROUP] sn=28 gid=29 members=[3 1 0]
[MC][GROUP] sn=29 gid=30 members=[3 1 0]
[MPX][IN ] PROMISE sn=29 from=0 members=[0 1 2 3]
[MPX][IN ] PROMISE sn=28 from=0 members=[0 1 2 3]
[MPX][IN ] ACCEPTED sn=26 from=1
[MPX][QUORUM] ACCEPTED sn=26 count=2/3 digest=8139904e9419aac6
[MPX][IN ] ACCEPTED sn=26 from=3
[MPX][QUORUM] ACCEPTED sn=26 count=3/3 digest=8139904e9419aac6
[MPX][QUORUM] MAJORITY REACHED sn=26 → COMMIT digest=8139904e9419aac6
[MPX][NET] SEND Commit sn=26 gid=26 digest=8139904e9419aac6
[MC][SEND] kind=Commit sn=26 gid=27 (group)
[MPX][NET] GOSSIP Commit sn=26 gid=26 digest=8139904e9419aac6
[MC][SEND] kind=Commit sn=26 gid=27 (group)
[MPX][CHK] ANNOUNCE sn=26 reqs=129
20:24:58.720 INF Committed entry. latency=0 nReq=129 sn=26
SB-DELIVER sn=26 size=129
COMMIT sn=26 size=129
DELIVER sn=26 delivered=129
[MPX] COMMIT  sn=26 size=129
[MPX][IN ] ACCEPTED sn=26 from=0
[MPX][QUORUM] ACCEPTED sn=26 count=4/3 digest=8139904e9419aac6
20:24:58.722 INF [REQ] ClientRequest received -> bucket bucketID=47 clientID=0 clientSn=3270
20:24:58.722 DBG [REQ] Bucket size after enqueue bucketID=47 bucketLenApprox=0
[MPX][IN ] PREPARE sn=27 from=0
[MPX][IN ] PREPARE sn=28 from=0
[MPX][IN ] PREPARE sn=26 from=0
[MPX][IN ] PREPARE sn=25 from=0
[MPX][IN ] ACCEPT sn=24 from=0 gid=24
[MPX][QUORUM] ACCEPT sn=24 acceptCount=1 quorum=3 digest=218e460ceb0931c1
[MPX][NET] SEND Accepted sn=24 → leader=0 (unicast)
20:24:58.739 INF [REQ] ClientRequest received -> bucket bucketID=35 clientID=0 clientSn=3274
20:24:58.739 DBG [REQ] Bucket size after enqueue bucketID=35 bucketLenApprox=0
[MPX][IN ] ACCEPTED sn=26 from=3
[MPX][IN ] ACCEPT sn=27 from=3 gid=27
[MPX][QUORUM] ACCEPT sn=27 acceptCount=1 quorum=3 digest=77b526656604985a
[MPX][NET] SEND Accepted sn=27 → leader=3 (unicast)
[MPX][IN ] PREPARE sn=29 from=3
[MPX][IN ] PREPARE sn=28 from=3
[MPX][IN ] PREPARE sn=31 from=3
[MPX][NET] SEND Promise sn=31 members=[0 1 2 3]
[MPX][IN ] ACCEPTED sn=26 from=1
[MPX][IN ] PROMISE sn=31 from=0 members=[0 1 2 3]
20:24:58.753 INF [REQ] ClientRequest received -> bucket bucketID=18 clientID=0 clientSn=3278
20:24:58.754 DBG [REQ] Bucket size after enqueue bucketID=18 bucketLenApprox=0
[MC][GROUP] sn=31 gid=32 members=[2 0 1]
[MPX][IN ] PROMISE sn=31 from=1 members=[0 1 2 3]
20:24:58.751 WRN MPX handles message from self. sn=31
[MPX][IN ] PROMISE sn=31 from=2 members=[0 1 2 3]
[MPX][IN ] ACCEPTED sn=26 from=0
[MPX][IN ] COMMIT sn=24 from=0 gid=24
[MPX][NET] GOSSIP Commit sn=24 gid=24 digest=218e460ceb0931c1
[MC][SEND] kind=Commit sn=24 gid=0 dst=ALL (fallback)
[MPX][CHK] ANNOUNCE sn=24 reqs=128
20:24:58.762 INF Committed entry. latency=0 nReq=128 sn=24
SB-DELIVER sn=24 size=128
COMMIT sn=24 size=128
DELIVER sn=24 delivered=128
[MPX] COMMIT  sn=24 size=128
[MPX][IN ] COMMIT sn=24 from=0 gid=24
20:24:58.769 WRN MPX handles message from self. sn=24
[MPX][IN ] COMMIT sn=24 from=2 gid=24
[MPX][IN ] COMMIT sn=24 from=3 gid=24
[MPX][IN ] COMMIT sn=27 from=3 gid=27
[MPX][IN ] COMMIT sn=24 from=1 gid=24
[MPX][NET] GOSSIP Commit sn=27 gid=27 digest=77b526656604985a
[MC][SEND] kind=Commit sn=27 gid=0 dst=ALL (fallback)
[MPX][CHK] ANNOUNCE sn=27 reqs=128
20:24:58.779 INF Committed entry. latency=0 nReq=128 sn=27
SB-DELIVER sn=27 size=128
COMMIT sn=27 size=128
DELIVER sn=27 delivered=128
[MPX] COMMIT  sn=27 size=128
[MPX][IN ] COMMIT sn=27 from=3 gid=27
20:24:58.782 INF [REQ] ClientRequest received -> bucket bucketID=5 clientID=0 clientSn=3282
20:24:58.782 DBG [REQ] Bucket size after enqueue bucketID=5 bucketLenApprox=0
20:24:58.785 WRN MPX handles message from self. sn=27
[MPX][IN ] COMMIT sn=27 from=2 gid=27
20:24:58.790 INF [REQ] ClientRequest received -> bucket bucketID=31 clientID=0 clientSn=3286
20:24:58.790 DBG [REQ] Bucket size after enqueue bucketID=31 bucketLenApprox=0
[MPX][IN ] COMMIT sn=27 from=0 gid=27
[MPX][IN ] COMMIT sn=27 from=1 gid=27
[MPX][IN ] ACCEPT sn=25 from=1 gid=25
[MPX][QUORUM] ACCEPT sn=25 acceptCount=1 quorum=3 digest=6c92c8bb1d355cca
[MPX][NET] SEND Accepted sn=25 → leader=1 (unicast)
[MPX][IN ] PREPARE sn=26 from=1
[MPX][IN ] PREPARE sn=27 from=1
[MPX][IN ] ACCEPT sn=27 from=1 gid=27
[MPX][IN ] PREPARE sn=29 from=1
[MPX][IN ] PREPARE sn=28 from=1
[MPX][QUORUM] ACCEPT sn=27 acceptCount=1 quorum=3 digest=77b526656604985a
[MPX][NET] SEND Accepted sn=27 → leader=1 (unicast)
20:24:58.813 INF [REQ] ClientRequest received -> bucket bucketID=27 clientID=0 clientSn=3290
20:24:58.813 DBG [REQ] Bucket size after enqueue bucketID=27 bucketLenApprox=0
[MPX][IN ] COMMIT sn=25 from=1 gid=25
[MPX][NET] GOSSIP Commit sn=25 gid=25 digest=6c92c8bb1d355cca
[MC][SEND] kind=Commit sn=25 gid=0 dst=ALL (fallback)
20:24:58.826 INF [REQ] ClientRequest received -> bucket bucketID=16 clientID=0 clientSn=3294
20:24:58.827 DBG [REQ] Bucket size after enqueue bucketID=16 bucketLenApprox=0
[MPX][CHK] ANNOUNCE sn=25 reqs=129
20:24:58.831 INF Committed entry. latency=0 nReq=129 sn=25
SB-DELIVER sn=25 size=129
COMMIT sn=25 size=129
DELIVER sn=25 delivered=129
[MPX] COMMIT  sn=25 size=129
[MPX][IN ] COMMIT sn=25 from=1 gid=25
[MPX][IN ] COMMIT sn=25 from=3 gid=25
20:24:58.833 WRN MPX handles message from self. sn=25
[MPX][IN ] COMMIT sn=25 from=2 gid=25
[MPX][IN ] COMMIT sn=25 from=0 gid=25
20:24:58.845 INF [REQ] ClientRequest received -> bucket bucketID=30 clientID=0 clientSn=3298
20:24:58.845 DBG [REQ] Bucket size after enqueue bucketID=30 bucketLenApprox=1
20:24:58.848 INF [REQ] ClientRequest received -> bucket bucketID=28 clientID=0 clientSn=3302
20:24:58.848 DBG [REQ] Bucket size after enqueue bucketID=28 bucketLenApprox=0
20:24:58.863 INF [REQ] ClientRequest received -> bucket bucketID=58 clientID=0 clientSn=3306
20:24:58.863 DBG [REQ] Bucket size after enqueue bucketID=58 bucketLenApprox=0
20:24:58.879 INF [REQ] ClientRequest received -> bucket bucketID=60 clientID=0 clientSn=3310
20:24:58.879 DBG [REQ] Bucket size after enqueue bucketID=60 bucketLenApprox=0
20:24:58.893 INF [REQ] ClientRequest received -> bucket bucketID=21 clientID=0 clientSn=3314
20:24:58.894 DBG [REQ] Bucket size after enqueue bucketID=21 bucketLenApprox=0
20:24:58.909 INF [REQ] ClientRequest received -> bucket bucketID=30 clientID=0 clientSn=3318
20:24:58.909 DBG [REQ] Bucket size after enqueue bucketID=30 bucketLenApprox=1
20:24:58.925 INF [REQ] ClientRequest received -> bucket bucketID=14 clientID=0 clientSn=3322
20:24:58.925 DBG [REQ] Bucket size after enqueue bucketID=14 bucketLenApprox=1
20:24:58.941 INF [REQ] ClientRequest received -> bucket bucketID=4 clientID=0 clientSn=3326
20:24:58.941 DBG [REQ] Bucket size after enqueue bucketID=4 bucketLenApprox=0
20:24:58.974 INF [REQ] ClientRequest received -> bucket bucketID=37 clientID=0 clientSn=3330
20:24:58.974 DBG [REQ] Bucket size after enqueue bucketID=37 bucketLenApprox=0
[MPX][IN ] ACCEPT sn=26 from=0 gid=26
[MPX][QUORUM] ACCEPT sn=26 acceptCount=4 quorum=3 digest=8139904e9419aac6
[MPX][NET] SKIP Accepted sn=26 (leader=self)
[MPX][IN ] ACCEPTED sn=26 from=3
20:24:58.987 INF [REQ] ClientRequest received -> bucket bucketID=41 clientID=0 clientSn=3334
20:24:58.987 DBG [REQ] Bucket size after enqueue bucketID=41 bucketLenApprox=0
[MPX][IN ] ACCEPTED sn=26 from=0
[MPX][IN ] ACCEPTED sn=26 from=1
20:24:58.988 INF [REQ] ClientRequest received -> bucket bucketID=39 clientID=0 clientSn=3338
20:24:58.989 DBG [REQ] Bucket size after enqueue bucketID=39 bucketLenApprox=0
20:24:59.004 INF [REQ] ClientRequest received -> bucket bucketID=22 clientID=0 clientSn=3342
20:24:59.004 DBG [REQ] Bucket size after enqueue bucketID=22 bucketLenApprox=1
20:24:59.018 INF [REQ] ClientRequest received -> bucket bucketID=50 clientID=0 clientSn=3346
20:24:59.019 DBG [REQ] Bucket size after enqueue bucketID=50 bucketLenApprox=1
20:24:59.034 INF [REQ] ClientRequest received -> bucket bucketID=43 clientID=0 clientSn=3350
20:24:59.034 DBG [REQ] Bucket size after enqueue bucketID=43 bucketLenApprox=0
20:24:59.050 INF [REQ] ClientRequest received -> bucket bucketID=34 clientID=0 clientSn=3354
20:24:59.051 DBG [REQ] Bucket size after enqueue bucketID=34 bucketLenApprox=1
20:24:59.066 INF [REQ] ClientRequest received -> bucket bucketID=18 clientID=0 clientSn=3358
20:24:59.066 DBG [REQ] Bucket size after enqueue bucketID=18 bucketLenApprox=2
20:24:59.081 INF [REQ] ClientRequest received -> bucket bucketID=45 clientID=0 clientSn=3362
20:24:59.082 DBG [REQ] Bucket size after enqueue bucketID=45 bucketLenApprox=0
20:24:59.096 INF [REQ] ClientRequest received -> bucket bucketID=1 clientID=0 clientSn=3366
20:24:59.097 DBG [REQ] Bucket size after enqueue bucketID=1 bucketLenApprox=0
20:24:59.112 INF [REQ] ClientRequest received -> bucket bucketID=26 clientID=0 clientSn=3370
20:24:59.113 DBG [REQ] Bucket size after enqueue bucketID=26 bucketLenApprox=2
20:24:59.128 INF [REQ] ClientRequest received -> bucket bucketID=19 clientID=0 clientSn=3374
20:24:59.128 DBG [REQ] Bucket size after enqueue bucketID=19 bucketLenApprox=0
20:24:59.144 INF [REQ] ClientRequest received -> bucket bucketID=28 clientID=0 clientSn=3378
20:24:59.144 DBG [REQ] Bucket size after enqueue bucketID=28 bucketLenApprox=0
20:24:59.160 INF [REQ] ClientRequest received -> bucket bucketID=60 clientID=0 clientSn=3382
20:24:59.160 DBG [REQ] Bucket size after enqueue bucketID=60 bucketLenApprox=0
20:24:59.175 INF [REQ] ClientRequest received -> bucket bucketID=60 clientID=0 clientSn=3386
20:24:59.175 DBG [REQ] Bucket size after enqueue bucketID=60 bucketLenApprox=0
20:24:59.190 INF [REQ] ClientRequest received -> bucket bucketID=14 clientID=0 clientSn=3390
20:24:59.190 DBG [REQ] Bucket size after enqueue bucketID=14 bucketLenApprox=2
20:24:59.207 INF [REQ] ClientRequest received -> bucket bucketID=45 clientID=0 clientSn=3394
20:24:59.207 DBG [REQ] Bucket size after enqueue bucketID=45 bucketLenApprox=0
20:24:59.222 INF [REQ] ClientRequest received -> bucket bucketID=36 clientID=0 clientSn=3398
20:24:59.222 DBG [REQ] Bucket size after enqueue bucketID=36 bucketLenApprox=0
20:24:59.237 INF [REQ] ClientRequest received -> bucket bucketID=25 clientID=0 clientSn=3402
20:24:59.238 DBG [REQ] Bucket size after enqueue bucketID=25 bucketLenApprox=0
20:24:59.253 INF [REQ] ClientRequest received -> bucket bucketID=31 clientID=0 clientSn=3406
20:24:59.254 DBG [REQ] Bucket size after enqueue bucketID=31 bucketLenApprox=0
20:24:59.268 INF [REQ] ClientRequest received -> bucket bucketID=50 clientID=0 clientSn=3410
20:24:59.269 DBG [REQ] Bucket size after enqueue bucketID=50 bucketLenApprox=2
20:24:59.285 INF [REQ] ClientRequest received -> bucket bucketID=26 clientID=0 clientSn=3414
20:24:59.285 DBG [REQ] Bucket size after enqueue bucketID=26 bucketLenApprox=2
20:24:59.300 INF [REQ] ClientRequest received -> bucket bucketID=17 clientID=0 clientSn=3418
20:24:59.301 DBG [REQ] Bucket size after enqueue bucketID=17 bucketLenApprox=0
20:24:59.316 INF [REQ] ClientRequest received -> bucket bucketID=36 clientID=0 clientSn=3422
20:24:59.316 DBG [REQ] Bucket size after enqueue bucketID=36 bucketLenApprox=0
20:24:59.331 INF [REQ] ClientRequest received -> bucket bucketID=3 clientID=0 clientSn=3426
20:24:59.332 DBG [REQ] Bucket size after enqueue bucketID=3 bucketLenApprox=0
20:24:59.347 INF [REQ] ClientRequest received -> bucket bucketID=23 clientID=0 clientSn=3430
20:24:59.348 DBG [REQ] Bucket size after enqueue bucketID=23 bucketLenApprox=0
20:24:59.363 INF [REQ] ClientRequest received -> bucket bucketID=58 clientID=0 clientSn=3434
20:24:59.363 DBG [REQ] Bucket size after enqueue bucketID=58 bucketLenApprox=2
20:24:59.378 INF [REQ] ClientRequest received -> bucket bucketID=13 clientID=0 clientSn=3438
20:24:59.379 DBG [REQ] Bucket size after enqueue bucketID=13 bucketLenApprox=0
20:24:59.393 INF [REQ] ClientRequest received -> bucket bucketID=26 clientID=0 clientSn=3442
20:24:59.393 DBG [REQ] Bucket size after enqueue bucketID=26 bucketLenApprox=3
20:24:59.409 INF [REQ] ClientRequest received -> bucket bucketID=42 clientID=0 clientSn=3446
20:24:59.409 DBG [REQ] Bucket size after enqueue bucketID=42 bucketLenApprox=3
20:24:59.425 INF [REQ] ClientRequest received -> bucket bucketID=43 clientID=0 clientSn=3450
20:24:59.425 DBG [REQ] Bucket size after enqueue bucketID=43 bucketLenApprox=0
20:24:59.441 INF [REQ] ClientRequest received -> bucket bucketID=36 clientID=0 clientSn=3454
20:24:59.441 DBG [REQ] Bucket size after enqueue bucketID=36 bucketLenApprox=0
20:24:59.456 INF [REQ] ClientRequest received -> bucket bucketID=20 clientID=0 clientSn=3458
20:24:59.457 DBG [REQ] Bucket size after enqueue bucketID=20 bucketLenApprox=0
20:24:59.472 INF [REQ] ClientRequest received -> bucket bucketID=52 clientID=0 clientSn=3462
20:24:59.472 DBG [REQ] Bucket size after enqueue bucketID=52 bucketLenApprox=0
20:24:59.487 INF [REQ] ClientRequest received -> bucket bucketID=17 clientID=0 clientSn=3466
20:24:59.487 DBG [REQ] Bucket size after enqueue bucketID=17 bucketLenApprox=0
20:24:59.503 INF [REQ] ClientRequest received -> bucket bucketID=2 clientID=0 clientSn=3470
20:24:59.503 DBG [REQ] Bucket size after enqueue bucketID=2 bucketLenApprox=3
20:24:59.518 INF [REQ] ClientRequest received -> bucket bucketID=54 clientID=0 clientSn=3474
20:24:59.518 DBG [REQ] Bucket size after enqueue bucketID=54 bucketLenApprox=3
20:24:59.534 INF [REQ] ClientRequest received -> bucket bucketID=41 clientID=0 clientSn=3478
20:24:59.534 DBG [REQ] Bucket size after enqueue bucketID=41 bucketLenApprox=0
20:24:59.551 INF [REQ] ClientRequest received -> bucket bucketID=51 clientID=0 clientSn=3482
20:24:59.551 DBG [REQ] Bucket size after enqueue bucketID=51 bucketLenApprox=0
20:24:59.565 INF [REQ] ClientRequest received -> bucket bucketID=12 clientID=0 clientSn=3486
20:24:59.566 DBG [REQ] Bucket size after enqueue bucketID=12 bucketLenApprox=0
20:24:59.582 INF [REQ] ClientRequest received -> bucket bucketID=34 clientID=0 clientSn=3490
20:24:59.583 DBG [REQ] Bucket size after enqueue bucketID=34 bucketLenApprox=3
20:24:59.598 INF [REQ] ClientRequest received -> bucket bucketID=37 clientID=0 clientSn=3494
20:24:59.598 DBG [REQ] Bucket size after enqueue bucketID=37 bucketLenApprox=0
20:24:59.613 INF [REQ] ClientRequest received -> bucket bucketID=14 clientID=0 clientSn=3498
20:24:59.613 DBG [REQ] Bucket size after enqueue bucketID=14 bucketLenApprox=4
20:24:59.629 INF [REQ] ClientRequest received -> bucket bucketID=29 clientID=0 clientSn=3502
20:24:59.629 DBG [REQ] Bucket size after enqueue bucketID=29 bucketLenApprox=0
20:24:59.644 INF [REQ] ClientRequest received -> bucket bucketID=8 clientID=0 clientSn=3506
20:24:59.644 DBG [REQ] Bucket size after enqueue bucketID=8 bucketLenApprox=0
20:24:59.659 INF [REQ] ClientRequest received -> bucket bucketID=19 clientID=0 clientSn=3510
20:24:59.659 DBG [REQ] Bucket size after enqueue bucketID=19 bucketLenApprox=0
20:24:59.675 INF [REQ] ClientRequest received -> bucket bucketID=16 clientID=0 clientSn=3514
20:24:59.675 DBG [REQ] Bucket size after enqueue bucketID=16 bucketLenApprox=0
20:24:59.691 INF [REQ] ClientRequest received -> bucket bucketID=52 clientID=0 clientSn=3518
20:24:59.691 DBG [REQ] Bucket size after enqueue bucketID=52 bucketLenApprox=0
20:24:59.706 INF [REQ] ClientRequest received -> bucket bucketID=28 clientID=0 clientSn=3522
20:24:59.707 DBG [REQ] Bucket size after enqueue bucketID=28 bucketLenApprox=0
20:24:59.722 INF [REQ] ClientRequest received -> bucket bucketID=9 clientID=0 clientSn=3526
20:24:59.722 DBG [REQ] Bucket size after enqueue bucketID=9 bucketLenApprox=0
20:24:59.737 INF [REQ] ClientRequest received -> bucket bucketID=58 clientID=0 clientSn=3530
20:24:59.738 DBG [REQ] Bucket size after enqueue bucketID=58 bucketLenApprox=4
20:24:59.753 INF [REQ] ClientRequest received -> bucket bucketID=55 clientID=0 clientSn=3534
20:24:59.753 DBG [REQ] Bucket size after enqueue bucketID=55 bucketLenApprox=0
20:24:59.769 INF [REQ] ClientRequest received -> bucket bucketID=26 clientID=0 clientSn=3538
20:24:59.769 DBG [REQ] Bucket size after enqueue bucketID=26 bucketLenApprox=4
20:24:59.784 INF [REQ] ClientRequest received -> bucket bucketID=20 clientID=0 clientSn=3542
20:24:59.785 DBG [REQ] Bucket size after enqueue bucketID=20 bucketLenApprox=0
20:24:59.800 INF [REQ] ClientRequest received -> bucket bucketID=8 clientID=0 clientSn=3546
20:24:59.800 DBG [REQ] Bucket size after enqueue bucketID=8 bucketLenApprox=0
20:24:59.815 INF [REQ] ClientRequest received -> bucket bucketID=34 clientID=0 clientSn=3550
20:24:59.816 DBG [REQ] Bucket size after enqueue bucketID=34 bucketLenApprox=4
20:24:59.831 INF [REQ] ClientRequest received -> bucket bucketID=19 clientID=0 clientSn=3554
20:24:59.831 DBG [REQ] Bucket size after enqueue bucketID=19 bucketLenApprox=0
20:24:59.846 INF [REQ] ClientRequest received -> bucket bucketID=28 clientID=0 clientSn=3558
20:24:59.846 DBG [REQ] Bucket size after enqueue bucketID=28 bucketLenApprox=0
20:24:59.862 INF [REQ] ClientRequest received -> bucket bucketID=1 clientID=0 clientSn=3562
20:24:59.862 DBG [REQ] Bucket size after enqueue bucketID=1 bucketLenApprox=0
20:24:59.878 INF [REQ] ClientRequest received -> bucket bucketID=54 clientID=0 clientSn=3566
20:24:59.878 DBG [REQ] Bucket size after enqueue bucketID=54 bucketLenApprox=4
20:24:59.894 INF [REQ] ClientRequest received -> bucket bucketID=55 clientID=0 clientSn=3570
20:24:59.894 DBG [REQ] Bucket size after enqueue bucketID=55 bucketLenApprox=0
20:24:59.909 INF [REQ] ClientRequest received -> bucket bucketID=12 clientID=0 clientSn=3574
20:24:59.909 DBG [REQ] Bucket size after enqueue bucketID=12 bucketLenApprox=0
20:24:59.924 INF [REQ] ClientRequest received -> bucket bucketID=54 clientID=0 clientSn=3578
20:24:59.925 DBG [REQ] Bucket size after enqueue bucketID=54 bucketLenApprox=5
20:24:59.940 INF [REQ] ClientRequest received -> bucket bucketID=43 clientID=0 clientSn=3582
20:24:59.940 DBG [REQ] Bucket size after enqueue bucketID=43 bucketLenApprox=0
20:24:59.957 INF [REQ] ClientRequest received -> bucket bucketID=36 clientID=0 clientSn=3586
20:24:59.957 DBG [REQ] Bucket size after enqueue bucketID=36 bucketLenApprox=0
20:24:59.972 INF [REQ] ClientRequest received -> bucket bucketID=21 clientID=0 clientSn=3590
20:24:59.972 DBG [REQ] Bucket size after enqueue bucketID=21 bucketLenApprox=0
20:24:59.988 INF [REQ] ClientRequest received -> bucket bucketID=63 clientID=0 clientSn=3594
20:24:59.988 DBG [REQ] Bucket size after enqueue bucketID=63 bucketLenApprox=0
20:25:00.003 INF [REQ] ClientRequest received -> bucket bucketID=44 clientID=0 clientSn=3598
20:25:00.003 DBG [REQ] Bucket size after enqueue bucketID=44 bucketLenApprox=0
20:25:00.019 INF [REQ] ClientRequest received -> bucket bucketID=46 clientID=0 clientSn=3602
20:25:00.019 DBG [REQ] Bucket size after enqueue bucketID=46 bucketLenApprox=5
20:25:00.035 INF [REQ] ClientRequest received -> bucket bucketID=56 clientID=0 clientSn=3606
20:25:00.035 DBG [REQ] Bucket size after enqueue bucketID=56 bucketLenApprox=0
20:25:00.050 INF [REQ] ClientRequest received -> bucket bucketID=0 clientID=0 clientSn=3610
20:25:00.050 DBG [REQ] Bucket size after enqueue bucketID=0 bucketLenApprox=0
20:25:00.066 INF [REQ] ClientRequest received -> bucket bucketID=63 clientID=0 clientSn=3614
20:25:00.066 DBG [REQ] Bucket size after enqueue bucketID=63 bucketLenApprox=0
20:25:00.081 INF [REQ] ClientRequest received -> bucket bucketID=41 clientID=0 clientSn=3618
20:25:00.081 DBG [REQ] Bucket size after enqueue bucketID=41 bucketLenApprox=0
20:25:00.097 INF [REQ] ClientRequest received -> bucket bucketID=27 clientID=0 clientSn=3622
20:25:00.097 DBG [REQ] Bucket size after enqueue bucketID=27 bucketLenApprox=0
20:25:00.112 INF [REQ] ClientRequest received -> bucket bucketID=44 clientID=0 clientSn=3626
20:25:00.113 DBG [REQ] Bucket size after enqueue bucketID=44 bucketLenApprox=0
20:25:00.128 INF [REQ] ClientRequest received -> bucket bucketID=35 clientID=0 clientSn=3630
20:25:00.128 DBG [REQ] Bucket size after enqueue bucketID=35 bucketLenApprox=0
20:25:00.144 INF [REQ] ClientRequest received -> bucket bucketID=26 clientID=0 clientSn=3634
20:25:00.144 DBG [REQ] Bucket size after enqueue bucketID=26 bucketLenApprox=6
20:25:00.159 INF [REQ] ClientRequest received -> bucket bucketID=38 clientID=0 clientSn=3638
20:25:00.160 DBG [REQ] Bucket size after enqueue bucketID=38 bucketLenApprox=6
20:25:00.174 INF [REQ] ClientRequest received -> bucket bucketID=15 clientID=0 clientSn=3642
20:25:00.175 DBG [REQ] Bucket size after enqueue bucketID=15 bucketLenApprox=0
20:25:00.191 INF [REQ] ClientRequest received -> bucket bucketID=9 clientID=0 clientSn=3646
20:25:00.191 DBG [REQ] Bucket size after enqueue bucketID=9 bucketLenApprox=0
20:25:00.207 INF [REQ] ClientRequest received -> bucket bucketID=63 clientID=0 clientSn=3650
20:25:00.207 DBG [REQ] Bucket size after enqueue bucketID=63 bucketLenApprox=0
20:25:00.222 INF [REQ] ClientRequest received -> bucket bucketID=61 clientID=0 clientSn=3654
20:25:00.222 DBG [REQ] Bucket size after enqueue bucketID=61 bucketLenApprox=0
20:25:00.237 INF [REQ] ClientRequest received -> bucket bucketID=13 clientID=0 clientSn=3658
20:25:00.238 DBG [REQ] Bucket size after enqueue bucketID=13 bucketLenApprox=0
20:25:00.253 INF [REQ] ClientRequest received -> bucket bucketID=33 clientID=0 clientSn=3662
20:25:00.254 DBG [REQ] Bucket size after enqueue bucketID=33 bucketLenApprox=0
20:25:00.269 INF [REQ] ClientRequest received -> bucket bucketID=3 clientID=0 clientSn=3666
20:25:00.269 DBG [REQ] Bucket size after enqueue bucketID=3 bucketLenApprox=0
20:25:00.285 INF [REQ] ClientRequest received -> bucket bucketID=36 clientID=0 clientSn=3670
20:25:00.285 DBG [REQ] Bucket size after enqueue bucketID=36 bucketLenApprox=0
20:25:00.300 INF [REQ] ClientRequest received -> bucket bucketID=59 clientID=0 clientSn=3674
20:25:00.300 DBG [REQ] Bucket size after enqueue bucketID=59 bucketLenApprox=0
20:25:00.315 INF [REQ] ClientRequest received -> bucket bucketID=51 clientID=0 clientSn=3678
20:25:00.315 DBG [REQ] Bucket size after enqueue bucketID=51 bucketLenApprox=0
20:25:00.331 INF [REQ] ClientRequest received -> bucket bucketID=21 clientID=0 clientSn=3682
20:25:00.332 DBG [REQ] Bucket size after enqueue bucketID=21 bucketLenApprox=0
20:25:00.347 INF [REQ] ClientRequest received -> bucket bucketID=5 clientID=0 clientSn=3686
20:25:00.348 DBG [REQ] Bucket size after enqueue bucketID=5 bucketLenApprox=0
20:25:00.362 INF [REQ] ClientRequest received -> bucket bucketID=39 clientID=0 clientSn=3690
20:25:00.362 DBG [REQ] Bucket size after enqueue bucketID=39 bucketLenApprox=0
20:25:00.378 INF [REQ] ClientRequest received -> bucket bucketID=24 clientID=0 clientSn=3694
20:25:00.378 DBG [REQ] Bucket size after enqueue bucketID=24 bucketLenApprox=0
20:25:00.393 INF [REQ] ClientRequest received -> bucket bucketID=54 clientID=0 clientSn=3698
20:25:00.393 DBG [REQ] Bucket size after enqueue bucketID=54 bucketLenApprox=6
20:25:00.409 INF [REQ] ClientRequest received -> bucket bucketID=22 clientID=0 clientSn=3702
20:25:00.409 DBG [REQ] Bucket size after enqueue bucketID=22 bucketLenApprox=7
20:25:00.425 INF [REQ] ClientRequest received -> bucket bucketID=54 clientID=0 clientSn=3706
20:25:00.425 DBG [REQ] Bucket size after enqueue bucketID=54 bucketLenApprox=7
20:25:00.441 INF [REQ] ClientRequest received -> bucket bucketID=9 clientID=0 clientSn=3710
20:25:00.441 DBG [REQ] Bucket size after enqueue bucketID=9 bucketLenApprox=0
20:25:00.456 INF [REQ] ClientRequest received -> bucket bucketID=25 clientID=0 clientSn=3714
20:25:00.456 DBG [REQ] Bucket size after enqueue bucketID=25 bucketLenApprox=0
20:25:00.471 INF [REQ] ClientRequest received -> bucket bucketID=9 clientID=0 clientSn=3718
20:25:00.472 DBG [REQ] Bucket size after enqueue bucketID=9 bucketLenApprox=0
20:25:00.487 INF [REQ] ClientRequest received -> bucket bucketID=56 clientID=0 clientSn=3722
20:25:00.487 DBG [REQ] Bucket size after enqueue bucketID=56 bucketLenApprox=0
20:25:00.503 INF [REQ] ClientRequest received -> bucket bucketID=41 clientID=0 clientSn=3726
20:25:00.503 DBG [REQ] Bucket size after enqueue bucketID=41 bucketLenApprox=0
20:25:00.519 INF [REQ] ClientRequest received -> bucket bucketID=7 clientID=0 clientSn=3730
20:25:00.519 DBG [REQ] Bucket size after enqueue bucketID=7 bucketLenApprox=0
20:25:00.535 INF [REQ] ClientRequest received -> bucket bucketID=33 clientID=0 clientSn=3734
20:25:00.535 DBG [REQ] Bucket size after enqueue bucketID=33 bucketLenApprox=0
20:25:00.549 INF [REQ] ClientRequest received -> bucket bucketID=6 clientID=0 clientSn=3738
20:25:00.550 DBG [REQ] Bucket size after enqueue bucketID=6 bucketLenApprox=8
20:25:00.566 INF [REQ] ClientRequest received -> bucket bucketID=26 clientID=0 clientSn=3742
20:25:00.566 DBG [REQ] Bucket size after enqueue bucketID=26 bucketLenApprox=8
20:25:00.582 INF [REQ] ClientRequest received -> bucket bucketID=60 clientID=0 clientSn=3746
20:25:00.582 DBG [REQ] Bucket size after enqueue bucketID=60 bucketLenApprox=0
20:25:00.597 INF [REQ] ClientRequest received -> bucket bucketID=14 clientID=0 clientSn=3750
20:25:00.597 DBG [REQ] Bucket size after enqueue bucketID=14 bucketLenApprox=8
20:25:00.612 INF [REQ] ClientRequest received -> bucket bucketID=27 clientID=0 clientSn=3754
20:25:00.612 DBG [REQ] Bucket size after enqueue bucketID=27 bucketLenApprox=0
20:25:00.628 INF [REQ] ClientRequest received -> bucket bucketID=63 clientID=0 clientSn=3758
20:25:00.628 DBG [REQ] Bucket size after enqueue bucketID=63 bucketLenApprox=0
20:25:00.644 INF [REQ] ClientRequest received -> bucket bucketID=25 clientID=0 clientSn=3762
20:25:00.644 DBG [REQ] Bucket size after enqueue bucketID=25 bucketLenApprox=0
20:25:00.659 INF [REQ] ClientRequest received -> bucket bucketID=8 clientID=0 clientSn=3766
20:25:00.660 DBG [REQ] Bucket size after enqueue bucketID=8 bucketLenApprox=0
20:25:00.675 INF [REQ] ClientRequest received -> bucket bucketID=30 clientID=0 clientSn=3770
20:25:00.676 DBG [REQ] Bucket size after enqueue bucketID=30 bucketLenApprox=8
20:25:00.691 INF [REQ] ClientRequest received -> bucket bucketID=14 clientID=0 clientSn=3774
20:25:00.691 DBG [REQ] Bucket size after enqueue bucketID=14 bucketLenApprox=8
20:25:00.706 INF [REQ] ClientRequest received -> bucket bucketID=8 clientID=0 clientSn=3778
20:25:00.706 DBG [REQ] Bucket size after enqueue bucketID=8 bucketLenApprox=0
20:25:00.713 DBG Batch cut. left=0 nBuckets=16 nReq=128 next=0
PROPOSE sn=30 size=128
[MPX][NET] SEND Accept sn=30 bytes=74772 gid=30 digest=968560a0c1806bf0
[MC][SEND] kind=Accept sn=30 gid=31 (group)
[MPX] PROPOSE sn=30 size=128
[MPX][NET] SEND Prepare sn=31
[MC][SEND] kind=Prepare sn=31 gid=0 dst=ALL
[MPX][IN ] PROMISE sn=30 from=3 members=[0 1 2 3]
[MPX][IN ] PROMISE sn=30 from=1 members=[0 1 2 3]
[MPX][IN ] PROMISE sn=30 from=0 members=[0 1 2 3]
[MPX][IN ] PREPARE sn=30 from=3
20:25:00.715 DBG Batch cut. left=0 nBuckets=16 nReq=0 next=0
[MPX][NET] SEND Prepare sn=32
[MC][SEND] kind=Prepare sn=32 gid=0 dst=ALL
20:25:00.715 DBG Batch cut. left=0 nBuckets=16 nReq=0 next=0
[MPX][NET] SEND Prepare sn=33
[MC][SEND] kind=Prepare sn=33 gid=0 dst=ALL
20:25:00.715 DBG Batch cut. left=0 nBuckets=16 nReq=0 next=0
[MPX][NET] SEND Prepare sn=34
[MC][SEND] kind=Prepare sn=34 gid=0 dst=ALL
20:25:00.716 WRN MPX handles message from self. sn=31
20:25:00.716 WRN MPX handles message from self. sn=32
[MPX][IN ] PREPARE sn=31 from=2
[MPX][IN ] PREPARE sn=32 from=2
20:25:00.716 WRN MPX handles message from self. sn=33
[MPX][IN ] PREPARE sn=33 from=2
20:25:00.717 WRN MPX handles message from self. sn=34
[MPX][IN ] PREPARE sn=34 from=2
[MPX][IN ] PROMISE sn=33 from=3 members=[0 1 2 3]
[MPX][IN ] ACCEPTED sn=30 from=0
[MPX][QUORUM] ACCEPTED sn=30 count=2/3 digest=968560a0c1806bf0
[MPX][IN ] PROMISE sn=32 from=0 members=[0 1 2 3]
[MPX][IN ] ACCEPTED sn=30 from=1
[MPX][IN ] PROMISE sn=32 from=1 members=[0 1 2 3]
[MPX][QUORUM] ACCEPTED sn=30 count=3/3 digest=968560a0c1806bf0
[MPX][QUORUM] MAJORITY REACHED sn=30 → COMMIT digest=968560a0c1806bf0
[MPX][NET] SEND Commit sn=30 gid=30 digest=968560a0c1806bf0
[MPX][IN ] PROMISE sn=33 from=0 members=[0 1 2 3]
[MC][SEND] kind=Commit sn=30 gid=31 (group)
[MPX][NET] GOSSIP Commit sn=30 gid=30 digest=968560a0c1806bf0
[MC][SEND] kind=Commit sn=30 gid=31 (group)
[MPX][CHK] ANNOUNCE sn=30 reqs=128
20:25:00.721 INF Committed entry. latency=0 nReq=128 sn=30
SB-DELIVER sn=30 size=128
COMMIT sn=30 size=128
DELIVER sn=30 delivered=128
[MPX] COMMIT  sn=30 size=128
[MPX][IN ] ACCEPTED sn=30 from=3
[MPX][QUORUM] ACCEPTED sn=30 count=4/3 digest=968560a0c1806bf0
20:25:00.722 INF [REQ] ClientRequest received -> bucket bucketID=29 clientID=0 clientSn=3782
20:25:00.722 DBG [REQ] Bucket size after enqueue bucketID=29 bucketLenApprox=0
[MPX][IN ] PREPARE sn=29 from=0
[MPX][IN ] PREPARE sn=31 from=0
[MPX][IN ] PREPARE sn=30 from=0
[MPX][IN ] PREPARE sn=32 from=0
20:25:00.738 INF [REQ] ClientRequest received -> bucket bucketID=20 clientID=0 clientSn=3786
20:25:00.738 DBG [REQ] Bucket size after enqueue bucketID=20 bucketLenApprox=0
[MPX][IN ] ACCEPTED sn=30 from=1
[MPX][IN ] ACCEPTED sn=30 from=3
[MPX][IN ] ACCEPTED sn=30 from=0
[MPX][IN ] PROMISE sn=35 from=0 members=[0 1 2 3]
[MPX][IN ] PREPARE sn=35 from=3
[MPX][IN ] PREPARE sn=33 from=3
[MPX][IN ] PREPARE sn=32 from=3
20:25:00.762 INF [REQ] ClientRequest received -> bucket bucketID=45 clientID=0 clientSn=3790
20:25:00.762 DBG [REQ] Bucket size after enqueue bucketID=45 bucketLenApprox=0
[MPX][IN ] PROMISE sn=35 from=1 members=[0 1 2 3]
[MPX][IN ] ACCEPT sn=31 from=3 gid=31
[MPX][QUORUM] ACCEPT sn=31 acceptCount=1 quorum=3 digest=4f8d5ec24cf0c010
[MPX][NET] SEND Accepted sn=31 → leader=3 (unicast)
20:25:00.769 INF [REQ] ClientRequest received -> bucket bucketID=43 clientID=0 clientSn=3794
20:25:00.769 DBG [REQ] Bucket size after enqueue bucketID=43 bucketLenApprox=0
[MPX][IN ] COMMIT sn=31 from=3 gid=31
[MPX][NET] GOSSIP Commit sn=31 gid=31 digest=4f8d5ec24cf0c010
[MC][SEND] kind=Commit sn=31 gid=32 (group)
[MPX][CHK] ANNOUNCE sn=31 reqs=129
20:25:00.778 INF Committed entry. latency=0 nReq=129 sn=31
SB-DELIVER sn=31 size=129
COMMIT sn=31 size=129
DELIVER sn=31 delivered=129
[MPX] COMMIT  sn=31 size=129
[MPX][IN ] COMMIT sn=31 from=3 gid=31
[MPX][IN ] COMMIT sn=31 from=1 gid=31
20:25:00.779 WRN MPX handles message from self. sn=31
[MPX][IN ] COMMIT sn=31 from=2 gid=31
[MPX][IN ] COMMIT sn=31 from=0 gid=31
20:25:00.785 INF [REQ] ClientRequest received -> bucket bucketID=24 clientID=0 clientSn=3798
20:25:00.785 DBG [REQ] Bucket size after enqueue bucketID=24 bucketLenApprox=0
[MPX][IN ] PREPARE sn=31 from=1
[MPX][IN ] ACCEPT sn=31 from=1 gid=31
[MPX][QUORUM] ACCEPT sn=31 acceptCount=1 quorum=3 digest=4f8d5ec24cf0c010
[MPX][NET] SEND Accepted sn=31 → leader=1 (unicast)
[MPX][IN ] PREPARE sn=30 from=1
[MPX][IN ] PREPARE sn=32 from=1
[MPX][IN ] PREPARE sn=33 from=1
20:25:00.801 INF [REQ] ClientRequest received -> bucket bucketID=50 clientID=0 clientSn=3802
20:25:00.801 DBG [REQ] Bucket size after enqueue bucketID=50 bucketLenApprox=0
[MPX][IN ] COMMIT sn=31 from=1 gid=31
[MPX][IN ] COMMIT sn=31 from=1 gid=31
20:25:00.816 INF [REQ] ClientRequest received -> bucket bucketID=39 clientID=0 clientSn=3806
20:25:00.816 DBG [REQ] Bucket size after enqueue bucketID=39 bucketLenApprox=0
20:25:00.832 INF [REQ] ClientRequest received -> bucket bucketID=22 clientID=0 clientSn=3810
20:25:00.832 DBG [REQ] Bucket size after enqueue bucketID=22 bucketLenApprox=1
20:25:00.847 INF [REQ] ClientRequest received -> bucket bucketID=60 clientID=0 clientSn=3814
20:25:00.847 DBG [REQ] Bucket size after enqueue bucketID=60 bucketLenApprox=0
20:25:00.862 INF [REQ] ClientRequest received -> bucket bucketID=62 clientID=0 clientSn=3818
20:25:00.862 DBG [REQ] Bucket size after enqueue bucketID=62 bucketLenApprox=0
20:25:00.878 INF [REQ] ClientRequest received -> bucket bucketID=1 clientID=0 clientSn=3822
20:25:00.878 DBG [REQ] Bucket size after enqueue bucketID=1 bucketLenApprox=0
20:25:00.893 INF [REQ] ClientRequest received -> bucket bucketID=46 clientID=0 clientSn=3826
20:25:00.894 DBG [REQ] Bucket size after enqueue bucketID=46 bucketLenApprox=1
20:25:00.931 INF [REQ] ClientRequest received -> bucket bucketID=42 clientID=0 clientSn=3830
20:25:00.932 DBG [REQ] Bucket size after enqueue bucketID=42 bucketLenApprox=1
20:25:00.932 INF [REQ] ClientRequest received -> bucket bucketID=10 clientID=0 clientSn=3834
20:25:00.933 DBG [REQ] Bucket size after enqueue bucketID=10 bucketLenApprox=1
20:25:00.940 INF [REQ] ClientRequest received -> bucket bucketID=59 clientID=0 clientSn=3838
20:25:00.941 DBG [REQ] Bucket size after enqueue bucketID=59 bucketLenApprox=0
20:25:00.956 INF [REQ] ClientRequest received -> bucket bucketID=39 clientID=0 clientSn=3842
20:25:00.956 DBG [REQ] Bucket size after enqueue bucketID=39 bucketLenApprox=0
20:25:00.972 INF [REQ] ClientRequest received -> bucket bucketID=6 clientID=0 clientSn=3846
20:25:00.972 DBG [REQ] Bucket size after enqueue bucketID=6 bucketLenApprox=1
20:25:00.987 INF [REQ] ClientRequest received -> bucket bucketID=54 clientID=0 clientSn=3850
20:25:00.988 DBG [REQ] Bucket size after enqueue bucketID=54 bucketLenApprox=1
[MPX][IN ] ACCEPT sn=30 from=0 gid=30
[MPX][QUORUM] ACCEPT sn=30 acceptCount=4 quorum=3 digest=968560a0c1806bf0
[MPX][NET] SKIP Accepted sn=30 (leader=self)
[MPX][IN ] ACCEPTED sn=30 from=0
[MPX][IN ] ACCEPTED sn=30 from=1
[MPX][IN ] ACCEPTED sn=30 from=3
20:25:01.003 INF [REQ] ClientRequest received -> bucket bucketID=14 clientID=0 clientSn=3854
20:25:01.003 DBG [REQ] Bucket size after enqueue bucketID=14 bucketLenApprox=1
20:25:01.019 INF [REQ] ClientRequest received -> bucket bucketID=44 clientID=0 clientSn=3858
20:25:01.020 DBG [REQ] Bucket size after enqueue bucketID=44 bucketLenApprox=0
20:25:01.034 INF [REQ] ClientRequest received -> bucket bucketID=19 clientID=0 clientSn=3862
20:25:01.034 DBG [REQ] Bucket size after enqueue bucketID=19 bucketLenApprox=0
20:25:01.049 INF [REQ] ClientRequest received -> bucket bucketID=8 clientID=0 clientSn=3866
20:25:01.050 DBG [REQ] Bucket size after enqueue bucketID=8 bucketLenApprox=0
20:25:01.066 INF [REQ] ClientRequest received -> bucket bucketID=34 clientID=0 clientSn=3870
20:25:01.066 DBG [REQ] Bucket size after enqueue bucketID=34 bucketLenApprox=1
20:25:01.081 INF [REQ] ClientRequest received -> bucket bucketID=39 clientID=0 clientSn=3874
20:25:01.081 DBG [REQ] Bucket size after enqueue bucketID=39 bucketLenApprox=0
20:25:01.097 INF [REQ] ClientRequest received -> bucket bucketID=19 clientID=0 clientSn=3878
20:25:01.097 DBG [REQ] Bucket size after enqueue bucketID=19 bucketLenApprox=0
20:25:01.112 INF [REQ] ClientRequest received -> bucket bucketID=59 clientID=0 clientSn=3882
20:25:01.112 DBG [REQ] Bucket size after enqueue bucketID=59 bucketLenApprox=0
20:25:01.128 INF [REQ] ClientRequest received -> bucket bucketID=10 clientID=0 clientSn=3886
20:25:01.128 DBG [REQ] Bucket size after enqueue bucketID=10 bucketLenApprox=2
20:25:01.144 INF [REQ] ClientRequest received -> bucket bucketID=11 clientID=0 clientSn=3890
20:25:01.144 DBG [REQ] Bucket size after enqueue bucketID=11 bucketLenApprox=0
20:25:01.159 INF [REQ] ClientRequest received -> bucket bucketID=45 clientID=0 clientSn=3894
20:25:01.159 DBG [REQ] Bucket size after enqueue bucketID=45 bucketLenApprox=0
20:25:01.175 INF [REQ] ClientRequest received -> bucket bucketID=53 clientID=0 clientSn=3898
20:25:01.175 DBG [REQ] Bucket size after enqueue bucketID=53 bucketLenApprox=0
20:25:01.191 INF [REQ] ClientRequest received -> bucket bucketID=10 clientID=0 clientSn=3902
20:25:01.191 DBG [REQ] Bucket size after enqueue bucketID=10 bucketLenApprox=2
20:25:01.206 INF [REQ] ClientRequest received -> bucket bucketID=49 clientID=0 clientSn=3906
20:25:01.206 DBG [REQ] Bucket size after enqueue bucketID=49 bucketLenApprox=0
20:25:01.222 INF [REQ] ClientRequest received -> bucket bucketID=14 clientID=0 clientSn=3910
20:25:01.223 DBG [REQ] Bucket size after enqueue bucketID=14 bucketLenApprox=2
20:25:01.238 INF [REQ] ClientRequest received -> bucket bucketID=60 clientID=0 clientSn=3914
20:25:01.238 DBG [REQ] Bucket size after enqueue bucketID=60 bucketLenApprox=0
20:25:01.253 INF [REQ] ClientRequest received -> bucket bucketID=28 clientID=0 clientSn=3918
20:25:01.254 DBG [REQ] Bucket size after enqueue bucketID=28 bucketLenApprox=0
20:25:01.268 INF [REQ] ClientRequest received -> bucket bucketID=14 clientID=0 clientSn=3922
20:25:01.268 DBG [REQ] Bucket size after enqueue bucketID=14 bucketLenApprox=3
20:25:01.284 INF [REQ] ClientRequest received -> bucket bucketID=20 clientID=0 clientSn=3926
20:25:01.284 DBG [REQ] Bucket size after enqueue bucketID=20 bucketLenApprox=0
20:25:01.300 INF [REQ] ClientRequest received -> bucket bucketID=55 clientID=0 clientSn=3930
20:25:01.300 DBG [REQ] Bucket size after enqueue bucketID=55 bucketLenApprox=0
20:25:01.316 INF [REQ] ClientRequest received -> bucket bucketID=55 clientID=0 clientSn=3934
20:25:01.316 DBG [REQ] Bucket size after enqueue bucketID=55 bucketLenApprox=0
20:25:01.331 INF [REQ] ClientRequest received -> bucket bucketID=54 clientID=0 clientSn=3938
20:25:01.331 DBG [REQ] Bucket size after enqueue bucketID=54 bucketLenApprox=2
20:25:01.347 INF [REQ] ClientRequest received -> bucket bucketID=6 clientID=0 clientSn=3942
20:25:01.347 DBG [REQ] Bucket size after enqueue bucketID=6 bucketLenApprox=3
20:25:01.362 INF [REQ] ClientRequest received -> bucket bucketID=48 clientID=0 clientSn=3946
20:25:01.363 DBG [REQ] Bucket size after enqueue bucketID=48 bucketLenApprox=0
20:25:01.378 INF [REQ] ClientRequest received -> bucket bucketID=49 clientID=0 clientSn=3950
20:25:01.378 DBG [REQ] Bucket size after enqueue bucketID=49 bucketLenApprox=0
20:25:01.394 INF [REQ] ClientRequest received -> bucket bucketID=3 clientID=0 clientSn=3954
20:25:01.394 DBG [REQ] Bucket size after enqueue bucketID=3 bucketLenApprox=0
20:25:01.409 INF [REQ] ClientRequest received -> bucket bucketID=26 clientID=0 clientSn=3958
20:25:01.409 DBG [REQ] Bucket size after enqueue bucketID=26 bucketLenApprox=3
20:25:01.424 INF [REQ] ClientRequest received -> bucket bucketID=41 clientID=0 clientSn=3962
20:25:01.425 DBG [REQ] Bucket size after enqueue bucketID=41 bucketLenApprox=0
20:25:01.441 INF [REQ] ClientRequest received -> bucket bucketID=34 clientID=0 clientSn=3966
20:25:01.441 DBG [REQ] Bucket size after enqueue bucketID=34 bucketLenApprox=3
20:25:01.456 INF [REQ] ClientRequest received -> bucket bucketID=39 clientID=0 clientSn=3970
20:25:01.456 DBG [REQ] Bucket size after enqueue bucketID=39 bucketLenApprox=0
20:25:01.471 INF [REQ] ClientRequest received -> bucket bucketID=16 clientID=0 clientSn=3974
20:25:01.472 DBG [REQ] Bucket size after enqueue bucketID=16 bucketLenApprox=0
20:25:01.487 INF [REQ] ClientRequest received -> bucket bucketID=44 clientID=0 clientSn=3978
20:25:01.488 DBG [REQ] Bucket size after enqueue bucketID=44 bucketLenApprox=0
20:25:01.502 INF [REQ] ClientRequest received -> bucket bucketID=7 clientID=0 clientSn=3982
20:25:01.502 DBG [REQ] Bucket size after enqueue bucketID=7 bucketLenApprox=0
20:25:01.518 INF [REQ] ClientRequest received -> bucket bucketID=32 clientID=0 clientSn=3986
20:25:01.518 DBG [REQ] Bucket size after enqueue bucketID=32 bucketLenApprox=0
20:25:01.534 INF [REQ] ClientRequest received -> bucket bucketID=60 clientID=0 clientSn=3990
20:25:01.534 DBG [REQ] Bucket size after enqueue bucketID=60 bucketLenApprox=0
20:25:01.550 INF [REQ] ClientRequest received -> bucket bucketID=50 clientID=0 clientSn=3994
20:25:01.550 DBG [REQ] Bucket size after enqueue bucketID=50 bucketLenApprox=3
20:25:01.565 INF [REQ] ClientRequest received -> bucket bucketID=20 clientID=0 clientSn=3998
20:25:01.565 DBG [REQ] Bucket size after enqueue bucketID=20 bucketLenApprox=0
20:25:01.581 INF [REQ] ClientRequest received -> bucket bucketID=17 clientID=0 clientSn=4002
20:25:01.581 DBG [REQ] Bucket size after enqueue bucketID=17 bucketLenApprox=0
20:25:01.597 INF [REQ] ClientRequest received -> bucket bucketID=29 clientID=0 clientSn=4006
20:25:01.597 DBG [REQ] Bucket size after enqueue bucketID=29 bucketLenApprox=0
20:25:01.612 INF [REQ] ClientRequest received -> bucket bucketID=59 clientID=0 clientSn=4010
20:25:01.612 DBG [REQ] Bucket size after enqueue bucketID=59 bucketLenApprox=0
20:25:01.628 INF [REQ] ClientRequest received -> bucket bucketID=28 clientID=0 clientSn=4014
20:25:01.628 DBG [REQ] Bucket size after enqueue bucketID=28 bucketLenApprox=0
20:25:01.643 INF [REQ] ClientRequest received -> bucket bucketID=43 clientID=0 clientSn=4018
20:25:01.643 DBG [REQ] Bucket size after enqueue bucketID=43 bucketLenApprox=0
20:25:01.659 INF [REQ] ClientRequest received -> bucket bucketID=4 clientID=0 clientSn=4022
20:25:01.660 DBG [REQ] Bucket size after enqueue bucketID=4 bucketLenApprox=0
20:25:01.675 INF [REQ] ClientRequest received -> bucket bucketID=21 clientID=0 clientSn=4026
20:25:01.675 DBG [REQ] Bucket size after enqueue bucketID=21 bucketLenApprox=0
20:25:01.691 INF [REQ] ClientRequest received -> bucket bucketID=10 clientID=0 clientSn=4030
20:25:01.692 DBG [REQ] Bucket size after enqueue bucketID=10 bucketLenApprox=4
20:25:01.706 INF [REQ] ClientRequest received -> bucket bucketID=48 clientID=0 clientSn=4034
20:25:01.706 DBG [REQ] Bucket size after enqueue bucketID=48 bucketLenApprox=0
20:25:01.721 INF [REQ] ClientRequest received -> bucket bucketID=6 clientID=0 clientSn=4038
20:25:01.721 DBG [REQ] Bucket size after enqueue bucketID=6 bucketLenApprox=4
20:25:01.737 INF [REQ] ClientRequest received -> bucket bucketID=36 clientID=0 clientSn=4042
20:25:01.737 DBG [REQ] Bucket size after enqueue bucketID=36 bucketLenApprox=0
20:25:01.753 INF [REQ] ClientRequest received -> bucket bucketID=43 clientID=0 clientSn=4046
20:25:01.753 DBG [REQ] Bucket size after enqueue bucketID=43 bucketLenApprox=0
20:25:01.769 INF [REQ] ClientRequest received -> bucket bucketID=36 clientID=0 clientSn=4050
20:25:01.769 DBG [REQ] Bucket size after enqueue bucketID=36 bucketLenApprox=0
20:25:01.784 INF [REQ] ClientRequest received -> bucket bucketID=24 clientID=0 clientSn=4054
20:25:01.784 DBG [REQ] Bucket size after enqueue bucketID=24 bucketLenApprox=0
20:25:01.799 INF [REQ] ClientRequest received -> bucket bucketID=42 clientID=0 clientSn=4058
20:25:01.800 DBG [REQ] Bucket size after enqueue bucketID=42 bucketLenApprox=4
20:25:01.816 INF [REQ] ClientRequest received -> bucket bucketID=25 clientID=0 clientSn=4062
20:25:01.816 DBG [REQ] Bucket size after enqueue bucketID=25 bucketLenApprox=0
20:25:01.831 INF [REQ] ClientRequest received -> bucket bucketID=62 clientID=0 clientSn=4066
20:25:01.831 DBG [REQ] Bucket size after enqueue bucketID=62 bucketLenApprox=4
20:25:01.846 INF [REQ] ClientRequest received -> bucket bucketID=6 clientID=0 clientSn=4070
20:25:01.847 DBG [REQ] Bucket size after enqueue bucketID=6 bucketLenApprox=5
20:25:01.862 INF [REQ] ClientRequest received -> bucket bucketID=46 clientID=0 clientSn=4074
20:25:01.863 DBG [REQ] Bucket size after enqueue bucketID=46 bucketLenApprox=4
20:25:01.878 INF [REQ] ClientRequest received -> bucket bucketID=55 clientID=0 clientSn=4078
20:25:01.878 DBG [REQ] Bucket size after enqueue bucketID=55 bucketLenApprox=0
20:25:01.893 INF [REQ] ClientRequest received -> bucket bucketID=56 clientID=0 clientSn=4082
20:25:01.894 DBG [REQ] Bucket size after enqueue bucketID=56 bucketLenApprox=0
20:25:01.909 INF [REQ] ClientRequest received -> bucket bucketID=34 clientID=0 clientSn=4086
20:25:01.909 DBG [REQ] Bucket size after enqueue bucketID=34 bucketLenApprox=5
20:25:01.925 INF [REQ] ClientRequest received -> bucket bucketID=28 clientID=0 clientSn=4090
20:25:01.925 DBG [REQ] Bucket size after enqueue bucketID=28 bucketLenApprox=0
20:25:01.940 INF [REQ] ClientRequest received -> bucket bucketID=20 clientID=0 clientSn=4094
20:25:01.940 DBG [REQ] Bucket size after enqueue bucketID=20 bucketLenApprox=0
20:25:01.956 INF [REQ] ClientRequest received -> bucket bucketID=61 clientID=0 clientSn=4098
20:25:01.956 DBG [REQ] Bucket size after enqueue bucketID=61 bucketLenApprox=0
20:25:01.972 INF [REQ] ClientRequest received -> bucket bucketID=52 clientID=0 clientSn=4102
20:25:01.972 DBG [REQ] Bucket size after enqueue bucketID=52 bucketLenApprox=0
20:25:01.987 INF [REQ] ClientRequest received -> bucket bucketID=11 clientID=0 clientSn=4106
20:25:01.987 DBG [REQ] Bucket size after enqueue bucketID=11 bucketLenApprox=0
20:25:02.003 INF [REQ] ClientRequest received -> bucket bucketID=16 clientID=0 clientSn=4110
20:25:02.003 DBG [REQ] Bucket size after enqueue bucketID=16 bucketLenApprox=0
20:25:02.018 INF [REQ] ClientRequest received -> bucket bucketID=15 clientID=0 clientSn=4114
20:25:02.018 DBG [REQ] Bucket size after enqueue bucketID=15 bucketLenApprox=0
20:25:02.034 INF [REQ] ClientRequest received -> bucket bucketID=29 clientID=0 clientSn=4118
20:25:02.035 DBG [REQ] Bucket size after enqueue bucketID=29 bucketLenApprox=0
20:25:02.049 INF [REQ] ClientRequest received -> bucket bucketID=28 clientID=0 clientSn=4122
20:25:02.050 DBG [REQ] Bucket size after enqueue bucketID=28 bucketLenApprox=0
20:25:02.066 INF [REQ] ClientRequest received -> bucket bucketID=33 clientID=0 clientSn=4126
20:25:02.066 DBG [REQ] Bucket size after enqueue bucketID=33 bucketLenApprox=0
20:25:02.081 INF [REQ] ClientRequest received -> bucket bucketID=16 clientID=0 clientSn=4130
20:25:02.081 DBG [REQ] Bucket size after enqueue bucketID=16 bucketLenApprox=0
20:25:02.097 INF [REQ] ClientRequest received -> bucket bucketID=2 clientID=0 clientSn=4134
20:25:02.097 DBG [REQ] Bucket size after enqueue bucketID=2 bucketLenApprox=5
20:25:02.112 INF [REQ] ClientRequest received -> bucket bucketID=63 clientID=0 clientSn=4138
20:25:02.112 DBG [REQ] Bucket size after enqueue bucketID=63 bucketLenApprox=0
20:25:02.128 INF [REQ] ClientRequest received -> bucket bucketID=26 clientID=0 clientSn=4142
20:25:02.128 DBG [REQ] Bucket size after enqueue bucketID=26 bucketLenApprox=6
20:25:02.143 INF [REQ] ClientRequest received -> bucket bucketID=1 clientID=0 clientSn=4146
20:25:02.143 DBG [REQ] Bucket size after enqueue bucketID=1 bucketLenApprox=0
20:25:02.159 INF [REQ] ClientRequest received -> bucket bucketID=20 clientID=0 clientSn=4150
20:25:02.159 DBG [REQ] Bucket size after enqueue bucketID=20 bucketLenApprox=0
20:25:02.175 INF [REQ] ClientRequest received -> bucket bucketID=57 clientID=0 clientSn=4154
20:25:02.175 DBG [REQ] Bucket size after enqueue bucketID=57 bucketLenApprox=0
20:25:02.191 INF [REQ] ClientRequest received -> bucket bucketID=45 clientID=0 clientSn=4158
20:25:02.191 DBG [REQ] Bucket size after enqueue bucketID=45 bucketLenApprox=0
20:25:02.206 INF [REQ] ClientRequest received -> bucket bucketID=60 clientID=0 clientSn=4162
20:25:02.206 DBG [REQ] Bucket size after enqueue bucketID=60 bucketLenApprox=0
20:25:02.221 INF [REQ] ClientRequest received -> bucket bucketID=15 clientID=0 clientSn=4166
20:25:02.221 DBG [REQ] Bucket size after enqueue bucketID=15 bucketLenApprox=0
20:25:02.237 INF [REQ] ClientRequest received -> bucket bucketID=45 clientID=0 clientSn=4170
20:25:02.238 DBG [REQ] Bucket size after enqueue bucketID=45 bucketLenApprox=0
20:25:02.253 INF [REQ] ClientRequest received -> bucket bucketID=9 clientID=0 clientSn=4174
20:25:02.253 DBG [REQ] Bucket size after enqueue bucketID=9 bucketLenApprox=0
20:25:02.269 INF [REQ] ClientRequest received -> bucket bucketID=41 clientID=0 clientSn=4178
20:25:02.269 DBG [REQ] Bucket size after enqueue bucketID=41 bucketLenApprox=0
20:25:02.284 INF [REQ] ClientRequest received -> bucket bucketID=42 clientID=0 clientSn=4182
20:25:02.285 DBG [REQ] Bucket size after enqueue bucketID=42 bucketLenApprox=6
20:25:02.299 INF [REQ] ClientRequest received -> bucket bucketID=9 clientID=0 clientSn=4186
20:25:02.300 DBG [REQ] Bucket size after enqueue bucketID=9 bucketLenApprox=0
20:25:02.315 INF [REQ] ClientRequest received -> bucket bucketID=6 clientID=0 clientSn=4190
20:25:02.315 DBG [REQ] Bucket size after enqueue bucketID=6 bucketLenApprox=7
20:25:02.331 INF [REQ] ClientRequest received -> bucket bucketID=51 clientID=0 clientSn=4194
20:25:02.332 DBG [REQ] Bucket size after enqueue bucketID=51 bucketLenApprox=0
20:25:02.346 INF [REQ] ClientRequest received -> bucket bucketID=55 clientID=0 clientSn=4198
20:25:02.347 DBG [REQ] Bucket size after enqueue bucketID=55 bucketLenApprox=0
20:25:02.362 INF [REQ] ClientRequest received -> bucket bucketID=27 clientID=0 clientSn=4202
20:25:02.362 DBG [REQ] Bucket size after enqueue bucketID=27 bucketLenApprox=0
20:25:02.378 INF [REQ] ClientRequest received -> bucket bucketID=40 clientID=0 clientSn=4206
20:25:02.378 DBG [REQ] Bucket size after enqueue bucketID=40 bucketLenApprox=0
20:25:02.394 INF [REQ] ClientRequest received -> bucket bucketID=63 clientID=0 clientSn=4210
20:25:02.394 DBG [REQ] Bucket size after enqueue bucketID=63 bucketLenApprox=0
20:25:02.408 INF [REQ] ClientRequest received -> bucket bucketID=59 clientID=0 clientSn=4214
20:25:02.409 DBG [REQ] Bucket size after enqueue bucketID=59 bucketLenApprox=0
20:25:02.425 INF [REQ] ClientRequest received -> bucket bucketID=55 clientID=0 clientSn=4218
20:25:02.426 DBG [REQ] Bucket size after enqueue bucketID=55 bucketLenApprox=0
20:25:02.441 INF [REQ] ClientRequest received -> bucket bucketID=46 clientID=0 clientSn=4222
20:25:02.442 DBG [REQ] Bucket size after enqueue bucketID=46 bucketLenApprox=7
20:25:02.457 INF [REQ] ClientRequest received -> bucket bucketID=1 clientID=0 clientSn=4226
20:25:02.457 DBG [REQ] Bucket size after enqueue bucketID=1 bucketLenApprox=0
20:25:02.472 INF [REQ] ClientRequest received -> bucket bucketID=60 clientID=0 clientSn=4230
20:25:02.472 DBG [REQ] Bucket size after enqueue bucketID=60 bucketLenApprox=0
20:25:02.487 INF [REQ] ClientRequest received -> bucket bucketID=29 clientID=0 clientSn=4234
20:25:02.487 DBG [REQ] Bucket size after enqueue bucketID=29 bucketLenApprox=0
20:25:02.503 INF [REQ] ClientRequest received -> bucket bucketID=28 clientID=0 clientSn=4238
20:25:02.503 DBG [REQ] Bucket size after enqueue bucketID=28 bucketLenApprox=0
20:25:02.519 INF [REQ] ClientRequest received -> bucket bucketID=23 clientID=0 clientSn=4242
20:25:02.519 DBG [REQ] Bucket size after enqueue bucketID=23 bucketLenApprox=0
20:25:02.534 INF [REQ] ClientRequest received -> bucket bucketID=10 clientID=0 clientSn=4246
20:25:02.534 DBG [REQ] Bucket size after enqueue bucketID=10 bucketLenApprox=8
20:25:02.550 INF [REQ] ClientRequest received -> bucket bucketID=21 clientID=0 clientSn=4250
20:25:02.551 DBG [REQ] Bucket size after enqueue bucketID=21 bucketLenApprox=0
20:25:02.565 INF [REQ] ClientRequest received -> bucket bucketID=22 clientID=0 clientSn=4254
20:25:02.566 DBG [REQ] Bucket size after enqueue bucketID=22 bucketLenApprox=8
20:25:02.581 INF [REQ] ClientRequest received -> bucket bucketID=62 clientID=0 clientSn=4258
20:25:02.582 DBG [REQ] Bucket size after enqueue bucketID=62 bucketLenApprox=7
20:25:02.596 INF [REQ] ClientRequest received -> bucket bucketID=41 clientID=0 clientSn=4262
20:25:02.597 DBG [REQ] Bucket size after enqueue bucketID=41 bucketLenApprox=0
20:25:02.612 INF [REQ] ClientRequest received -> bucket bucketID=8 clientID=0 clientSn=4266
20:25:02.612 DBG [REQ] Bucket size after enqueue bucketID=8 bucketLenApprox=0
20:25:02.628 INF [REQ] ClientRequest received -> bucket bucketID=47 clientID=0 clientSn=4270
20:25:02.628 DBG [REQ] Bucket size after enqueue bucketID=47 bucketLenApprox=0
20:25:02.644 INF [REQ] ClientRequest received -> bucket bucketID=33 clientID=0 clientSn=4274
20:25:02.644 DBG [REQ] Bucket size after enqueue bucketID=33 bucketLenApprox=0
20:25:02.659 INF [REQ] ClientRequest received -> bucket bucketID=48 clientID=0 clientSn=4278
20:25:02.659 DBG [REQ] Bucket size after enqueue bucketID=48 bucketLenApprox=0
20:25:02.675 INF [REQ] ClientRequest received -> bucket bucketID=16 clientID=0 clientSn=4282
20:25:02.675 DBG [REQ] Bucket size after enqueue bucketID=16 bucketLenApprox=0
20:25:02.690 INF [REQ] ClientRequest received -> bucket bucketID=23 clientID=0 clientSn=4286
20:25:02.690 DBG [REQ] Bucket size after enqueue bucketID=23 bucketLenApprox=0
20:25:02.706 INF [REQ] ClientRequest received -> bucket bucketID=4 clientID=0 clientSn=4290
20:25:02.706 DBG [REQ] Bucket size after enqueue bucketID=4 bucketLenApprox=0
20:25:02.717 DBG Batch cut. left=0 nBuckets=16 nReq=128 next=0
PROPOSE sn=34 size=128
[MPX][NET] SEND Accept sn=34 bytes=74750 gid=34 digest=f6c85e2ff73baaea
[MC][SEND] kind=Accept sn=34 gid=0 dst=ALL (fallback)
[MPX] PROPOSE sn=34 size=128
[MPX][NET] SEND Prepare sn=35
[MC][SEND] kind=Prepare sn=35 gid=0 dst=ALL
[MPX][IN ] PROMISE sn=34 from=3 members=[0 1 2 3]
[MPX][IN ] PROMISE sn=34 from=1 members=[0 1 2 3]
[MPX][IN ] PREPARE sn=34 from=3
20:25:02.719 DBG Batch cut. left=0 nBuckets=16 nReq=0 next=0
[MPX][NET] SEND Prepare sn=36
[MC][SEND] kind=Prepare sn=36 gid=0 dst=ALL
20:25:02.719 DBG Batch cut. left=0 nBuckets=16 nReq=0 next=0
[MPX][NET] SEND Prepare sn=37
[MC][SEND] kind=Prepare sn=37 gid=0 dst=ALL
20:25:02.719 DBG Batch cut. left=0 nBuckets=16 nReq=0 next=0
[MPX][NET] SEND Prepare sn=38
[MC][SEND] kind=Prepare sn=38 gid=0 dst=ALL
20:25:02.722 WRN MPX handles message from self. sn=34
[MPX][IN ] ACCEPT sn=34 from=2 gid=34
20:25:02.722 WRN MPX handles message from self. sn=35
[MPX][QUORUM] ACCEPT sn=34 acceptCount=1 quorum=3 digest=f6c85e2ff73baaea
[MPX][NET] SKIP Accepted sn=34 (leader=self)
20:25:02.722 INF [REQ] ClientRequest received -> bucket bucketID=4 clientID=0 clientSn=4294
20:25:02.722 WRN MPX handles message from self. sn=36
[MPX][IN ] PREPARE sn=35 from=2
[MPX][IN ] PREPARE sn=36 from=2
20:25:02.722 WRN MPX handles message from self. sn=37
20:25:02.722 DBG [REQ] Bucket size after enqueue bucketID=4 bucketLenApprox=0
[MPX][IN ] PREPARE sn=37 from=2
20:25:02.723 WRN MPX handles message from self. sn=38
[MPX][IN ] PREPARE sn=38 from=2
[MPX][IN ] PROMISE sn=37 from=1 members=[0 1 2 3]
[MPX][IN ] ACCEPTED sn=34 from=1
[MPX][QUORUM] ACCEPTED sn=34 count=2/3 digest=f6c85e2ff73baaea
[MPX][IN ] PROMISE sn=36 from=1 members=[0 1 2 3]
[MC][GROUP] sn=36 gid=37 members=[1 0 3]
[MPX][IN ] PROMISE sn=36 from=0 members=[0 1 2 3]
[MC][GROUP] sn=38 gid=39 members=[1 0 3]
[MPX][IN ] PROMISE sn=36 from=3 members=[0 1 2 3]
[MPX][IN ] ACCEPTED sn=34 from=3
[MPX][IN ] PROMISE sn=37 from=3 members=[0 1 2 3]
[MPX][QUORUM] ACCEPTED sn=34 count=3/3 digest=f6c85e2ff73baaea
[MC][GROUP] sn=37 gid=38 members=[3 0 1]
[MPX][QUORUM] MAJORITY REACHED sn=34 → COMMIT digest=f6c85e2ff73baaea
[MPX][NET] SEND Commit sn=34 gid=34 digest=f6c85e2ff73baaea
[MPX][IN ] PROMISE sn=37 from=0 members=[0 1 2 3]
[MC][SEND] kind=Commit sn=34 gid=0 dst=ALL (fallback)
[MPX][NET] GOSSIP Commit sn=34 gid=34 digest=f6c85e2ff73baaea
[MC][SEND] kind=Commit sn=34 gid=0 dst=ALL (fallback)
[MPX][CHK] ANNOUNCE sn=34 reqs=128
20:25:02.727 INF Committed entry. latency=0 nReq=128 sn=34
SB-DELIVER sn=34 size=128
COMMIT sn=34 size=128
DELIVER sn=34 delivered=128
[MPX] COMMIT  sn=34 size=128
[MPX][IN ] ACCEPTED sn=34 from=0
[MPX][QUORUM] ACCEPTED sn=34 count=4/3 digest=f6c85e2ff73baaea
20:25:02.731 WRN MPX handles message from self. sn=34
20:25:02.732 WRN MPX handles message from self. sn=34
[MPX][IN ] COMMIT sn=34 from=2 gid=34
[MPX][IN ] COMMIT sn=34 from=2 gid=34
20:25:02.738 INF [REQ] ClientRequest received -> bucket bucketID=57 clientID=0 clientSn=4298
20:25:02.738 DBG [REQ] Bucket size after enqueue bucketID=57 bucketLenApprox=0
[MPX][IN ] COMMIT sn=34 from=1 gid=34
[MPX][IN ] COMMIT sn=34 from=0 gid=34
[MPX][IN ] PREPARE sn=34 from=0
[MPX][IN ] ACCEPT sn=34 from=0 gid=34
[MPX][QUORUM] ACCEPT sn=34 acceptCount=4 quorum=3 digest=f6c85e2ff73baaea
[MPX][NET] SKIP Accepted sn=34 (leader=self)
[MPX][IN ] ACCEPT sn=32 from=0 gid=32
[MPX][QUORUM] ACCEPT sn=32 acceptCount=1 quorum=3 digest=4d8f805d207e3f50
[MPX][NET] SEND Accepted sn=32 → leader=0 (unicast)
[MPX][IN ] PREPARE sn=33 from=0
[MPX][IN ] COMMIT sn=34 from=3 gid=34
[MPX][IN ] ACCEPTED sn=34 from=3
[MPX][IN ] COMMIT sn=34 from=0 gid=34
[MPX][IN ] PREPARE sn=35 from=0
[MPX][IN ] PREPARE sn=36 from=0
[MPX][IN ] ACCEPTED sn=34 from=1
20:25:02.759 INF [REQ] ClientRequest received -> bucket bucketID=23 clientID=0 clientSn=4302
20:25:02.760 DBG [REQ] Bucket size after enqueue bucketID=23 bucketLenApprox=0
[MPX][IN ] COMMIT sn=32 from=0 gid=32
[MPX][IN ] ACCEPTED sn=34 from=0
[MPX][NET] GOSSIP Commit sn=32 gid=32 digest=4d8f805d207e3f50
[MC][SEND] kind=Commit sn=32 gid=0 dst=ALL (fallback)
[MPX][CHK] ANNOUNCE sn=32 reqs=129
20:25:02.765 INF Committed entry. latency=0 nReq=129 sn=32
SB-DELIVER sn=32 size=129
COMMIT sn=32 size=129
DELIVER sn=32 delivered=129
[MPX] COMMIT  sn=32 size=129
[MPX][IN ] COMMIT sn=32 from=0 gid=32
20:25:02.768 WRN MPX handles message from self. sn=32
[MPX][IN ] COMMIT sn=32 from=2 gid=32
[MPX][IN ] COMMIT sn=32 from=1 gid=32
20:25:02.777 INF [REQ] ClientRequest received -> bucket bucketID=40 clientID=0 clientSn=4306
20:25:02.777 DBG [REQ] Bucket size after enqueue bucketID=40 bucketLenApprox=0
[MPX][IN ] PREPARE sn=36 from=3
[MPX][IN ] PREPARE sn=39 from=3
[MPX][IN ] PREPARE sn=37 from=3
[MPX][IN ] COMMIT sn=32 from=3 gid=32
[MPX][IN ] ACCEPT sn=35 from=3 gid=35
[MPX][NET] SEND Promise sn=39 members=[0 1 2 3]
[MPX][QUORUM] ACCEPT sn=35 acceptCount=1 quorum=3 digest=2776fac4e1adcefa
[MPX][NET] SEND Accepted sn=35 → leader=3 (unicast)
20:25:02.781 WRN MPX handles message from self. sn=39
[MPX][IN ] PROMISE sn=39 from=2 members=[0 1 2 3]
[MPX][IN ] PROMISE sn=39 from=1 members=[0 1 2 3]
20:25:02.784 INF [REQ] ClientRequest received -> bucket bucketID=22 clientID=0 clientSn=4310
20:25:02.784 DBG [REQ] Bucket size after enqueue bucketID=22 bucketLenApprox=0
[MPX][IN ] COMMIT sn=35 from=3 gid=35
[MPX][NET] GOSSIP Commit sn=35 gid=35 digest=2776fac4e1adcefa
[MC][SEND] kind=Commit sn=35 gid=0 dst=ALL (fallback)
[MPX][CHK] ANNOUNCE sn=35 reqs=128
20:25:02.795 INF Committed entry. latency=0 nReq=128 sn=35
SB-DELIVER sn=35 size=128
COMMIT sn=35 size=128
DELIVER sn=35 delivered=128
[MPX] COMMIT  sn=35 size=128
[MPX][IN ] COMMIT sn=35 from=3 gid=35
20:25:02.801 INF [REQ] ClientRequest received -> bucket bucketID=52 clientID=0 clientSn=4314
20:25:02.801 DBG [REQ] Bucket size after enqueue bucketID=52 bucketLenApprox=0
[MPX][IN ] COMMIT sn=35 from=0 gid=35
[MPX][IN ] PREPARE sn=37 from=1
[MPX][IN ] COMMIT sn=35 from=1 gid=35
20:25:02.807 WRN MPX handles message from self. sn=35
[MPX][IN ] COMMIT sn=35 from=2 gid=35
[MPX][IN ] PREPARE sn=36 from=1
[MPX][IN ] PREPARE sn=34 from=1
[MPX][IN ] ACCEPT sn=34 from=1 gid=34
[MPX][QUORUM] ACCEPT sn=34 acceptCount=4 quorum=3 digest=f6c85e2ff73baaea
[MPX][NET] SEND Accepted sn=34 → leader=1 (unicast)
[MPX][IN ] PREPARE sn=35 from=1
[MPX][IN ] ACCEPT sn=35 from=1 gid=35
[MPX][QUORUM] ACCEPT sn=35 acceptCount=1 quorum=3 digest=2776fac4e1adcefa
[MPX][NET] SEND Accepted sn=35 → leader=1 (unicast)
[MPX][IN ] ACCEPT sn=33 from=1 gid=33
[MPX][QUORUM] ACCEPT sn=33 acceptCount=1 quorum=3 digest=f33ab7bdf395d700
[MPX][NET] SEND Accepted sn=33 → leader=1 (unicast)
20:25:02.815 INF [REQ] ClientRequest received -> bucket bucketID=29 clientID=0 clientSn=4318
20:25:02.815 DBG [REQ] Bucket size after enqueue bucketID=29 bucketLenApprox=0
[MPX][IN ] COMMIT sn=33 from=1 gid=33
[MPX][NET] GOSSIP Commit sn=33 gid=33 digest=f33ab7bdf395d700
[MC][SEND] kind=Commit sn=33 gid=0 dst=ALL (fallback)
[MPX][CHK] ANNOUNCE sn=33 reqs=129
20:25:02.825 INF Committed entry. latency=0 nReq=129 sn=33
SB-DELIVER sn=33 size=129
COMMIT sn=33 size=129
DELIVER sn=33 delivered=129
[MPX] COMMIT  sn=33 size=129
[MPX][IN ] COMMIT sn=33 from=1 gid=33
20:25:02.834 WRN MPX handles message from self. sn=33
[MPX][IN ] COMMIT sn=33 from=2 gid=33
20:25:02.838 INF [REQ] ClientRequest received -> bucket bucketID=11 clientID=0 clientSn=4322
20:25:02.838 DBG [REQ] Bucket size after enqueue bucketID=11 bucketLenApprox=0
[MPX][IN ] COMMIT sn=33 from=0 gid=33
[MPX][IN ] COMMIT sn=33 from=3 gid=33
[MPX][IN ] COMMIT sn=34 from=1 gid=34
[MPX][IN ] COMMIT sn=34 from=1 gid=34
20:25:02.851 INF [REQ] ClientRequest received -> bucket bucketID=31 clientID=0 clientSn=4326
20:25:02.851 DBG [REQ] Bucket size after enqueue bucketID=31 bucketLenApprox=0
20:25:02.862 INF [REQ] ClientRequest received -> bucket bucketID=48 clientID=0 clientSn=4330
20:25:02.863 DBG [REQ] Bucket size after enqueue bucketID=48 bucketLenApprox=0
20:25:02.878 INF [REQ] ClientRequest received -> bucket bucketID=17 clientID=0 clientSn=4334
20:25:02.878 DBG [REQ] Bucket size after enqueue bucketID=17 bucketLenApprox=0
20:25:02.894 INF [REQ] ClientRequest received -> bucket bucketID=20 clientID=0 clientSn=4338
20:25:02.894 DBG [REQ] Bucket size after enqueue bucketID=20 bucketLenApprox=0
20:25:02.909 INF [REQ] ClientRequest received -> bucket bucketID=27 clientID=0 clientSn=4342
20:25:02.909 DBG [REQ] Bucket size after enqueue bucketID=27 bucketLenApprox=0
20:25:02.925 INF [REQ] ClientRequest received -> bucket bucketID=55 clientID=0 clientSn=4346
20:25:02.925 DBG [REQ] Bucket size after enqueue bucketID=55 bucketLenApprox=0
20:25:02.959 INF [REQ] ClientRequest received -> bucket bucketID=34 clientID=0 clientSn=4350
20:25:02.959 DBG [REQ] Bucket size after enqueue bucketID=34 bucketLenApprox=1
20:25:02.969 INF [REQ] ClientRequest received -> bucket bucketID=52 clientID=0 clientSn=4354
20:25:02.969 DBG [REQ] Bucket size after enqueue bucketID=52 bucketLenApprox=0
20:25:02.972 INF [REQ] ClientRequest received -> bucket bucketID=6 clientID=0 clientSn=4358
20:25:02.972 DBG [REQ] Bucket size after enqueue bucketID=6 bucketLenApprox=1
20:25:02.987 INF [REQ] ClientRequest received -> bucket bucketID=61 clientID=0 clientSn=4362
20:25:02.987 DBG [REQ] Bucket size after enqueue bucketID=61 bucketLenApprox=0
20:25:03.002 INF [REQ] ClientRequest received -> bucket bucketID=39 clientID=0 clientSn=4366
20:25:03.002 DBG [REQ] Bucket size after enqueue bucketID=39 bucketLenApprox=0
20:25:03.019 INF [REQ] ClientRequest received -> bucket bucketID=35 clientID=0 clientSn=4370
20:25:03.019 DBG [REQ] Bucket size after enqueue bucketID=35 bucketLenApprox=0
20:25:03.034 INF [REQ] ClientRequest received -> bucket bucketID=60 clientID=0 clientSn=4374
20:25:03.034 DBG [REQ] Bucket size after enqueue bucketID=60 bucketLenApprox=0
20:25:03.049 INF [REQ] ClientRequest received -> bucket bucketID=22 clientID=0 clientSn=4378
20:25:03.050 DBG [REQ] Bucket size after enqueue bucketID=22 bucketLenApprox=2
20:25:03.066 INF [REQ] ClientRequest received -> bucket bucketID=47 clientID=0 clientSn=4382
20:25:03.066 DBG [REQ] Bucket size after enqueue bucketID=47 bucketLenApprox=0
20:25:03.081 INF [REQ] ClientRequest received -> bucket bucketID=28 clientID=0 clientSn=4386
20:25:03.081 DBG [REQ] Bucket size after enqueue bucketID=28 bucketLenApprox=0
20:25:03.096 INF [REQ] ClientRequest received -> bucket bucketID=63 clientID=0 clientSn=4390
20:25:03.096 DBG [REQ] Bucket size after enqueue bucketID=63 bucketLenApprox=0
20:25:03.112 INF [REQ] ClientRequest received -> bucket bucketID=48 clientID=0 clientSn=4394
20:25:03.112 DBG [REQ] Bucket size after enqueue bucketID=48 bucketLenApprox=0
20:25:03.128 INF [REQ] ClientRequest received -> bucket bucketID=58 clientID=0 clientSn=4398
20:25:03.128 DBG [REQ] Bucket size after enqueue bucketID=58 bucketLenApprox=1
20:25:03.143 INF [REQ] ClientRequest received -> bucket bucketID=1 clientID=0 clientSn=4402
20:25:03.143 DBG [REQ] Bucket size after enqueue bucketID=1 bucketLenApprox=0
20:25:03.159 INF [REQ] ClientRequest received -> bucket bucketID=18 clientID=0 clientSn=4406
20:25:03.159 DBG [REQ] Bucket size after enqueue bucketID=18 bucketLenApprox=2
20:25:03.174 INF [REQ] ClientRequest received -> bucket bucketID=38 clientID=0 clientSn=4410
20:25:03.174 DBG [REQ] Bucket size after enqueue bucketID=38 bucketLenApprox=2
20:25:03.190 INF [REQ] ClientRequest received -> bucket bucketID=47 clientID=0 clientSn=4414
20:25:03.190 DBG [REQ] Bucket size after enqueue bucketID=47 bucketLenApprox=0
20:25:03.206 INF [REQ] ClientRequest received -> bucket bucketID=35 clientID=0 clientSn=4418
20:25:03.206 DBG [REQ] Bucket size after enqueue bucketID=35 bucketLenApprox=0
20:25:03.221 INF [REQ] ClientRequest received -> bucket bucketID=60 clientID=0 clientSn=4422
20:25:03.221 DBG [REQ] Bucket size after enqueue bucketID=60 bucketLenApprox=0
20:25:03.237 INF [REQ] ClientRequest received -> bucket bucketID=35 clientID=0 clientSn=4426
20:25:03.237 DBG [REQ] Bucket size after enqueue bucketID=35 bucketLenApprox=0
20:25:03.252 INF [REQ] ClientRequest received -> bucket bucketID=7 clientID=0 clientSn=4430
20:25:03.253 DBG [REQ] Bucket size after enqueue bucketID=7 bucketLenApprox=0
20:25:03.268 INF [REQ] ClientRequest received -> bucket bucketID=57 clientID=0 clientSn=4434
20:25:03.269 DBG [REQ] Bucket size after enqueue bucketID=57 bucketLenApprox=0
20:25:03.284 INF [REQ] ClientRequest received -> bucket bucketID=17 clientID=0 clientSn=4438
20:25:03.284 DBG [REQ] Bucket size after enqueue bucketID=17 bucketLenApprox=0
20:25:03.300 INF [REQ] ClientRequest received -> bucket bucketID=30 clientID=0 clientSn=4442
20:25:03.300 DBG [REQ] Bucket size after enqueue bucketID=30 bucketLenApprox=2
20:25:03.315 INF [REQ] ClientRequest received -> bucket bucketID=8 clientID=0 clientSn=4446
20:25:03.316 DBG [REQ] Bucket size after enqueue bucketID=8 bucketLenApprox=0
20:25:03.331 INF [REQ] ClientRequest received -> bucket bucketID=23 clientID=0 clientSn=4450
20:25:03.331 DBG [REQ] Bucket size after enqueue bucketID=23 bucketLenApprox=0
20:25:03.346 INF [REQ] ClientRequest received -> bucket bucketID=6 clientID=0 clientSn=4454
20:25:03.346 DBG [REQ] Bucket size after enqueue bucketID=6 bucketLenApprox=3
20:25:03.362 INF [REQ] ClientRequest received -> bucket bucketID=54 clientID=0 clientSn=4458
20:25:03.362 DBG [REQ] Bucket size after enqueue bucketID=54 bucketLenApprox=2
20:25:03.377 INF [REQ] ClientRequest received -> bucket bucketID=18 clientID=0 clientSn=4462
20:25:03.378 DBG [REQ] Bucket size after enqueue bucketID=18 bucketLenApprox=3
20:25:03.393 INF [REQ] ClientRequest received -> bucket bucketID=12 clientID=0 clientSn=4466
20:25:03.394 DBG [REQ] Bucket size after enqueue bucketID=12 bucketLenApprox=0
20:25:03.409 INF [REQ] ClientRequest received -> bucket bucketID=4 clientID=0 clientSn=4470
20:25:03.409 DBG [REQ] Bucket size after enqueue bucketID=4 bucketLenApprox=0
20:25:03.425 INF [REQ] ClientRequest received -> bucket bucketID=56 clientID=0 clientSn=4474
20:25:03.425 DBG [REQ] Bucket size after enqueue bucketID=56 bucketLenApprox=0
20:25:03.440 INF [REQ] ClientRequest received -> bucket bucketID=51 clientID=0 clientSn=4478
20:25:03.440 DBG [REQ] Bucket size after enqueue bucketID=51 bucketLenApprox=0
20:25:03.456 INF [REQ] ClientRequest received -> bucket bucketID=30 clientID=0 clientSn=4482
20:25:03.456 DBG [REQ] Bucket size after enqueue bucketID=30 bucketLenApprox=3
20:25:03.472 INF [REQ] ClientRequest received -> bucket bucketID=1 clientID=0 clientSn=4486
20:25:03.472 DBG [REQ] Bucket size after enqueue bucketID=1 bucketLenApprox=0
20:25:03.487 INF [REQ] ClientRequest received -> bucket bucketID=30 clientID=0 clientSn=4490
20:25:03.487 DBG [REQ] Bucket size after enqueue bucketID=30 bucketLenApprox=3
20:25:03.503 INF [REQ] ClientRequest received -> bucket bucketID=40 clientID=0 clientSn=4494
20:25:03.503 DBG [REQ] Bucket size after enqueue bucketID=40 bucketLenApprox=0
20:25:03.518 INF [REQ] ClientRequest received -> bucket bucketID=38 clientID=0 clientSn=4498
20:25:03.518 DBG [REQ] Bucket size after enqueue bucketID=38 bucketLenApprox=3
20:25:03.534 INF [REQ] ClientRequest received -> bucket bucketID=38 clientID=0 clientSn=4502
20:25:03.534 DBG [REQ] Bucket size after enqueue bucketID=38 bucketLenApprox=3
20:25:03.549 INF [REQ] ClientRequest received -> bucket bucketID=38 clientID=0 clientSn=4506
20:25:03.549 DBG [REQ] Bucket size after enqueue bucketID=38 bucketLenApprox=3
20:25:03.565 INF [REQ] ClientRequest received -> bucket bucketID=47 clientID=0 clientSn=4510
20:25:03.565 DBG [REQ] Bucket size after enqueue bucketID=47 bucketLenApprox=0
20:25:03.581 INF [REQ] ClientRequest received -> bucket bucketID=20 clientID=0 clientSn=4514
20:25:03.581 DBG [REQ] Bucket size after enqueue bucketID=20 bucketLenApprox=0
20:25:03.596 INF [REQ] ClientRequest received -> bucket bucketID=2 clientID=0 clientSn=4518
20:25:03.597 DBG [REQ] Bucket size after enqueue bucketID=2 bucketLenApprox=3
20:25:03.612 INF [REQ] ClientRequest received -> bucket bucketID=1 clientID=0 clientSn=4522
20:25:03.612 DBG [REQ] Bucket size after enqueue bucketID=1 bucketLenApprox=0
20:25:03.628 INF [REQ] ClientRequest received -> bucket bucketID=48 clientID=0 clientSn=4526
20:25:03.628 DBG [REQ] Bucket size after enqueue bucketID=48 bucketLenApprox=0
20:25:03.643 INF [REQ] ClientRequest received -> bucket bucketID=33 clientID=0 clientSn=4530
20:25:03.643 DBG [REQ] Bucket size after enqueue bucketID=33 bucketLenApprox=0
20:25:03.659 INF [REQ] ClientRequest received -> bucket bucketID=3 clientID=0 clientSn=4534
20:25:03.659 DBG [REQ] Bucket size after enqueue bucketID=3 bucketLenApprox=0
20:25:03.674 INF [REQ] ClientRequest received -> bucket bucketID=17 clientID=0 clientSn=4538
20:25:03.674 DBG [REQ] Bucket size after enqueue bucketID=17 bucketLenApprox=0
20:25:03.690 INF [REQ] ClientRequest received -> bucket bucketID=59 clientID=0 clientSn=4542
20:25:03.690 DBG [REQ] Bucket size after enqueue bucketID=59 bucketLenApprox=0
20:25:03.705 INF [REQ] ClientRequest received -> bucket bucketID=51 clientID=0 clientSn=4546
20:25:03.706 DBG [REQ] Bucket size after enqueue bucketID=51 bucketLenApprox=0
20:25:03.722 INF [REQ] ClientRequest received -> bucket bucketID=44 clientID=0 clientSn=4550
20:25:03.723 DBG [REQ] Bucket size after enqueue bucketID=44 bucketLenApprox=0
20:25:03.737 INF [REQ] ClientRequest received -> bucket bucketID=38 clientID=0 clientSn=4554
20:25:03.738 DBG [REQ] Bucket size after enqueue bucketID=38 bucketLenApprox=4
20:25:03.753 INF [REQ] ClientRequest received -> bucket bucketID=46 clientID=0 clientSn=4558
20:25:03.753 DBG [REQ] Bucket size after enqueue bucketID=46 bucketLenApprox=4
20:25:03.768 INF [REQ] ClientRequest received -> bucket bucketID=26 clientID=0 clientSn=4562
20:25:03.768 DBG [REQ] Bucket size after enqueue bucketID=26 bucketLenApprox=4
20:25:03.784 INF [REQ] ClientRequest received -> bucket bucketID=31 clientID=0 clientSn=4566
20:25:03.785 DBG [REQ] Bucket size after enqueue bucketID=31 bucketLenApprox=0
20:25:03.800 INF [REQ] ClientRequest received -> bucket bucketID=53 clientID=0 clientSn=4570
20:25:03.800 DBG [REQ] Bucket size after enqueue bucketID=53 bucketLenApprox=0
20:25:03.816 INF [REQ] ClientRequest received -> bucket bucketID=41 clientID=0 clientSn=4574
20:25:03.816 DBG [REQ] Bucket size after enqueue bucketID=41 bucketLenApprox=0
20:25:03.831 INF [REQ] ClientRequest received -> bucket bucketID=13 clientID=0 clientSn=4578
20:25:03.831 DBG [REQ] Bucket size after enqueue bucketID=13 bucketLenApprox=0
20:25:03.846 INF [REQ] ClientRequest received -> bucket bucketID=18 clientID=0 clientSn=4582
20:25:03.846 DBG [REQ] Bucket size after enqueue bucketID=18 bucketLenApprox=5
20:25:03.862 INF [REQ] ClientRequest received -> bucket bucketID=33 clientID=0 clientSn=4586
20:25:03.862 DBG [REQ] Bucket size after enqueue bucketID=33 bucketLenApprox=0
20:25:03.878 INF [REQ] ClientRequest received -> bucket bucketID=51 clientID=0 clientSn=4590
20:25:03.878 DBG [REQ] Bucket size after enqueue bucketID=51 bucketLenApprox=0
20:25:03.894 INF [REQ] ClientRequest received -> bucket bucketID=57 clientID=0 clientSn=4594
20:25:03.894 DBG [REQ] Bucket size after enqueue bucketID=57 bucketLenApprox=0
20:25:03.909 INF [REQ] ClientRequest received -> bucket bucketID=54 clientID=0 clientSn=4598
20:25:03.909 DBG [REQ] Bucket size after enqueue bucketID=54 bucketLenApprox=4
20:25:03.924 INF [REQ] ClientRequest received -> bucket bucketID=35 clientID=0 clientSn=4602
20:25:03.924 DBG [REQ] Bucket size after enqueue bucketID=35 bucketLenApprox=0
20:25:03.940 INF [REQ] ClientRequest received -> bucket bucketID=41 clientID=0 clientSn=4606
20:25:03.940 DBG [REQ] Bucket size after enqueue bucketID=41 bucketLenApprox=0
20:25:03.956 INF [REQ] ClientRequest received -> bucket bucketID=17 clientID=0 clientSn=4610
20:25:03.956 DBG [REQ] Bucket size after enqueue bucketID=17 bucketLenApprox=0
20:25:03.971 INF [REQ] ClientRequest received -> bucket bucketID=43 clientID=0 clientSn=4614
20:25:03.971 DBG [REQ] Bucket size after enqueue bucketID=43 bucketLenApprox=0
20:25:03.987 INF [REQ] ClientRequest received -> bucket bucketID=23 clientID=0 clientSn=4618
20:25:03.987 DBG [REQ] Bucket size after enqueue bucketID=23 bucketLenApprox=0
20:25:04.002 INF [REQ] ClientRequest received -> bucket bucketID=16 clientID=0 clientSn=4622
20:25:04.002 DBG [REQ] Bucket size after enqueue bucketID=16 bucketLenApprox=0
20:25:04.018 INF [REQ] ClientRequest received -> bucket bucketID=33 clientID=0 clientSn=4626
20:25:04.018 DBG [REQ] Bucket size after enqueue bucketID=33 bucketLenApprox=0
20:25:04.034 INF [REQ] ClientRequest received -> bucket bucketID=41 clientID=0 clientSn=4630
20:25:04.034 DBG [REQ] Bucket size after enqueue bucketID=41 bucketLenApprox=0
20:25:04.050 INF [REQ] ClientRequest received -> bucket bucketID=49 clientID=0 clientSn=4634
20:25:04.050 DBG [REQ] Bucket size after enqueue bucketID=49 bucketLenApprox=0
20:25:04.065 INF [REQ] ClientRequest received -> bucket bucketID=40 clientID=0 clientSn=4638
20:25:04.065 DBG [REQ] Bucket size after enqueue bucketID=40 bucketLenApprox=0
20:25:04.081 INF [REQ] ClientRequest received -> bucket bucketID=3 clientID=0 clientSn=4642
20:25:04.081 DBG [REQ] Bucket size after enqueue bucketID=3 bucketLenApprox=0
20:25:04.097 INF [REQ] ClientRequest received -> bucket bucketID=1 clientID=0 clientSn=4646
20:25:04.097 DBG [REQ] Bucket size after enqueue bucketID=1 bucketLenApprox=0
20:25:04.112 INF [REQ] ClientRequest received -> bucket bucketID=47 clientID=0 clientSn=4650
20:25:04.112 DBG [REQ] Bucket size after enqueue bucketID=47 bucketLenApprox=0
20:25:04.128 INF [REQ] ClientRequest received -> bucket bucketID=11 clientID=0 clientSn=4654
20:25:04.128 DBG [REQ] Bucket size after enqueue bucketID=11 bucketLenApprox=0
20:25:04.143 INF [REQ] ClientRequest received -> bucket bucketID=13 clientID=0 clientSn=4658
20:25:04.143 DBG [REQ] Bucket size after enqueue bucketID=13 bucketLenApprox=0
20:25:04.159 INF [REQ] ClientRequest received -> bucket bucketID=53 clientID=0 clientSn=4662
20:25:04.159 DBG [REQ] Bucket size after enqueue bucketID=53 bucketLenApprox=0
20:25:04.175 INF [REQ] ClientRequest received -> bucket bucketID=0 clientID=0 clientSn=4666
20:25:04.175 DBG [REQ] Bucket size after enqueue bucketID=0 bucketLenApprox=0
20:25:04.190 INF [REQ] ClientRequest received -> bucket bucketID=43 clientID=0 clientSn=4670
20:25:04.190 DBG [REQ] Bucket size after enqueue bucketID=43 bucketLenApprox=0
20:25:04.206 INF [REQ] ClientRequest received -> bucket bucketID=9 clientID=0 clientSn=4674
20:25:04.206 DBG [REQ] Bucket size after enqueue bucketID=9 bucketLenApprox=0
20:25:04.221 INF [REQ] ClientRequest received -> bucket bucketID=54 clientID=0 clientSn=4678
20:25:04.222 DBG [REQ] Bucket size after enqueue bucketID=54 bucketLenApprox=6
20:25:04.238 INF [REQ] ClientRequest received -> bucket bucketID=27 clientID=0 clientSn=4682
20:25:04.238 DBG [REQ] Bucket size after enqueue bucketID=27 bucketLenApprox=0
20:25:04.253 INF [REQ] ClientRequest received -> bucket bucketID=12 clientID=0 clientSn=4686
20:25:04.253 DBG [REQ] Bucket size after enqueue bucketID=12 bucketLenApprox=0
20:25:04.269 INF [REQ] ClientRequest received -> bucket bucketID=52 clientID=0 clientSn=4690
20:25:04.269 DBG [REQ] Bucket size after enqueue bucketID=52 bucketLenApprox=0
20:25:04.284 INF [REQ] ClientRequest received -> bucket bucketID=39 clientID=0 clientSn=4694
20:25:04.284 DBG [REQ] Bucket size after enqueue bucketID=39 bucketLenApprox=0
20:25:04.300 INF [REQ] ClientRequest received -> bucket bucketID=47 clientID=0 clientSn=4698
20:25:04.300 DBG [REQ] Bucket size after enqueue bucketID=47 bucketLenApprox=0
20:25:04.315 INF [REQ] ClientRequest received -> bucket bucketID=41 clientID=0 clientSn=4702
20:25:04.316 DBG [REQ] Bucket size after enqueue bucketID=41 bucketLenApprox=0
20:25:04.331 INF [REQ] ClientRequest received -> bucket bucketID=8 clientID=0 clientSn=4706
20:25:04.331 DBG [REQ] Bucket size after enqueue bucketID=8 bucketLenApprox=0
20:25:04.346 INF [REQ] ClientRequest received -> bucket bucketID=23 clientID=0 clientSn=4710
20:25:04.346 DBG [REQ] Bucket size after enqueue bucketID=23 bucketLenApprox=0
20:25:04.362 INF [REQ] ClientRequest received -> bucket bucketID=62 clientID=0 clientSn=4714
20:25:04.362 DBG [REQ] Bucket size after enqueue bucketID=62 bucketLenApprox=6
20:25:04.378 INF [REQ] ClientRequest received -> bucket bucketID=21 clientID=0 clientSn=4718
20:25:04.378 DBG [REQ] Bucket size after enqueue bucketID=21 bucketLenApprox=0
20:25:04.394 INF [REQ] ClientRequest received -> bucket bucketID=40 clientID=0 clientSn=4722
20:25:04.394 DBG [REQ] Bucket size after enqueue bucketID=40 bucketLenApprox=0
20:25:04.409 INF [REQ] ClientRequest received -> bucket bucketID=16 clientID=0 clientSn=4726
20:25:04.410 DBG [REQ] Bucket size after enqueue bucketID=16 bucketLenApprox=0
20:25:04.425 INF [REQ] ClientRequest received -> bucket bucketID=22 clientID=0 clientSn=4730
20:25:04.425 DBG [REQ] Bucket size after enqueue bucketID=22 bucketLenApprox=7
20:25:04.439 INF [REQ] ClientRequest received -> bucket bucketID=51 clientID=0 clientSn=4734
20:25:04.440 DBG [REQ] Bucket size after enqueue bucketID=51 bucketLenApprox=0
20:25:04.456 INF [REQ] ClientRequest received -> bucket bucketID=34 clientID=0 clientSn=4738
20:25:04.456 DBG [REQ] Bucket size after enqueue bucketID=34 bucketLenApprox=7
20:25:04.471 INF [REQ] ClientRequest received -> bucket bucketID=9 clientID=0 clientSn=4742
20:25:04.471 DBG [REQ] Bucket size after enqueue bucketID=9 bucketLenApprox=0
20:25:04.486 INF [REQ] ClientRequest received -> bucket bucketID=0 clientID=0 clientSn=4746
20:25:04.487 DBG [REQ] Bucket size after enqueue bucketID=0 bucketLenApprox=0
20:25:04.502 INF [REQ] ClientRequest received -> bucket bucketID=60 clientID=0 clientSn=4750
20:25:04.502 DBG [REQ] Bucket size after enqueue bucketID=60 bucketLenApprox=0
20:25:04.518 INF [REQ] ClientRequest received -> bucket bucketID=42 clientID=0 clientSn=4754
20:25:04.518 DBG [REQ] Bucket size after enqueue bucketID=42 bucketLenApprox=7
20:25:04.534 INF [REQ] ClientRequest received -> bucket bucketID=6 clientID=0 clientSn=4758
20:25:04.535 DBG [REQ] Bucket size after enqueue bucketID=6 bucketLenApprox=8
20:25:04.550 INF [REQ] ClientRequest received -> bucket bucketID=22 clientID=0 clientSn=4762
20:25:04.550 DBG [REQ] Bucket size after enqueue bucketID=22 bucketLenApprox=8
20:25:04.565 INF [REQ] ClientRequest received -> bucket bucketID=54 clientID=0 clientSn=4766
20:25:04.565 DBG [REQ] Bucket size after enqueue bucketID=54 bucketLenApprox=7
20:25:04.581 INF [REQ] ClientRequest received -> bucket bucketID=49 clientID=0 clientSn=4770
20:25:04.581 DBG [REQ] Bucket size after enqueue bucketID=49 bucketLenApprox=0
20:25:04.596 INF [REQ] ClientRequest received -> bucket bucketID=19 clientID=0 clientSn=4774
20:25:04.596 DBG [REQ] Bucket size after enqueue bucketID=19 bucketLenApprox=0
20:25:04.612 INF [REQ] ClientRequest received -> bucket bucketID=39 clientID=0 clientSn=4778
20:25:04.612 DBG [REQ] Bucket size after enqueue bucketID=39 bucketLenApprox=0
20:25:04.628 INF [REQ] ClientRequest received -> bucket bucketID=60 clientID=0 clientSn=4782
20:25:04.628 DBG [REQ] Bucket size after enqueue bucketID=60 bucketLenApprox=0
20:25:04.644 INF [REQ] ClientRequest received -> bucket bucketID=15 clientID=0 clientSn=4786
20:25:04.644 DBG [REQ] Bucket size after enqueue bucketID=15 bucketLenApprox=0
20:25:04.659 INF [REQ] ClientRequest received -> bucket bucketID=37 clientID=0 clientSn=4790
20:25:04.659 DBG [REQ] Bucket size after enqueue bucketID=37 bucketLenApprox=0
20:25:04.675 INF [REQ] ClientRequest received -> bucket bucketID=43 clientID=0 clientSn=4794
20:25:04.675 DBG [REQ] Bucket size after enqueue bucketID=43 bucketLenApprox=0
20:25:04.690 INF [REQ] ClientRequest received -> bucket bucketID=1 clientID=0 clientSn=4798
20:25:04.690 DBG [REQ] Bucket size after enqueue bucketID=1 bucketLenApprox=0
20:25:04.706 INF [REQ] ClientRequest received -> bucket bucketID=50 clientID=0 clientSn=4802
20:25:04.706 DBG [REQ] Bucket size after enqueue bucketID=50 bucketLenApprox=8
20:25:04.721 DBG Batch cut. left=0 nBuckets=16 nReq=128 next=0
PROPOSE sn=38 size=128
[MPX][NET] SEND Accept sn=38 bytes=74751 gid=38 digest=a54eebafb7578979
[MC][SEND] kind=Accept sn=38 gid=39 (group)
[MPX] PROPOSE sn=38 size=128
[MPX][NET] SEND Prepare sn=39
[MC][SEND] kind=Prepare sn=39 gid=0 dst=ALL
[MPX][IN ] PROMISE sn=38 from=1 members=[0 1 2 3]
[MPX][IN ] PROMISE sn=38 from=0 members=[0 1 2 3]
[MPX][IN ] PROMISE sn=38 from=3 members=[0 1 2 3]
[MPX][IN ] PREPARE sn=38 from=3
20:25:04.722 INF [REQ] ClientRequest received -> bucket bucketID=13 clientID=0 clientSn=4806
20:25:04.722 DBG Batch cut. left=0 nBuckets=16 nReq=0 next=0
[MPX][NET] SEND Prepare sn=40
[MC][SEND] kind=Prepare sn=40 gid=0 dst=ALL
20:25:04.722 DBG [REQ] Bucket size after enqueue bucketID=13 bucketLenApprox=0
20:25:04.722 DBG Batch cut. left=0 nBuckets=16 nReq=0 next=0
[MPX][NET] SEND Prepare sn=41
[MC][SEND] kind=Prepare sn=41 gid=0 dst=ALL
20:25:04.722 DBG Batch cut. left=0 nBuckets=16 nReq=0 next=0
[MPX][NET] SEND Prepare sn=42
[MC][SEND] kind=Prepare sn=42 gid=0 dst=ALL
20:25:04.724 WRN MPX handles message from self. sn=39
20:25:04.724 WRN MPX handles message from self. sn=40
[MPX][IN ] PREPARE sn=39 from=2
20:25:04.724 WRN MPX handles message from self. sn=41
[MPX][IN ] PREPARE sn=40 from=2
[MPX][IN ] PREPARE sn=41 from=2
20:25:04.724 WRN MPX handles message from self. sn=42
[MPX][IN ] PREPARE sn=42 from=2
[MPX][IN ] ACCEPTED sn=38 from=3
[MPX][QUORUM] ACCEPTED sn=38 count=2/3 digest=a54eebafb7578979
[MPX][IN ] PROMISE sn=40 from=3 members=[0 1 2 3]
[MPX][IN ] PROMISE sn=41 from=3 members=[0 1 2 3]
[MPX][IN ] ACCEPTED sn=38 from=1
[MPX][QUORUM] ACCEPTED sn=38 count=3/3 digest=a54eebafb7578979
[MPX][IN ] PROMISE sn=41 from=1 members=[0 1 2 3]
[MPX][IN ] PROMISE sn=40 from=1 members=[0 1 2 3]
[MPX][QUORUM] MAJORITY REACHED sn=38 → COMMIT digest=a54eebafb7578979
[MPX][NET] SEND Commit sn=38 gid=38 digest=a54eebafb7578979
[MC][SEND] kind=Commit sn=38 gid=39 (group)
[MPX][NET] GOSSIP Commit sn=38 gid=38 digest=a54eebafb7578979
[MC][SEND] kind=Commit sn=38 gid=39 (group)
[MC][GROUP] sn=42 gid=43 members=[3 1 0]
[MC][GROUP] sn=40 gid=41 members=[3 1 0]
[MC][GROUP] sn=41 gid=42 members=[3 1 0]
[MPX][IN ] PROMISE sn=40 from=0 members=[0 1 2 3]
[MPX][IN ] PROMISE sn=41 from=0 members=[0 1 2 3]
[MPX][CHK] ANNOUNCE sn=38 reqs=128
20:25:04.730 INF Committed entry. latency=0 nReq=128 sn=38
SB-DELIVER sn=38 size=128
COMMIT sn=38 size=128
DELIVER sn=38 delivered=128
[MPX] COMMIT  sn=38 size=128
[MPX][IN ] ACCEPTED sn=38 from=0
[MPX][QUORUM] ACCEPTED sn=38 count=4/3 digest=a54eebafb7578979
20:25:04.738 INF [REQ] ClientRequest received -> bucket bucketID=50 clientID=0 clientSn=4810
20:25:04.738 DBG [REQ] Bucket size after enqueue bucketID=50 bucketLenApprox=0
[MPX][IN ] PREPARE sn=38 from=0
[MPX][IN ] PREPARE sn=37 from=0
[MPX][IN ] PREPARE sn=39 from=0
[MPX][IN ] PREPARE sn=40 from=0
[MPX][IN ] ACCEPTED sn=38 from=0
[MPX][IN ] ACCEPTED sn=38 from=3
[MPX][IN ] ACCEPTED sn=38 from=1
20:25:04.752 INF [REQ] ClientRequest received -> bucket bucketID=15 clientID=0 clientSn=4814
20:25:04.752 DBG [REQ] Bucket size after enqueue bucketID=15 bucketLenApprox=0
20:25:04.768 INF [REQ] ClientRequest received -> bucket bucketID=56 clientID=0 clientSn=4818
20:25:04.768 DBG [REQ] Bucket size after enqueue bucketID=56 bucketLenApprox=0
[MPX][IN ] ACCEPT sn=39 from=3 gid=39
[MPX][IN ] PREPARE sn=40 from=3
[MPX][IN ] PREPARE sn=43 from=3
[MPX][NET] SEND Promise sn=43 members=[0 1 2 3]
[MPX][QUORUM] ACCEPT sn=39 acceptCount=1 quorum=3 digest=bfa5a63adbc9044f
[MPX][IN ] PREPARE sn=41 from=3
[MPX][NET] SEND Accepted sn=39 → leader=3 (unicast)
[MPX][IN ] PROMISE sn=43 from=0 members=[0 1 2 3]
[MPX][IN ] PROMISE sn=43 from=1 members=[0 1 2 3]
[MC][GROUP] sn=43 gid=44 members=[0 1 2]
20:25:04.778 WRN MPX handles message from self. sn=43
[MPX][IN ] PROMISE sn=43 from=2 members=[0 1 2 3]
20:25:04.784 INF [REQ] ClientRequest received -> bucket bucketID=46 clientID=0 clientSn=4822
20:25:04.784 DBG [REQ] Bucket size after enqueue bucketID=46 bucketLenApprox=0
[MPX][IN ] COMMIT sn=39 from=3 gid=39
[MPX][NET] GOSSIP Commit sn=39 gid=39 digest=bfa5a63adbc9044f
[MC][SEND] kind=Commit sn=39 gid=0 dst=ALL (fallback)
[MPX][CHK] ANNOUNCE sn=39 reqs=129
20:25:04.790 INF Committed entry. latency=0 nReq=129 sn=39
SB-DELIVER sn=39 size=129
COMMIT sn=39 size=129
DELIVER sn=39 delivered=129
[MPX] COMMIT  sn=39 size=129
[MPX][IN ] COMMIT sn=39 from=3 gid=39
[MPX][IN ] COMMIT sn=39 from=0 gid=39
[MPX][IN ] COMMIT sn=39 from=1 gid=39
20:25:04.796 WRN MPX handles message from self. sn=39
[MPX][IN ] COMMIT sn=39 from=2 gid=39
20:25:04.799 INF [REQ] ClientRequest received -> bucket bucketID=38 clientID=0 clientSn=4826
20:25:04.799 DBG [REQ] Bucket size after enqueue bucketID=38 bucketLenApprox=0
[MPX][IN ] PREPARE sn=38 from=1
[MPX][IN ] PREPARE sn=40 from=1
[MPX][IN ] PREPARE sn=39 from=1
[MPX][IN ] PREPARE sn=41 from=1
[MPX][IN ] ACCEPT sn=39 from=1 gid=39
[MPX][QUORUM] ACCEPT sn=39 acceptCount=1 quorum=3 digest=bfa5a63adbc9044f
[MPX][NET] SEND Accepted sn=39 → leader=1 (unicast)
[MPX][IN ] COMMIT sn=39 from=1 gid=39
[MPX][IN ] COMMIT sn=39 from=1 gid=39
20:25:04.816 INF [REQ] ClientRequest received -> bucket bucketID=17 clientID=0 clientSn=4830
20:25:04.816 DBG [REQ] Bucket size after enqueue bucketID=17 bucketLenApprox=0
20:25:04.833 INF [REQ] ClientRequest received -> bucket bucketID=61 clientID=0 clientSn=4834
20:25:04.834 DBG [REQ] Bucket size after enqueue bucketID=61 bucketLenApprox=0
20:25:04.846 INF [REQ] ClientRequest received -> bucket bucketID=22 clientID=0 clientSn=4838
20:25:04.846 DBG [REQ] Bucket size after enqueue bucketID=22 bucketLenApprox=1
20:25:04.861 INF [REQ] ClientRequest received -> bucket bucketID=49 clientID=0 clientSn=4842
20:25:04.862 DBG [REQ] Bucket size after enqueue bucketID=49 bucketLenApprox=0
20:25:04.878 INF [REQ] ClientRequest received -> bucket bucketID=35 clientID=0 clientSn=4846
20:25:04.878 DBG [REQ] Bucket size after enqueue bucketID=35 bucketLenApprox=0
20:25:04.893 INF [REQ] ClientRequest received -> bucket bucketID=53 clientID=0 clientSn=4850
20:25:04.893 DBG [REQ] Bucket size after enqueue bucketID=53 bucketLenApprox=0
20:25:04.931 INF [REQ] ClientRequest received -> bucket bucketID=57 clientID=0 clientSn=4854
20:25:04.931 DBG [REQ] Bucket size after enqueue bucketID=57 bucketLenApprox=0
20:25:04.937 INF [REQ] ClientRequest received -> bucket bucketID=15 clientID=0 clientSn=4858
20:25:04.937 DBG [REQ] Bucket size after enqueue bucketID=15 bucketLenApprox=0
20:25:04.940 INF [REQ] ClientRequest received -> bucket bucketID=31 clientID=0 clientSn=4862
20:25:04.941 DBG [REQ] Bucket size after enqueue bucketID=31 bucketLenApprox=0
20:25:04.956 INF [REQ] ClientRequest received -> bucket bucketID=13 clientID=0 clientSn=4866
20:25:04.956 DBG [REQ] Bucket size after enqueue bucketID=13 bucketLenApprox=0
20:25:04.972 INF [REQ] ClientRequest received -> bucket bucketID=14 clientID=0 clientSn=4870
20:25:04.972 DBG [REQ] Bucket size after enqueue bucketID=14 bucketLenApprox=1
20:25:04.987 INF [REQ] ClientRequest received -> bucket bucketID=2 clientID=0 clientSn=4874
20:25:04.988 DBG [REQ] Bucket size after enqueue bucketID=2 bucketLenApprox=1
[MPX][IN ] ACCEPT sn=38 from=0 gid=38
[MPX][QUORUM] ACCEPT sn=38 acceptCount=4 quorum=3 digest=a54eebafb7578979
[MPX][NET] SKIP Accepted sn=38 (leader=self)
[MPX][IN ] ACCEPTED sn=38 from=0
[MPX][IN ] ACCEPTED sn=38 from=3
[MPX][IN ] ACCEPTED sn=38 from=1
20:25:05.002 INF [REQ] ClientRequest received -> bucket bucketID=40 clientID=0 clientSn=4878
20:25:05.002 DBG [REQ] Bucket size after enqueue bucketID=40 bucketLenApprox=0
20:25:05.019 INF [REQ] ClientRequest received -> bucket bucketID=24 clientID=0 clientSn=4882
20:25:05.019 DBG [REQ] Bucket size after enqueue bucketID=24 bucketLenApprox=0
20:25:05.034 INF [REQ] ClientRequest received -> bucket bucketID=6 clientID=0 clientSn=4886
20:25:05.035 DBG [REQ] Bucket size after enqueue bucketID=6 bucketLenApprox=2
20:25:05.049 INF [REQ] ClientRequest received -> bucket bucketID=5 clientID=0 clientSn=4890
20:25:05.049 DBG [REQ] Bucket size after enqueue bucketID=5 bucketLenApprox=0
20:25:05.065 INF [REQ] ClientRequest received -> bucket bucketID=47 clientID=0 clientSn=4894
20:25:05.065 DBG [REQ] Bucket size after enqueue bucketID=47 bucketLenApprox=0
20:25:05.081 INF [REQ] ClientRequest received -> bucket bucketID=25 clientID=0 clientSn=4898
20:25:05.081 DBG [REQ] Bucket size after enqueue bucketID=25 bucketLenApprox=0
20:25:05.096 INF [REQ] ClientRequest received -> bucket bucketID=47 clientID=0 clientSn=4902
20:25:05.097 DBG [REQ] Bucket size after enqueue bucketID=47 bucketLenApprox=0
20:25:05.112 INF [REQ] ClientRequest received -> bucket bucketID=34 clientID=0 clientSn=4906
20:25:05.113 DBG [REQ] Bucket size after enqueue bucketID=34 bucketLenApprox=2
20:25:05.128 INF [REQ] ClientRequest received -> bucket bucketID=56 clientID=0 clientSn=4910
20:25:05.128 DBG [REQ] Bucket size after enqueue bucketID=56 bucketLenApprox=0
20:25:05.143 INF [REQ] ClientRequest received -> bucket bucketID=29 clientID=0 clientSn=4914
20:25:05.144 DBG [REQ] Bucket size after enqueue bucketID=29 bucketLenApprox=0
20:25:05.159 INF [REQ] ClientRequest received -> bucket bucketID=32 clientID=0 clientSn=4918
20:25:05.159 DBG [REQ] Bucket size after enqueue bucketID=32 bucketLenApprox=0
20:25:05.175 INF [REQ] ClientRequest received -> bucket bucketID=7 clientID=0 clientSn=4922
20:25:05.176 DBG [REQ] Bucket size after enqueue bucketID=7 bucketLenApprox=0
20:25:05.190 INF [REQ] ClientRequest received -> bucket bucketID=39 clientID=0 clientSn=4926
20:25:05.190 DBG [REQ] Bucket size after enqueue bucketID=39 bucketLenApprox=0
20:25:05.205 INF [REQ] ClientRequest received -> bucket bucketID=13 clientID=0 clientSn=4930
20:25:05.205 DBG [REQ] Bucket size after enqueue bucketID=13 bucketLenApprox=0
20:25:05.222 INF [REQ] ClientRequest received -> bucket bucketID=19 clientID=0 clientSn=4934
20:25:05.222 DBG [REQ] Bucket size after enqueue bucketID=19 bucketLenApprox=0
20:25:05.238 INF [REQ] ClientRequest received -> bucket bucketID=41 clientID=0 clientSn=4938
20:25:05.238 DBG [REQ] Bucket size after enqueue bucketID=41 bucketLenApprox=0
20:25:05.252 INF [REQ] ClientRequest received -> bucket bucketID=60 clientID=0 clientSn=4942
20:25:05.253 DBG [REQ] Bucket size after enqueue bucketID=60 bucketLenApprox=0
20:25:05.268 INF [REQ] ClientRequest received -> bucket bucketID=1 clientID=0 clientSn=4946
20:25:05.268 DBG [REQ] Bucket size after enqueue bucketID=1 bucketLenApprox=0
20:25:05.284 INF [REQ] ClientRequest received -> bucket bucketID=11 clientID=0 clientSn=4950
20:25:05.284 DBG [REQ] Bucket size after enqueue bucketID=11 bucketLenApprox=0
20:25:05.299 INF [REQ] ClientRequest received -> bucket bucketID=11 clientID=0 clientSn=4954
20:25:05.299 DBG [REQ] Bucket size after enqueue bucketID=11 bucketLenApprox=0
20:25:05.315 INF [REQ] ClientRequest received -> bucket bucketID=53 clientID=0 clientSn=4958
20:25:05.315 DBG [REQ] Bucket size after enqueue bucketID=53 bucketLenApprox=0
20:25:05.330 INF [REQ] ClientRequest received -> bucket bucketID=60 clientID=0 clientSn=4962
20:25:05.330 DBG [REQ] Bucket size after enqueue bucketID=60 bucketLenApprox=0
20:25:05.346 INF [REQ] ClientRequest received -> bucket bucketID=0 clientID=0 clientSn=4966
20:25:05.347 DBG [REQ] Bucket size after enqueue bucketID=0 bucketLenApprox=0
20:25:05.362 INF [REQ] ClientRequest received -> bucket bucketID=31 clientID=0 clientSn=4970
20:25:05.362 DBG [REQ] Bucket size after enqueue bucketID=31 bucketLenApprox=0
20:25:05.377 INF [REQ] ClientRequest received -> bucket bucketID=61 clientID=0 clientSn=4974
20:25:05.377 DBG [REQ] Bucket size after enqueue bucketID=61 bucketLenApprox=0
20:25:05.393 INF [REQ] ClientRequest received -> bucket bucketID=55 clientID=0 clientSn=4978
20:25:05.394 DBG [REQ] Bucket size after enqueue bucketID=55 bucketLenApprox=0
20:25:05.409 INF [REQ] ClientRequest received -> bucket bucketID=58 clientID=0 clientSn=4982
20:25:05.409 DBG [REQ] Bucket size after enqueue bucketID=58 bucketLenApprox=2
20:25:05.425 INF [REQ] ClientRequest received -> bucket bucketID=32 clientID=0 clientSn=4986
20:25:05.425 DBG [REQ] Bucket size after enqueue bucketID=32 bucketLenApprox=0
20:25:05.440 INF [REQ] ClientRequest received -> bucket bucketID=59 clientID=0 clientSn=4990
20:25:05.440 DBG [REQ] Bucket size after enqueue bucketID=59 bucketLenApprox=0
20:25:05.456 INF [REQ] ClientRequest received -> bucket bucketID=21 clientID=0 clientSn=4994
20:25:05.456 DBG [REQ] Bucket size after enqueue bucketID=21 bucketLenApprox=0
20:25:05.471 INF [REQ] ClientRequest received -> bucket bucketID=12 clientID=0 clientSn=4998
20:25:05.471 DBG [REQ] Bucket size after enqueue bucketID=12 bucketLenApprox=0
20:25:05.487 INF [REQ] ClientRequest received -> bucket bucketID=58 clientID=0 clientSn=5002
20:25:05.487 DBG [REQ] Bucket size after enqueue bucketID=58 bucketLenApprox=3
20:25:05.502 INF [REQ] ClientRequest received -> bucket bucketID=43 clientID=0 clientSn=5006
20:25:05.502 DBG [REQ] Bucket size after enqueue bucketID=43 bucketLenApprox=0
20:25:05.518 INF [REQ] ClientRequest received -> bucket bucketID=3 clientID=0 clientSn=5010
20:25:05.518 DBG [REQ] Bucket size after enqueue bucketID=3 bucketLenApprox=0
20:25:05.534 INF [REQ] ClientRequest received -> bucket bucketID=10 clientID=0 clientSn=5014
20:25:05.535 DBG [REQ] Bucket size after enqueue bucketID=10 bucketLenApprox=4
20:25:05.549 INF [REQ] ClientRequest received -> bucket bucketID=22 clientID=0 clientSn=5018
20:25:05.550 DBG [REQ] Bucket size after enqueue bucketID=22 bucketLenApprox=4
20:25:05.565 INF [REQ] ClientRequest received -> bucket bucketID=13 clientID=0 clientSn=5022
20:25:05.566 DBG [REQ] Bucket size after enqueue bucketID=13 bucketLenApprox=0
20:25:05.580 INF [REQ] ClientRequest received -> bucket bucketID=17 clientID=0 clientSn=5026
20:25:05.580 DBG [REQ] Bucket size after enqueue bucketID=17 bucketLenApprox=0
20:25:05.596 INF [REQ] ClientRequest received -> bucket bucketID=29 clientID=0 clientSn=5030
20:25:05.596 DBG [REQ] Bucket size after enqueue bucketID=29 bucketLenApprox=0
20:25:05.612 INF [REQ] ClientRequest received -> bucket bucketID=50 clientID=0 clientSn=5034
20:25:05.612 DBG [REQ] Bucket size after enqueue bucketID=50 bucketLenApprox=3
20:25:05.628 INF [REQ] ClientRequest received -> bucket bucketID=50 clientID=0 clientSn=5038
20:25:05.628 DBG [REQ] Bucket size after enqueue bucketID=50 bucketLenApprox=3
20:25:05.643 INF [REQ] ClientRequest received -> bucket bucketID=17 clientID=0 clientSn=5042
20:25:05.643 DBG [REQ] Bucket size after enqueue bucketID=17 bucketLenApprox=0
20:25:05.659 INF [REQ] ClientRequest received -> bucket bucketID=36 clientID=0 clientSn=5046
20:25:05.659 DBG [REQ] Bucket size after enqueue bucketID=36 bucketLenApprox=0
20:25:05.674 INF [REQ] ClientRequest received -> bucket bucketID=9 clientID=0 clientSn=5050
20:25:05.674 DBG [REQ] Bucket size after enqueue bucketID=9 bucketLenApprox=0
20:25:05.690 INF [REQ] ClientRequest received -> bucket bucketID=27 clientID=0 clientSn=5054
20:25:05.690 DBG [REQ] Bucket size after enqueue bucketID=27 bucketLenApprox=0
20:25:05.706 INF [REQ] ClientRequest received -> bucket bucketID=56 clientID=0 clientSn=5058
20:25:05.706 DBG [REQ] Bucket size after enqueue bucketID=56 bucketLenApprox=0
20:25:05.721 INF [REQ] ClientRequest received -> bucket bucketID=55 clientID=0 clientSn=5062
20:25:05.721 DBG [REQ] Bucket size after enqueue bucketID=55 bucketLenApprox=0
20:25:05.737 INF [REQ] ClientRequest received -> bucket bucketID=45 clientID=0 clientSn=5066
20:25:05.737 DBG [REQ] Bucket size after enqueue bucketID=45 bucketLenApprox=0
20:25:05.753 INF [REQ] ClientRequest received -> bucket bucketID=24 clientID=0 clientSn=5070
20:25:05.753 DBG [REQ] Bucket size after enqueue bucketID=24 bucketLenApprox=0
20:25:05.768 INF [REQ] ClientRequest received -> bucket bucketID=21 clientID=0 clientSn=5074
20:25:05.768 DBG [REQ] Bucket size after enqueue bucketID=21 bucketLenApprox=0
20:25:05.784 INF [REQ] ClientRequest received -> bucket bucketID=62 clientID=0 clientSn=5078
20:25:05.784 DBG [REQ] Bucket size after enqueue bucketID=62 bucketLenApprox=4
20:25:05.799 INF [REQ] ClientRequest received -> bucket bucketID=59 clientID=0 clientSn=5082
20:25:05.800 DBG [REQ] Bucket size after enqueue bucketID=59 bucketLenApprox=0
20:25:05.815 INF [REQ] ClientRequest received -> bucket bucketID=12 clientID=0 clientSn=5086
20:25:05.815 DBG [REQ] Bucket size after enqueue bucketID=12 bucketLenApprox=0
20:25:05.830 INF [REQ] ClientRequest received -> bucket bucketID=60 clientID=0 clientSn=5090
20:25:05.831 DBG [REQ] Bucket size after enqueue bucketID=60 bucketLenApprox=0
20:25:05.846 INF [REQ] ClientRequest received -> bucket bucketID=15 clientID=0 clientSn=5094
20:25:05.846 DBG [REQ] Bucket size after enqueue bucketID=15 bucketLenApprox=0
20:25:05.862 INF [REQ] ClientRequest received -> bucket bucketID=45 clientID=0 clientSn=5098
20:25:05.862 DBG [REQ] Bucket size after enqueue bucketID=45 bucketLenApprox=0
20:25:05.878 INF [REQ] ClientRequest received -> bucket bucketID=63 clientID=0 clientSn=5102
20:25:05.878 DBG [REQ] Bucket size after enqueue bucketID=63 bucketLenApprox=0
20:25:05.893 INF [REQ] ClientRequest received -> bucket bucketID=33 clientID=0 clientSn=5106
20:25:05.893 DBG [REQ] Bucket size after enqueue bucketID=33 bucketLenApprox=0
20:25:05.909 INF [REQ] ClientRequest received -> bucket bucketID=47 clientID=0 clientSn=5110
20:25:05.909 DBG [REQ] Bucket size after enqueue bucketID=47 bucketLenApprox=0
20:25:05.924 INF [REQ] ClientRequest received -> bucket bucketID=47 clientID=0 clientSn=5114
20:25:05.924 DBG [REQ] Bucket size after enqueue bucketID=47 bucketLenApprox=0
20:25:05.940 INF [REQ] ClientRequest received -> bucket bucketID=22 clientID=0 clientSn=5118
20:25:05.941 DBG [REQ] Bucket size after enqueue bucketID=22 bucketLenApprox=5
20:25:05.956 INF [REQ] ClientRequest received -> bucket bucketID=35 clientID=0 clientSn=5122
20:25:05.956 DBG [REQ] Bucket size after enqueue bucketID=35 bucketLenApprox=0
20:25:05.971 INF [REQ] ClientRequest received -> bucket bucketID=26 clientID=0 clientSn=5126
20:25:05.972 DBG [REQ] Bucket size after enqueue bucketID=26 bucketLenApprox=5
20:25:05.987 INF [REQ] ClientRequest received -> bucket bucketID=52 clientID=0 clientSn=5130
20:25:05.987 DBG [REQ] Bucket size after enqueue bucketID=52 bucketLenApprox=0
20:25:06.002 INF [REQ] ClientRequest received -> bucket bucketID=38 clientID=0 clientSn=5134
20:25:06.003 DBG [REQ] Bucket size after enqueue bucketID=38 bucketLenApprox=5
20:25:06.018 INF [REQ] ClientRequest received -> bucket bucketID=52 clientID=0 clientSn=5138
20:25:06.018 DBG [REQ] Bucket size after enqueue bucketID=52 bucketLenApprox=0
20:25:06.034 INF [REQ] ClientRequest received -> bucket bucketID=39 clientID=0 clientSn=5142
20:25:06.034 DBG [REQ] Bucket size after enqueue bucketID=39 bucketLenApprox=0
20:25:06.049 INF [REQ] ClientRequest received -> bucket bucketID=10 clientID=0 clientSn=5146
20:25:06.049 DBG [REQ] Bucket size after enqueue bucketID=10 bucketLenApprox=6
20:25:06.065 INF [REQ] ClientRequest received -> bucket bucketID=19 clientID=0 clientSn=5150
20:25:06.065 DBG [REQ] Bucket size after enqueue bucketID=19 bucketLenApprox=0
20:25:06.081 INF [REQ] ClientRequest received -> bucket bucketID=56 clientID=0 clientSn=5154
20:25:06.081 DBG [REQ] Bucket size after enqueue bucketID=56 bucketLenApprox=0
20:25:06.097 INF [REQ] ClientRequest received -> bucket bucketID=63 clientID=0 clientSn=5158
20:25:06.097 DBG [REQ] Bucket size after enqueue bucketID=63 bucketLenApprox=0
20:25:06.111 INF [REQ] ClientRequest received -> bucket bucketID=32 clientID=0 clientSn=5162
20:25:06.111 DBG [REQ] Bucket size after enqueue bucketID=32 bucketLenApprox=0
20:25:06.127 INF [REQ] ClientRequest received -> bucket bucketID=33 clientID=0 clientSn=5166
20:25:06.127 DBG [REQ] Bucket size after enqueue bucketID=33 bucketLenApprox=0
20:25:06.144 INF [REQ] ClientRequest received -> bucket bucketID=0 clientID=0 clientSn=5170
20:25:06.144 DBG [REQ] Bucket size after enqueue bucketID=0 bucketLenApprox=0
20:25:06.159 INF [REQ] ClientRequest received -> bucket bucketID=0 clientID=0 clientSn=5174
20:25:06.159 DBG [REQ] Bucket size after enqueue bucketID=0 bucketLenApprox=0
20:25:06.175 INF [REQ] ClientRequest received -> bucket bucketID=38 clientID=0 clientSn=5178
20:25:06.175 DBG [REQ] Bucket size after enqueue bucketID=38 bucketLenApprox=6
20:25:06.190 INF [REQ] ClientRequest received -> bucket bucketID=18 clientID=0 clientSn=5182
20:25:06.190 DBG [REQ] Bucket size after enqueue bucketID=18 bucketLenApprox=6
20:25:06.205 INF [REQ] ClientRequest received -> bucket bucketID=27 clientID=0 clientSn=5186
20:25:06.206 DBG [REQ] Bucket size after enqueue bucketID=27 bucketLenApprox=0
20:25:06.222 INF [REQ] ClientRequest received -> bucket bucketID=17 clientID=0 clientSn=5190
20:25:06.222 DBG [REQ] Bucket size after enqueue bucketID=17 bucketLenApprox=0
20:25:06.238 INF [REQ] ClientRequest received -> bucket bucketID=52 clientID=0 clientSn=5194
20:25:06.238 DBG [REQ] Bucket size after enqueue bucketID=52 bucketLenApprox=0
20:25:06.252 INF [REQ] ClientRequest received -> bucket bucketID=3 clientID=0 clientSn=5198
20:25:06.253 DBG [REQ] Bucket size after enqueue bucketID=3 bucketLenApprox=0
20:25:06.268 INF [REQ] ClientRequest received -> bucket bucketID=1 clientID=0 clientSn=5202
20:25:06.268 DBG [REQ] Bucket size after enqueue bucketID=1 bucketLenApprox=0
20:25:06.284 INF [REQ] ClientRequest received -> bucket bucketID=60 clientID=0 clientSn=5206
20:25:06.284 DBG [REQ] Bucket size after enqueue bucketID=60 bucketLenApprox=0
20:25:06.300 INF [REQ] ClientRequest received -> bucket bucketID=4 clientID=0 clientSn=5210
20:25:06.300 DBG [REQ] Bucket size after enqueue bucketID=4 bucketLenApprox=0
20:25:06.315 INF [REQ] ClientRequest received -> bucket bucketID=19 clientID=0 clientSn=5214
20:25:06.315 DBG [REQ] Bucket size after enqueue bucketID=19 bucketLenApprox=0
20:25:06.331 INF [REQ] ClientRequest received -> bucket bucketID=60 clientID=0 clientSn=5218
20:25:06.331 DBG [REQ] Bucket size after enqueue bucketID=60 bucketLenApprox=0
20:25:06.347 INF [REQ] ClientRequest received -> bucket bucketID=13 clientID=0 clientSn=5222
20:25:06.347 DBG [REQ] Bucket size after enqueue bucketID=13 bucketLenApprox=0
20:25:06.361 INF [REQ] ClientRequest received -> bucket bucketID=2 clientID=0 clientSn=5226
20:25:06.362 DBG [REQ] Bucket size after enqueue bucketID=2 bucketLenApprox=6
20:25:06.378 INF [REQ] ClientRequest received -> bucket bucketID=34 clientID=0 clientSn=5230
20:25:06.378 DBG [REQ] Bucket size after enqueue bucketID=34 bucketLenApprox=7
20:25:06.393 INF [REQ] ClientRequest received -> bucket bucketID=28 clientID=0 clientSn=5234
20:25:06.393 DBG [REQ] Bucket size after enqueue bucketID=28 bucketLenApprox=0
20:25:06.408 INF [REQ] ClientRequest received -> bucket bucketID=44 clientID=0 clientSn=5238
20:25:06.409 DBG [REQ] Bucket size after enqueue bucketID=44 bucketLenApprox=0
20:25:06.425 INF [REQ] ClientRequest received -> bucket bucketID=37 clientID=0 clientSn=5242
20:25:06.425 DBG [REQ] Bucket size after enqueue bucketID=37 bucketLenApprox=0
20:25:06.440 INF [REQ] ClientRequest received -> bucket bucketID=23 clientID=0 clientSn=5246
20:25:06.440 DBG [REQ] Bucket size after enqueue bucketID=23 bucketLenApprox=0
20:25:06.456 INF [REQ] ClientRequest received -> bucket bucketID=1 clientID=0 clientSn=5250
20:25:06.456 DBG [REQ] Bucket size after enqueue bucketID=1 bucketLenApprox=0
20:25:06.472 INF [REQ] ClientRequest received -> bucket bucketID=6 clientID=0 clientSn=5254
20:25:06.472 DBG [REQ] Bucket size after enqueue bucketID=6 bucketLenApprox=7
20:25:06.487 INF [REQ] ClientRequest received -> bucket bucketID=49 clientID=0 clientSn=5258
20:25:06.487 DBG [REQ] Bucket size after enqueue bucketID=49 bucketLenApprox=0
20:25:06.502 INF [REQ] ClientRequest received -> bucket bucketID=27 clientID=0 clientSn=5262
20:25:06.502 DBG [REQ] Bucket size after enqueue bucketID=27 bucketLenApprox=0
20:25:06.518 INF [REQ] ClientRequest received -> bucket bucketID=51 clientID=0 clientSn=5266
20:25:06.518 DBG [REQ] Bucket size after enqueue bucketID=51 bucketLenApprox=0
20:25:06.533 INF [REQ] ClientRequest received -> bucket bucketID=41 clientID=0 clientSn=5270
20:25:06.534 DBG [REQ] Bucket size after enqueue bucketID=41 bucketLenApprox=0
20:25:06.550 INF [REQ] ClientRequest received -> bucket bucketID=2 clientID=0 clientSn=5274
20:25:06.550 DBG [REQ] Bucket size after enqueue bucketID=2 bucketLenApprox=7
20:25:06.565 INF [REQ] ClientRequest received -> bucket bucketID=5 clientID=0 clientSn=5278
20:25:06.565 DBG [REQ] Bucket size after enqueue bucketID=5 bucketLenApprox=0
20:25:06.581 INF [REQ] ClientRequest received -> bucket bucketID=0 clientID=0 clientSn=5282
20:25:06.581 DBG [REQ] Bucket size after enqueue bucketID=0 bucketLenApprox=0
20:25:06.596 INF [REQ] ClientRequest received -> bucket bucketID=50 clientID=0 clientSn=5286
20:25:06.597 DBG [REQ] Bucket size after enqueue bucketID=50 bucketLenApprox=7
20:25:06.612 INF [REQ] ClientRequest received -> bucket bucketID=25 clientID=0 clientSn=5290
20:25:06.612 DBG [REQ] Bucket size after enqueue bucketID=25 bucketLenApprox=0
20:25:06.627 INF [REQ] ClientRequest received -> bucket bucketID=44 clientID=0 clientSn=5294
20:25:06.627 DBG [REQ] Bucket size after enqueue bucketID=44 bucketLenApprox=0
20:25:06.643 INF [REQ] ClientRequest received -> bucket bucketID=16 clientID=0 clientSn=5298
20:25:06.643 DBG [REQ] Bucket size after enqueue bucketID=16 bucketLenApprox=0
20:25:06.660 INF [REQ] ClientRequest received -> bucket bucketID=31 clientID=0 clientSn=5302
20:25:06.660 DBG [REQ] Bucket size after enqueue bucketID=31 bucketLenApprox=0
20:25:06.675 INF [REQ] ClientRequest received -> bucket bucketID=24 clientID=0 clientSn=5306
20:25:06.675 DBG [REQ] Bucket size after enqueue bucketID=24 bucketLenApprox=0
20:25:06.690 INF [REQ] ClientRequest received -> bucket bucketID=1 clientID=0 clientSn=5310
20:25:06.690 DBG [REQ] Bucket size after enqueue bucketID=1 bucketLenApprox=0
20:25:06.706 INF [REQ] ClientRequest received -> bucket bucketID=13 clientID=0 clientSn=5314
20:25:06.706 DBG [REQ] Bucket size after enqueue bucketID=13 bucketLenApprox=0
20:25:06.721 INF [REQ] ClientRequest received -> bucket bucketID=17 clientID=0 clientSn=5318
20:25:06.721 DBG [REQ] Bucket size after enqueue bucketID=17 bucketLenApprox=0
20:25:06.723 DBG Batch cut. left=0 nBuckets=16 nReq=129 next=0
PROPOSE sn=42 size=129
[MPX][NET] SEND Accept sn=42 bytes=75320 gid=42 digest=a1d2447b90c1d45e
[MC][SEND] kind=Accept sn=42 gid=43 (group)
[MPX] PROPOSE sn=42 size=129
[MPX][NET] SEND Prepare sn=43
[MC][SEND] kind=Prepare sn=43 gid=0 dst=ALL
[MPX][IN ] PROMISE sn=42 from=3 members=[0 1 2 3]
[MPX][IN ] PROMISE sn=42 from=1 members=[0 1 2 3]
[MPX][IN ] PROMISE sn=42 from=0 members=[0 1 2 3]
[MPX][IN ] PREPARE sn=42 from=3
20:25:06.725 DBG Batch cut. left=0 nBuckets=16 nReq=0 next=0
[MPX][NET] SEND Prepare sn=44
[MC][SEND] kind=Prepare sn=44 gid=0 dst=ALL
20:25:06.725 DBG Batch cut. left=0 nBuckets=16 nReq=0 next=0
[MPX][NET] SEND Prepare sn=45
[MC][SEND] kind=Prepare sn=45 gid=0 dst=ALL
20:25:06.725 DBG Batch cut. left=0 nBuckets=16 nReq=0 next=0
[MPX][NET] SEND Prepare sn=46
[MC][SEND] kind=Prepare sn=46 gid=0 dst=ALL
20:25:06.726 WRN MPX handles message from self. sn=43
[MPX][IN ] PREPARE sn=43 from=2
20:25:06.726 WRN MPX handles message from self. sn=44
[MPX][IN ] PREPARE sn=44 from=2
20:25:06.726 WRN MPX handles message from self. sn=45
[MPX][IN ] PREPARE sn=45 from=2
20:25:06.727 WRN MPX handles message from self. sn=46
[MPX][IN ] PREPARE sn=46 from=2
[MC][GROUP] sn=46 gid=47 members=[3 1 0]
[MPX][IN ] ACCEPTED sn=42 from=1
[MPX][QUORUM] ACCEPTED sn=42 count=2/3 digest=a1d2447b90c1d45e
[MPX][IN ] ACCEPTED sn=42 from=3
[MPX][QUORUM] ACCEPTED sn=42 count=3/3 digest=a1d2447b90c1d45e
[MPX][QUORUM] MAJORITY REACHED sn=42 → COMMIT digest=a1d2447b90c1d45e
[MPX][NET] SEND Commit sn=42 gid=42 digest=a1d2447b90c1d45e
[MC][SEND] kind=Commit sn=42 gid=43 (group)
[MPX][IN ] PROMISE sn=44 from=1 members=[0 1 2 3]
[MPX][NET] GOSSIP Commit sn=42 gid=42 digest=a1d2447b90c1d45e
[MPX][IN ] PROMISE sn=44 from=3 members=[0 1 2 3]
[MC][SEND] kind=Commit sn=42 gid=43 (group)
[MPX][IN ] PROMISE sn=45 from=1 members=[0 1 2 3]
[MPX][IN ] PROMISE sn=45 from=3 members=[0 1 2 3]
[MC][GROUP] sn=45 gid=46 members=[1 3 0]
[MC][GROUP] sn=44 gid=45 members=[0 1 3]
[MPX][IN ] PROMISE sn=44 from=0 members=[0 1 2 3]
[MPX][IN ] PROMISE sn=45 from=0 members=[0 1 2 3]
[MPX][CHK] ANNOUNCE sn=42 reqs=129
20:25:06.733 INF Committed entry. latency=0 nReq=129 sn=42
SB-DELIVER sn=42 size=129
COMMIT sn=42 size=129
DELIVER sn=42 delivered=129
[MPX] COMMIT  sn=42 size=129
[MPX][IN ] ACCEPTED sn=42 from=0
[MPX][QUORUM] ACCEPTED sn=42 count=4/3 digest=a1d2447b90c1d45e
20:25:06.737 INF [REQ] ClientRequest received -> bucket bucketID=54 clientID=0 clientSn=5322
20:25:06.737 DBG [REQ] Bucket size after enqueue bucketID=54 bucketLenApprox=0
[MPX][IN ] PREPARE sn=43 from=0
[MPX][IN ] PREPARE sn=42 from=0
[MPX][IN ] PREPARE sn=41 from=0
[MPX][IN ] PREPARE sn=44 from=0
20:25:06.753 INF [REQ] ClientRequest received -> bucket bucketID=12 clientID=0 clientSn=5326
20:25:06.753 DBG [REQ] Bucket size after enqueue bucketID=12 bucketLenApprox=0
[MPX][IN ] ACCEPTED sn=42 from=1
[MPX][IN ] ACCEPTED sn=42 from=3
[MPX][IN ] ACCEPTED sn=42 from=0
20:25:06.768 INF [REQ] ClientRequest received -> bucket bucketID=1 clientID=0 clientSn=5330
20:25:06.769 DBG [REQ] Bucket size after enqueue bucketID=1 bucketLenApprox=0
[MPX][IN ] PROMISE sn=47 from=0 members=[0 1 2 3]
[MPX][IN ] PREPARE sn=47 from=3
[MPX][IN ] PREPARE sn=44 from=3
[MPX][IN ] PROMISE sn=47 from=1 members=[0 1 2 3]
[MPX][IN ] PREPARE sn=45 from=3
[MPX][IN ] ACCEPT sn=43 from=3 gid=43
[MPX][QUORUM] ACCEPT sn=43 acceptCount=1 quorum=3 digest=32ecdb59df9be28e
[MPX][NET] SEND Accepted sn=43 → leader=3 (unicast)
20:25:06.785 INF [REQ] ClientRequest received -> bucket bucketID=45 clientID=0 clientSn=5334
20:25:06.785 DBG [REQ] Bucket size after enqueue bucketID=45 bucketLenApprox=0
[MPX][IN ] COMMIT sn=43 from=3 gid=43
[MPX][NET] GOSSIP Commit sn=43 gid=43 digest=32ecdb59df9be28e
[MC][SEND] kind=Commit sn=43 gid=44 (group)
[MPX][CHK] ANNOUNCE sn=43 reqs=129
20:25:06.789 INF Committed entry. latency=0 nReq=129 sn=43
SB-DELIVER sn=43 size=129
COMMIT sn=43 size=129
DELIVER sn=43 delivered=129
[MPX] COMMIT  sn=43 size=129
[MPX][IN ] COMMIT sn=43 from=3 gid=43
20:25:06.793 WRN MPX handles message from self. sn=43
[MPX][IN ] COMMIT sn=43 from=2 gid=43
[MPX][IN ] COMMIT sn=43 from=0 gid=43
[MPX][IN ] COMMIT sn=43 from=1 gid=43
20:25:06.800 INF [REQ] ClientRequest received -> bucket bucketID=58 clientID=0 clientSn=5338
20:25:06.800 DBG [REQ] Bucket size after enqueue bucketID=58 bucketLenApprox=0
[MPX][IN ] PREPARE sn=43 from=1
[MPX][IN ] ACCEPT sn=43 from=1 gid=43
[MPX][IN ] PREPARE sn=42 from=1
[MPX][IN ] PREPARE sn=44 from=1
[MPX][QUORUM] ACCEPT sn=43 acceptCount=1 quorum=3 digest=32ecdb59df9be28e
[MPX][IN ] PREPARE sn=45 from=1
[MPX][NET] SEND Accepted sn=43 → leader=1 (unicast)
20:25:06.816 INF [REQ] ClientRequest received -> bucket bucketID=0 clientID=0 clientSn=5342
20:25:06.816 DBG [REQ] Bucket size after enqueue bucketID=0 bucketLenApprox=0
[MPX][IN ] COMMIT sn=43 from=1 gid=43
[MPX][IN ] COMMIT sn=43 from=1 gid=43
20:25:06.832 INF [REQ] ClientRequest received -> bucket bucketID=5 clientID=0 clientSn=5346
20:25:06.832 DBG [REQ] Bucket size after enqueue bucketID=5 bucketLenApprox=0
20:25:06.847 INF [REQ] ClientRequest received -> bucket bucketID=25 clientID=0 clientSn=5350
20:25:06.847 DBG [REQ] Bucket size after enqueue bucketID=25 bucketLenApprox=0
20:25:06.862 INF [REQ] ClientRequest received -> bucket bucketID=63 clientID=0 clientSn=5354
20:25:06.862 DBG [REQ] Bucket size after enqueue bucketID=63 bucketLenApprox=0
20:25:06.878 INF [REQ] ClientRequest received -> bucket bucketID=19 clientID=0 clientSn=5358
20:25:06.878 DBG [REQ] Bucket size after enqueue bucketID=19 bucketLenApprox=0
20:25:06.893 INF [REQ] ClientRequest received -> bucket bucketID=5 clientID=0 clientSn=5362
20:25:06.893 DBG [REQ] Bucket size after enqueue bucketID=5 bucketLenApprox=0
20:25:06.909 INF [REQ] ClientRequest received -> bucket bucketID=47 clientID=0 clientSn=5366
20:25:06.909 DBG [REQ] Bucket size after enqueue bucketID=47 bucketLenApprox=0
20:25:06.948 INF [REQ] ClientRequest received -> bucket bucketID=22 clientID=0 clientSn=5370
20:25:06.948 DBG [REQ] Bucket size after enqueue bucketID=22 bucketLenApprox=1
20:25:06.950 INF [REQ] ClientRequest received -> bucket bucketID=19 clientID=0 clientSn=5374
20:25:06.950 DBG [REQ] Bucket size after enqueue bucketID=19 bucketLenApprox=0
20:25:06.956 INF [REQ] ClientRequest received -> bucket bucketID=23 clientID=0 clientSn=5378
20:25:06.956 DBG [REQ] Bucket size after enqueue bucketID=23 bucketLenApprox=0
20:25:06.971 INF [REQ] ClientRequest received -> bucket bucketID=59 clientID=0 clientSn=5382
20:25:06.971 DBG [REQ] Bucket size after enqueue bucketID=59 bucketLenApprox=0
20:25:06.987 INF [REQ] ClientRequest received -> bucket bucketID=5 clientID=0 clientSn=5386
20:25:06.987 DBG [REQ] Bucket size after enqueue bucketID=5 bucketLenApprox=0
[MPX][IN ] ACCEPT sn=42 from=0 gid=42
[MPX][QUORUM] ACCEPT sn=42 acceptCount=4 quorum=3 digest=a1d2447b90c1d45e
[MPX][NET] SKIP Accepted sn=42 (leader=self)
20:25:07.003 INF [REQ] ClientRequest received -> bucket bucketID=40 clientID=0 clientSn=5390
20:25:07.003 DBG [REQ] Bucket size after enqueue bucketID=40 bucketLenApprox=0
[MPX][IN ] ACCEPTED sn=42 from=0
[MPX][IN ] ACCEPTED sn=42 from=1
[MPX][IN ] ACCEPTED sn=42 from=3
20:25:07.018 INF [REQ] ClientRequest received -> bucket bucketID=47 clientID=0 clientSn=5394
20:25:07.018 DBG [REQ] Bucket size after enqueue bucketID=47 bucketLenApprox=0
20:25:07.034 INF [REQ] ClientRequest received -> bucket bucketID=1 clientID=0 clientSn=5398
20:25:07.034 DBG [REQ] Bucket size after enqueue bucketID=1 bucketLenApprox=0
20:25:07.050 INF [REQ] ClientRequest received -> bucket bucketID=63 clientID=0 clientSn=5402
20:25:07.050 DBG [REQ] Bucket size after enqueue bucketID=63 bucketLenApprox=0
20:25:07.065 INF [REQ] ClientRequest received -> bucket bucketID=6 clientID=0 clientSn=5406
20:25:07.065 DBG [REQ] Bucket size after enqueue bucketID=6 bucketLenApprox=1
20:25:07.081 INF [REQ] ClientRequest received -> bucket bucketID=63 clientID=0 clientSn=5410
20:25:07.082 DBG [REQ] Bucket size after enqueue bucketID=63 bucketLenApprox=0
20:25:07.096 INF [REQ] ClientRequest received -> bucket bucketID=5 clientID=0 clientSn=5414
20:25:07.097 DBG [REQ] Bucket size after enqueue bucketID=5 bucketLenApprox=0
20:25:07.112 INF [REQ] ClientRequest received -> bucket bucketID=51 clientID=0 clientSn=5418
20:25:07.112 DBG [REQ] Bucket size after enqueue bucketID=51 bucketLenApprox=0
20:25:07.128 INF [REQ] ClientRequest received -> bucket bucketID=39 clientID=0 clientSn=5422
20:25:07.128 DBG [REQ] Bucket size after enqueue bucketID=39 bucketLenApprox=0
20:25:07.143 INF [REQ] ClientRequest received -> bucket bucketID=6 clientID=0 clientSn=5426
20:25:07.143 DBG [REQ] Bucket size after enqueue bucketID=6 bucketLenApprox=1
20:25:07.159 INF [REQ] ClientRequest received -> bucket bucketID=9 clientID=0 clientSn=5430
20:25:07.159 DBG [REQ] Bucket size after enqueue bucketID=9 bucketLenApprox=0
20:25:07.175 INF [REQ] ClientRequest received -> bucket bucketID=40 clientID=0 clientSn=5434
20:25:07.175 DBG [REQ] Bucket size after enqueue bucketID=40 bucketLenApprox=0
20:25:07.190 INF [REQ] ClientRequest received -> bucket bucketID=40 clientID=0 clientSn=5438
20:25:07.190 DBG [REQ] Bucket size after enqueue bucketID=40 bucketLenApprox=0
20:25:07.206 INF [REQ] ClientRequest received -> bucket bucketID=35 clientID=0 clientSn=5442
20:25:07.206 DBG [REQ] Bucket size after enqueue bucketID=35 bucketLenApprox=0
20:25:07.221 INF [REQ] ClientRequest received -> bucket bucketID=48 clientID=0 clientSn=5446
20:25:07.222 DBG [REQ] Bucket size after enqueue bucketID=48 bucketLenApprox=0
20:25:07.236 INF [REQ] ClientRequest received -> bucket bucketID=54 clientID=0 clientSn=5450
20:25:07.237 DBG [REQ] Bucket size after enqueue bucketID=54 bucketLenApprox=2
20:25:07.253 INF [REQ] ClientRequest received -> bucket bucketID=20 clientID=0 clientSn=5454
20:25:07.253 DBG [REQ] Bucket size after enqueue bucketID=20 bucketLenApprox=0
20:25:07.268 INF [REQ] ClientRequest received -> bucket bucketID=7 clientID=0 clientSn=5458
20:25:07.268 DBG [REQ] Bucket size after enqueue bucketID=7 bucketLenApprox=0
20:25:07.284 INF [REQ] ClientRequest received -> bucket bucketID=2 clientID=0 clientSn=5462
20:25:07.284 DBG [REQ] Bucket size after enqueue bucketID=2 bucketLenApprox=2
20:25:07.299 INF [REQ] ClientRequest received -> bucket bucketID=26 clientID=0 clientSn=5466
20:25:07.299 DBG [REQ] Bucket size after enqueue bucketID=26 bucketLenApprox=2
20:25:07.315 INF [REQ] ClientRequest received -> bucket bucketID=49 clientID=0 clientSn=5470
20:25:07.315 DBG [REQ] Bucket size after enqueue bucketID=49 bucketLenApprox=0
20:25:07.331 INF [REQ] ClientRequest received -> bucket bucketID=57 clientID=0 clientSn=5474
20:25:07.331 DBG [REQ] Bucket size after enqueue bucketID=57 bucketLenApprox=0
20:25:07.346 INF [REQ] ClientRequest received -> bucket bucketID=20 clientID=0 clientSn=5478
20:25:07.346 DBG [REQ] Bucket size after enqueue bucketID=20 bucketLenApprox=0
20:25:07.362 INF [REQ] ClientRequest received -> bucket bucketID=11 clientID=0 clientSn=5482
20:25:07.362 DBG [REQ] Bucket size after enqueue bucketID=11 bucketLenApprox=0
20:25:07.377 INF [REQ] ClientRequest received -> bucket bucketID=60 clientID=0 clientSn=5486
20:25:07.377 DBG [REQ] Bucket size after enqueue bucketID=60 bucketLenApprox=0
20:25:07.393 INF [REQ] ClientRequest received -> bucket bucketID=24 clientID=0 clientSn=5490
20:25:07.393 DBG [REQ] Bucket size after enqueue bucketID=24 bucketLenApprox=0
20:25:07.409 INF [REQ] ClientRequest received -> bucket bucketID=19 clientID=0 clientSn=5494
20:25:07.409 DBG [REQ] Bucket size after enqueue bucketID=19 bucketLenApprox=0
20:25:07.424 INF [REQ] ClientRequest received -> bucket bucketID=14 clientID=0 clientSn=5498
20:25:07.424 DBG [REQ] Bucket size after enqueue bucketID=14 bucketLenApprox=3
20:25:07.440 INF [REQ] ClientRequest received -> bucket bucketID=27 clientID=0 clientSn=5502
20:25:07.440 DBG [REQ] Bucket size after enqueue bucketID=27 bucketLenApprox=0
20:25:07.455 INF [REQ] ClientRequest received -> bucket bucketID=26 clientID=0 clientSn=5506
20:25:07.456 DBG [REQ] Bucket size after enqueue bucketID=26 bucketLenApprox=3
20:25:07.471 INF [REQ] ClientRequest received -> bucket bucketID=28 clientID=0 clientSn=5510
20:25:07.471 DBG [REQ] Bucket size after enqueue bucketID=28 bucketLenApprox=0
20:25:07.487 INF [REQ] ClientRequest received -> bucket bucketID=35 clientID=0 clientSn=5514
20:25:07.487 DBG [REQ] Bucket size after enqueue bucketID=35 bucketLenApprox=0
20:25:07.502 INF [REQ] ClientRequest received -> bucket bucketID=12 clientID=0 clientSn=5518
20:25:07.502 DBG [REQ] Bucket size after enqueue bucketID=12 bucketLenApprox=0
20:25:07.518 INF [REQ] ClientRequest received -> bucket bucketID=43 clientID=0 clientSn=5522
20:25:07.518 DBG [REQ] Bucket size after enqueue bucketID=43 bucketLenApprox=0
20:25:07.534 INF [REQ] ClientRequest received -> bucket bucketID=14 clientID=0 clientSn=5526
20:25:07.534 DBG [REQ] Bucket size after enqueue bucketID=14 bucketLenApprox=4
20:25:07.550 INF [REQ] ClientRequest received -> bucket bucketID=24 clientID=0 clientSn=5530
20:25:07.550 DBG [REQ] Bucket size after enqueue bucketID=24 bucketLenApprox=0
20:25:07.565 INF [REQ] ClientRequest received -> bucket bucketID=26 clientID=0 clientSn=5534
20:25:07.565 DBG [REQ] Bucket size after enqueue bucketID=26 bucketLenApprox=4
20:25:07.581 INF [REQ] ClientRequest received -> bucket bucketID=49 clientID=0 clientSn=5538
20:25:07.581 DBG [REQ] Bucket size after enqueue bucketID=49 bucketLenApprox=0
20:25:07.596 INF [REQ] ClientRequest received -> bucket bucketID=58 clientID=0 clientSn=5542
20:25:07.597 DBG [REQ] Bucket size after enqueue bucketID=58 bucketLenApprox=3
20:25:07.611 INF [REQ] ClientRequest received -> bucket bucketID=46 clientID=0 clientSn=5546
20:25:07.612 DBG [REQ] Bucket size after enqueue bucketID=46 bucketLenApprox=3
20:25:07.627 INF [REQ] ClientRequest received -> bucket bucketID=63 clientID=0 clientSn=5550
20:25:07.627 DBG [REQ] Bucket size after enqueue bucketID=63 bucketLenApprox=0
20:25:07.643 INF [REQ] ClientRequest received -> bucket bucketID=35 clientID=0 clientSn=5554
20:25:07.643 DBG [REQ] Bucket size after enqueue bucketID=35 bucketLenApprox=0
20:25:07.659 INF [REQ] ClientRequest received -> bucket bucketID=38 clientID=0 clientSn=5558
20:25:07.660 DBG [REQ] Bucket size after enqueue bucketID=38 bucketLenApprox=4
20:25:07.675 INF [REQ] ClientRequest received -> bucket bucketID=2 clientID=0 clientSn=5562
20:25:07.675 DBG [REQ] Bucket size after enqueue bucketID=2 bucketLenApprox=3
20:25:07.690 INF [REQ] ClientRequest received -> bucket bucketID=43 clientID=0 clientSn=5566
20:25:07.690 DBG [REQ] Bucket size after enqueue bucketID=43 bucketLenApprox=0
20:25:07.706 INF [REQ] ClientRequest received -> bucket bucketID=52 clientID=0 clientSn=5570
20:25:07.706 DBG [REQ] Bucket size after enqueue bucketID=52 bucketLenApprox=0
20:25:07.721 INF [REQ] ClientRequest received -> bucket bucketID=42 clientID=0 clientSn=5574
20:25:07.721 DBG [REQ] Bucket size after enqueue bucketID=42 bucketLenApprox=4
20:25:07.737 INF [REQ] ClientRequest received -> bucket bucketID=36 clientID=0 clientSn=5578
20:25:07.737 DBG [REQ] Bucket size after enqueue bucketID=36 bucketLenApprox=0
20:25:07.753 INF [REQ] ClientRequest received -> bucket bucketID=35 clientID=0 clientSn=5582
20:25:07.753 DBG [REQ] Bucket size after enqueue bucketID=35 bucketLenApprox=0
20:25:07.768 INF [REQ] ClientRequest received -> bucket bucketID=1 clientID=0 clientSn=5586
20:25:07.769 DBG [REQ] Bucket size after enqueue bucketID=1 bucketLenApprox=0
20:25:07.783 INF [REQ] ClientRequest received -> bucket bucketID=19 clientID=0 clientSn=5590
20:25:07.783 DBG [REQ] Bucket size after enqueue bucketID=19 bucketLenApprox=0
20:25:07.800 INF [REQ] ClientRequest received -> bucket bucketID=10 clientID=0 clientSn=5594
20:25:07.800 DBG [REQ] Bucket size after enqueue bucketID=10 bucketLenApprox=5
20:25:07.815 INF [REQ] ClientRequest received -> bucket bucketID=0 clientID=0 clientSn=5598
20:25:07.815 DBG [REQ] Bucket size after enqueue bucketID=0 bucketLenApprox=0
20:25:07.831 INF [REQ] ClientRequest received -> bucket bucketID=15 clientID=0 clientSn=5602
20:25:07.831 DBG [REQ] Bucket size after enqueue bucketID=15 bucketLenApprox=0
20:25:07.846 INF [REQ] ClientRequest received -> bucket bucketID=28 clientID=0 clientSn=5606
20:25:07.847 DBG [REQ] Bucket size after enqueue bucketID=28 bucketLenApprox=0
20:25:07.862 INF [REQ] ClientRequest received -> bucket bucketID=19 clientID=0 clientSn=5610
20:25:07.862 DBG [REQ] Bucket size after enqueue bucketID=19 bucketLenApprox=0
20:25:07.877 INF [REQ] ClientRequest received -> bucket bucketID=6 clientID=0 clientSn=5614
20:25:07.877 DBG [REQ] Bucket size after enqueue bucketID=6 bucketLenApprox=4
20:25:07.893 INF [REQ] ClientRequest received -> bucket bucketID=53 clientID=0 clientSn=5618
20:25:07.893 DBG [REQ] Bucket size after enqueue bucketID=53 bucketLenApprox=0
20:25:07.909 INF [REQ] ClientRequest received -> bucket bucketID=23 clientID=0 clientSn=5622
20:25:07.909 DBG [REQ] Bucket size after enqueue bucketID=23 bucketLenApprox=0
20:25:07.925 INF [REQ] ClientRequest received -> bucket bucketID=27 clientID=0 clientSn=5626
20:25:07.925 DBG [REQ] Bucket size after enqueue bucketID=27 bucketLenApprox=0
20:25:07.940 INF [REQ] ClientRequest received -> bucket bucketID=9 clientID=0 clientSn=5630
20:25:07.940 DBG [REQ] Bucket size after enqueue bucketID=9 bucketLenApprox=0
20:25:07.955 INF [REQ] ClientRequest received -> bucket bucketID=14 clientID=0 clientSn=5634
20:25:07.956 DBG [REQ] Bucket size after enqueue bucketID=14 bucketLenApprox=5
20:25:07.971 INF [REQ] ClientRequest received -> bucket bucketID=49 clientID=0 clientSn=5638
20:25:07.972 DBG [REQ] Bucket size after enqueue bucketID=49 bucketLenApprox=0
20:25:07.987 INF [REQ] ClientRequest received -> bucket bucketID=5 clientID=0 clientSn=5642
20:25:07.988 DBG [REQ] Bucket size after enqueue bucketID=5 bucketLenApprox=0
20:25:08.002 INF [REQ] ClientRequest received -> bucket bucketID=29 clientID=0 clientSn=5646
20:25:08.002 DBG [REQ] Bucket size after enqueue bucketID=29 bucketLenApprox=0
20:25:08.018 INF [REQ] ClientRequest received -> bucket bucketID=26 clientID=0 clientSn=5650
20:25:08.018 DBG [REQ] Bucket size after enqueue bucketID=26 bucketLenApprox=5
20:25:08.034 INF [REQ] ClientRequest received -> bucket bucketID=63 clientID=0 clientSn=5654
20:25:08.034 DBG [REQ] Bucket size after enqueue bucketID=63 bucketLenApprox=0
20:25:08.049 INF [REQ] ClientRequest received -> bucket bucketID=2 clientID=0 clientSn=5658
20:25:08.049 DBG [REQ] Bucket size after enqueue bucketID=2 bucketLenApprox=5
20:25:08.065 INF [REQ] ClientRequest received -> bucket bucketID=0 clientID=0 clientSn=5662
20:25:08.065 DBG [REQ] Bucket size after enqueue bucketID=0 bucketLenApprox=0
20:25:08.081 INF [REQ] ClientRequest received -> bucket bucketID=40 clientID=0 clientSn=5666
20:25:08.081 DBG [REQ] Bucket size after enqueue bucketID=40 bucketLenApprox=0
20:25:08.097 INF [REQ] ClientRequest received -> bucket bucketID=15 clientID=0 clientSn=5670
20:25:08.097 DBG [REQ] Bucket size after enqueue bucketID=15 bucketLenApprox=0
20:25:08.112 INF [REQ] ClientRequest received -> bucket bucketID=34 clientID=0 clientSn=5674
20:25:08.112 DBG [REQ] Bucket size after enqueue bucketID=34 bucketLenApprox=6
20:25:08.127 INF [REQ] ClientRequest received -> bucket bucketID=46 clientID=0 clientSn=5678
20:25:08.128 DBG [REQ] Bucket size after enqueue bucketID=46 bucketLenApprox=5
20:25:08.142 INF [REQ] ClientRequest received -> bucket bucketID=14 clientID=0 clientSn=5682
20:25:08.143 DBG [REQ] Bucket size after enqueue bucketID=14 bucketLenApprox=6
20:25:08.158 INF [REQ] ClientRequest received -> bucket bucketID=49 clientID=0 clientSn=5686
20:25:08.158 DBG [REQ] Bucket size after enqueue bucketID=49 bucketLenApprox=0
20:25:08.174 INF [REQ] ClientRequest received -> bucket bucketID=45 clientID=0 clientSn=5690
20:25:08.174 DBG [REQ] Bucket size after enqueue bucketID=45 bucketLenApprox=0
20:25:08.190 INF [REQ] ClientRequest received -> bucket bucketID=15 clientID=0 clientSn=5694
20:25:08.190 DBG [REQ] Bucket size after enqueue bucketID=15 bucketLenApprox=0
20:25:08.206 INF [REQ] ClientRequest received -> bucket bucketID=63 clientID=0 clientSn=5698
20:25:08.206 DBG [REQ] Bucket size after enqueue bucketID=63 bucketLenApprox=0
20:25:08.222 INF [REQ] ClientRequest received -> bucket bucketID=7 clientID=0 clientSn=5702
20:25:08.222 DBG [REQ] Bucket size after enqueue bucketID=7 bucketLenApprox=0
20:25:08.237 INF [REQ] ClientRequest received -> bucket bucketID=2 clientID=0 clientSn=5706
20:25:08.238 DBG [REQ] Bucket size after enqueue bucketID=2 bucketLenApprox=6
20:25:08.252 INF [REQ] ClientRequest received -> bucket bucketID=47 clientID=0 clientSn=5710
20:25:08.252 DBG [REQ] Bucket size after enqueue bucketID=47 bucketLenApprox=0
20:25:08.268 INF [REQ] ClientRequest received -> bucket bucketID=12 clientID=0 clientSn=5714
20:25:08.268 DBG [REQ] Bucket size after enqueue bucketID=12 bucketLenApprox=0
20:25:08.284 INF [REQ] ClientRequest received -> bucket bucketID=18 clientID=0 clientSn=5718
20:25:08.284 DBG [REQ] Bucket size after enqueue bucketID=18 bucketLenApprox=7
20:25:08.299 INF [REQ] ClientRequest received -> bucket bucketID=34 clientID=0 clientSn=5722
20:25:08.299 DBG [REQ] Bucket size after enqueue bucketID=34 bucketLenApprox=6
20:25:08.315 INF [REQ] ClientRequest received -> bucket bucketID=16 clientID=0 clientSn=5726
20:25:08.315 DBG [REQ] Bucket size after enqueue bucketID=16 bucketLenApprox=0
20:25:08.331 INF [REQ] ClientRequest received -> bucket bucketID=17 clientID=0 clientSn=5730
20:25:08.331 DBG [REQ] Bucket size after enqueue bucketID=17 bucketLenApprox=0
20:25:08.345 INF [REQ] ClientRequest received -> bucket bucketID=2 clientID=0 clientSn=5734
20:25:08.346 DBG [REQ] Bucket size after enqueue bucketID=2 bucketLenApprox=6
20:25:08.363 INF [REQ] ClientRequest received -> bucket bucketID=51 clientID=0 clientSn=5738
20:25:08.363 DBG [REQ] Bucket size after enqueue bucketID=51 bucketLenApprox=0
20:25:08.377 INF [REQ] ClientRequest received -> bucket bucketID=61 clientID=0 clientSn=5742
20:25:08.378 DBG [REQ] Bucket size after enqueue bucketID=61 bucketLenApprox=0
20:25:08.393 INF [REQ] ClientRequest received -> bucket bucketID=59 clientID=0 clientSn=5746
20:25:08.393 DBG [REQ] Bucket size after enqueue bucketID=59 bucketLenApprox=0
20:25:08.408 INF [REQ] ClientRequest received -> bucket bucketID=44 clientID=0 clientSn=5750
20:25:08.409 DBG [REQ] Bucket size after enqueue bucketID=44 bucketLenApprox=0
20:25:08.424 INF [REQ] ClientRequest received -> bucket bucketID=7 clientID=0 clientSn=5754
20:25:08.424 DBG [REQ] Bucket size after enqueue bucketID=7 bucketLenApprox=0
20:25:08.440 INF [REQ] ClientRequest received -> bucket bucketID=37 clientID=0 clientSn=5758
20:25:08.440 DBG [REQ] Bucket size after enqueue bucketID=37 bucketLenApprox=0
20:25:08.456 INF [REQ] ClientRequest received -> bucket bucketID=41 clientID=0 clientSn=5762
20:25:08.456 DBG [REQ] Bucket size after enqueue bucketID=41 bucketLenApprox=0
20:25:08.471 INF [REQ] ClientRequest received -> bucket bucketID=21 clientID=0 clientSn=5766
20:25:08.471 DBG [REQ] Bucket size after enqueue bucketID=21 bucketLenApprox=0
20:25:08.487 INF [REQ] ClientRequest received -> bucket bucketID=62 clientID=0 clientSn=5770
20:25:08.487 DBG [REQ] Bucket size after enqueue bucketID=62 bucketLenApprox=7
20:25:08.502 INF [REQ] ClientRequest received -> bucket bucketID=32 clientID=0 clientSn=5774
20:25:08.502 DBG [REQ] Bucket size after enqueue bucketID=32 bucketLenApprox=0
20:25:08.518 INF [REQ] ClientRequest received -> bucket bucketID=9 clientID=0 clientSn=5778
20:25:08.518 DBG [REQ] Bucket size after enqueue bucketID=9 bucketLenApprox=0
20:25:08.533 INF [REQ] ClientRequest received -> bucket bucketID=41 clientID=0 clientSn=5782
20:25:08.534 DBG [REQ] Bucket size after enqueue bucketID=41 bucketLenApprox=0
20:25:08.550 INF [REQ] ClientRequest received -> bucket bucketID=38 clientID=0 clientSn=5786
20:25:08.550 DBG [REQ] Bucket size after enqueue bucketID=38 bucketLenApprox=7
20:25:08.565 INF [REQ] ClientRequest received -> bucket bucketID=43 clientID=0 clientSn=5790
20:25:08.566 DBG [REQ] Bucket size after enqueue bucketID=43 bucketLenApprox=0
20:25:08.581 INF [REQ] ClientRequest received -> bucket bucketID=4 clientID=0 clientSn=5794
20:25:08.581 DBG [REQ] Bucket size after enqueue bucketID=4 bucketLenApprox=0
20:25:08.596 INF [REQ] ClientRequest received -> bucket bucketID=50 clientID=0 clientSn=5798
20:25:08.596 DBG [REQ] Bucket size after enqueue bucketID=50 bucketLenApprox=7
20:25:08.612 INF [REQ] ClientRequest received -> bucket bucketID=23 clientID=0 clientSn=5802
20:25:08.612 DBG [REQ] Bucket size after enqueue bucketID=23 bucketLenApprox=0
20:25:08.628 INF [REQ] ClientRequest received -> bucket bucketID=43 clientID=0 clientSn=5806
20:25:08.628 DBG [REQ] Bucket size after enqueue bucketID=43 bucketLenApprox=0
20:25:08.642 INF [REQ] ClientRequest received -> bucket bucketID=29 clientID=0 clientSn=5810
20:25:08.643 DBG [REQ] Bucket size after enqueue bucketID=29 bucketLenApprox=0
20:25:08.659 INF [REQ] ClientRequest received -> bucket bucketID=6 clientID=0 clientSn=5814
20:25:08.659 DBG [REQ] Bucket size after enqueue bucketID=6 bucketLenApprox=7
20:25:08.674 INF [REQ] ClientRequest received -> bucket bucketID=20 clientID=0 clientSn=5818
20:25:08.675 DBG [REQ] Bucket size after enqueue bucketID=20 bucketLenApprox=0
20:25:08.690 INF [REQ] ClientRequest received -> bucket bucketID=28 clientID=0 clientSn=5822
20:25:08.690 DBG [REQ] Bucket size after enqueue bucketID=28 bucketLenApprox=0
20:25:08.706 INF [REQ] ClientRequest received -> bucket bucketID=49 clientID=0 clientSn=5826
20:25:08.706 DBG [REQ] Bucket size after enqueue bucketID=49 bucketLenApprox=0
20:25:08.721 INF [REQ] ClientRequest received -> bucket bucketID=46 clientID=0 clientSn=5830
20:25:08.721 DBG [REQ] Bucket size after enqueue bucketID=46 bucketLenApprox=8
20:25:08.727 DBG Batch cut. left=0 nBuckets=16 nReq=128 next=0
PROPOSE sn=46 size=128
[MPX][NET] SEND Accept sn=46 bytes=74758 gid=46 digest=e68e6b1ab58ed0bf
[MC][SEND] kind=Accept sn=46 gid=47 (group)
[MPX] PROPOSE sn=46 size=128
[MPX][NET] SEND Prepare sn=47
[MC][SEND] kind=Prepare sn=47 gid=0 dst=ALL
20:25:08.729 DBG Batch cut. left=0 nBuckets=16 nReq=0 next=0
[MPX][NET] SEND Prepare sn=48
[MC][SEND] kind=Prepare sn=48 gid=0 dst=ALL
[MPX][IN ] PROMISE sn=46 from=3 members=[0 1 2 3]
[MPX][IN ] PROMISE sn=46 from=1 members=[0 1 2 3]
[MPX][IN ] PROMISE sn=46 from=0 members=[0 1 2 3]
20:25:08.729 DBG Batch cut. left=0 nBuckets=16 nReq=0 next=0
[MPX][IN ] PREPARE sn=46 from=3
[MPX][NET] SEND Prepare sn=49
[MC][SEND] kind=Prepare sn=49 gid=0 dst=ALL
20:25:08.730 DBG Batch cut. left=0 nBuckets=16 nReq=0 next=0
[MPX][NET] SEND Prepare sn=50
[MC][SEND] kind=Prepare sn=50 gid=0 dst=ALL
20:25:08.731 WRN MPX handles message from self. sn=47
[MPX][IN ] PREPARE sn=47 from=2
20:25:08.731 WRN MPX handles message from self. sn=48
20:25:08.732 WRN MPX handles message from self. sn=49
20:25:08.732 WRN MPX handles message from self. sn=50
[MPX][IN ] PREPARE sn=50 from=2
[MPX][IN ] PREPARE sn=48 from=2
[MPX][IN ] PREPARE sn=49 from=2
[MPX][IN ] PROMISE sn=49 from=0 members=[0 1 2 3]
[MPX][IN ] PROMISE sn=48 from=0 members=[0 1 2 3]
[MPX][IN ] PROMISE sn=48 from=3 members=[0 1 2 3]
[MPX][IN ] PROMISE sn=49 from=3 members=[0 1 2 3]
[MPX][IN ] ACCEPTED sn=46 from=0
[MPX][QUORUM] ACCEPTED sn=46 count=2/3 digest=e68e6b1ab58ed0bf
[MPX][IN ] ACCEPTED sn=46 from=3
[MPX][QUORUM] ACCEPTED sn=46 count=3/3 digest=e68e6b1ab58ed0bf
[MPX][QUORUM] MAJORITY REACHED sn=46 → COMMIT digest=e68e6b1ab58ed0bf
[MC][GROUP] sn=50 gid=51 members=[3 1 0]
[MPX][NET] SEND Commit sn=46 gid=46 digest=e68e6b1ab58ed0bf
[MC][GROUP] sn=48 gid=49 members=[0 3 1]
[MPX][IN ] PROMISE sn=48 from=1 members=[0 1 2 3]
[MC][SEND] kind=Commit sn=46 gid=47 (group)
[MC][GROUP] sn=49 gid=50 members=[0 3 1]
[MPX][NET] GOSSIP Commit sn=46 gid=46 digest=e68e6b1ab58ed0bf
[MPX][IN ] PROMISE sn=49 from=1 members=[0 1 2 3]
[MC][SEND] kind=Commit sn=46 gid=47 (group)
[MPX][CHK] ANNOUNCE sn=46 reqs=128
20:25:08.736 INF Committed entry. latency=0 nReq=128 sn=46
SB-DELIVER sn=46 size=128
COMMIT sn=46 size=128
DELIVER sn=46 delivered=128
[MPX] COMMIT  sn=46 size=128
[MPX][IN ] ACCEPTED sn=46 from=1
[MPX][QUORUM] ACCEPTED sn=46 count=4/3 digest=e68e6b1ab58ed0bf
20:25:08.737 INF [REQ] ClientRequest received -> bucket bucketID=13 clientID=0 clientSn=5834
20:25:08.737 DBG [REQ] Bucket size after enqueue bucketID=13 bucketLenApprox=0
[MPX][IN ] PREPARE sn=45 from=0
[MPX][IN ] PREPARE sn=46 from=0
[MPX][IN ] PREPARE sn=47 from=0
[MPX][IN ] PREPARE sn=48 from=0
20:25:08.753 INF [REQ] ClientRequest received -> bucket bucketID=37 clientID=0 clientSn=5838
20:25:08.754 DBG [REQ] Bucket size after enqueue bucketID=37 bucketLenApprox=0
[MPX][IN ] ACCEPTED sn=46 from=3
[MPX][IN ] ACCEPTED sn=46 from=1
[MPX][IN ] ACCEPTED sn=46 from=0
20:25:08.770 INF [REQ] ClientRequest received -> bucket bucketID=52 clientID=0 clientSn=5842
20:25:08.770 DBG [REQ] Bucket size after enqueue bucketID=52 bucketLenApprox=0
[MPX][IN ] PREPARE sn=49 from=3
[MPX][IN ] PREPARE sn=51 from=3
[MPX][NET] SEND Promise sn=51 members=[0 1 2 3]
[MPX][IN ] PROMISE sn=51 from=0 members=[0 1 2 3]
20:25:08.784 WRN MPX handles message from self. sn=51
[MPX][IN ] PROMISE sn=51 from=2 members=[0 1 2 3]
[MC][GROUP] sn=51 gid=52 members=[2 1 0]
[MPX][IN ] PROMISE sn=51 from=1 members=[0 1 2 3]
[MPX][IN ] PREPARE sn=48 from=3
[MPX][IN ] ACCEPT sn=47 from=3 gid=47
[MPX][QUORUM] ACCEPT sn=47 acceptCount=1 quorum=3 digest=e1a4a8939d53e034
[MPX][NET] SEND Accepted sn=47 → leader=3 (unicast)
20:25:08.787 INF [REQ] ClientRequest received -> bucket bucketID=50 clientID=0 clientSn=5846
20:25:08.787 DBG [REQ] Bucket size after enqueue bucketID=50 bucketLenApprox=0
[MPX][IN ] COMMIT sn=47 from=3 gid=47
[MPX][NET] GOSSIP Commit sn=47 gid=47 digest=e1a4a8939d53e034
[MC][SEND] kind=Commit sn=47 gid=0 dst=ALL (fallback)
[MPX][CHK] ANNOUNCE sn=47 reqs=128
20:25:08.796 INF Committed entry. latency=0 nReq=128 sn=47
SB-DELIVER sn=47 size=128
COMMIT sn=47 size=128
DELIVER sn=47 delivered=128
[MPX] COMMIT  sn=47 size=128
[MPX][IN ] COMMIT sn=47 from=3 gid=47
20:25:08.799 WRN MPX handles message from self. sn=47
[MPX][IN ] COMMIT sn=47 from=2 gid=47
20:25:08.804 INF [REQ] ClientRequest received -> bucket bucketID=13 clientID=0 clientSn=5850
20:25:08.805 DBG [REQ] Bucket size after enqueue bucketID=13 bucketLenApprox=0
[MPX][IN ] COMMIT sn=47 from=0 gid=47
[MPX][IN ] COMMIT sn=47 from=1 gid=47
20:25:08.816 INF [REQ] ClientRequest received -> bucket bucketID=32 clientID=0 clientSn=5854
20:25:08.817 DBG [REQ] Bucket size after enqueue bucketID=32 bucketLenApprox=0
[MPX][IN ] PREPARE sn=47 from=1
[MPX][IN ] ACCEPT sn=47 from=1 gid=47
[MPX][QUORUM] ACCEPT sn=47 acceptCount=1 quorum=3 digest=e1a4a8939d53e034
[MPX][NET] SEND Accepted sn=47 → leader=1 (unicast)
[MPX][IN ] PREPARE sn=46 from=1
[MPX][IN ] PREPARE sn=48 from=1
[MPX][IN ] PREPARE sn=49 from=1
[MPX][IN ] COMMIT sn=47 from=1 gid=47
20:25:08.831 INF [REQ] ClientRequest received -> bucket bucketID=0 clientID=0 clientSn=5858
20:25:08.831 DBG [REQ] Bucket size after enqueue bucketID=0 bucketLenApprox=0
20:25:08.847 INF [REQ] ClientRequest received -> bucket bucketID=34 clientID=0 clientSn=5862
20:25:08.847 DBG [REQ] Bucket size after enqueue bucketID=34 bucketLenApprox=1
20:25:08.864 INF [REQ] ClientRequest received -> bucket bucketID=24 clientID=0 clientSn=5866
20:25:08.864 DBG [REQ] Bucket size after enqueue bucketID=24 bucketLenApprox=0
20:25:08.877 INF [REQ] ClientRequest received -> bucket bucketID=0 clientID=0 clientSn=5870
20:25:08.877 DBG [REQ] Bucket size after enqueue bucketID=0 bucketLenApprox=0
20:25:08.893 INF [REQ] ClientRequest received -> bucket bucketID=13 clientID=0 clientSn=5874
20:25:08.893 DBG [REQ] Bucket size after enqueue bucketID=13 bucketLenApprox=0
20:25:08.908 INF [REQ] ClientRequest received -> bucket bucketID=62 clientID=0 clientSn=5878
20:25:08.909 DBG [REQ] Bucket size after enqueue bucketID=62 bucketLenApprox=0
20:25:08.924 INF [REQ] ClientRequest received -> bucket bucketID=12 clientID=0 clientSn=5882
20:25:08.924 DBG [REQ] Bucket size after enqueue bucketID=12 bucketLenApprox=0
20:25:08.940 INF [REQ] ClientRequest received -> bucket bucketID=57 clientID=0 clientSn=5886
20:25:08.940 DBG [REQ] Bucket size after enqueue bucketID=57 bucketLenApprox=0
20:25:08.956 INF [REQ] ClientRequest received -> bucket bucketID=14 clientID=0 clientSn=5890
20:25:08.956 DBG [REQ] Bucket size after enqueue bucketID=14 bucketLenApprox=1
20:25:08.995 INF [REQ] ClientRequest received -> bucket bucketID=8 clientID=0 clientSn=5894
20:25:08.995 DBG [REQ] Bucket size after enqueue bucketID=8 bucketLenApprox=0
20:25:08.997 INF [REQ] ClientRequest received -> bucket bucketID=44 clientID=0 clientSn=5898
20:25:08.997 DBG [REQ] Bucket size after enqueue bucketID=44 bucketLenApprox=0
20:25:09.002 INF [REQ] ClientRequest received -> bucket bucketID=59 clientID=0 clientSn=5902
20:25:09.002 DBG [REQ] Bucket size after enqueue bucketID=59 bucketLenApprox=0
[MPX][IN ] ACCEPT sn=46 from=0 gid=46
[MPX][QUORUM] ACCEPT sn=46 acceptCount=4 quorum=3 digest=e68e6b1ab58ed0bf
[MPX][NET] SKIP Accepted sn=46 (leader=self)
[MPX][IN ] ACCEPTED sn=46 from=3
[MPX][IN ] ACCEPTED sn=46 from=0
[MPX][IN ] ACCEPTED sn=46 from=1
20:25:09.019 INF [REQ] ClientRequest received -> bucket bucketID=1 clientID=0 clientSn=5906
20:25:09.019 DBG [REQ] Bucket size after enqueue bucketID=1 bucketLenApprox=0
20:25:09.033 INF [REQ] ClientRequest received -> bucket bucketID=56 clientID=0 clientSn=5910
20:25:09.033 DBG [REQ] Bucket size after enqueue bucketID=56 bucketLenApprox=0
20:25:09.050 INF [REQ] ClientRequest received -> bucket bucketID=62 clientID=0 clientSn=5914
20:25:09.050 DBG [REQ] Bucket size after enqueue bucketID=62 bucketLenApprox=1
20:25:09.065 INF [REQ] ClientRequest received -> bucket bucketID=30 clientID=0 clientSn=5918
20:25:09.065 DBG [REQ] Bucket size after enqueue bucketID=30 bucketLenApprox=1
20:25:09.080 INF [REQ] ClientRequest received -> bucket bucketID=16 clientID=0 clientSn=5922
20:25:09.080 DBG [REQ] Bucket size after enqueue bucketID=16 bucketLenApprox=0
20:25:09.096 INF [REQ] ClientRequest received -> bucket bucketID=27 clientID=0 clientSn=5926
20:25:09.096 DBG [REQ] Bucket size after enqueue bucketID=27 bucketLenApprox=0
20:25:09.112 INF [REQ] ClientRequest received -> bucket bucketID=19 clientID=0 clientSn=5930
20:25:09.112 DBG [REQ] Bucket size after enqueue bucketID=19 bucketLenApprox=0
20:25:09.127 INF [REQ] ClientRequest received -> bucket bucketID=6 clientID=0 clientSn=5934
20:25:09.127 DBG [REQ] Bucket size after enqueue bucketID=6 bucketLenApprox=1
20:25:09.143 INF [REQ] ClientRequest received -> bucket bucketID=58 clientID=0 clientSn=5938
20:25:09.143 DBG [REQ] Bucket size after enqueue bucketID=58 bucketLenApprox=1
20:25:09.159 INF [REQ] ClientRequest received -> bucket bucketID=6 clientID=0 clientSn=5942
20:25:09.159 DBG [REQ] Bucket size after enqueue bucketID=6 bucketLenApprox=1
20:25:09.175 INF [REQ] ClientRequest received -> bucket bucketID=12 clientID=0 clientSn=5946
20:25:09.175 DBG [REQ] Bucket size after enqueue bucketID=12 bucketLenApprox=0
20:25:09.190 INF [REQ] ClientRequest received -> bucket bucketID=23 clientID=0 clientSn=5950
20:25:09.190 DBG [REQ] Bucket size after enqueue bucketID=23 bucketLenApprox=0
20:25:09.206 INF [REQ] ClientRequest received -> bucket bucketID=57 clientID=0 clientSn=5954
20:25:09.206 DBG [REQ] Bucket size after enqueue bucketID=57 bucketLenApprox=0
20:25:09.221 INF [REQ] ClientRequest received -> bucket bucketID=30 clientID=0 clientSn=5958
20:25:09.221 DBG [REQ] Bucket size after enqueue bucketID=30 bucketLenApprox=2
20:25:09.237 INF [REQ] ClientRequest received -> bucket bucketID=4 clientID=0 clientSn=5962
20:25:09.237 DBG [REQ] Bucket size after enqueue bucketID=4 bucketLenApprox=0
20:25:09.252 INF [REQ] ClientRequest received -> bucket bucketID=48 clientID=0 clientSn=5966
20:25:09.253 DBG [REQ] Bucket size after enqueue bucketID=48 bucketLenApprox=0
20:25:09.268 INF [REQ] ClientRequest received -> bucket bucketID=10 clientID=0 clientSn=5970
20:25:09.268 DBG [REQ] Bucket size after enqueue bucketID=10 bucketLenApprox=3
20:25:09.284 INF [REQ] ClientRequest received -> bucket bucketID=54 clientID=0 clientSn=5974
20:25:09.284 DBG [REQ] Bucket size after enqueue bucketID=54 bucketLenApprox=2
20:25:09.300 INF [REQ] ClientRequest received -> bucket bucketID=36 clientID=0 clientSn=5978
20:25:09.300 DBG [REQ] Bucket size after enqueue bucketID=36 bucketLenApprox=0
20:25:09.315 INF [REQ] ClientRequest received -> bucket bucketID=59 clientID=0 clientSn=5982
20:25:09.315 DBG [REQ] Bucket size after enqueue bucketID=59 bucketLenApprox=0
20:25:09.331 INF [REQ] ClientRequest received -> bucket bucketID=14 clientID=0 clientSn=5986
20:25:09.331 DBG [REQ] Bucket size after enqueue bucketID=14 bucketLenApprox=3
20:25:09.346 INF [REQ] ClientRequest received -> bucket bucketID=7 clientID=0 clientSn=5990
20:25:09.347 DBG [REQ] Bucket size after enqueue bucketID=7 bucketLenApprox=0
20:25:09.362 INF [REQ] ClientRequest received -> bucket bucketID=42 clientID=0 clientSn=5994
20:25:09.363 DBG [REQ] Bucket size after enqueue bucketID=42 bucketLenApprox=2
20:25:09.377 INF [REQ] ClientRequest received -> bucket bucketID=42 clientID=0 clientSn=5998
20:25:09.378 DBG [REQ] Bucket size after enqueue bucketID=42 bucketLenApprox=3
20:25:09.393 INF [REQ] ClientRequest received -> bucket bucketID=37 clientID=0 clientSn=6002
20:25:09.393 DBG [REQ] Bucket size after enqueue bucketID=37 bucketLenApprox=0
20:25:09.408 INF [REQ] ClientRequest received -> bucket bucketID=12 clientID=0 clientSn=6006
20:25:09.409 DBG [REQ] Bucket size after enqueue bucketID=12 bucketLenApprox=0
20:25:09.425 INF [REQ] ClientRequest received -> bucket bucketID=38 clientID=0 clientSn=6010
20:25:09.425 DBG [REQ] Bucket size after enqueue bucketID=38 bucketLenApprox=3
20:25:09.440 INF [REQ] ClientRequest received -> bucket bucketID=11 clientID=0 clientSn=6014
20:25:09.440 DBG [REQ] Bucket size after enqueue bucketID=11 bucketLenApprox=0
20:25:09.456 INF [REQ] ClientRequest received -> bucket bucketID=13 clientID=0 clientSn=6018
20:25:09.456 DBG [REQ] Bucket size after enqueue bucketID=13 bucketLenApprox=0
20:25:09.471 INF [REQ] ClientRequest received -> bucket bucketID=8 clientID=0 clientSn=6022
20:25:09.472 DBG [REQ] Bucket size after enqueue bucketID=8 bucketLenApprox=0
20:25:09.487 INF [REQ] ClientRequest received -> bucket bucketID=60 clientID=0 clientSn=6026
20:25:09.487 DBG [REQ] Bucket size after enqueue bucketID=60 bucketLenApprox=0
20:25:09.503 INF [REQ] ClientRequest received -> bucket bucketID=9 clientID=0 clientSn=6030
20:25:09.503 DBG [REQ] Bucket size after enqueue bucketID=9 bucketLenApprox=0
20:25:09.518 INF [REQ] ClientRequest received -> bucket bucketID=39 clientID=0 clientSn=6034
20:25:09.518 DBG [REQ] Bucket size after enqueue bucketID=39 bucketLenApprox=0
20:25:09.533 INF [REQ] ClientRequest received -> bucket bucketID=50 clientID=0 clientSn=6038
20:25:09.533 DBG [REQ] Bucket size after enqueue bucketID=50 bucketLenApprox=3
20:25:09.550 INF [REQ] ClientRequest received -> bucket bucketID=18 clientID=0 clientSn=6042
20:25:09.550 DBG [REQ] Bucket size after enqueue bucketID=18 bucketLenApprox=4
20:25:09.565 INF [REQ] ClientRequest received -> bucket bucketID=61 clientID=0 clientSn=6046
20:25:09.566 DBG [REQ] Bucket size after enqueue bucketID=61 bucketLenApprox=0
20:25:09.580 INF [REQ] ClientRequest received -> bucket bucketID=23 clientID=0 clientSn=6050
20:25:09.580 DBG [REQ] Bucket size after enqueue bucketID=23 bucketLenApprox=0
20:25:09.596 INF [REQ] ClientRequest received -> bucket bucketID=46 clientID=0 clientSn=6054
20:25:09.597 DBG [REQ] Bucket size after enqueue bucketID=46 bucketLenApprox=3
20:25:09.611 INF [REQ] ClientRequest received -> bucket bucketID=58 clientID=0 clientSn=6058
20:25:09.612 DBG [REQ] Bucket size after enqueue bucketID=58 bucketLenApprox=3
20:25:09.627 INF [REQ] ClientRequest received -> bucket bucketID=45 clientID=0 clientSn=6062
20:25:09.628 DBG [REQ] Bucket size after enqueue bucketID=45 bucketLenApprox=0
20:25:09.643 INF [REQ] ClientRequest received -> bucket bucketID=39 clientID=0 clientSn=6066
20:25:09.643 DBG [REQ] Bucket size after enqueue bucketID=39 bucketLenApprox=0
20:25:09.658 INF [REQ] ClientRequest received -> bucket bucketID=11 clientID=0 clientSn=6070
20:25:09.658 DBG [REQ] Bucket size after enqueue bucketID=11 bucketLenApprox=0
20:25:09.674 INF [REQ] ClientRequest received -> bucket bucketID=6 clientID=0 clientSn=6074
20:25:09.675 DBG [REQ] Bucket size after enqueue bucketID=6 bucketLenApprox=3
20:25:09.689 INF [REQ] ClientRequest received -> bucket bucketID=32 clientID=0 clientSn=6078
20:25:09.690 DBG [REQ] Bucket size after enqueue bucketID=32 bucketLenApprox=0
20:25:09.706 INF [REQ] ClientRequest received -> bucket bucketID=20 clientID=0 clientSn=6082
20:25:09.706 DBG [REQ] Bucket size after enqueue bucketID=20 bucketLenApprox=0
20:25:09.721 INF [REQ] ClientRequest received -> bucket bucketID=12 clientID=0 clientSn=6086
20:25:09.721 DBG [REQ] Bucket size after enqueue bucketID=12 bucketLenApprox=0
20:25:09.737 INF [REQ] ClientRequest received -> bucket bucketID=32 clientID=0 clientSn=6090
20:25:09.737 DBG [REQ] Bucket size after enqueue bucketID=32 bucketLenApprox=0
20:25:09.752 INF [REQ] ClientRequest received -> bucket bucketID=13 clientID=0 clientSn=6094
20:25:09.753 DBG [REQ] Bucket size after enqueue bucketID=13 bucketLenApprox=0
20:25:09.768 INF [REQ] ClientRequest received -> bucket bucketID=22 clientID=0 clientSn=6098
20:25:09.768 DBG [REQ] Bucket size after enqueue bucketID=22 bucketLenApprox=4
20:25:09.784 INF [REQ] ClientRequest received -> bucket bucketID=52 clientID=0 clientSn=6102
20:25:09.784 DBG [REQ] Bucket size after enqueue bucketID=52 bucketLenApprox=0
20:25:09.799 INF [REQ] ClientRequest received -> bucket bucketID=31 clientID=0 clientSn=6106
20:25:09.799 DBG [REQ] Bucket size after enqueue bucketID=31 bucketLenApprox=0
20:25:09.815 INF [REQ] ClientRequest received -> bucket bucketID=34 clientID=0 clientSn=6110
20:25:09.815 DBG [REQ] Bucket size after enqueue bucketID=34 bucketLenApprox=4
20:25:09.830 INF [REQ] ClientRequest received -> bucket bucketID=33 clientID=0 clientSn=6114
20:25:09.831 DBG [REQ] Bucket size after enqueue bucketID=33 bucketLenApprox=0
20:25:09.846 INF [REQ] ClientRequest received -> bucket bucketID=58 clientID=0 clientSn=6118
20:25:09.847 DBG [REQ] Bucket size after enqueue bucketID=58 bucketLenApprox=4
20:25:09.862 INF [REQ] ClientRequest received -> bucket bucketID=15 clientID=0 clientSn=6122
20:25:09.862 DBG [REQ] Bucket size after enqueue bucketID=15 bucketLenApprox=0
20:25:09.877 INF [REQ] ClientRequest received -> bucket bucketID=28 clientID=0 clientSn=6126
20:25:09.878 DBG [REQ] Bucket size after enqueue bucketID=28 bucketLenApprox=0
20:25:09.894 INF [REQ] ClientRequest received -> bucket bucketID=42 clientID=0 clientSn=6130
20:25:09.894 DBG [REQ] Bucket size after enqueue bucketID=42 bucketLenApprox=5
20:25:09.909 INF [REQ] ClientRequest received -> bucket bucketID=48 clientID=0 clientSn=6134
20:25:09.909 DBG [REQ] Bucket size after enqueue bucketID=48 bucketLenApprox=0
20:25:09.924 INF [REQ] ClientRequest received -> bucket bucketID=33 clientID=0 clientSn=6138
20:25:09.924 DBG [REQ] Bucket size after enqueue bucketID=33 bucketLenApprox=0
20:25:09.939 INF [REQ] ClientRequest received -> bucket bucketID=31 clientID=0 clientSn=6142
20:25:09.940 DBG [REQ] Bucket size after enqueue bucketID=31 bucketLenApprox=0
20:25:09.955 INF [REQ] ClientRequest received -> bucket bucketID=10 clientID=0 clientSn=6146
20:25:09.956 DBG [REQ] Bucket size after enqueue bucketID=10 bucketLenApprox=5
20:25:09.971 INF [REQ] ClientRequest received -> bucket bucketID=31 clientID=0 clientSn=6150
20:25:09.972 DBG [REQ] Bucket size after enqueue bucketID=31 bucketLenApprox=0
20:25:09.986 INF [REQ] ClientRequest received -> bucket bucketID=45 clientID=0 clientSn=6154
20:25:09.986 DBG [REQ] Bucket size after enqueue bucketID=45 bucketLenApprox=0
20:25:10.002 INF [REQ] ClientRequest received -> bucket bucketID=13 clientID=0 clientSn=6158
20:25:10.002 DBG [REQ] Bucket size after enqueue bucketID=13 bucketLenApprox=0
20:25:10.018 INF [REQ] ClientRequest received -> bucket bucketID=62 clientID=0 clientSn=6162
20:25:10.019 DBG [REQ] Bucket size after enqueue bucketID=62 bucketLenApprox=5
20:25:10.033 INF [REQ] ClientRequest received -> bucket bucketID=1 clientID=0 clientSn=6166
20:25:10.034 DBG [REQ] Bucket size after enqueue bucketID=1 bucketLenApprox=0
20:25:10.049 INF [REQ] ClientRequest received -> bucket bucketID=31 clientID=0 clientSn=6170
20:25:10.049 DBG [REQ] Bucket size after enqueue bucketID=31 bucketLenApprox=0
20:25:10.065 INF [REQ] ClientRequest received -> bucket bucketID=41 clientID=0 clientSn=6174
20:25:10.065 DBG [REQ] Bucket size after enqueue bucketID=41 bucketLenApprox=0
20:25:10.081 INF [REQ] ClientRequest received -> bucket bucketID=31 clientID=0 clientSn=6178
20:25:10.081 DBG [REQ] Bucket size after enqueue bucketID=31 bucketLenApprox=0
20:25:10.097 INF [REQ] ClientRequest received -> bucket bucketID=13 clientID=0 clientSn=6182
20:25:10.097 DBG [REQ] Bucket size after enqueue bucketID=13 bucketLenApprox=0
20:25:10.112 INF [REQ] ClientRequest received -> bucket bucketID=17 clientID=0 clientSn=6186
20:25:10.113 DBG [REQ] Bucket size after enqueue bucketID=17 bucketLenApprox=0
20:25:10.127 INF [REQ] ClientRequest received -> bucket bucketID=30 clientID=0 clientSn=6190
20:25:10.127 DBG [REQ] Bucket size after enqueue bucketID=30 bucketLenApprox=6
20:25:10.143 INF [REQ] ClientRequest received -> bucket bucketID=43 clientID=0 clientSn=6194
20:25:10.143 DBG [REQ] Bucket size after enqueue bucketID=43 bucketLenApprox=0
20:25:10.158 INF [REQ] ClientRequest received -> bucket bucketID=9 clientID=0 clientSn=6198
20:25:10.158 DBG [REQ] Bucket size after enqueue bucketID=9 bucketLenApprox=0
20:25:10.174 INF [REQ] ClientRequest received -> bucket bucketID=58 clientID=0 clientSn=6202
20:25:10.174 DBG [REQ] Bucket size after enqueue bucketID=58 bucketLenApprox=5
20:25:10.190 INF [REQ] ClientRequest received -> bucket bucketID=8 clientID=0 clientSn=6206
20:25:10.190 DBG [REQ] Bucket size after enqueue bucketID=8 bucketLenApprox=0
20:25:10.206 INF [REQ] ClientRequest received -> bucket bucketID=32 clientID=0 clientSn=6210
20:25:10.206 DBG [REQ] Bucket size after enqueue bucketID=32 bucketLenApprox=0
20:25:10.221 INF [REQ] ClientRequest received -> bucket bucketID=33 clientID=0 clientSn=6214
20:25:10.221 DBG [REQ] Bucket size after enqueue bucketID=33 bucketLenApprox=0
20:25:10.236 INF [REQ] ClientRequest received -> bucket bucketID=4 clientID=0 clientSn=6218
20:25:10.237 DBG [REQ] Bucket size after enqueue bucketID=4 bucketLenApprox=0
20:25:10.252 INF [REQ] ClientRequest received -> bucket bucketID=41 clientID=0 clientSn=6222
20:25:10.252 DBG [REQ] Bucket size after enqueue bucketID=41 bucketLenApprox=0
20:25:10.269 INF [REQ] ClientRequest received -> bucket bucketID=12 clientID=0 clientSn=6226
20:25:10.269 DBG [REQ] Bucket size after enqueue bucketID=12 bucketLenApprox=0
20:25:10.283 INF [REQ] ClientRequest received -> bucket bucketID=19 clientID=0 clientSn=6230
20:25:10.284 DBG [REQ] Bucket size after enqueue bucketID=19 bucketLenApprox=0
20:25:10.300 INF [REQ] ClientRequest received -> bucket bucketID=35 clientID=0 clientSn=6234
20:25:10.300 DBG [REQ] Bucket size after enqueue bucketID=35 bucketLenApprox=0
20:25:10.314 INF [REQ] ClientRequest received -> bucket bucketID=1 clientID=0 clientSn=6238
20:25:10.315 DBG [REQ] Bucket size after enqueue bucketID=1 bucketLenApprox=0
20:25:10.330 INF [REQ] ClientRequest received -> bucket bucketID=58 clientID=0 clientSn=6242
20:25:10.330 DBG [REQ] Bucket size after enqueue bucketID=58 bucketLenApprox=6
20:25:10.346 INF [REQ] ClientRequest received -> bucket bucketID=54 clientID=0 clientSn=6246
20:25:10.347 DBG [REQ] Bucket size after enqueue bucketID=54 bucketLenApprox=6
20:25:10.362 INF [REQ] ClientRequest received -> bucket bucketID=27 clientID=0 clientSn=6250
20:25:10.362 DBG [REQ] Bucket size after enqueue bucketID=27 bucketLenApprox=0
20:25:10.378 INF [REQ] ClientRequest received -> bucket bucketID=51 clientID=0 clientSn=6254
20:25:10.378 DBG [REQ] Bucket size after enqueue bucketID=51 bucketLenApprox=0
20:25:10.393 INF [REQ] ClientRequest received -> bucket bucketID=56 clientID=0 clientSn=6258
20:25:10.394 DBG [REQ] Bucket size after enqueue bucketID=56 bucketLenApprox=0
20:25:10.408 INF [REQ] ClientRequest received -> bucket bucketID=37 clientID=0 clientSn=6262
20:25:10.409 DBG [REQ] Bucket size after enqueue bucketID=37 bucketLenApprox=0
20:25:10.424 INF [REQ] ClientRequest received -> bucket bucketID=51 clientID=0 clientSn=6266
20:25:10.425 DBG [REQ] Bucket size after enqueue bucketID=51 bucketLenApprox=0
20:25:10.440 INF [REQ] ClientRequest received -> bucket bucketID=59 clientID=0 clientSn=6270
20:25:10.440 DBG [REQ] Bucket size after enqueue bucketID=59 bucketLenApprox=0
20:25:10.455 INF [REQ] ClientRequest received -> bucket bucketID=15 clientID=0 clientSn=6274
20:25:10.456 DBG [REQ] Bucket size after enqueue bucketID=15 bucketLenApprox=0
20:25:10.471 INF [REQ] ClientRequest received -> bucket bucketID=44 clientID=0 clientSn=6278
20:25:10.471 DBG [REQ] Bucket size after enqueue bucketID=44 bucketLenApprox=0
20:25:10.487 INF [REQ] ClientRequest received -> bucket bucketID=43 clientID=0 clientSn=6282
20:25:10.487 DBG [REQ] Bucket size after enqueue bucketID=43 bucketLenApprox=0
20:25:10.502 INF [REQ] ClientRequest received -> bucket bucketID=54 clientID=0 clientSn=6286
20:25:10.502 DBG [REQ] Bucket size after enqueue bucketID=54 bucketLenApprox=7
20:25:10.518 INF [REQ] ClientRequest received -> bucket bucketID=11 clientID=0 clientSn=6290
20:25:10.518 DBG [REQ] Bucket size after enqueue bucketID=11 bucketLenApprox=0
20:25:10.534 INF [REQ] ClientRequest received -> bucket bucketID=52 clientID=0 clientSn=6294
20:25:10.534 DBG [REQ] Bucket size after enqueue bucketID=52 bucketLenApprox=0
20:25:10.549 INF [REQ] ClientRequest received -> bucket bucketID=47 clientID=0 clientSn=6298
20:25:10.549 DBG [REQ] Bucket size after enqueue bucketID=47 bucketLenApprox=0
20:25:10.565 INF [REQ] ClientRequest received -> bucket bucketID=42 clientID=0 clientSn=6302
20:25:10.565 DBG [REQ] Bucket size after enqueue bucketID=42 bucketLenApprox=7
20:25:10.581 INF [REQ] ClientRequest received -> bucket bucketID=35 clientID=0 clientSn=6306
20:25:10.581 DBG [REQ] Bucket size after enqueue bucketID=35 bucketLenApprox=0
20:25:10.596 INF [REQ] ClientRequest received -> bucket bucketID=48 clientID=0 clientSn=6310
20:25:10.596 DBG [REQ] Bucket size after enqueue bucketID=48 bucketLenApprox=0
20:25:10.612 INF [REQ] ClientRequest received -> bucket bucketID=25 clientID=0 clientSn=6314
20:25:10.612 DBG [REQ] Bucket size after enqueue bucketID=25 bucketLenApprox=0
20:25:10.627 INF [REQ] ClientRequest received -> bucket bucketID=54 clientID=0 clientSn=6318
20:25:10.628 DBG [REQ] Bucket size after enqueue bucketID=54 bucketLenApprox=7
20:25:10.644 INF [REQ] ClientRequest received -> bucket bucketID=14 clientID=0 clientSn=6322
20:25:10.644 DBG [REQ] Bucket size after enqueue bucketID=14 bucketLenApprox=8
20:25:10.659 INF [REQ] ClientRequest received -> bucket bucketID=45 clientID=0 clientSn=6326
20:25:10.659 DBG [REQ] Bucket size after enqueue bucketID=45 bucketLenApprox=0
20:25:10.675 INF [REQ] ClientRequest received -> bucket bucketID=6 clientID=0 clientSn=6330
20:25:10.675 DBG [REQ] Bucket size after enqueue bucketID=6 bucketLenApprox=7
20:25:10.690 INF [REQ] ClientRequest received -> bucket bucketID=43 clientID=0 clientSn=6334
20:25:10.690 DBG [REQ] Bucket size after enqueue bucketID=43 bucketLenApprox=0
20:25:10.706 INF [REQ] ClientRequest received -> bucket bucketID=45 clientID=0 clientSn=6338
20:25:10.706 DBG [REQ] Bucket size after enqueue bucketID=45 bucketLenApprox=0
20:25:10.721 INF [REQ] ClientRequest received -> bucket bucketID=25 clientID=0 clientSn=6342
20:25:10.721 DBG [REQ] Bucket size after enqueue bucketID=25 bucketLenApprox=0
20:25:10.730 DBG Batch cut. left=0 nBuckets=16 nReq=128 next=0
PROPOSE sn=50 size=128
[MPX][NET] SEND Accept sn=50 bytes=74753 gid=50 digest=641f591b3b84698a
[MC][SEND] kind=Accept sn=50 gid=51 (group)
[MPX] PROPOSE sn=50 size=128
[MPX][NET] SEND Prepare sn=51
[MC][SEND] kind=Prepare sn=51 gid=0 dst=ALL
[MPX][IN ] PROMISE sn=50 from=0 members=[0 1 2 3]
[MPX][IN ] PROMISE sn=50 from=3 members=[0 1 2 3]
[MPX][IN ] PROMISE sn=50 from=1 members=[0 1 2 3]
[MPX][IN ] PREPARE sn=50 from=3
20:25:10.732 DBG Batch cut. left=0 nBuckets=16 nReq=0 next=0
[MPX][NET] SEND Prepare sn=52
[MC][SEND] kind=Prepare sn=52 gid=0 dst=ALL
20:25:10.732 DBG Batch cut. left=0 nBuckets=16 nReq=0 next=0
[MPX][NET] SEND Prepare sn=53
[MC][SEND] kind=Prepare sn=53 gid=0 dst=ALL
20:25:10.732 DBG Batch cut. left=0 nBuckets=16 nReq=0 next=0
[MPX][NET] SEND Prepare sn=54
[MC][SEND] kind=Prepare sn=54 gid=0 dst=ALL
20:25:10.733 WRN MPX handles message from self. sn=51
[MPX][IN ] PREPARE sn=51 from=2
20:25:10.733 WRN MPX handles message from self. sn=52
[MPX][IN ] PREPARE sn=52 from=2
20:25:10.734 WRN MPX handles message from self. sn=53
[MPX][IN ] PREPARE sn=53 from=2
20:25:10.734 WRN MPX handles message from self. sn=54
[MPX][IN ] PREPARE sn=54 from=2
[MPX][IN ] PROMISE sn=53 from=3 members=[0 1 2 3]
[MPX][IN ] PROMISE sn=53 from=0 members=[0 1 2 3]
20:25:10.737 INF [REQ] ClientRequest received -> bucket bucketID=20 clientID=0 clientSn=6346
20:25:10.737 DBG [REQ] Bucket size after enqueue bucketID=20 bucketLenApprox=0
[MC][GROUP] sn=54 gid=55 members=[3 0 1]
[MC][GROUP] sn=53 gid=54 members=[3 0 1]
[MPX][IN ] PROMISE sn=52 from=3 members=[0 1 2 3]
[MPX][IN ] ACCEPTED sn=50 from=3
[MPX][IN ] PROMISE sn=53 from=1 members=[0 1 2 3]
[MPX][QUORUM] ACCEPTED sn=50 count=2/3 digest=641f591b3b84698a
[MPX][IN ] ACCEPTED sn=50 from=0
[MPX][QUORUM] ACCEPTED sn=50 count=3/3 digest=641f591b3b84698a
[MPX][IN ] PROMISE sn=52 from=0 members=[0 1 2 3]
[MPX][QUORUM] MAJORITY REACHED sn=50 → COMMIT digest=641f591b3b84698a
[MC][GROUP] sn=52 gid=53 members=[0 1 3]
[MPX][NET] SEND Commit sn=50 gid=50 digest=641f591b3b84698a
[MPX][IN ] PROMISE sn=52 from=1 members=[0 1 2 3]
[MC][SEND] kind=Commit sn=50 gid=51 (group)
[MPX][NET] GOSSIP Commit sn=50 gid=50 digest=641f591b3b84698a
[MC][SEND] kind=Commit sn=50 gid=51 (group)
[MPX][CHK] ANNOUNCE sn=50 reqs=128
20:25:10.739 INF Committed entry. latency=0 nReq=128 sn=50
SB-DELIVER sn=50 size=128
COMMIT sn=50 size=128
DELIVER sn=50 delivered=128
[MPX] COMMIT  sn=50 size=128
[MPX][IN ] ACCEPTED sn=50 from=1
[MPX][QUORUM] ACCEPTED sn=50 count=4/3 digest=641f591b3b84698a
20:25:10.753 INF [REQ] ClientRequest received -> bucket bucketID=52 clientID=0 clientSn=6350
20:25:10.753 DBG [REQ] Bucket size after enqueue bucketID=52 bucketLenApprox=0
[MPX][IN ] PREPARE sn=52 from=0
[MPX][IN ] PREPARE sn=49 from=0
[MPX][IN ] PREPARE sn=50 from=0
[MPX][IN ] PREPARE sn=51 from=0
[MPX][IN ] ACCEPTED sn=50 from=1
[MPX][IN ] ACCEPTED sn=50 from=3
[MPX][IN ] ACCEPTED sn=50 from=0
20:25:10.769 INF [REQ] ClientRequest received -> bucket bucketID=16 clientID=0 clientSn=6354
20:25:10.770 DBG [REQ] Bucket size after enqueue bucketID=16 bucketLenApprox=0
20:25:10.783 INF [REQ] ClientRequest received -> bucket bucketID=8 clientID=0 clientSn=6358
20:25:10.783 DBG [REQ] Bucket size after enqueue bucketID=8 bucketLenApprox=0
[MPX][IN ] PREPARE sn=55 from=3
[MPX][NET] SEND Promise sn=55 members=[0 1 2 3]
[MPX][IN ] ACCEPT sn=51 from=3 gid=51
[MPX][QUORUM] ACCEPT sn=51 acceptCount=1 quorum=3 digest=53a6acc81409c74f
[MPX][NET] SEND Accepted sn=51 → leader=3 (unicast)
[MPX][IN ] PREPARE sn=52 from=3
[MPX][IN ] PREPARE sn=53 from=3
20:25:10.788 WRN MPX handles message from self. sn=55
[MPX][IN ] PROMISE sn=55 from=0 members=[0 1 2 3]
[MPX][IN ] PROMISE sn=55 from=2 members=[0 1 2 3]
[MPX][IN ] COMMIT sn=51 from=3 gid=51
[MPX][NET] GOSSIP Commit sn=51 gid=51 digest=53a6acc81409c74f
[MC][SEND] kind=Commit sn=51 gid=52 (group)
[MPX][CHK] ANNOUNCE sn=51 reqs=128
20:25:10.800 INF Committed entry. latency=0 nReq=128 sn=51
SB-DELIVER sn=51 size=128
COMMIT sn=51 size=128
DELIVER sn=51 delivered=128
[MPX] COMMIT  sn=51 size=128
[MPX][IN ] COMMIT sn=51 from=3 gid=51
20:25:10.804 INF [REQ] ClientRequest received -> bucket bucketID=13 clientID=0 clientSn=6362
[MPX][IN ] COMMIT sn=51 from=0 gid=51
20:25:10.805 DBG [REQ] Bucket size after enqueue bucketID=13 bucketLenApprox=0
20:25:10.805 WRN MPX handles message from self. sn=51
[MPX][IN ] COMMIT sn=51 from=2 gid=51
[MPX][IN ] COMMIT sn=51 from=1 gid=51
20:25:10.815 INF [REQ] ClientRequest received -> bucket bucketID=1 clientID=0 clientSn=6366
20:25:10.816 DBG [REQ] Bucket size after enqueue bucketID=1 bucketLenApprox=0
[MPX][IN ] PREPARE sn=53 from=1
[MPX][IN ] PREPARE sn=52 from=1
[MPX][IN ] PREPARE sn=50 from=1
[MPX][IN ] PREPARE sn=51 from=1
[MPX][IN ] ACCEPT sn=51 from=1 gid=51
[MPX][QUORUM] ACCEPT sn=51 acceptCount=1 quorum=3 digest=53a6acc81409c74f
[MPX][NET] SEND Accepted sn=51 → leader=1 (unicast)
[MPX][IN ] COMMIT sn=51 from=1 gid=51
[MPX][IN ] COMMIT sn=51 from=1 gid=51
20:25:10.835 INF [REQ] ClientRequest received -> bucket bucketID=12 clientID=0 clientSn=6370
20:25:10.835 DBG [REQ] Bucket size after enqueue bucketID=12 bucketLenApprox=0
20:25:10.848 INF [REQ] ClientRequest received -> bucket bucketID=14 clientID=0 clientSn=6374
20:25:10.848 DBG [REQ] Bucket size after enqueue bucketID=14 bucketLenApprox=1
20:25:10.861 INF [REQ] ClientRequest received -> bucket bucketID=26 clientID=0 clientSn=6378
20:25:10.862 DBG [REQ] Bucket size after enqueue bucketID=26 bucketLenApprox=1
20:25:10.877 INF [REQ] ClientRequest received -> bucket bucketID=38 clientID=0 clientSn=6382
20:25:10.878 DBG [REQ] Bucket size after enqueue bucketID=38 bucketLenApprox=1
20:25:10.893 INF [REQ] ClientRequest received -> bucket bucketID=23 clientID=0 clientSn=6386
20:25:10.893 DBG [REQ] Bucket size after enqueue bucketID=23 bucketLenApprox=0
20:25:10.909 INF [REQ] ClientRequest received -> bucket bucketID=60 clientID=0 clientSn=6390
20:25:10.909 DBG [REQ] Bucket size after enqueue bucketID=60 bucketLenApprox=0
20:25:10.936 INF [REQ] ClientRequest received -> bucket bucketID=37 clientID=0 clientSn=6394
20:25:10.937 DBG [REQ] Bucket size after enqueue bucketID=37 bucketLenApprox=0
20:25:10.956 INF [REQ] ClientRequest received -> bucket bucketID=28 clientID=0 clientSn=6398
20:25:10.956 DBG [REQ] Bucket size after enqueue bucketID=28 bucketLenApprox=0
20:25:10.958 INF [REQ] ClientRequest received -> bucket bucketID=0 clientID=0 clientSn=6402
20:25:10.958 DBG [REQ] Bucket size after enqueue bucketID=0 bucketLenApprox=0
20:25:10.970 INF [REQ] ClientRequest received -> bucket bucketID=0 clientID=0 clientSn=6406
20:25:10.971 DBG [REQ] Bucket size after enqueue bucketID=0 bucketLenApprox=0
20:25:10.986 INF [REQ] ClientRequest received -> bucket bucketID=15 clientID=0 clientSn=6410
20:25:10.986 DBG [REQ] Bucket size after enqueue bucketID=15 bucketLenApprox=0
20:25:11.002 INF [REQ] ClientRequest received -> bucket bucketID=5 clientID=0 clientSn=6414
20:25:11.002 DBG [REQ] Bucket size after enqueue bucketID=5 bucketLenApprox=0
[MPX][IN ] ACCEPT sn=50 from=0 gid=50
[MPX][QUORUM] ACCEPT sn=50 acceptCount=4 quorum=3 digest=641f591b3b84698a
[MPX][NET] SKIP Accepted sn=50 (leader=self)
[MPX][IN ] ACCEPTED sn=50 from=1
[MPX][IN ] ACCEPTED sn=50 from=0
[MPX][IN ] ACCEPTED sn=50 from=3
20:25:11.018 INF [REQ] ClientRequest received -> bucket bucketID=5 clientID=0 clientSn=6418
20:25:11.018 DBG [REQ] Bucket size after enqueue bucketID=5 bucketLenApprox=0
20:25:11.034 INF [REQ] ClientRequest received -> bucket bucketID=48 clientID=0 clientSn=6422
20:25:11.034 DBG [REQ] Bucket size after enqueue bucketID=48 bucketLenApprox=0
20:25:11.049 INF [REQ] ClientRequest received -> bucket bucketID=39 clientID=0 clientSn=6426
20:25:11.049 DBG [REQ] Bucket size after enqueue bucketID=39 bucketLenApprox=0
20:25:11.065 INF [REQ] ClientRequest received -> bucket bucketID=26 clientID=0 clientSn=6430
20:25:11.065 DBG [REQ] Bucket size after enqueue bucketID=26 bucketLenApprox=2
20:25:11.080 INF [REQ] ClientRequest received -> bucket bucketID=4 clientID=0 clientSn=6434
20:25:11.080 DBG [REQ] Bucket size after enqueue bucketID=4 bucketLenApprox=0
20:25:11.096 INF [REQ] ClientRequest received -> bucket bucketID=38 clientID=0 clientSn=6438
20:25:11.096 DBG [REQ] Bucket size after enqueue bucketID=38 bucketLenApprox=1
20:25:11.111 INF [REQ] ClientRequest received -> bucket bucketID=0 clientID=0 clientSn=6442
20:25:11.112 DBG [REQ] Bucket size after enqueue bucketID=0 bucketLenApprox=0
20:25:11.127 INF [REQ] ClientRequest received -> bucket bucketID=50 clientID=0 clientSn=6446
20:25:11.128 DBG [REQ] Bucket size after enqueue bucketID=50 bucketLenApprox=1
20:25:11.144 INF [REQ] ClientRequest received -> bucket bucketID=3 clientID=0 clientSn=6450
20:25:11.144 DBG [REQ] Bucket size after enqueue bucketID=3 bucketLenApprox=0
20:25:11.158 INF [REQ] ClientRequest received -> bucket bucketID=8 clientID=0 clientSn=6454
20:25:11.158 DBG [REQ] Bucket size after enqueue bucketID=8 bucketLenApprox=0
20:25:11.174 INF [REQ] ClientRequest received -> bucket bucketID=58 clientID=0 clientSn=6458
20:25:11.174 DBG [REQ] Bucket size after enqueue bucketID=58 bucketLenApprox=1
20:25:11.190 INF [REQ] ClientRequest received -> bucket bucketID=7 clientID=0 clientSn=6462
20:25:11.190 DBG [REQ] Bucket size after enqueue bucketID=7 bucketLenApprox=0
20:25:11.206 INF [REQ] ClientRequest received -> bucket bucketID=51 clientID=0 clientSn=6466
20:25:11.206 DBG [REQ] Bucket size after enqueue bucketID=51 bucketLenApprox=0
20:25:11.221 INF [REQ] ClientRequest received -> bucket bucketID=25 clientID=0 clientSn=6470
20:25:11.222 DBG [REQ] Bucket size after enqueue bucketID=25 bucketLenApprox=0
20:25:11.237 INF [REQ] ClientRequest received -> bucket bucketID=48 clientID=0 clientSn=6474
20:25:11.237 DBG [REQ] Bucket size after enqueue bucketID=48 bucketLenApprox=0
20:25:11.252 INF [REQ] ClientRequest received -> bucket bucketID=34 clientID=0 clientSn=6478
20:25:11.253 DBG [REQ] Bucket size after enqueue bucketID=34 bucketLenApprox=2
20:25:11.269 INF [REQ] ClientRequest received -> bucket bucketID=51 clientID=0 clientSn=6482
20:25:11.269 DBG [REQ] Bucket size after enqueue bucketID=51 bucketLenApprox=0
20:25:11.283 INF [REQ] ClientRequest received -> bucket bucketID=45 clientID=0 clientSn=6486
20:25:11.283 DBG [REQ] Bucket size after enqueue bucketID=45 bucketLenApprox=0
20:25:11.299 INF [REQ] ClientRequest received -> bucket bucketID=35 clientID=0 clientSn=6490
20:25:11.299 DBG [REQ] Bucket size after enqueue bucketID=35 bucketLenApprox=0
20:25:11.315 INF [REQ] ClientRequest received -> bucket bucketID=37 clientID=0 clientSn=6494
20:25:11.315 DBG [REQ] Bucket size after enqueue bucketID=37 bucketLenApprox=0
20:25:11.330 INF [REQ] ClientRequest received -> bucket bucketID=42 clientID=0 clientSn=6498
20:25:11.331 DBG [REQ] Bucket size after enqueue bucketID=42 bucketLenApprox=2
20:25:11.346 INF [REQ] ClientRequest received -> bucket bucketID=19 clientID=0 clientSn=6502
20:25:11.347 DBG [REQ] Bucket size after enqueue bucketID=19 bucketLenApprox=0
20:25:11.362 INF [REQ] ClientRequest received -> bucket bucketID=22 clientID=0 clientSn=6506
20:25:11.362 DBG [REQ] Bucket size after enqueue bucketID=22 bucketLenApprox=3
20:25:11.378 INF [REQ] ClientRequest received -> bucket bucketID=1 clientID=0 clientSn=6510
20:25:11.378 DBG [REQ] Bucket size after enqueue bucketID=1 bucketLenApprox=0
20:25:11.394 INF [REQ] ClientRequest received -> bucket bucketID=54 clientID=0 clientSn=6514
20:25:11.394 DBG [REQ] Bucket size after enqueue bucketID=54 bucketLenApprox=2
20:25:11.408 INF [REQ] ClientRequest received -> bucket bucketID=34 clientID=0 clientSn=6518
20:25:11.409 DBG [REQ] Bucket size after enqueue bucketID=34 bucketLenApprox=3
20:25:11.424 INF [REQ] ClientRequest received -> bucket bucketID=43 clientID=0 clientSn=6522
20:25:11.425 DBG [REQ] Bucket size after enqueue bucketID=43 bucketLenApprox=0
20:25:11.440 INF [REQ] ClientRequest received -> bucket bucketID=39 clientID=0 clientSn=6526
20:25:11.440 DBG [REQ] Bucket size after enqueue bucketID=39 bucketLenApprox=0
20:25:11.456 INF [REQ] ClientRequest received -> bucket bucketID=37 clientID=0 clientSn=6530
20:25:11.456 DBG [REQ] Bucket size after enqueue bucketID=37 bucketLenApprox=0
20:25:11.471 INF [REQ] ClientRequest received -> bucket bucketID=2 clientID=0 clientSn=6534
20:25:11.472 DBG [REQ] Bucket size after enqueue bucketID=2 bucketLenApprox=3
20:25:11.487 INF [REQ] ClientRequest received -> bucket bucketID=45 clientID=0 clientSn=6538
20:25:11.487 DBG [REQ] Bucket size after enqueue bucketID=45 bucketLenApprox=0
20:25:11.502 INF [REQ] ClientRequest received -> bucket bucketID=50 clientID=0 clientSn=6542
20:25:11.502 DBG [REQ] Bucket size after enqueue bucketID=50 bucketLenApprox=3
20:25:11.518 INF [REQ] ClientRequest received -> bucket bucketID=32 clientID=0 clientSn=6546
20:25:11.519 DBG [REQ] Bucket size after enqueue bucketID=32 bucketLenApprox=0
20:25:11.535 INF [REQ] ClientRequest received -> bucket bucketID=26 clientID=0 clientSn=6550
20:25:11.535 DBG [REQ] Bucket size after enqueue bucketID=26 bucketLenApprox=3
20:25:11.549 INF [REQ] ClientRequest received -> bucket bucketID=29 clientID=0 clientSn=6554
20:25:11.549 DBG [REQ] Bucket size after enqueue bucketID=29 bucketLenApprox=0
20:25:11.565 INF [REQ] ClientRequest received -> bucket bucketID=52 clientID=0 clientSn=6558
20:25:11.565 DBG [REQ] Bucket size after enqueue bucketID=52 bucketLenApprox=0
20:25:11.580 INF [REQ] ClientRequest received -> bucket bucketID=48 clientID=0 clientSn=6562
20:25:11.580 DBG [REQ] Bucket size after enqueue bucketID=48 bucketLenApprox=0
20:25:11.596 INF [REQ] ClientRequest received -> bucket bucketID=52 clientID=0 clientSn=6566
20:25:11.596 DBG [REQ] Bucket size after enqueue bucketID=52 bucketLenApprox=0
20:25:11.611 INF [REQ] ClientRequest received -> bucket bucketID=27 clientID=0 clientSn=6570
20:25:11.612 DBG [REQ] Bucket size after enqueue bucketID=27 bucketLenApprox=0
20:25:11.627 INF [REQ] ClientRequest received -> bucket bucketID=8 clientID=0 clientSn=6574
20:25:11.627 DBG [REQ] Bucket size after enqueue bucketID=8 bucketLenApprox=0
20:25:11.643 INF [REQ] ClientRequest received -> bucket bucketID=60 clientID=0 clientSn=6578
20:25:11.643 DBG [REQ] Bucket size after enqueue bucketID=60 bucketLenApprox=0
20:25:11.659 INF [REQ] ClientRequest received -> bucket bucketID=20 clientID=0 clientSn=6582
20:25:11.659 DBG [REQ] Bucket size after enqueue bucketID=20 bucketLenApprox=0
20:25:11.674 INF [REQ] ClientRequest received -> bucket bucketID=6 clientID=0 clientSn=6586
20:25:11.674 DBG [REQ] Bucket size after enqueue bucketID=6 bucketLenApprox=3
20:25:11.689 INF [REQ] ClientRequest received -> bucket bucketID=40 clientID=0 clientSn=6590
20:25:11.690 DBG [REQ] Bucket size after enqueue bucketID=40 bucketLenApprox=0
20:25:11.705 INF [REQ] ClientRequest received -> bucket bucketID=35 clientID=0 clientSn=6594
20:25:11.706 DBG [REQ] Bucket size after enqueue bucketID=35 bucketLenApprox=0
20:25:11.721 INF [REQ] ClientRequest received -> bucket bucketID=40 clientID=0 clientSn=6598
20:25:11.721 DBG [REQ] Bucket size after enqueue bucketID=40 bucketLenApprox=0
20:25:11.737 INF [REQ] ClientRequest received -> bucket bucketID=49 clientID=0 clientSn=6602
20:25:11.737 DBG [REQ] Bucket size after enqueue bucketID=49 bucketLenApprox=0
20:25:11.752 INF [REQ] ClientRequest received -> bucket bucketID=63 clientID=0 clientSn=6606
20:25:11.752 DBG [REQ] Bucket size after enqueue bucketID=63 bucketLenApprox=0
20:25:11.768 INF [REQ] ClientRequest received -> bucket bucketID=17 clientID=0 clientSn=6610
20:25:11.768 DBG [REQ] Bucket size after enqueue bucketID=17 bucketLenApprox=0
20:25:11.783 INF [REQ] ClientRequest received -> bucket bucketID=54 clientID=0 clientSn=6614
20:25:11.783 DBG [REQ] Bucket size after enqueue bucketID=54 bucketLenApprox=4
20:25:11.799 INF [REQ] ClientRequest received -> bucket bucketID=42 clientID=0 clientSn=6618
20:25:11.799 DBG [REQ] Bucket size after enqueue bucketID=42 bucketLenApprox=4
20:25:11.815 INF [REQ] ClientRequest received -> bucket bucketID=10 clientID=0 clientSn=6622
20:25:11.815 DBG [REQ] Bucket size after enqueue bucketID=10 bucketLenApprox=5
20:25:11.830 INF [REQ] ClientRequest received -> bucket bucketID=31 clientID=0 clientSn=6626
20:25:11.830 DBG [REQ] Bucket size after enqueue bucketID=31 bucketLenApprox=0
20:25:11.846 INF [REQ] ClientRequest received -> bucket bucketID=6 clientID=0 clientSn=6630
20:25:11.846 DBG [REQ] Bucket size after enqueue bucketID=6 bucketLenApprox=4
20:25:11.862 INF [REQ] ClientRequest received -> bucket bucketID=18 clientID=0 clientSn=6634
20:25:11.862 DBG [REQ] Bucket size after enqueue bucketID=18 bucketLenApprox=5
20:25:11.877 INF [REQ] ClientRequest received -> bucket bucketID=9 clientID=0 clientSn=6638
20:25:11.878 DBG [REQ] Bucket size after enqueue bucketID=9 bucketLenApprox=0
20:25:11.893 INF [REQ] ClientRequest received -> bucket bucketID=6 clientID=0 clientSn=6642
20:25:11.893 DBG [REQ] Bucket size after enqueue bucketID=6 bucketLenApprox=4
20:25:11.908 INF [REQ] ClientRequest received -> bucket bucketID=17 clientID=0 clientSn=6646
20:25:11.909 DBG [REQ] Bucket size after enqueue bucketID=17 bucketLenApprox=0
20:25:11.924 INF [REQ] ClientRequest received -> bucket bucketID=61 clientID=0 clientSn=6650
20:25:11.924 DBG [REQ] Bucket size after enqueue bucketID=61 bucketLenApprox=0
20:25:11.940 INF [REQ] ClientRequest received -> bucket bucketID=27 clientID=0 clientSn=6654
20:25:11.940 DBG [REQ] Bucket size after enqueue bucketID=27 bucketLenApprox=0
20:25:11.955 INF [REQ] ClientRequest received -> bucket bucketID=11 clientID=0 clientSn=6658
20:25:11.955 DBG [REQ] Bucket size after enqueue bucketID=11 bucketLenApprox=0
20:25:11.970 INF [REQ] ClientRequest received -> bucket bucketID=46 clientID=0 clientSn=6662
20:25:11.971 DBG [REQ] Bucket size after enqueue bucketID=46 bucketLenApprox=5
20:25:11.987 INF [REQ] ClientRequest received -> bucket bucketID=12 clientID=0 clientSn=6666
20:25:11.987 DBG [REQ] Bucket size after enqueue bucketID=12 bucketLenApprox=0
20:25:12.002 INF [REQ] ClientRequest received -> bucket bucketID=38 clientID=0 clientSn=6670
20:25:12.003 DBG [REQ] Bucket size after enqueue bucketID=38 bucketLenApprox=5
20:25:12.018 INF [REQ] ClientRequest received -> bucket bucketID=53 clientID=0 clientSn=6674
20:25:12.018 DBG [REQ] Bucket size after enqueue bucketID=53 bucketLenApprox=0
20:25:12.034 INF [REQ] ClientRequest received -> bucket bucketID=1 clientID=0 clientSn=6678
20:25:12.034 DBG [REQ] Bucket size after enqueue bucketID=1 bucketLenApprox=0
20:25:12.049 INF [REQ] ClientRequest received -> bucket bucketID=9 clientID=0 clientSn=6682
20:25:12.050 DBG [REQ] Bucket size after enqueue bucketID=9 bucketLenApprox=0
20:25:12.065 INF [REQ] ClientRequest received -> bucket bucketID=41 clientID=0 clientSn=6686
20:25:12.065 DBG [REQ] Bucket size after enqueue bucketID=41 bucketLenApprox=0
20:25:12.080 INF [REQ] ClientRequest received -> bucket bucketID=47 clientID=0 clientSn=6690
20:25:12.080 DBG [REQ] Bucket size after enqueue bucketID=47 bucketLenApprox=0
20:25:12.096 INF [REQ] ClientRequest received -> bucket bucketID=62 clientID=0 clientSn=6694
20:25:12.096 DBG [REQ] Bucket size after enqueue bucketID=62 bucketLenApprox=5
20:25:12.112 INF [REQ] ClientRequest received -> bucket bucketID=55 clientID=0 clientSn=6698
20:25:12.112 DBG [REQ] Bucket size after enqueue bucketID=55 bucketLenApprox=0
20:25:12.127 INF [REQ] ClientRequest received -> bucket bucketID=60 clientID=0 clientSn=6702
20:25:12.128 DBG [REQ] Bucket size after enqueue bucketID=60 bucketLenApprox=0
20:25:12.143 INF [REQ] ClientRequest received -> bucket bucketID=44 clientID=0 clientSn=6706
20:25:12.143 DBG [REQ] Bucket size after enqueue bucketID=44 bucketLenApprox=0
20:25:12.159 INF [REQ] ClientRequest received -> bucket bucketID=3 clientID=0 clientSn=6710
20:25:12.159 DBG [REQ] Bucket size after enqueue bucketID=3 bucketLenApprox=0
20:25:12.175 INF [REQ] ClientRequest received -> bucket bucketID=21 clientID=0 clientSn=6714
20:25:12.175 DBG [REQ] Bucket size after enqueue bucketID=21 bucketLenApprox=0
20:25:12.190 INF [REQ] ClientRequest received -> bucket bucketID=0 clientID=0 clientSn=6718
20:25:12.190 DBG [REQ] Bucket size after enqueue bucketID=0 bucketLenApprox=0
20:25:12.209 INF [REQ] ClientRequest received -> bucket bucketID=3 clientID=0 clientSn=6722
20:25:12.209 DBG [REQ] Bucket size after enqueue bucketID=3 bucketLenApprox=0
20:25:12.221 INF [REQ] ClientRequest received -> bucket bucketID=59 clientID=0 clientSn=6726
20:25:12.221 DBG [REQ] Bucket size after enqueue bucketID=59 bucketLenApprox=0
20:25:12.237 INF [REQ] ClientRequest received -> bucket bucketID=21 clientID=0 clientSn=6730
20:25:12.237 DBG [REQ] Bucket size after enqueue bucketID=21 bucketLenApprox=0
20:25:12.252 INF [REQ] ClientRequest received -> bucket bucketID=55 clientID=0 clientSn=6734
20:25:12.252 DBG [REQ] Bucket size after enqueue bucketID=55 bucketLenApprox=0
20:25:12.268 INF [REQ] ClientRequest received -> bucket bucketID=44 clientID=0 clientSn=6738
20:25:12.268 DBG [REQ] Bucket size after enqueue bucketID=44 bucketLenApprox=0
20:25:12.283 INF [REQ] ClientRequest received -> bucket bucketID=22 clientID=0 clientSn=6742
20:25:12.284 DBG [REQ] Bucket size after enqueue bucketID=22 bucketLenApprox=6
20:25:12.298 INF [REQ] ClientRequest received -> bucket bucketID=60 clientID=0 clientSn=6746
20:25:12.299 DBG [REQ] Bucket size after enqueue bucketID=60 bucketLenApprox=0
20:25:12.315 INF [REQ] ClientRequest received -> bucket bucketID=38 clientID=0 clientSn=6750
20:25:12.315 DBG [REQ] Bucket size after enqueue bucketID=38 bucketLenApprox=6
20:25:12.331 INF [REQ] ClientRequest received -> bucket bucketID=18 clientID=0 clientSn=6754
20:25:12.331 DBG [REQ] Bucket size after enqueue bucketID=18 bucketLenApprox=7
20:25:12.346 INF [REQ] ClientRequest received -> bucket bucketID=57 clientID=0 clientSn=6758
20:25:12.346 DBG [REQ] Bucket size after enqueue bucketID=57 bucketLenApprox=0
20:25:12.361 INF [REQ] ClientRequest received -> bucket bucketID=0 clientID=0 clientSn=6762
20:25:12.362 DBG [REQ] Bucket size after enqueue bucketID=0 bucketLenApprox=0
20:25:12.377 INF [REQ] ClientRequest received -> bucket bucketID=48 clientID=0 clientSn=6766
20:25:12.378 DBG [REQ] Bucket size after enqueue bucketID=48 bucketLenApprox=0
20:25:12.393 INF [REQ] ClientRequest received -> bucket bucketID=3 clientID=0 clientSn=6770
20:25:12.393 DBG [REQ] Bucket size after enqueue bucketID=3 bucketLenApprox=0
20:25:12.408 INF [REQ] ClientRequest received -> bucket bucketID=18 clientID=0 clientSn=6774
20:25:12.408 DBG [REQ] Bucket size after enqueue bucketID=18 bucketLenApprox=7
20:25:12.424 INF [REQ] ClientRequest received -> bucket bucketID=30 clientID=0 clientSn=6778
20:25:12.424 DBG [REQ] Bucket size after enqueue bucketID=30 bucketLenApprox=7
20:25:12.440 INF [REQ] ClientRequest received -> bucket bucketID=22 clientID=0 clientSn=6782
20:25:12.440 DBG [REQ] Bucket size after enqueue bucketID=22 bucketLenApprox=7
20:25:12.456 INF [REQ] ClientRequest received -> bucket bucketID=38 clientID=0 clientSn=6786
20:25:12.456 DBG [REQ] Bucket size after enqueue bucketID=38 bucketLenApprox=7
20:25:12.471 INF [REQ] ClientRequest received -> bucket bucketID=63 clientID=0 clientSn=6790
20:25:12.471 DBG [REQ] Bucket size after enqueue bucketID=63 bucketLenApprox=0
20:25:12.486 INF [REQ] ClientRequest received -> bucket bucketID=63 clientID=0 clientSn=6794
20:25:12.486 DBG [REQ] Bucket size after enqueue bucketID=63 bucketLenApprox=0
20:25:12.503 INF [REQ] ClientRequest received -> bucket bucketID=16 clientID=0 clientSn=6798
20:25:12.503 DBG [REQ] Bucket size after enqueue bucketID=16 bucketLenApprox=0
20:25:12.518 INF [REQ] ClientRequest received -> bucket bucketID=59 clientID=0 clientSn=6802
20:25:12.518 DBG [REQ] Bucket size after enqueue bucketID=59 bucketLenApprox=0
20:25:12.533 INF [REQ] ClientRequest received -> bucket bucketID=22 clientID=0 clientSn=6806
20:25:12.534 DBG [REQ] Bucket size after enqueue bucketID=22 bucketLenApprox=7
20:25:12.550 INF [REQ] ClientRequest received -> bucket bucketID=63 clientID=0 clientSn=6810
20:25:12.550 DBG [REQ] Bucket size after enqueue bucketID=63 bucketLenApprox=0
20:25:12.565 INF [REQ] ClientRequest received -> bucket bucketID=33 clientID=0 clientSn=6814
20:25:12.565 DBG [REQ] Bucket size after enqueue bucketID=33 bucketLenApprox=0
20:25:12.581 INF [REQ] ClientRequest received -> bucket bucketID=45 clientID=0 clientSn=6818
20:25:12.581 DBG [REQ] Bucket size after enqueue bucketID=45 bucketLenApprox=0
20:25:12.596 INF [REQ] ClientRequest received -> bucket bucketID=11 clientID=0 clientSn=6822
20:25:12.596 DBG [REQ] Bucket size after enqueue bucketID=11 bucketLenApprox=0
20:25:12.612 INF [REQ] ClientRequest received -> bucket bucketID=59 clientID=0 clientSn=6826
20:25:12.612 DBG [REQ] Bucket size after enqueue bucketID=59 bucketLenApprox=0
20:25:12.627 INF [REQ] ClientRequest received -> bucket bucketID=22 clientID=0 clientSn=6830
20:25:12.628 DBG [REQ] Bucket size after enqueue bucketID=22 bucketLenApprox=8
20:25:12.642 INF [REQ] ClientRequest received -> bucket bucketID=10 clientID=0 clientSn=6834
20:25:12.642 DBG [REQ] Bucket size after enqueue bucketID=10 bucketLenApprox=8
20:25:12.658 INF [REQ] ClientRequest received -> bucket bucketID=0 clientID=0 clientSn=6838
20:25:12.658 DBG [REQ] Bucket size after enqueue bucketID=0 bucketLenApprox=0
20:25:12.674 INF [REQ] ClientRequest received -> bucket bucketID=49 clientID=0 clientSn=6842
20:25:12.674 DBG [REQ] Bucket size after enqueue bucketID=49 bucketLenApprox=0
20:25:12.690 INF [REQ] ClientRequest received -> bucket bucketID=61 clientID=0 clientSn=6846
20:25:12.690 DBG [REQ] Bucket size after enqueue bucketID=61 bucketLenApprox=0
20:25:12.705 INF [REQ] ClientRequest received -> bucket bucketID=2 clientID=0 clientSn=6850
20:25:12.705 DBG [REQ] Bucket size after enqueue bucketID=2 bucketLenApprox=7
20:25:12.721 INF [REQ] ClientRequest received -> bucket bucketID=39 clientID=0 clientSn=6854
20:25:12.721 DBG [REQ] Bucket size after enqueue bucketID=39 bucketLenApprox=0
20:25:12.734 DBG Batch cut. left=0 nBuckets=16 nReq=128 next=0
PROPOSE sn=54 size=128
[MPX][NET] SEND Accept sn=54 bytes=74751 gid=54 digest=4aebf403c3c4f329
[MC][SEND] kind=Accept sn=54 gid=55 (group)
[MPX] PROPOSE sn=54 size=128
[MPX][NET] SEND Prepare sn=55
[MC][SEND] kind=Prepare sn=55 gid=0 dst=ALL
[MPX][IN ] PROMISE sn=54 from=3 members=[0 1 2 3]
[MPX][IN ] PROMISE sn=54 from=0 members=[0 1 2 3]
[MPX][IN ] PROMISE sn=54 from=1 members=[0 1 2 3]
[MPX][IN ] PREPARE sn=54 from=3
20:25:12.736 DBG Batch cut. left=0 nBuckets=16 nReq=0 next=0
[MPX][NET] SEND Prepare sn=56
[MC][SEND] kind=Prepare sn=56 gid=0 dst=ALL
20:25:12.736 DBG Batch cut. left=0 nBuckets=16 nReq=0 next=0
[MPX][NET] SEND Prepare sn=57
[MC][SEND] kind=Prepare sn=57 gid=0 dst=ALL
20:25:12.736 DBG Batch cut. left=0 nBuckets=16 nReq=0 next=0
[MPX][NET] SEND Prepare sn=58
[MC][SEND] kind=Prepare sn=58 gid=0 dst=ALL
20:25:12.737 INF [REQ] ClientRequest received -> bucket bucketID=52 clientID=0 clientSn=6858
20:25:12.737 DBG [REQ] Bucket size after enqueue bucketID=52 bucketLenApprox=0
20:25:12.738 WRN MPX handles message from self. sn=55
[MPX][IN ] PREPARE sn=55 from=2
20:25:12.738 WRN MPX handles message from self. sn=56
[MPX][IN ] PREPARE sn=56 from=2
20:25:12.738 WRN MPX handles message from self. sn=57
[MPX][IN ] PREPARE sn=57 from=2
20:25:12.738 WRN MPX handles message from self. sn=58
[MPX][IN ] PREPARE sn=58 from=2
[MPX][IN ] ACCEPTED sn=54 from=0
[MPX][IN ] PROMISE sn=56 from=0 members=[0 1 2 3]
[MPX][QUORUM] ACCEPTED sn=54 count=2/3 digest=4aebf403c3c4f329
[MPX][IN ] PROMISE sn=57 from=0 members=[0 1 2 3]
[MPX][IN ] ACCEPTED sn=54 from=3
[MPX][QUORUM] ACCEPTED sn=54 count=3/3 digest=4aebf403c3c4f329
[MPX][QUORUM] MAJORITY REACHED sn=54 → COMMIT digest=4aebf403c3c4f329
[MPX][IN ] PROMISE sn=57 from=3 members=[0 1 2 3]
[MPX][NET] SEND Commit sn=54 gid=54 digest=4aebf403c3c4f329
[MC][GROUP] sn=56 gid=57 members=[0 3 1]
[MPX][IN ] PROMISE sn=56 from=3 members=[0 1 2 3]
[MPX][IN ] PROMISE sn=56 from=1 members=[0 1 2 3]
[MC][GROUP] sn=57 gid=58 members=[0 3 1]
[MC][GROUP] sn=58 gid=59 members=[0 3 1]
[MPX][IN ] PROMISE sn=57 from=1 members=[0 1 2 3]
[MC][SEND] kind=Commit sn=54 gid=55 (group)
[MPX][NET] GOSSIP Commit sn=54 gid=54 digest=4aebf403c3c4f329
[MC][SEND] kind=Commit sn=54 gid=55 (group)
[MPX][CHK] ANNOUNCE sn=54 reqs=128
20:25:12.744 INF Committed entry. latency=0 nReq=128 sn=54
SB-DELIVER sn=54 size=128
COMMIT sn=54 size=128
DELIVER sn=54 delivered=128
[MPX] COMMIT  sn=54 size=128
[MPX][IN ] ACCEPTED sn=54 from=1
[MPX][QUORUM] ACCEPTED sn=54 count=4/3 digest=4aebf403c3c4f329
20:25:12.754 INF [REQ] ClientRequest received -> bucket bucketID=26 clientID=0 clientSn=6862
20:25:12.754 DBG [REQ] Bucket size after enqueue bucketID=26 bucketLenApprox=0
[MPX][IN ] PREPARE sn=53 from=0
[MPX][IN ] PREPARE sn=54 from=0
[MPX][IN ] PREPARE sn=56 from=0
[MPX][IN ] PREPARE sn=55 from=0
[MPX][IN ] ACCEPTED sn=54 from=1
[MPX][IN ] ACCEPTED sn=54 from=3
[MPX][IN ] ACCEPTED sn=54 from=0
20:25:12.768 INF [REQ] ClientRequest received -> bucket bucketID=14 clientID=0 clientSn=6866
20:25:12.769 DBG [REQ] Bucket size after enqueue bucketID=14 bucketLenApprox=1
20:25:12.783 INF [REQ] ClientRequest received -> bucket bucketID=26 clientID=0 clientSn=6870
20:25:12.783 DBG [REQ] Bucket size after enqueue bucketID=26 bucketLenApprox=0
[MPX][IN ] PREPARE sn=57 from=3
[MPX][IN ] PREPARE sn=59 from=3
[MPX][NET] SEND Promise sn=59 members=[0 1 2 3]
20:25:12.792 WRN MPX handles message from self. sn=59
[MPX][IN ] PROMISE sn=59 from=2 members=[0 1 2 3]
[MPX][IN ] PROMISE sn=59 from=1 members=[0 1 2 3]
[MPX][IN ] ACCEPT sn=55 from=3 gid=55
[MPX][IN ] PREPARE sn=56 from=3
[MC][GROUP] sn=59 gid=60 members=[0 2 1]
[MPX][IN ] PROMISE sn=59 from=0 members=[0 1 2 3]
[MPX][QUORUM] ACCEPT sn=55 acceptCount=1 quorum=3 digest=4269a304384a5911
[MPX][NET] SEND Accepted sn=55 → leader=3 (unicast)
20:25:12.799 INF [REQ] ClientRequest received -> bucket bucketID=16 clientID=0 clientSn=6874
20:25:12.800 DBG [REQ] Bucket size after enqueue bucketID=16 bucketLenApprox=0
[MPX][IN ] COMMIT sn=55 from=3 gid=55
[MPX][NET] GOSSIP Commit sn=55 gid=55 digest=4269a304384a5911
[MC][SEND] kind=Commit sn=55 gid=0 dst=ALL (fallback)
[MPX][CHK] ANNOUNCE sn=55 reqs=128
20:25:12.803 INF Committed entry. latency=0 nReq=128 sn=55
SB-DELIVER sn=55 size=128
COMMIT sn=55 size=128
DELIVER sn=55 delivered=128
[MPX] COMMIT  sn=55 size=128
[MPX][IN ] COMMIT sn=55 from=3 gid=55
20:25:12.808 WRN MPX handles message from self. sn=55
[MPX][IN ] COMMIT sn=55 from=2 gid=55
[MPX][IN ] COMMIT sn=55 from=0 gid=55
[MPX][IN ] COMMIT sn=55 from=1 gid=55
20:25:12.815 INF [REQ] ClientRequest received -> bucket bucketID=4 clientID=0 clientSn=6878
20:25:12.815 DBG [REQ] Bucket size after enqueue bucketID=4 bucketLenApprox=0
[MPX][IN ] PREPARE sn=57 from=1
[MPX][IN ] PREPARE sn=54 from=1
[MPX][IN ] PREPARE sn=56 from=1
[MPX][IN ] PREPARE sn=55 from=1
[MPX][IN ] ACCEPT sn=55 from=1 gid=55
[MPX][QUORUM] ACCEPT sn=55 acceptCount=1 quorum=3 digest=4269a304384a5911
[MPX][NET] SEND Accepted sn=55 → leader=1 (unicast)
20:25:12.832 INF [REQ] ClientRequest received -> bucket bucketID=32 clientID=0 clientSn=6882
20:25:12.833 DBG [REQ] Bucket size after enqueue bucketID=32 bucketLenApprox=0
[MPX][IN ] COMMIT sn=55 from=1 gid=55
[MPX][IN ] COMMIT sn=55 from=1 gid=55
20:25:12.846 INF [REQ] ClientRequest received -> bucket bucketID=59 clientID=0 clientSn=6886
20:25:12.846 DBG [REQ] Bucket size after enqueue bucketID=59 bucketLenApprox=0
20:25:12.863 INF [REQ] ClientRequest received -> bucket bucketID=56 clientID=0 clientSn=6890
20:25:12.864 DBG [REQ] Bucket size after enqueue bucketID=56 bucketLenApprox=0
20:25:12.877 INF [REQ] ClientRequest received -> bucket bucketID=41 clientID=0 clientSn=6894
20:25:12.877 DBG [REQ] Bucket size after enqueue bucketID=41 bucketLenApprox=0
20:25:12.893 INF [REQ] ClientRequest received -> bucket bucketID=35 clientID=0 clientSn=6898
20:25:12.893 DBG [REQ] Bucket size after enqueue bucketID=35 bucketLenApprox=0
20:25:12.908 INF [REQ] ClientRequest received -> bucket bucketID=36 clientID=0 clientSn=6902
20:25:12.908 DBG [REQ] Bucket size after enqueue bucketID=36 bucketLenApprox=0
20:25:12.924 INF [REQ] ClientRequest received -> bucket bucketID=25 clientID=0 clientSn=6906
20:25:12.924 DBG [REQ] Bucket size after enqueue bucketID=25 bucketLenApprox=0
20:25:12.963 INF [REQ] ClientRequest received -> bucket bucketID=22 clientID=0 clientSn=6910
20:25:12.963 DBG [REQ] Bucket size after enqueue bucketID=22 bucketLenApprox=1
20:25:12.965 INF [REQ] ClientRequest received -> bucket bucketID=1 clientID=0 clientSn=6914
20:25:12.965 DBG [REQ] Bucket size after enqueue bucketID=1 bucketLenApprox=0
20:25:12.970 INF [REQ] ClientRequest received -> bucket bucketID=37 clientID=0 clientSn=6918
20:25:12.970 DBG [REQ] Bucket size after enqueue bucketID=37 bucketLenApprox=0
20:25:12.987 INF [REQ] ClientRequest received -> bucket bucketID=36 clientID=0 clientSn=6922
20:25:12.987 DBG [REQ] Bucket size after enqueue bucketID=36 bucketLenApprox=0
20:25:13.002 INF [REQ] ClientRequest received -> bucket bucketID=19 clientID=0 clientSn=6926
20:25:13.002 DBG [REQ] Bucket size after enqueue bucketID=19 bucketLenApprox=0
[MPX][IN ] ACCEPT sn=54 from=0 gid=54
[MPX][QUORUM] ACCEPT sn=54 acceptCount=4 quorum=3 digest=4aebf403c3c4f329
[MPX][NET] SKIP Accepted sn=54 (leader=self)
[MPX][IN ] ACCEPTED sn=54 from=0
[MPX][IN ] ACCEPTED sn=54 from=3
[MPX][IN ] ACCEPTED sn=54 from=1
20:25:13.018 INF [REQ] ClientRequest received -> bucket bucketID=11 clientID=0 clientSn=6930
20:25:13.019 DBG [REQ] Bucket size after enqueue bucketID=11 bucketLenApprox=0
20:25:13.034 INF [REQ] ClientRequest received -> bucket bucketID=50 clientID=0 clientSn=6934
20:25:13.034 DBG [REQ] Bucket size after enqueue bucketID=50 bucketLenApprox=1
20:25:13.049 INF [REQ] ClientRequest received -> bucket bucketID=19 clientID=0 clientSn=6938
20:25:13.049 DBG [REQ] Bucket size after enqueue bucketID=19 bucketLenApprox=0
20:25:13.065 INF [REQ] ClientRequest received -> bucket bucketID=10 clientID=0 clientSn=6942
20:25:13.065 DBG [REQ] Bucket size after enqueue bucketID=10 bucketLenApprox=2
20:25:13.080 INF [REQ] ClientRequest received -> bucket bucketID=43 clientID=0 clientSn=6946
20:25:13.080 DBG [REQ] Bucket size after enqueue bucketID=43 bucketLenApprox=0
20:25:13.096 INF [REQ] ClientRequest received -> bucket bucketID=7 clientID=0 clientSn=6950
20:25:13.096 DBG [REQ] Bucket size after enqueue bucketID=7 bucketLenApprox=0
20:25:13.112 INF [REQ] ClientRequest received -> bucket bucketID=19 clientID=0 clientSn=6954
20:25:13.112 DBG [REQ] Bucket size after enqueue bucketID=19 bucketLenApprox=0
20:25:13.128 INF [REQ] ClientRequest received -> bucket bucketID=57 clientID=0 clientSn=6958
20:25:13.128 DBG [REQ] Bucket size after enqueue bucketID=57 bucketLenApprox=0
20:25:13.142 INF [REQ] ClientRequest received -> bucket bucketID=59 clientID=0 clientSn=6962
20:25:13.143 DBG [REQ] Bucket size after enqueue bucketID=59 bucketLenApprox=0
20:25:13.158 INF [REQ] ClientRequest received -> bucket bucketID=59 clientID=0 clientSn=6966
20:25:13.158 DBG [REQ] Bucket size after enqueue bucketID=59 bucketLenApprox=0
20:25:13.174 INF [REQ] ClientRequest received -> bucket bucketID=14 clientID=0 clientSn=6970
20:25:13.174 DBG [REQ] Bucket size after enqueue bucketID=14 bucketLenApprox=2
20:25:13.190 INF [REQ] ClientRequest received -> bucket bucketID=31 clientID=0 clientSn=6974
20:25:13.190 DBG [REQ] Bucket size after enqueue bucketID=31 bucketLenApprox=0
20:25:13.205 INF [REQ] ClientRequest received -> bucket bucketID=63 clientID=0 clientSn=6978
20:25:13.205 DBG [REQ] Bucket size after enqueue bucketID=63 bucketLenApprox=0
20:25:13.221 INF [REQ] ClientRequest received -> bucket bucketID=52 clientID=0 clientSn=6982
20:25:13.221 DBG [REQ] Bucket size after enqueue bucketID=52 bucketLenApprox=0
20:25:13.236 INF [REQ] ClientRequest received -> bucket bucketID=62 clientID=0 clientSn=6986
20:25:13.237 DBG [REQ] Bucket size after enqueue bucketID=62 bucketLenApprox=2
20:25:13.253 INF [REQ] ClientRequest received -> bucket bucketID=50 clientID=0 clientSn=6990
20:25:13.253 DBG [REQ] Bucket size after enqueue bucketID=50 bucketLenApprox=2
20:25:13.269 INF [REQ] ClientRequest received -> bucket bucketID=51 clientID=0 clientSn=6994
20:25:13.269 DBG [REQ] Bucket size after enqueue bucketID=51 bucketLenApprox=0
20:25:13.284 INF [REQ] ClientRequest received -> bucket bucketID=21 clientID=0 clientSn=6998
20:25:13.284 DBG [REQ] Bucket size after enqueue bucketID=21 bucketLenApprox=0
20:25:13.299 INF [REQ] ClientRequest received -> bucket bucketID=17 clientID=0 clientSn=7002
20:25:13.299 DBG [REQ] Bucket size after enqueue bucketID=17 bucketLenApprox=0
20:25:13.315 INF [REQ] ClientRequest received -> bucket bucketID=45 clientID=0 clientSn=7006
20:25:13.315 DBG [REQ] Bucket size after enqueue bucketID=45 bucketLenApprox=0
20:25:13.330 INF [REQ] ClientRequest received -> bucket bucketID=46 clientID=0 clientSn=7010
20:25:13.330 DBG [REQ] Bucket size after enqueue bucketID=46 bucketLenApprox=2
20:25:13.346 INF [REQ] ClientRequest received -> bucket bucketID=54 clientID=0 clientSn=7014
20:25:13.347 DBG [REQ] Bucket size after enqueue bucketID=54 bucketLenApprox=2
20:25:13.362 INF [REQ] ClientRequest received -> bucket bucketID=51 clientID=0 clientSn=7018
20:25:13.362 DBG [REQ] Bucket size after enqueue bucketID=51 bucketLenApprox=0
20:25:13.377 INF [REQ] ClientRequest received -> bucket bucketID=1 clientID=0 clientSn=7022
20:25:13.377 DBG [REQ] Bucket size after enqueue bucketID=1 bucketLenApprox=0
20:25:13.392 INF [REQ] ClientRequest received -> bucket bucketID=50 clientID=0 clientSn=7026
20:25:13.393 DBG [REQ] Bucket size after enqueue bucketID=50 bucketLenApprox=2
20:25:13.408 INF [REQ] ClientRequest received -> bucket bucketID=62 clientID=0 clientSn=7030
20:25:13.408 DBG [REQ] Bucket size after enqueue bucketID=62 bucketLenApprox=2
20:25:13.423 INF [REQ] ClientRequest received -> bucket bucketID=33 clientID=0 clientSn=7034
20:25:13.424 DBG [REQ] Bucket size after enqueue bucketID=33 bucketLenApprox=0
20:25:13.439 INF [REQ] ClientRequest received -> bucket bucketID=62 clientID=0 clientSn=7038
20:25:13.440 DBG [REQ] Bucket size after enqueue bucketID=62 bucketLenApprox=2
20:25:13.455 INF [REQ] ClientRequest received -> bucket bucketID=29 clientID=0 clientSn=7042
20:25:13.455 DBG [REQ] Bucket size after enqueue bucketID=29 bucketLenApprox=0
20:25:13.471 INF [REQ] ClientRequest received -> bucket bucketID=8 clientID=0 clientSn=7046
20:25:13.471 DBG [REQ] Bucket size after enqueue bucketID=8 bucketLenApprox=0
20:25:13.487 INF [REQ] ClientRequest received -> bucket bucketID=63 clientID=0 clientSn=7050
20:25:13.487 DBG [REQ] Bucket size after enqueue bucketID=63 bucketLenApprox=0
20:25:13.502 INF [REQ] ClientRequest received -> bucket bucketID=29 clientID=0 clientSn=7054
20:25:13.502 DBG [REQ] Bucket size after enqueue bucketID=29 bucketLenApprox=0
20:25:13.517 INF [REQ] ClientRequest received -> bucket bucketID=32 clientID=0 clientSn=7058
20:25:13.518 DBG [REQ] Bucket size after enqueue bucketID=32 bucketLenApprox=0
20:25:13.534 INF [REQ] ClientRequest received -> bucket bucketID=59 clientID=0 clientSn=7062
20:25:13.534 DBG [REQ] Bucket size after enqueue bucketID=59 bucketLenApprox=0
20:25:13.549 INF [REQ] ClientRequest received -> bucket bucketID=25 clientID=0 clientSn=7066
20:25:13.550 DBG [REQ] Bucket size after enqueue bucketID=25 bucketLenApprox=0
20:25:13.564 INF [REQ] ClientRequest received -> bucket bucketID=1 clientID=0 clientSn=7070
20:25:13.565 DBG [REQ] Bucket size after enqueue bucketID=1 bucketLenApprox=0
20:25:13.581 INF [REQ] ClientRequest received -> bucket bucketID=48 clientID=0 clientSn=7074
20:25:13.581 DBG [REQ] Bucket size after enqueue bucketID=48 bucketLenApprox=0
20:25:13.596 INF [REQ] ClientRequest received -> bucket bucketID=51 clientID=0 clientSn=7078
20:25:13.596 DBG [REQ] Bucket size after enqueue bucketID=51 bucketLenApprox=0
20:25:13.611 INF [REQ] ClientRequest received -> bucket bucketID=38 clientID=0 clientSn=7082
20:25:13.612 DBG [REQ] Bucket size after enqueue bucketID=38 bucketLenApprox=4
20:25:13.627 INF [REQ] ClientRequest received -> bucket bucketID=17 clientID=0 clientSn=7086
20:25:13.627 DBG [REQ] Bucket size after enqueue bucketID=17 bucketLenApprox=0
20:25:13.643 INF [REQ] ClientRequest received -> bucket bucketID=11 clientID=0 clientSn=7090
20:25:13.643 DBG [REQ] Bucket size after enqueue bucketID=11 bucketLenApprox=0
20:25:13.658 INF [REQ] ClientRequest received -> bucket bucketID=49 clientID=0 clientSn=7094
20:25:13.658 DBG [REQ] Bucket size after enqueue bucketID=49 bucketLenApprox=0
20:25:13.674 INF [REQ] ClientRequest received -> bucket bucketID=39 clientID=0 clientSn=7098
20:25:13.674 DBG [REQ] Bucket size after enqueue bucketID=39 bucketLenApprox=0
20:25:13.689 INF [REQ] ClientRequest received -> bucket bucketID=34 clientID=0 clientSn=7102
20:25:13.690 DBG [REQ] Bucket size after enqueue bucketID=34 bucketLenApprox=4
20:25:13.706 INF [REQ] ClientRequest received -> bucket bucketID=24 clientID=0 clientSn=7106
20:25:13.706 DBG [REQ] Bucket size after enqueue bucketID=24 bucketLenApprox=0
20:25:13.721 INF [REQ] ClientRequest received -> bucket bucketID=34 clientID=0 clientSn=7110
20:25:13.721 DBG [REQ] Bucket size after enqueue bucketID=34 bucketLenApprox=4
20:25:13.737 INF [REQ] ClientRequest received -> bucket bucketID=9 clientID=0 clientSn=7114
20:25:13.737 DBG [REQ] Bucket size after enqueue bucketID=9 bucketLenApprox=0
20:25:13.752 INF [REQ] ClientRequest received -> bucket bucketID=49 clientID=0 clientSn=7118
20:25:13.752 DBG [REQ] Bucket size after enqueue bucketID=49 bucketLenApprox=0
20:25:13.769 INF [REQ] ClientRequest received -> bucket bucketID=28 clientID=0 clientSn=7122
20:25:13.769 DBG [REQ] Bucket size after enqueue bucketID=28 bucketLenApprox=0
20:25:13.783 INF [REQ] ClientRequest received -> bucket bucketID=8 clientID=0 clientSn=7126
20:25:13.783 DBG [REQ] Bucket size after enqueue bucketID=8 bucketLenApprox=0
20:25:13.799 INF [REQ] ClientRequest received -> bucket bucketID=1 clientID=0 clientSn=7130
20:25:13.799 DBG [REQ] Bucket size after enqueue bucketID=1 bucketLenApprox=0
20:25:13.815 INF [REQ] ClientRequest received -> bucket bucketID=12 clientID=0 clientSn=7134
20:25:13.815 DBG [REQ] Bucket size after enqueue bucketID=12 bucketLenApprox=0
20:25:13.831 INF [REQ] ClientRequest received -> bucket bucketID=23 clientID=0 clientSn=7138
20:25:13.831 DBG [REQ] Bucket size after enqueue bucketID=23 bucketLenApprox=0
20:25:13.846 INF [REQ] ClientRequest received -> bucket bucketID=56 clientID=0 clientSn=7142
20:25:13.846 DBG [REQ] Bucket size after enqueue bucketID=56 bucketLenApprox=0
20:25:13.862 INF [REQ] ClientRequest received -> bucket bucketID=3 clientID=0 clientSn=7146
20:25:13.862 DBG [REQ] Bucket size after enqueue bucketID=3 bucketLenApprox=0
20:25:13.877 INF [REQ] ClientRequest received -> bucket bucketID=40 clientID=0 clientSn=7150
20:25:13.877 DBG [REQ] Bucket size after enqueue bucketID=40 bucketLenApprox=0
20:25:13.892 INF [REQ] ClientRequest received -> bucket bucketID=16 clientID=0 clientSn=7154
20:25:13.892 DBG [REQ] Bucket size after enqueue bucketID=16 bucketLenApprox=0
20:25:13.909 INF [REQ] ClientRequest received -> bucket bucketID=52 clientID=0 clientSn=7158
20:25:13.909 DBG [REQ] Bucket size after enqueue bucketID=52 bucketLenApprox=0
20:25:13.923 INF [REQ] ClientRequest received -> bucket bucketID=14 clientID=0 clientSn=7162
20:25:13.924 DBG [REQ] Bucket size after enqueue bucketID=14 bucketLenApprox=5
20:25:13.940 INF [REQ] ClientRequest received -> bucket bucketID=28 clientID=0 clientSn=7166
20:25:13.940 DBG [REQ] Bucket size after enqueue bucketID=28 bucketLenApprox=0
20:25:13.955 INF [REQ] ClientRequest received -> bucket bucketID=19 clientID=0 clientSn=7170
20:25:13.955 DBG [REQ] Bucket size after enqueue bucketID=19 bucketLenApprox=0
20:25:13.971 INF [REQ] ClientRequest received -> bucket bucketID=33 clientID=0 clientSn=7174
20:25:13.971 DBG [REQ] Bucket size after enqueue bucketID=33 bucketLenApprox=0
20:25:13.986 INF [REQ] ClientRequest received -> bucket bucketID=13 clientID=0 clientSn=7178
20:25:13.986 DBG [REQ] Bucket size after enqueue bucketID=13 bucketLenApprox=0
20:25:14.002 INF [REQ] ClientRequest received -> bucket bucketID=9 clientID=0 clientSn=7182
20:25:14.002 DBG [REQ] Bucket size after enqueue bucketID=9 bucketLenApprox=0
20:25:14.018 INF [REQ] ClientRequest received -> bucket bucketID=9 clientID=0 clientSn=7186
20:25:14.019 DBG [REQ] Bucket size after enqueue bucketID=9 bucketLenApprox=0
20:25:14.034 INF [REQ] ClientRequest received -> bucket bucketID=5 clientID=0 clientSn=7190
20:25:14.034 DBG [REQ] Bucket size after enqueue bucketID=5 bucketLenApprox=0
20:25:14.049 INF [REQ] ClientRequest received -> bucket bucketID=50 clientID=0 clientSn=7194
20:25:14.049 DBG [REQ] Bucket size after enqueue bucketID=50 bucketLenApprox=5
20:25:14.064 INF [REQ] ClientRequest received -> bucket bucketID=4 clientID=0 clientSn=7198
20:25:14.064 DBG [REQ] Bucket size after enqueue bucketID=4 bucketLenApprox=0
20:25:14.080 INF [REQ] ClientRequest received -> bucket bucketID=13 clientID=0 clientSn=7202
20:25:14.081 DBG [REQ] Bucket size after enqueue bucketID=13 bucketLenApprox=0
20:25:14.096 INF [REQ] ClientRequest received -> bucket bucketID=30 clientID=0 clientSn=7206
20:25:14.096 DBG [REQ] Bucket size after enqueue bucketID=30 bucketLenApprox=6
20:25:14.111 INF [REQ] ClientRequest received -> bucket bucketID=28 clientID=0 clientSn=7210
20:25:14.111 DBG [REQ] Bucket size after enqueue bucketID=28 bucketLenApprox=0
20:25:14.127 INF [REQ] ClientRequest received -> bucket bucketID=10 clientID=0 clientSn=7214
20:25:14.128 DBG [REQ] Bucket size after enqueue bucketID=10 bucketLenApprox=6
20:25:14.143 INF [REQ] ClientRequest received -> bucket bucketID=48 clientID=0 clientSn=7218
20:25:14.143 DBG [REQ] Bucket size after enqueue bucketID=48 bucketLenApprox=0
20:25:14.158 INF [REQ] ClientRequest received -> bucket bucketID=7 clientID=0 clientSn=7222
20:25:14.158 DBG [REQ] Bucket size after enqueue bucketID=7 bucketLenApprox=0
20:25:14.174 INF [REQ] ClientRequest received -> bucket bucketID=5 clientID=0 clientSn=7226
20:25:14.174 DBG [REQ] Bucket size after enqueue bucketID=5 bucketLenApprox=0
20:25:14.189 INF [REQ] ClientRequest received -> bucket bucketID=56 clientID=0 clientSn=7230
20:25:14.189 DBG [REQ] Bucket size after enqueue bucketID=56 bucketLenApprox=0
20:25:14.205 INF [REQ] ClientRequest received -> bucket bucketID=37 clientID=0 clientSn=7234
20:25:14.205 DBG [REQ] Bucket size after enqueue bucketID=37 bucketLenApprox=0
20:25:14.221 INF [REQ] ClientRequest received -> bucket bucketID=45 clientID=0 clientSn=7238
20:25:14.221 DBG [REQ] Bucket size after enqueue bucketID=45 bucketLenApprox=0
20:25:14.236 INF [REQ] ClientRequest received -> bucket bucketID=19 clientID=0 clientSn=7242
20:25:14.237 DBG [REQ] Bucket size after enqueue bucketID=19 bucketLenApprox=0
20:25:14.252 INF [REQ] ClientRequest received -> bucket bucketID=50 clientID=0 clientSn=7246
20:25:14.252 DBG [REQ] Bucket size after enqueue bucketID=50 bucketLenApprox=6
20:25:14.268 INF [REQ] ClientRequest received -> bucket bucketID=55 clientID=0 clientSn=7250
20:25:14.268 DBG [REQ] Bucket size after enqueue bucketID=55 bucketLenApprox=0
20:25:14.283 INF [REQ] ClientRequest received -> bucket bucketID=18 clientID=0 clientSn=7254
20:25:14.283 DBG [REQ] Bucket size after enqueue bucketID=18 bucketLenApprox=7
20:25:14.299 INF [REQ] ClientRequest received -> bucket bucketID=60 clientID=0 clientSn=7258
20:25:14.299 DBG [REQ] Bucket size after enqueue bucketID=60 bucketLenApprox=0
20:25:14.314 INF [REQ] ClientRequest received -> bucket bucketID=23 clientID=0 clientSn=7262
20:25:14.315 DBG [REQ] Bucket size after enqueue bucketID=23 bucketLenApprox=0
20:25:14.330 INF [REQ] ClientRequest received -> bucket bucketID=22 clientID=0 clientSn=7266
20:25:14.331 DBG [REQ] Bucket size after enqueue bucketID=22 bucketLenApprox=7
20:25:14.346 INF [REQ] ClientRequest received -> bucket bucketID=61 clientID=0 clientSn=7270
20:25:14.346 DBG [REQ] Bucket size after enqueue bucketID=61 bucketLenApprox=0
20:25:14.362 INF [REQ] ClientRequest received -> bucket bucketID=63 clientID=0 clientSn=7274
20:25:14.362 DBG [REQ] Bucket size after enqueue bucketID=63 bucketLenApprox=0
20:25:14.377 INF [REQ] ClientRequest received -> bucket bucketID=42 clientID=0 clientSn=7278
20:25:14.377 DBG [REQ] Bucket size after enqueue bucketID=42 bucketLenApprox=7
20:25:14.392 INF [REQ] ClientRequest received -> bucket bucketID=1 clientID=0 clientSn=7282
20:25:14.393 DBG [REQ] Bucket size after enqueue bucketID=1 bucketLenApprox=0
20:25:14.408 INF [REQ] ClientRequest received -> bucket bucketID=46 clientID=0 clientSn=7286
20:25:14.408 DBG [REQ] Bucket size after enqueue bucketID=46 bucketLenApprox=7
20:25:14.423 INF [REQ] ClientRequest received -> bucket bucketID=57 clientID=0 clientSn=7290
20:25:14.424 DBG [REQ] Bucket size after enqueue bucketID=57 bucketLenApprox=0
20:25:14.440 INF [REQ] ClientRequest received -> bucket bucketID=19 clientID=0 clientSn=7294
20:25:14.440 DBG [REQ] Bucket size after enqueue bucketID=19 bucketLenApprox=0
20:25:14.455 INF [REQ] ClientRequest received -> bucket bucketID=33 clientID=0 clientSn=7298
20:25:14.455 DBG [REQ] Bucket size after enqueue bucketID=33 bucketLenApprox=0
20:25:14.471 INF [REQ] ClientRequest received -> bucket bucketID=29 clientID=0 clientSn=7302
20:25:14.471 DBG [REQ] Bucket size after enqueue bucketID=29 bucketLenApprox=0
20:25:14.486 INF [REQ] ClientRequest received -> bucket bucketID=46 clientID=0 clientSn=7306
20:25:14.486 DBG [REQ] Bucket size after enqueue bucketID=46 bucketLenApprox=7
20:25:14.502 INF [REQ] ClientRequest received -> bucket bucketID=23 clientID=0 clientSn=7310
20:25:14.502 DBG [REQ] Bucket size after enqueue bucketID=23 bucketLenApprox=0
20:25:14.518 INF [REQ] ClientRequest received -> bucket bucketID=10 clientID=0 clientSn=7314
20:25:14.518 DBG [REQ] Bucket size after enqueue bucketID=10 bucketLenApprox=8
20:25:14.534 INF [REQ] ClientRequest received -> bucket bucketID=26 clientID=0 clientSn=7318
20:25:14.535 DBG [REQ] Bucket size after enqueue bucketID=26 bucketLenApprox=7
20:25:14.549 INF [REQ] ClientRequest received -> bucket bucketID=11 clientID=0 clientSn=7322
20:25:14.549 DBG [REQ] Bucket size after enqueue bucketID=11 bucketLenApprox=0
20:25:14.565 INF [REQ] ClientRequest received -> bucket bucketID=54 clientID=0 clientSn=7326
20:25:14.565 DBG [REQ] Bucket size after enqueue bucketID=54 bucketLenApprox=7
20:25:14.580 INF [REQ] ClientRequest received -> bucket bucketID=12 clientID=0 clientSn=7330
20:25:14.580 DBG [REQ] Bucket size after enqueue bucketID=12 bucketLenApprox=0
20:25:14.596 INF [REQ] ClientRequest received -> bucket bucketID=32 clientID=0 clientSn=7334
20:25:14.596 DBG [REQ] Bucket size after enqueue bucketID=32 bucketLenApprox=0
20:25:14.611 INF [REQ] ClientRequest received -> bucket bucketID=58 clientID=0 clientSn=7338
20:25:14.611 DBG [REQ] Bucket size after enqueue bucketID=58 bucketLenApprox=7
20:25:14.627 INF [REQ] ClientRequest received -> bucket bucketID=45 clientID=0 clientSn=7342
20:25:14.627 DBG [REQ] Bucket size after enqueue bucketID=45 bucketLenApprox=0
20:25:14.643 INF [REQ] ClientRequest received -> bucket bucketID=40 clientID=0 clientSn=7346
20:25:14.643 DBG [REQ] Bucket size after enqueue bucketID=40 bucketLenApprox=0
20:25:14.658 INF [REQ] ClientRequest received -> bucket bucketID=30 clientID=0 clientSn=7350
20:25:14.659 DBG [REQ] Bucket size after enqueue bucketID=30 bucketLenApprox=8
20:25:14.673 INF [REQ] ClientRequest received -> bucket bucketID=9 clientID=0 clientSn=7354
20:25:14.674 DBG [REQ] Bucket size after enqueue bucketID=9 bucketLenApprox=0
20:25:14.689 INF [REQ] ClientRequest received -> bucket bucketID=3 clientID=0 clientSn=7358
20:25:14.689 DBG [REQ] Bucket size after enqueue bucketID=3 bucketLenApprox=0
20:25:14.705 INF [REQ] ClientRequest received -> bucket bucketID=28 clientID=0 clientSn=7362
20:25:14.706 DBG [REQ] Bucket size after enqueue bucketID=28 bucketLenApprox=0
20:25:14.721 INF [REQ] ClientRequest received -> bucket bucketID=36 clientID=0 clientSn=7366
20:25:14.721 DBG [REQ] Bucket size after enqueue bucketID=36 bucketLenApprox=0
20:25:14.736 INF [REQ] ClientRequest received -> bucket bucketID=21 clientID=0 clientSn=7370
20:25:14.736 DBG [REQ] Bucket size after enqueue bucketID=21 bucketLenApprox=0
20:25:14.737 DBG Batch cut. left=0 nBuckets=16 nReq=129 next=0
PROPOSE sn=58 size=129
[MPX][NET] SEND Accept sn=58 bytes=75338 gid=58 digest=e70db812a7f9aaeb
[MC][SEND] kind=Accept sn=58 gid=59 (group)
[MPX] PROPOSE sn=58 size=129
[MPX][NET] SEND Prepare sn=59
[MC][SEND] kind=Prepare sn=59 gid=0 dst=ALL
[MPX][IN ] PROMISE sn=58 from=0 members=[0 1 2 3]
[MPX][IN ] PROMISE sn=58 from=3 members=[0 1 2 3]
20:25:14.739 DBG Batch cut. left=0 nBuckets=16 nReq=0 next=0
[MPX][IN ] PROMISE sn=58 from=1 members=[0 1 2 3]
[MPX][IN ] PREPARE sn=58 from=3
[MPX][NET] SEND Prepare sn=60
[MC][SEND] kind=Prepare sn=60 gid=0 dst=ALL
20:25:14.739 DBG Batch cut. left=0 nBuckets=16 nReq=0 next=0
[MPX][NET] SEND Prepare sn=61
[MC][SEND] kind=Prepare sn=61 gid=0 dst=ALL
20:25:14.739 DBG Batch cut. left=0 nBuckets=16 nReq=0 next=0
[MPX][NET] SEND Prepare sn=62
[MC][SEND] kind=Prepare sn=62 gid=0 dst=ALL
20:25:14.740 WRN MPX handles message from self. sn=59
[MPX][IN ] PREPARE sn=59 from=2
20:25:14.740 WRN MPX handles message from self. sn=60
[MPX][IN ] PREPARE sn=60 from=2
20:25:14.741 WRN MPX handles message from self. sn=61
[MPX][IN ] PREPARE sn=61 from=2
20:25:14.741 WRN MPX handles message from self. sn=62
[MPX][IN ] PREPARE sn=62 from=2
[MPX][IN ] ACCEPTED sn=58 from=3
[MPX][QUORUM] ACCEPTED sn=58 count=2/3 digest=e70db812a7f9aaeb
[MPX][IN ] PROMISE sn=61 from=3 members=[0 1 2 3]
[MPX][IN ] PROMISE sn=60 from=3 members=[0 1 2 3]
[MPX][IN ] PROMISE sn=60 from=1 members=[0 1 2 3]
[MPX][IN ] PROMISE sn=61 from=1 members=[0 1 2 3]
[MPX][IN ] ACCEPTED sn=58 from=1
[MPX][QUORUM] ACCEPTED sn=58 count=3/3 digest=e70db812a7f9aaeb
[MPX][QUORUM] MAJORITY REACHED sn=58 → COMMIT digest=e70db812a7f9aaeb
[MPX][NET] SEND Commit sn=58 gid=58 digest=e70db812a7f9aaeb
[MC][SEND] kind=Commit sn=58 gid=59 (group)
[MPX][NET] GOSSIP Commit sn=58 gid=58 digest=e70db812a7f9aaeb
[MC][SEND] kind=Commit sn=58 gid=59 (group)
[MC][GROUP] sn=62 gid=63 members=[3 1 0]
[MC][GROUP] sn=60 gid=61 members=[0 3 1]
[MC][GROUP] sn=61 gid=62 members=[3 1 0]
[MPX][IN ] PROMISE sn=60 from=0 members=[0 1 2 3]
[MPX][IN ] PROMISE sn=61 from=0 members=[0 1 2 3]
[MPX][CHK] ANNOUNCE sn=58 reqs=129
20:25:14.746 INF Committed entry. latency=0 nReq=129 sn=58
SB-DELIVER sn=58 size=129
COMMIT sn=58 size=129
DELIVER sn=58 delivered=129
[MPX] COMMIT  sn=58 size=129
[MPX][IN ] ACCEPTED sn=58 from=0
[MPX][QUORUM] ACCEPTED sn=58 count=4/3 digest=e70db812a7f9aaeb
20:25:14.755 INF [REQ] ClientRequest received -> bucket bucketID=38 clientID=0 clientSn=7374
20:25:14.755 DBG [REQ] Bucket size after enqueue bucketID=38 bucketLenApprox=0
[MPX][IN ] PREPARE sn=58 from=0
[MPX][IN ] PREPARE sn=57 from=0
[MPX][IN ] PREPARE sn=59 from=0
[MPX][IN ] PREPARE sn=60 from=0
20:25:14.768 INF [REQ] ClientRequest received -> bucket bucketID=61 clientID=0 clientSn=7378
20:25:14.768 DBG [REQ] Bucket size after enqueue bucketID=61 bucketLenApprox=0
[MPX][IN ] ACCEPTED sn=58 from=1
[MPX][IN ] ACCEPTED sn=58 from=0
[MPX][IN ] ACCEPTED sn=58 from=3
20:25:14.783 INF [REQ] ClientRequest received -> bucket bucketID=54 clientID=0 clientSn=7382
20:25:14.783 DBG [REQ] Bucket size after enqueue bucketID=54 bucketLenApprox=0
[MPX][IN ] PREPARE sn=61 from=3
[MPX][IN ] PREPARE sn=63 from=3
[MPX][NET] SEND Promise sn=63 members=[0 1 2 3]
[MPX][IN ] ACCEPT sn=59 from=3 gid=59
[MPX][IN ] PROMISE sn=63 from=0 members=[0 1 2 3]
[MPX][QUORUM] ACCEPT sn=59 acceptCount=1 quorum=3 digest=ab34c8a88498ee3a
[MPX][NET] SEND Accepted sn=59 → leader=3 (unicast)
[MPX][IN ] PREPARE sn=60 from=3
20:25:14.796 WRN MPX handles message from self. sn=63
[MPX][IN ] PROMISE sn=63 from=2 members=[0 1 2 3]
[MC][GROUP] sn=63 gid=64 members=[0 2 1]
[MPX][IN ] PROMISE sn=63 from=1 members=[0 1 2 3]
20:25:14.799 INF [REQ] ClientRequest received -> bucket bucketID=59 clientID=0 clientSn=7386
20:25:14.800 DBG [REQ] Bucket size after enqueue bucketID=59 bucketLenApprox=0
[MPX][IN ] COMMIT sn=59 from=3 gid=59
[MPX][NET] GOSSIP Commit sn=59 gid=59 digest=ab34c8a88498ee3a
[MC][SEND] kind=Commit sn=59 gid=60 (group)
[MPX][CHK] ANNOUNCE sn=59 reqs=129
20:25:14.807 INF Committed entry. latency=0 nReq=129 sn=59
SB-DELIVER sn=59 size=129
COMMIT sn=59 size=129
DELIVER sn=59 delivered=129
[MPX] COMMIT  sn=59 size=129
[MPX][IN ] COMMIT sn=59 from=3 gid=59
[MPX][IN ] COMMIT sn=59 from=0 gid=59
[MPX][IN ] COMMIT sn=59 from=1 gid=59
20:25:14.814 WRN MPX handles message from self. sn=59
[MPX][IN ] COMMIT sn=59 from=2 gid=59
20:25:14.815 INF [REQ] ClientRequest received -> bucket bucketID=63 clientID=0 clientSn=7390
20:25:14.815 DBG [REQ] Bucket size after enqueue bucketID=63 bucketLenApprox=0
[MPX][IN ] PREPARE sn=58 from=1
[MPX][IN ] PREPARE sn=61 from=1
[MPX][IN ] PREPARE sn=59 from=1
[MPX][IN ] PREPARE sn=60 from=1
[MPX][IN ] ACCEPT sn=59 from=1 gid=59
[MPX][QUORUM] ACCEPT sn=59 acceptCount=1 quorum=3 digest=ab34c8a88498ee3a
[MPX][NET] SEND Accepted sn=59 → leader=1 (unicast)
20:25:14.831 INF [REQ] ClientRequest received -> bucket bucketID=39 clientID=0 clientSn=7394
20:25:14.831 DBG [REQ] Bucket size after enqueue bucketID=39 bucketLenApprox=0
[MPX][IN ] COMMIT sn=59 from=1 gid=59
[MPX][IN ] COMMIT sn=59 from=1 gid=59
20:25:14.847 INF [REQ] ClientRequest received -> bucket bucketID=33 clientID=0 clientSn=7398
20:25:14.848 DBG [REQ] Bucket size after enqueue bucketID=33 bucketLenApprox=0
20:25:14.861 INF [REQ] ClientRequest received -> bucket bucketID=49 clientID=0 clientSn=7402
20:25:14.861 DBG [REQ] Bucket size after enqueue bucketID=49 bucketLenApprox=0
20:25:14.877 INF [REQ] ClientRequest received -> bucket bucketID=36 clientID=0 clientSn=7406
20:25:14.877 DBG [REQ] Bucket size after enqueue bucketID=36 bucketLenApprox=0
20:25:14.892 INF [REQ] ClientRequest received -> bucket bucketID=3 clientID=0 clientSn=7410
20:25:14.892 DBG [REQ] Bucket size after enqueue bucketID=3 bucketLenApprox=0
20:25:14.908 INF [REQ] ClientRequest received -> bucket bucketID=40 clientID=0 clientSn=7414
20:25:14.909 DBG [REQ] Bucket size after enqueue bucketID=40 bucketLenApprox=0
20:25:14.924 INF [REQ] ClientRequest received -> bucket bucketID=62 clientID=0 clientSn=7418
20:25:14.924 DBG [REQ] Bucket size after enqueue bucketID=62 bucketLenApprox=0
20:25:14.945 INF [REQ] ClientRequest received -> bucket bucketID=3 clientID=0 clientSn=7422
20:25:14.945 DBG [REQ] Bucket size after enqueue bucketID=3 bucketLenApprox=0
20:25:14.965 INF [REQ] ClientRequest received -> bucket bucketID=62 clientID=0 clientSn=7426
20:25:14.966 DBG [REQ] Bucket size after enqueue bucketID=62 bucketLenApprox=1
20:25:14.971 INF [REQ] ClientRequest received -> bucket bucketID=18 clientID=0 clientSn=7430
20:25:14.971 DBG [REQ] Bucket size after enqueue bucketID=18 bucketLenApprox=1
20:25:14.987 INF [REQ] ClientRequest received -> bucket bucketID=48 clientID=0 clientSn=7434
20:25:14.987 DBG [REQ] Bucket size after enqueue bucketID=48 bucketLenApprox=0
20:25:15.002 INF [REQ] ClientRequest received -> bucket bucketID=51 clientID=0 clientSn=7438
20:25:15.002 DBG [REQ] Bucket size after enqueue bucketID=51 bucketLenApprox=0
[MPX][IN ] ACCEPT sn=58 from=0 gid=58
[MPX][QUORUM] ACCEPT sn=58 acceptCount=4 quorum=3 digest=e70db812a7f9aaeb
[MPX][NET] SKIP Accepted sn=58 (leader=self)
20:25:15.018 INF [REQ] ClientRequest received -> bucket bucketID=37 clientID=0 clientSn=7442
20:25:15.019 DBG [REQ] Bucket size after enqueue bucketID=37 bucketLenApprox=0
[MPX][IN ] ACCEPTED sn=58 from=3
[MPX][IN ] ACCEPTED sn=58 from=1
[MPX][IN ] ACCEPTED sn=58 from=0
20:25:15.034 INF [REQ] ClientRequest received -> bucket bucketID=30 clientID=0 clientSn=7446
20:25:15.034 DBG [REQ] Bucket size after enqueue bucketID=30 bucketLenApprox=1
20:25:15.048 INF [REQ] ClientRequest received -> bucket bucketID=17 clientID=0 clientSn=7450
20:25:15.049 DBG [REQ] Bucket size after enqueue bucketID=17 bucketLenApprox=0
20:25:15.064 INF [REQ] ClientRequest received -> bucket bucketID=52 clientID=0 clientSn=7454
20:25:15.064 DBG [REQ] Bucket size after enqueue bucketID=52 bucketLenApprox=0
20:25:15.080 INF [REQ] ClientRequest received -> bucket bucketID=44 clientID=0 clientSn=7458
20:25:15.080 DBG [REQ] Bucket size after enqueue bucketID=44 bucketLenApprox=0
20:25:15.096 INF [REQ] ClientRequest received -> bucket bucketID=17 clientID=0 clientSn=7462
20:25:15.096 DBG [REQ] Bucket size after enqueue bucketID=17 bucketLenApprox=0
20:25:15.111 INF [REQ] ClientRequest received -> bucket bucketID=25 clientID=0 clientSn=7466
20:25:15.111 DBG [REQ] Bucket size after enqueue bucketID=25 bucketLenApprox=0
20:25:15.127 INF [REQ] ClientRequest received -> bucket bucketID=5 clientID=0 clientSn=7470
20:25:15.127 DBG [REQ] Bucket size after enqueue bucketID=5 bucketLenApprox=0
20:25:15.142 INF [REQ] ClientRequest received -> bucket bucketID=3 clientID=0 clientSn=7474
20:25:15.142 DBG [REQ] Bucket size after enqueue bucketID=3 bucketLenApprox=0
20:25:15.158 INF [REQ] ClientRequest received -> bucket bucketID=7 clientID=0 clientSn=7478
20:25:15.158 DBG [REQ] Bucket size after enqueue bucketID=7 bucketLenApprox=0
20:25:15.174 INF [REQ] ClientRequest received -> bucket bucketID=10 clientID=0 clientSn=7482
20:25:15.174 DBG [REQ] Bucket size after enqueue bucketID=10 bucketLenApprox=1
20:25:15.190 INF [REQ] ClientRequest received -> bucket bucketID=20 clientID=0 clientSn=7486
20:25:15.190 DBG [REQ] Bucket size after enqueue bucketID=20 bucketLenApprox=0
20:25:15.205 INF [REQ] ClientRequest received -> bucket bucketID=2 clientID=0 clientSn=7490
20:25:15.205 DBG [REQ] Bucket size after enqueue bucketID=2 bucketLenApprox=1
20:25:15.221 INF [REQ] ClientRequest received -> bucket bucketID=9 clientID=0 clientSn=7494
20:25:15.221 DBG [REQ] Bucket size after enqueue bucketID=9 bucketLenApprox=0
20:25:15.237 INF [REQ] ClientRequest received -> bucket bucketID=44 clientID=0 clientSn=7498
20:25:15.237 DBG [REQ] Bucket size after enqueue bucketID=44 bucketLenApprox=0
20:25:15.252 INF [REQ] ClientRequest received -> bucket bucketID=12 clientID=0 clientSn=7502
20:25:15.252 DBG [REQ] Bucket size after enqueue bucketID=12 bucketLenApprox=0
20:25:15.268 INF [REQ] ClientRequest received -> bucket bucketID=55 clientID=0 clientSn=7506
20:25:15.268 DBG [REQ] Bucket size after enqueue bucketID=55 bucketLenApprox=0
20:25:15.284 INF [REQ] ClientRequest received -> bucket bucketID=41 clientID=0 clientSn=7510
20:25:15.284 DBG [REQ] Bucket size after enqueue bucketID=41 bucketLenApprox=0
20:25:15.299 INF [REQ] ClientRequest received -> bucket bucketID=10 clientID=0 clientSn=7514
20:25:15.299 DBG [REQ] Bucket size after enqueue bucketID=10 bucketLenApprox=2
20:25:15.314 INF [REQ] ClientRequest received -> bucket bucketID=26 clientID=0 clientSn=7518
20:25:15.315 DBG [REQ] Bucket size after enqueue bucketID=26 bucketLenApprox=3
20:25:15.331 INF [REQ] ClientRequest received -> bucket bucketID=27 clientID=0 clientSn=7522
20:25:15.331 DBG [REQ] Bucket size after enqueue bucketID=27 bucketLenApprox=0
20:25:15.346 INF [REQ] ClientRequest received -> bucket bucketID=43 clientID=0 clientSn=7526
20:25:15.346 DBG [REQ] Bucket size after enqueue bucketID=43 bucketLenApprox=0
20:25:15.361 INF [REQ] ClientRequest received -> bucket bucketID=50 clientID=0 clientSn=7530
20:25:15.362 DBG [REQ] Bucket size after enqueue bucketID=50 bucketLenApprox=2
20:25:15.377 INF [REQ] ClientRequest received -> bucket bucketID=23 clientID=0 clientSn=7534
20:25:15.377 DBG [REQ] Bucket size after enqueue bucketID=23 bucketLenApprox=0
20:25:15.393 INF [REQ] ClientRequest received -> bucket bucketID=2 clientID=0 clientSn=7538
20:25:15.393 DBG [REQ] Bucket size after enqueue bucketID=2 bucketLenApprox=2
20:25:15.409 INF [REQ] ClientRequest received -> bucket bucketID=16 clientID=0 clientSn=7542
20:25:15.409 DBG [REQ] Bucket size after enqueue bucketID=16 bucketLenApprox=0
20:25:15.424 INF [REQ] ClientRequest received -> bucket bucketID=50 clientID=0 clientSn=7546
20:25:15.424 DBG [REQ] Bucket size after enqueue bucketID=50 bucketLenApprox=3
20:25:15.439 INF [REQ] ClientRequest received -> bucket bucketID=47 clientID=0 clientSn=7550
20:25:15.439 DBG [REQ] Bucket size after enqueue bucketID=47 bucketLenApprox=0
20:25:15.455 INF [REQ] ClientRequest received -> bucket bucketID=56 clientID=0 clientSn=7554
20:25:15.455 DBG [REQ] Bucket size after enqueue bucketID=56 bucketLenApprox=0
20:25:15.471 INF [REQ] ClientRequest received -> bucket bucketID=6 clientID=0 clientSn=7558
20:25:15.471 DBG [REQ] Bucket size after enqueue bucketID=6 bucketLenApprox=2
20:25:15.486 INF [REQ] ClientRequest received -> bucket bucketID=26 clientID=0 clientSn=7562
20:25:15.486 DBG [REQ] Bucket size after enqueue bucketID=26 bucketLenApprox=3
20:25:15.502 INF [REQ] ClientRequest received -> bucket bucketID=46 clientID=0 clientSn=7566
20:25:15.502 DBG [REQ] Bucket size after enqueue bucketID=46 bucketLenApprox=3
20:25:15.518 INF [REQ] ClientRequest received -> bucket bucketID=58 clientID=0 clientSn=7570
20:25:15.518 DBG [REQ] Bucket size after enqueue bucketID=58 bucketLenApprox=3
20:25:15.534 INF [REQ] ClientRequest received -> bucket bucketID=59 clientID=0 clientSn=7574
20:25:15.535 DBG [REQ] Bucket size after enqueue bucketID=59 bucketLenApprox=0
20:25:15.549 INF [REQ] ClientRequest received -> bucket bucketID=48 clientID=0 clientSn=7578
20:25:15.549 DBG [REQ] Bucket size after enqueue bucketID=48 bucketLenApprox=0
20:25:15.564 INF [REQ] ClientRequest received -> bucket bucketID=22 clientID=0 clientSn=7582
20:25:15.564 DBG [REQ] Bucket size after enqueue bucketID=22 bucketLenApprox=4
20:25:15.580 INF [REQ] ClientRequest received -> bucket bucketID=19 clientID=0 clientSn=7586
20:25:15.580 DBG [REQ] Bucket size after enqueue bucketID=19 bucketLenApprox=0
20:25:15.596 INF [REQ] ClientRequest received -> bucket bucketID=15 clientID=0 clientSn=7590
20:25:15.596 DBG [REQ] Bucket size after enqueue bucketID=15 bucketLenApprox=0
20:25:15.611 INF [REQ] ClientRequest received -> bucket bucketID=32 clientID=0 clientSn=7594
20:25:15.611 DBG [REQ] Bucket size after enqueue bucketID=32 bucketLenApprox=0
20:25:15.628 INF [REQ] ClientRequest received -> bucket bucketID=44 clientID=0 clientSn=7598
20:25:15.628 DBG [REQ] Bucket size after enqueue bucketID=44 bucketLenApprox=0
20:25:15.643 INF [REQ] ClientRequest received -> bucket bucketID=14 clientID=0 clientSn=7602
20:25:15.643 DBG [REQ] Bucket size after enqueue bucketID=14 bucketLenApprox=4
20:25:15.659 INF [REQ] ClientRequest received -> bucket bucketID=29 clientID=0 clientSn=7606
20:25:15.659 DBG [REQ] Bucket size after enqueue bucketID=29 bucketLenApprox=0
20:25:15.674 INF [REQ] ClientRequest received -> bucket bucketID=63 clientID=0 clientSn=7610
20:25:15.674 DBG [REQ] Bucket size after enqueue bucketID=63 bucketLenApprox=0
20:25:15.689 INF [REQ] ClientRequest received -> bucket bucketID=41 clientID=0 clientSn=7614
20:25:15.689 DBG [REQ] Bucket size after enqueue bucketID=41 bucketLenApprox=0
20:25:15.705 INF [REQ] ClientRequest received -> bucket bucketID=5 clientID=0 clientSn=7618
20:25:15.705 DBG [REQ] Bucket size after enqueue bucketID=5 bucketLenApprox=0
20:25:15.721 INF [REQ] ClientRequest received -> bucket bucketID=42 clientID=0 clientSn=7622
20:25:15.722 DBG [REQ] Bucket size after enqueue bucketID=42 bucketLenApprox=4
20:25:15.736 INF [REQ] ClientRequest received -> bucket bucketID=27 clientID=0 clientSn=7626
20:25:15.736 DBG [REQ] Bucket size after enqueue bucketID=27 bucketLenApprox=0
20:25:15.752 INF [REQ] ClientRequest received -> bucket bucketID=61 clientID=0 clientSn=7630
20:25:15.752 DBG [REQ] Bucket size after enqueue bucketID=61 bucketLenApprox=0
20:25:15.768 INF [REQ] ClientRequest received -> bucket bucketID=10 clientID=0 clientSn=7634
20:25:15.768 DBG [REQ] Bucket size after enqueue bucketID=10 bucketLenApprox=4
20:25:15.784 INF [REQ] ClientRequest received -> bucket bucketID=42 clientID=0 clientSn=7638
20:25:15.784 DBG [REQ] Bucket size after enqueue bucketID=42 bucketLenApprox=4
20:25:15.799 INF [REQ] ClientRequest received -> bucket bucketID=34 clientID=0 clientSn=7642
20:25:15.799 DBG [REQ] Bucket size after enqueue bucketID=34 bucketLenApprox=4
20:25:15.814 INF [REQ] ClientRequest received -> bucket bucketID=8 clientID=0 clientSn=7646
20:25:15.814 DBG [REQ] Bucket size after enqueue bucketID=8 bucketLenApprox=0
20:25:15.830 INF [REQ] ClientRequest received -> bucket bucketID=2 clientID=0 clientSn=7650
20:25:15.830 DBG [REQ] Bucket size after enqueue bucketID=2 bucketLenApprox=4
20:25:15.846 INF [REQ] ClientRequest received -> bucket bucketID=17 clientID=0 clientSn=7654
20:25:15.846 DBG [REQ] Bucket size after enqueue bucketID=17 bucketLenApprox=0
20:25:15.861 INF [REQ] ClientRequest received -> bucket bucketID=29 clientID=0 clientSn=7658
20:25:15.862 DBG [REQ] Bucket size after enqueue bucketID=29 bucketLenApprox=0
20:25:15.877 INF [REQ] ClientRequest received -> bucket bucketID=53 clientID=0 clientSn=7662
20:25:15.877 DBG [REQ] Bucket size after enqueue bucketID=53 bucketLenApprox=0
20:25:15.892 INF [REQ] ClientRequest received -> bucket bucketID=40 clientID=0 clientSn=7666
20:25:15.892 DBG [REQ] Bucket size after enqueue bucketID=40 bucketLenApprox=0
20:25:15.908 INF [REQ] ClientRequest received -> bucket bucketID=45 clientID=0 clientSn=7670
20:25:15.908 DBG [REQ] Bucket size after enqueue bucketID=45 bucketLenApprox=0
20:25:15.923 INF [REQ] ClientRequest received -> bucket bucketID=6 clientID=0 clientSn=7674
20:25:15.924 DBG [REQ] Bucket size after enqueue bucketID=6 bucketLenApprox=4
20:25:15.940 INF [REQ] ClientRequest received -> bucket bucketID=16 clientID=0 clientSn=7678
20:25:15.940 DBG [REQ] Bucket size after enqueue bucketID=16 bucketLenApprox=0
20:25:16.740 DBG Batch cut. left=0 nBuckets=16 nReq=77 next=0
PROPOSE sn=62 size=77
[MPX][NET] SEND Accept sn=62 bytes=44967 gid=62 digest=6bc17159f631e84d
[MC][SEND] kind=Accept sn=62 gid=63 (group)
[MPX] PROPOSE sn=62 size=77
[MPX][NET] SEND Prepare sn=63
[MC][SEND] kind=Prepare sn=63 gid=0 dst=ALL
[MPX][IN ] PROMISE sn=62 from=3 members=[0 1 2 3]
[MPX][IN ] PROMISE sn=62 from=1 members=[0 1 2 3]
[MPX][IN ] PROMISE sn=62 from=0 members=[0 1 2 3]
[MPX][IN ] PREPARE sn=62 from=3
20:25:16.742 DBG Batch cut. left=0 nBuckets=16 nReq=0 next=0
[MPX][NET] SEND Prepare sn=64
[MC][SEND] kind=Prepare sn=64 gid=0 dst=ALL
20:25:16.742 DBG Batch cut. left=0 nBuckets=16 nReq=0 next=0
[MPX][NET] SEND Prepare sn=65
[MC][SEND] kind=Prepare sn=65 gid=0 dst=ALL
20:25:16.742 DBG Batch cut. left=0 nBuckets=16 nReq=0 next=0
[MPX][NET] SEND Prepare sn=66
[MC][SEND] kind=Prepare sn=66 gid=0 dst=ALL
20:25:16.743 WRN MPX handles message from self. sn=63
[MPX][IN ] PREPARE sn=63 from=2
20:25:16.743 WRN MPX handles message from self. sn=64
[MPX][IN ] PREPARE sn=64 from=2
20:25:16.744 WRN MPX handles message from self. sn=65
[MPX][IN ] PREPARE sn=65 from=2
20:25:16.744 WRN MPX handles message from self. sn=66
[MPX][IN ] PREPARE sn=66 from=2
[MPX][IN ] PROMISE sn=64 from=0 members=[0 1 2 3]
[MPX][IN ] PROMISE sn=65 from=0 members=[0 1 2 3]
[MPX][IN ] ACCEPTED sn=62 from=0
[MPX][QUORUM] ACCEPTED sn=62 count=2/3 digest=6bc17159f631e84d
[MPX][IN ] PROMISE sn=65 from=1 members=[0 1 2 3]
[MPX][IN ] PROMISE sn=64 from=1 members=[0 1 2 3]
[MC][GROUP] sn=66 gid=67 members=[1 3 0]
[MC][GROUP] sn=64 gid=65 members=[1 3 0]
[MC][GROUP] sn=65 gid=66 members=[0 1 3]
[MPX][IN ] ACCEPTED sn=62 from=3
[MPX][IN ] PROMISE sn=64 from=3 members=[0 1 2 3]
[MPX][IN ] PROMISE sn=65 from=3 members=[0 1 2 3]
[MPX][QUORUM] ACCEPTED sn=62 count=3/3 digest=6bc17159f631e84d
[MPX][QUORUM] MAJORITY REACHED sn=62 → COMMIT digest=6bc17159f631e84d
[MPX][NET] SEND Commit sn=62 gid=62 digest=6bc17159f631e84d
[MC][SEND] kind=Commit sn=62 gid=63 (group)
[MPX][NET] GOSSIP Commit sn=62 gid=62 digest=6bc17159f631e84d
[MC][SEND] kind=Commit sn=62 gid=63 (group)
[MPX][CHK] ANNOUNCE sn=62 reqs=77
20:25:16.746 INF Committed entry. latency=0 nReq=77 sn=62
SB-DELIVER sn=62 size=77
COMMIT sn=62 size=77
DELIVER sn=62 delivered=77
[MPX] COMMIT  sn=62 size=77
[MPX][IN ] ACCEPTED sn=62 from=1
[MPX][QUORUM] ACCEPTED sn=62 count=4/3 digest=6bc17159f631e84d
[MPX][IN ] PREPARE sn=64 from=0
[MPX][IN ] PREPARE sn=63 from=0
[MPX][IN ] PREPARE sn=62 from=0
[MPX][IN ] PREPARE sn=61 from=0
[MPX][IN ] ACCEPTED sn=62 from=3
[MPX][IN ] ACCEPTED sn=62 from=1
[MPX][IN ] ACCEPTED sn=62 from=0
[MPX][IN ] PREPARE sn=64 from=3
[MPX][IN ] PREPARE sn=65 from=3
[MPX][IN ] PREPARE sn=67 from=3
[MPX][NET] SEND Promise sn=67 members=[0 1 2 3]
[MPX][IN ] ACCEPT sn=63 from=3 gid=63
[MPX][QUORUM] ACCEPT sn=63 acceptCount=1 quorum=3 digest=5b84b184559cfe88
[MPX][NET] SEND Accepted sn=63 → leader=3 (unicast)
[MPX][IN ] PROMISE sn=67 from=1 members=[0 1 2 3]
20:25:16.799 WRN MPX handles message from self. sn=67
[MPX][IN ] PROMISE sn=67 from=2 members=[0 1 2 3]
[MPX][IN ] COMMIT sn=63 from=3 gid=63
[MPX][NET] GOSSIP Commit sn=63 gid=63 digest=5b84b184559cfe88
[MC][SEND] kind=Commit sn=63 gid=64 (group)
[MPX][CHK] ANNOUNCE sn=63 reqs=74
20:25:16.804 INF Committed entry. latency=0 nReq=74 sn=63
SB-DELIVER sn=63 size=74
COMMIT sn=63 size=74
DELIVER sn=63 delivered=74
[MPX] COMMIT  sn=63 size=74
[MPX][IN ] COMMIT sn=63 from=3 gid=63
20:25:16.809 WRN MPX handles message from self. sn=63
[MPX][IN ] COMMIT sn=63 from=2 gid=63
[MPX][IN ] COMMIT sn=63 from=0 gid=63
[MPX][IN ] COMMIT sn=63 from=1 gid=63
[MPX][IN ] PREPARE sn=62 from=1
[MPX][IN ] PREPARE sn=65 from=1
[MPX][IN ] PREPARE sn=63 from=1
[MPX][IN ] ACCEPT sn=63 from=1 gid=63
[MPX][QUORUM] ACCEPT sn=63 acceptCount=1 quorum=3 digest=5b84b184559cfe88
[MPX][NET] SEND Accepted sn=63 → leader=1 (unicast)
[MPX][IN ] PREPARE sn=64 from=1
[MPX][IN ] COMMIT sn=63 from=1 gid=63
[MPX][IN ] COMMIT sn=63 from=1 gid=63
[MPX][IN ] ACCEPTED sn=62 from=3
[MPX][IN ] ACCEPT sn=62 from=0 gid=62
[MPX][QUORUM] ACCEPT sn=62 acceptCount=4 quorum=3 digest=6bc17159f631e84d
[MPX][NET] SKIP Accepted sn=62 (leader=self)
[MPX][IN ] ACCEPTED sn=62 from=1
[MPX][IN ] ACCEPTED sn=62 from=0
20:25:17.959 INF Connection terminated. error="rpc error: code = Canceled desc = context canceled" address=127.0.0.1:55614
20:25:17.960 INF Finished sending bucket assignments to client. clId=0
20:25:18.744 DBG Batch cut. left=0 nBuckets=16 nReq=0 next=0
[MPX][NET] SEND Prepare sn=67
[MC][SEND] kind=Prepare sn=67 gid=0 dst=ALL
[MPX][IN ] PROMISE sn=66 from=0 members=[0 1 2 3]
[MPX][IN ] PROMISE sn=66 from=1 members=[0 1 2 3]
[MPX][IN ] PROMISE sn=66 from=3 members=[0 1 2 3]
20:25:18.744 DBG Batch cut. left=0 nBuckets=16 nReq=0 next=0
[MPX][IN ] PREPARE sn=66 from=3
[MPX][NET] SEND Prepare sn=68
[MC][SEND] kind=Prepare sn=68 gid=0 dst=ALL
20:25:18.744 DBG Batch cut. left=0 nBuckets=16 nReq=0 next=0
[MPX][NET] SEND Prepare sn=69
[MC][SEND] kind=Prepare sn=69 gid=0 dst=ALL
20:25:18.744 DBG Batch cut. left=0 nBuckets=16 nReq=0 next=0
[MPX][NET] SEND Prepare sn=70
[MC][SEND] kind=Prepare sn=70 gid=0 dst=ALL
20:25:18.745 WRN MPX handles message from self. sn=67
20:25:18.745 WRN MPX handles message from self. sn=68
[MPX][IN ] PREPARE sn=67 from=2
20:25:18.746 WRN MPX handles message from self. sn=69
[MPX][IN ] PREPARE sn=68 from=2
[MPX][IN ] PREPARE sn=69 from=2
20:25:18.746 WRN MPX handles message from self. sn=70
[MPX][IN ] PREPARE sn=70 from=2
[MPX][IN ] PROMISE sn=69 from=1 members=[0 1 2 3]
[MPX][IN ] PROMISE sn=68 from=1 members=[0 1 2 3]
[MPX][IN ] PROMISE sn=69 from=3 members=[0 1 2 3]
[MPX][IN ] PROMISE sn=68 from=3 members=[0 1 2 3]
[MC][GROUP] sn=68 gid=69 members=[1 3 0]
[MC][GROUP] sn=69 gid=70 members=[1 3 0]
[MC][GROUP] sn=70 gid=71 members=[1 3 0]
[MPX][IN ] PROMISE sn=69 from=0 members=[0 1 2 3]
[MPX][IN ] PROMISE sn=68 from=0 members=[0 1 2 3]
[MPX][IN ] PREPARE sn=68 from=0
[MPX][IN ] PREPARE sn=65 from=0
[MPX][IN ] PREPARE sn=66 from=0
[MPX][IN ] PREPARE sn=67 from=0
[MPX][IN ] PREPARE sn=71 from=3
[MPX][IN ] PREPARE sn=69 from=3
[MPX][IN ] PREPARE sn=68 from=3
[MPX][NET] SEND Promise sn=71 members=[0 1 2 3]
[MPX][IN ] PROMISE sn=71 from=0 members=[0 1 2 3]
20:25:18.799 WRN MPX handles message from self. sn=71
[MPX][IN ] PROMISE sn=71 from=2 members=[0 1 2 3]
[MC][GROUP] sn=71 gid=72 members=[0 2 1]
[MPX][IN ] PROMISE sn=71 from=1 members=[0 1 2 3]
[MPX][IN ] PREPARE sn=69 from=1
[MPX][IN ] PREPARE sn=67 from=1
[MPX][IN ] PREPARE sn=66 from=1
[MPX][IN ] PREPARE sn=68 from=1
20:25:19.344 INF Stopping profiler.
20:25:19.344 INF Stopping Tracer. events=2331 fileName=experiment-output/0001/slave-002/peer.trc
==================
WARNING: DATA RACE
Read at 0x00c00099ec10 by goroutine 98:
  github.com/hyperledger-labs/mirbft/tracing.(*BufferedTrace).Stop()
      /opt/gopath/src/github.com/hyperledger-labs/ISS_com_Multipaxos/mirbft/tracing/bufferedtrace.go:237 +0x35c
  github.com/hyperledger-labs/mirbft/tracing.(*BufferedTrace).StopOnSignal.func1()
      /opt/gopath/src/github.com/hyperledger-labs/ISS_com_Multipaxos/mirbft/tracing/bufferedtrace.go:298 +0x47

Previous write at 0x00c00099ec10 by goroutine 97:
  github.com/hyperledger-labs/mirbft/tracing.(*BufferedTrace).Event()
      /opt/gopath/src/github.com/hyperledger-labs/ISS_com_Multipaxos/mirbft/tracing/bufferedtrace.go:105 +0x2b3
  github.com/hyperledger-labs/mirbft/profiling.StartCPUTracing.func1()
      /opt/gopath/src/github.com/hyperledger-labs/ISS_com_Multipaxos/mirbft/profiling/cpuusage.go:31 +0xa1

Goroutine 98 (running) created at:
  github.com/hyperledger-labs/mirbft/tracing.(*BufferedTrace).StopOnSignal()
      /opt/gopath/src/github.com/hyperledger-labs/ISS_com_Multipaxos/mirbft/tracing/bufferedtrace.go:292 +0x185
  main.setUpTracing()
      /opt/gopath/src/github.com/hyperledger-labs/ISS_com_Multipaxos/mirbft/cmd/orderingpeer/main.go:209 +0xee
  main.main()
      /opt/gopath/src/github.com/hyperledger-labs/ISS_com_Multipaxos/mirbft/cmd/orderingpeer/main.go:104 +0xac4

Goroutine 97 (running) created at:
  github.com/hyperledger-labs/mirbft/profiling.StartCPUTracing()
      /opt/gopath/src/github.com/hyperledger-labs/ISS_com_Multipaxos/mirbft/profiling/cpuusage.go:28 +0xbd
  main.setUpTracing()
      /opt/gopath/src/github.com/hyperledger-labs/ISS_com_Multipaxos/mirbft/cmd/orderingpeer/main.go:201 +0x7e
  main.main()
      /opt/gopath/src/github.com/hyperledger-labs/ISS_com_Multipaxos/mirbft/cmd/orderingpeer/main.go:104 +0xac4
==================
20:25:19.359 INF Trace data written.
20:25:19.438 INF Profile data written. filename=experiment-output/0001/slave-002/prof.cpu name=cpu
20:25:19.466 INF Profile data written. filename=experiment-output/0001/slave-002/prof.block name=block
20:25:19.480 INF Profile data written. filename=experiment-output/0001/slave-002/prof.mutex name=mutex
