[BIN] orderingpeer exe=/root/go/bin/orderingpeer
{"level":"debug","Logging":"debug","time":"2025-11-08T20:23:58-03:00","message":"Config"}
{"level":"debug","UseTLS":true,"time":"2025-11-08T20:23:58-03:00","message":"Config"}
{"level":"debug","CACertFile":"tls-data/ca.pem","time":"2025-11-08T20:23:58-03:00","message":"Config"}
{"level":"debug","KeyFile":"tls-data/auth.key","time":"2025-11-08T20:23:58-03:00","message":"Config"}
{"level":"debug","CertFile":"tls-data/auth.pem","time":"2025-11-08T20:23:58-03:00","message":"Config"}
{"level":"debug","PriorityConnections":2,"time":"2025-11-08T20:23:58-03:00","message":"Config"}
{"level":"debug","BasicConnections":4,"time":"2025-11-08T20:23:58-03:00","message":"Config"}
{"level":"debug","TestConnections":false,"time":"2025-11-08T20:23:58-03:00","message":"Config"}
{"level":"debug","ExcessConnections":1,"time":"2025-11-08T20:23:58-03:00","message":"Config"}
{"level":"debug","ConnectionTestMsgs":4,"time":"2025-11-08T20:23:58-03:00","message":"Config"}
{"level":"debug","ConnectionTestPayload":131072,"time":"2025-11-08T20:23:58-03:00","message":"Config"}
{"level":"debug","OutMessageBufsize":1024,"time":"2025-11-08T20:23:58-03:00","message":"Config"}
{"level":"debug","OutMessageBufsize":1,"time":"2025-11-08T20:23:58-03:00","message":"Config"}
{"level":"debug","ThroughputCap":131072000,"time":"2025-11-08T20:23:58-03:00","message":"Config"}
{"level":"debug","StragglerTolerance":1000,"time":"2025-11-08T20:23:58-03:00","message":"Config"}
{"level":"debug","BatchSizeIncrement":256,"time":"2025-11-08T20:23:58-03:00","message":"Config"}
{"level":"debug","Orderer":"MultiPaxosMulticast","time":"2025-11-08T20:23:58-03:00","message":"Config"}
{"level":"debug","Manager":"Mir","time":"2025-11-08T20:23:58-03:00","message":"Config"}
{"level":"debug","Failures":0,"time":"2025-11-08T20:23:58-03:00","message":"Config"}
{"level":"debug","CrashTiming":"EpochStart","time":"2025-11-08T20:23:58-03:00","message":"Config"}
{"level":"debug","CheckpointInterval":256,"time":"2025-11-08T20:23:58-03:00","message":"Config"}
{"level":"debug","WatermarkWindowSize":256,"time":"2025-11-08T20:23:58-03:00","message":"Config"}
{"level":"debug","EpochLength":256,"time":"2025-11-08T20:23:58-03:00","message":"Config"}
{"level":"debug","SegmentLength":64,"time":"2025-11-08T20:23:58-03:00","message":"Config"}
{"level":"debug","WaitForCheckpoints":true,"time":"2025-11-08T20:23:58-03:00","message":"Config"}
{"level":"debug","ClientWatermarkWindowSize":4194304,"time":"2025-11-08T20:23:58-03:00","message":"Config"}
{"level":"debug","ClientRequestBacklogSize":4194304,"time":"2025-11-08T20:23:58-03:00","message":"Config"}
{"level":"debug","RandomSeed":16403,"time":"2025-11-08T20:23:58-03:00","message":"Config"}
{"level":"debug","NodeToLeaderRatio":1,"time":"2025-11-08T20:23:58-03:00","message":"Config"}
{"level":"debug","LeaderPolicy":"Simple","time":"2025-11-08T20:23:58-03:00","message":"Config"}
{"level":"debug","DefaultLeaderBan":2,"time":"2025-11-08T20:23:58-03:00","message":"Config"}
{"level":"debug","NumBuckets":64,"time":"2025-11-08T20:23:58-03:00","message":"Config"}
{"level":"debug","BatchSize":1000,"time":"2025-11-08T20:23:58-03:00","message":"Config"}
{"level":"debug","DisabledViewChange":false,"time":"2025-11-08T20:23:58-03:00","message":"Config"}
{"level":"debug","ViewChangeTimeout":60000,"time":"2025-11-08T20:23:58-03:00","message":"Config"}
{"level":"debug","ClientTraceSampling":10,"time":"2025-11-08T20:23:58-03:00","message":"Config"}
{"level":"debug","EventBufferSize":2097152,"time":"2025-11-08T20:23:58-03:00","message":"Config"}
{"level":"debug","TraceSampling":1,"time":"2025-11-08T20:23:58-03:00","message":"Config"}
{"level":"debug","ClientsPerProcess":1,"time":"2025-11-08T20:23:58-03:00","message":"Config"}
{"level":"debug","RequestsPerClient":7680,"time":"2025-11-08T20:23:58-03:00","message":"Config"}
{"level":"debug","ClientRunTime":30000,"time":"2025-11-08T20:23:58-03:00","message":"Config"}
{"level":"debug","RequestRate":128,"time":"2025-11-08T20:23:58-03:00","message":"Config"}
{"level":"debug","HardRequestRateLimit":false,"time":"2025-11-08T20:23:58-03:00","message":"Config"}
{"level":"debug","RequestPayloadSize":500,"time":"2025-11-08T20:23:58-03:00","message":"Config"}
{"level":"debug","SignRequests":true,"time":"2025-11-08T20:23:58-03:00","message":"Config"}
{"level":"debug","ClientPrivKeyFile":"tls-data/client-ecdsa-256.key","time":"2025-11-08T20:23:58-03:00","message":"Config"}
{"level":"debug","ClientPubKeyFile":"tls-data/client-ecdsa-256.pem","time":"2025-11-08T20:23:58-03:00","message":"Config"}
{"level":"debug","PrecomputeRequests":false,"time":"2025-11-08T20:23:58-03:00","message":"Config"}
{"level":"debug","RequestHandlerThreads":32,"time":"2025-11-08T20:23:58-03:00","message":"Config"}
{"level":"debug","RequestInputChannelBuffer":8192,"time":"2025-11-08T20:23:58-03:00","message":"Config"}
{"level":"debug","BatchVerifier":"external","time":"2025-11-08T20:23:58-03:00","message":"Config"}
20:23:58.817 INF Registered with discovery server. numPeers=4 ownID=3
20:23:58.818 INF Profiling enabled.
20:23:58.818 INF Setting up profiling.
20:23:58.818 INF Started Profiler: CPU
20:23:58.818 INF Started Profiler: BLOCK
20:23:58.818 INF Started Profiler: MUTEX
20:23:58.818 INF Profiler will stop on signal. exit=true
20:23:58.822 INF Tracing will stop on signal. exit=false
20:23:58.822 INF Started tracing. traceFile=experiment-output/0000/slave-001/peer.trc
[RESPONDER][VER] RESPONDER+SEND-LOGS-v1.1-2025-09-22 started at 2025-11-08T20:23:58.822985942-03:00
[MPX] Init ok; cfg: batchSize=4096 batchTimeout=1s view=0 leaderPolicy=simple
[MC][INIT] gid=0(all) members=[0 1 2 3]
20:23:58.825 INF Listening for connections. port=10033 useTLS=true
20:23:58.828 INF Connecting to peer. addr=127.0.0.1:10022 basicConns=4 priorityConns=2
20:23:58.832 INF Connecting to peer. addr=127.0.0.1:10033 basicConns=4 priorityConns=2
20:23:58.836 INF Connecting to peer. addr=127.0.0.1:10011 basicConns=4 priorityConns=2
20:23:58.840 INF Connecting to peer. addr=127.0.0.1:10000 basicConns=4 priorityConns=2
20:23:59.329 INF Incoming connection for protocol messages. addr=127.0.0.1:35480
20:23:59.387 INF Incoming connection for protocol messages. addr=127.0.0.1:35374
20:23:59.413 INF Incoming connection for protocol messages. addr=127.0.0.1:35390
20:23:59.474 INF Incoming connection for protocol messages. addr=127.0.0.1:35470
20:23:59.483 INF Incoming connection for protocol messages. addr=127.0.0.1:35434
20:23:59.548 INF Incoming connection for protocol messages. addr=127.0.0.1:35478
20:23:59.578 INF Incoming connection for protocol messages. addr=127.0.0.1:35494
20:23:59.579 INF Incoming connection for protocol messages. addr=127.0.0.1:35450
20:23:59.583 INF Incoming connection for protocol messages. addr=127.0.0.1:35518
20:23:59.644 INF Incoming connection for protocol messages. addr=127.0.0.1:35426
20:23:59.654 DBG Connected. peerID=2
20:23:59.662 INF Incoming connection for protocol messages. addr=127.0.0.1:35472
20:23:59.674 DBG Connected. peerID=3
20:23:59.677 INF Incoming connection for protocol messages. addr=127.0.0.1:35460
20:23:59.818 INF Incoming connection for protocol messages. addr=127.0.0.1:35400
20:23:59.890 INF Incoming connection for protocol messages. addr=127.0.0.1:35412
20:23:59.890 INF Incoming connection for protocol messages. addr=127.0.0.1:35316
20:23:59.906 INF Incoming connection for protocol messages. addr=127.0.0.1:35378
20:23:59.906 INF Incoming connection for protocol messages. addr=127.0.0.1:35468
20:23:59.940 INF Incoming connection for protocol messages. addr=127.0.0.1:35422
20:23:59.981 INF Incoming connection for protocol messages. addr=127.0.0.1:35358
20:24:00.016 INF Incoming connection for protocol messages. addr=127.0.0.1:35510
20:24:00.028 DBG Connected. peerID=0
20:24:00.077 INF Incoming connection for protocol messages. addr=127.0.0.1:35332
20:24:00.081 INF Incoming connection for protocol messages. addr=127.0.0.1:35368
20:24:00.081 INF Incoming connection for protocol messages. addr=127.0.0.1:35372
20:24:00.082 INF Incoming connection for protocol messages. addr=127.0.0.1:35342
20:24:00.115 DBG Connected. peerID=1
20:24:00.115 INF Connected to all peers.
20:24:00.137 INF All peers finished connecting. Starting ISS.
[MPX] Start begin
[MPX] Start done
20:24:00.138 DBG Buckets for 0-th leader 0: [0 4 8 12 16 20 24 28 32 36 40 44 48 52 56 60]
20:24:00.138 DBG Buckets for 1-th leader 1: [1 5 9 13 17 21 25 29 33 37 41 45 49 53 57 61]
20:24:00.138 DBG Buckets for 2-th leader 2: [2 6 10 14 18 22 26 30 34 38 42 46 50 54 58 62]
20:24:00.138 DBG Buckets for 3-th leader 3: [3 7 11 15 19 23 27 31 35 39 43 47 51 55 59 63]
20:24:00.138 INF [CL] AnnounceBucketAssignment to clients numPeers=4
20:24:00.138 INF MultiPaxos received new segment: [3 7 11 15 19 23 27 31 35 39 43 47 51 55 59 63 67 71 75 79 83 87 91 95 99 103 107 111 115 119 123 127 131 135 139 143 147 151 155 159 163 167 171 175 179 183 187 191 195 199 203 207 211 215 219 223 227 231 235 239 243 247 251 255] first leader=3 firstSN=3 lastSN=255 len=64 length=64 segId=3
[MPX][CHK] instance init sn=3
[MPX][CHK] seg bind sn=3 segID=3 firstSN=3 len=64 quorum=3 leaders=[3 0 1 2]
[MPX][CHK] instance init sn=7
[MPX][CHK] seg bind sn=7 segID=3 firstSN=3 len=64 quorum=3 leaders=[3 0 1 2]
[MPX][CHK] instance init sn=11
[MPX][CHK] seg bind sn=11 segID=3 firstSN=3 len=64 quorum=3 leaders=[3 0 1 2]
[MPX][CHK] instance init sn=15
[MPX][CHK] seg bind sn=15 segID=3 firstSN=3 len=64 quorum=3 leaders=[3 0 1 2]
[MPX][CHK] instance init sn=19
[MPX][CHK] seg bind sn=19 segID=3 firstSN=3 len=64 quorum=3 leaders=[3 0 1 2]
[MPX][CHK] instance init sn=23
[MPX][CHK] seg bind sn=23 segID=3 firstSN=3 len=64 quorum=3 leaders=[3 0 1 2]
[MPX][CHK] instance init sn=27
[MPX][CHK] seg bind sn=27 segID=3 firstSN=3 len=64 quorum=3 leaders=[3 0 1 2]
[MPX][CHK] instance init sn=31
[MPX][CHK] seg bind sn=31 segID=3 firstSN=3 len=64 quorum=3 leaders=[3 0 1 2]
[MPX][CHK] instance init sn=35
[MPX][CHK] seg bind sn=35 segID=3 firstSN=3 len=64 quorum=3 leaders=[3 0 1 2]
[MPX][CHK] instance init sn=39
[MPX][CHK] seg bind sn=39 segID=3 firstSN=3 len=64 quorum=3 leaders=[3 0 1 2]
[MPX][CHK] instance init sn=43
[MPX][CHK] seg bind sn=43 segID=3 firstSN=3 len=64 quorum=3 leaders=[3 0 1 2]
[MPX][CHK] instance init sn=47
[MPX][CHK] seg bind sn=47 segID=3 firstSN=3 len=64 quorum=3 leaders=[3 0 1 2]
[MPX][CHK] instance init sn=51
[MPX][CHK] seg bind sn=51 segID=3 firstSN=3 len=64 quorum=3 leaders=[3 0 1 2]
[MPX][CHK] instance init sn=55
[MPX][CHK] seg bind sn=55 segID=3 firstSN=3 len=64 quorum=3 leaders=[3 0 1 2]
[MPX][CHK] instance init sn=59
[MPX][CHK] seg bind sn=59 segID=3 firstSN=3 len=64 quorum=3 leaders=[3 0 1 2]
[MPX][CHK] instance init sn=63
[MPX][CHK] seg bind sn=63 segID=3 firstSN=3 len=64 quorum=3 leaders=[3 0 1 2]
[MPX][CHK] instance init sn=67
[MPX][CHK] seg bind sn=67 segID=3 firstSN=3 len=64 quorum=3 leaders=[3 0 1 2]
[MPX][CHK] instance init sn=71
[MPX][CHK] seg bind sn=71 segID=3 firstSN=3 len=64 quorum=3 leaders=[3 0 1 2]
[MPX][CHK] instance init sn=75
[MPX][CHK] seg bind sn=75 segID=3 firstSN=3 len=64 quorum=3 leaders=[3 0 1 2]
[MPX][CHK] instance init sn=79
[MPX][CHK] seg bind sn=79 segID=3 firstSN=3 len=64 quorum=3 leaders=[3 0 1 2]
[MPX][CHK] instance init sn=83
[MPX][CHK] seg bind sn=83 segID=3 firstSN=3 len=64 quorum=3 leaders=[3 0 1 2]
[MPX][CHK] instance init sn=87
[MPX][CHK] seg bind sn=87 segID=3 firstSN=3 len=64 quorum=3 leaders=[3 0 1 2]
[MPX][CHK] instance init sn=91
[MPX][CHK] seg bind sn=91 segID=3 firstSN=3 len=64 quorum=3 leaders=[3 0 1 2]
[MPX][CHK] instance init sn=95
[MPX][CHK] seg bind sn=95 segID=3 firstSN=3 len=64 quorum=3 leaders=[3 0 1 2]
[MPX][CHK] instance init sn=99
[MPX][CHK] seg bind sn=99 segID=3 firstSN=3 len=64 quorum=3 leaders=[3 0 1 2]
[MPX][CHK] instance init sn=103
[MPX][CHK] seg bind sn=103 segID=3 firstSN=3 len=64 quorum=3 leaders=[3 0 1 2]
[MPX][CHK] instance init sn=107
[MPX][CHK] seg bind sn=107 segID=3 firstSN=3 len=64 quorum=3 leaders=[3 0 1 2]
[MPX][CHK] instance init sn=111
[MPX][CHK] seg bind sn=111 segID=3 firstSN=3 len=64 quorum=3 leaders=[3 0 1 2]
[MPX][CHK] instance init sn=115
[MPX][CHK] seg bind sn=115 segID=3 firstSN=3 len=64 quorum=3 leaders=[3 0 1 2]
[MPX][CHK] instance init sn=119
[MPX][CHK] seg bind sn=119 segID=3 firstSN=3 len=64 quorum=3 leaders=[3 0 1 2]
[MPX][CHK] instance init sn=123
[MPX][CHK] seg bind sn=123 segID=3 firstSN=3 len=64 quorum=3 leaders=[3 0 1 2]
[MPX][CHK] instance init sn=127
[MPX][CHK] seg bind sn=127 segID=3 firstSN=3 len=64 quorum=3 leaders=[3 0 1 2]
[MPX][CHK] instance init sn=131
[MPX][CHK] seg bind sn=131 segID=3 firstSN=3 len=64 quorum=3 leaders=[3 0 1 2]
[MPX][CHK] instance init sn=135
[MPX][CHK] seg bind sn=135 segID=3 firstSN=3 len=64 quorum=3 leaders=[3 0 1 2]
[MPX][CHK] instance init sn=139
[MPX][CHK] seg bind sn=139 segID=3 firstSN=3 len=64 quorum=3 leaders=[3 0 1 2]
[MPX][CHK] instance init sn=143
[MPX][CHK] seg bind sn=143 segID=3 firstSN=3 len=64 quorum=3 leaders=[3 0 1 2]
[MPX][CHK] instance init sn=147
[MPX][CHK] seg bind sn=147 segID=3 firstSN=3 len=64 quorum=3 leaders=[3 0 1 2]
[MPX][CHK] instance init sn=151
[MPX][CHK] seg bind sn=151 segID=3 firstSN=3 len=64 quorum=3 leaders=[3 0 1 2]
[MPX][CHK] instance init sn=155
[MPX][CHK] seg bind sn=155 segID=3 firstSN=3 len=64 quorum=3 leaders=[3 0 1 2]
[MPX][CHK] instance init sn=159
[MPX][CHK] seg bind sn=159 segID=3 firstSN=3 len=64 quorum=3 leaders=[3 0 1 2]
[MPX][CHK] instance init sn=163
[MPX][CHK] seg bind sn=163 segID=3 firstSN=3 len=64 quorum=3 leaders=[3 0 1 2]
[MPX][CHK] instance init sn=167
[MPX][CHK] seg bind sn=167 segID=3 firstSN=3 len=64 quorum=3 leaders=[3 0 1 2]
[MPX][CHK] instance init sn=171
[MPX][CHK] seg bind sn=171 segID=3 firstSN=3 len=64 quorum=3 leaders=[3 0 1 2]
[MPX][CHK] instance init sn=175
[MPX][CHK] seg bind sn=175 segID=3 firstSN=3 len=64 quorum=3 leaders=[3 0 1 2]
[MPX][CHK] instance init sn=179
[MPX][CHK] seg bind sn=179 segID=3 firstSN=3 len=64 quorum=3 leaders=[3 0 1 2]
[MPX][CHK] instance init sn=183
[MPX][CHK] seg bind sn=183 segID=3 firstSN=3 len=64 quorum=3 leaders=[3 0 1 2]
[MPX][CHK] instance init sn=187
[MPX][CHK] seg bind sn=187 segID=3 firstSN=3 len=64 quorum=3 leaders=[3 0 1 2]
[MPX][CHK] instance init sn=191
[MPX][CHK] seg bind sn=191 segID=3 firstSN=3 len=64 quorum=3 leaders=[3 0 1 2]
[MPX][CHK] instance init sn=195
[MPX][CHK] seg bind sn=195 segID=3 firstSN=3 len=64 quorum=3 leaders=[3 0 1 2]
[MPX][CHK] instance init sn=199
[MPX][CHK] seg bind sn=199 segID=3 firstSN=3 len=64 quorum=3 leaders=[3 0 1 2]
[MPX][CHK] instance init sn=203
[MPX][CHK] seg bind sn=203 segID=3 firstSN=3 len=64 quorum=3 leaders=[3 0 1 2]
[MPX][CHK] instance init sn=207
[MPX][CHK] seg bind sn=207 segID=3 firstSN=3 len=64 quorum=3 leaders=[3 0 1 2]
[MPX][CHK] instance init sn=211
[MPX][CHK] seg bind sn=211 segID=3 firstSN=3 len=64 quorum=3 leaders=[3 0 1 2]
[MPX][CHK] instance init sn=215
[MPX][CHK] seg bind sn=215 segID=3 firstSN=3 len=64 quorum=3 leaders=[3 0 1 2]
[MPX][CHK] instance init sn=219
[MPX][CHK] seg bind sn=219 segID=3 firstSN=3 len=64 quorum=3 leaders=[3 0 1 2]
[MPX][CHK] instance init sn=223
[MPX][CHK] seg bind sn=223 segID=3 firstSN=3 len=64 quorum=3 leaders=[3 0 1 2]
[MPX][CHK] instance init sn=227
[MPX][CHK] seg bind sn=227 segID=3 firstSN=3 len=64 quorum=3 leaders=[3 0 1 2]
[MPX][CHK] instance init sn=231
[MPX][CHK] seg bind sn=231 segID=3 firstSN=3 len=64 quorum=3 leaders=[3 0 1 2]
[MPX][CHK] instance init sn=235
[MPX][CHK] seg bind sn=235 segID=3 firstSN=3 len=64 quorum=3 leaders=[3 0 1 2]
[MPX][CHK] instance init sn=239
[MPX][CHK] seg bind sn=239 segID=3 firstSN=3 len=64 quorum=3 leaders=[3 0 1 2]
[MPX][CHK] instance init sn=243
[MPX][CHK] seg bind sn=243 segID=3 firstSN=3 len=64 quorum=3 leaders=[3 0 1 2]
[MPX][CHK] instance init sn=247
[MPX][CHK] seg bind sn=247 segID=3 firstSN=3 len=64 quorum=3 leaders=[3 0 1 2]
[MPX][CHK] instance init sn=251
[MPX][CHK] seg bind sn=251 segID=3 firstSN=3 len=64 quorum=3 leaders=[3 0 1 2]
[MPX][CHK] instance init sn=255
[MPX][CHK] seg bind sn=255 segID=3 firstSN=3 len=64 quorum=3 leaders=[3 0 1 2]
20:24:00.145 INF MultiPaxos received new segment: [0 4 8 12 16 20 24 28 32 36 40 44 48 52 56 60 64 68 72 76 80 84 88 92 96 100 104 108 112 116 120 124 128 132 136 140 144 148 152 156 160 164 168 172 176 180 184 188 192 196 200 204 208 212 216 220 224 228 232 236 240 244 248 252] first leader=0 firstSN=0 lastSN=252 len=64 length=64 segId=0
[MPX][CHK] instance init sn=0
[MPX][CHK] seg bind sn=0 segID=0 firstSN=0 len=64 quorum=3 leaders=[0 1 2 3]
[MPX][CHK] instance init sn=4
[MPX][CHK] seg bind sn=4 segID=0 firstSN=0 len=64 quorum=3 leaders=[0 1 2 3]
[MPX][CHK] instance init sn=8
[MPX][CHK] seg bind sn=8 segID=0 firstSN=0 len=64 quorum=3 leaders=[0 1 2 3]
[MPX][CHK] instance init sn=12
[MPX][CHK] seg bind sn=12 segID=0 firstSN=0 len=64 quorum=3 leaders=[0 1 2 3]
[MPX][CHK] instance init sn=16
[MPX][CHK] seg bind sn=16 segID=0 firstSN=0 len=64 quorum=3 leaders=[0 1 2 3]
[MPX][CHK] instance init sn=20
[MPX][CHK] seg bind sn=20 segID=0 firstSN=0 len=64 quorum=3 leaders=[0 1 2 3]
[MPX][CHK] instance init sn=24
[MPX][CHK] seg bind sn=24 segID=0 firstSN=0 len=64 quorum=3 leaders=[0 1 2 3]
[MPX][CHK] instance init sn=28
[MPX][CHK] seg bind sn=28 segID=0 firstSN=0 len=64 quorum=3 leaders=[0 1 2 3]
[MPX][CHK] instance init sn=32
[MPX][CHK] seg bind sn=32 segID=0 firstSN=0 len=64 quorum=3 leaders=[0 1 2 3]
[MPX][CHK] instance init sn=36
[MPX][CHK] seg bind sn=36 segID=0 firstSN=0 len=64 quorum=3 leaders=[0 1 2 3]
[MPX][CHK] instance init sn=40
[MPX][CHK] seg bind sn=40 segID=0 firstSN=0 len=64 quorum=3 leaders=[0 1 2 3]
[MPX][CHK] instance init sn=44
[MPX][CHK] seg bind sn=44 segID=0 firstSN=0 len=64 quorum=3 leaders=[0 1 2 3]
[MPX][CHK] instance init sn=48
[MPX][CHK] seg bind sn=48 segID=0 firstSN=0 len=64 quorum=3 leaders=[0 1 2 3]
[MPX][CHK] instance init sn=52
[MPX][CHK] seg bind sn=52 segID=0 firstSN=0 len=64 quorum=3 leaders=[0 1 2 3]
[MPX][CHK] instance init sn=56
[MPX][CHK] seg bind sn=56 segID=0 firstSN=0 len=64 quorum=3 leaders=[0 1 2 3]
[MPX][CHK] instance init sn=60
[MPX][CHK] seg bind sn=60 segID=0 firstSN=0 len=64 quorum=3 leaders=[0 1 2 3]
[MPX][CHK] instance init sn=64
[MPX][CHK] seg bind sn=64 segID=0 firstSN=0 len=64 quorum=3 leaders=[0 1 2 3]
[MPX][CHK] instance init sn=68
[MPX][CHK] seg bind sn=68 segID=0 firstSN=0 len=64 quorum=3 leaders=[0 1 2 3]
[MPX][CHK] instance init sn=72
[MPX][CHK] seg bind sn=72 segID=0 firstSN=0 len=64 quorum=3 leaders=[0 1 2 3]
[MPX][CHK] instance init sn=76
[MPX][CHK] seg bind sn=76 segID=0 firstSN=0 len=64 quorum=3 leaders=[0 1 2 3]
[MPX][CHK] instance init sn=80
[MPX][CHK] seg bind sn=80 segID=0 firstSN=0 len=64 quorum=3 leaders=[0 1 2 3]
[MPX][CHK] instance init sn=84
[MPX][CHK] seg bind sn=84 segID=0 firstSN=0 len=64 quorum=3 leaders=[0 1 2 3]
[MPX][CHK] instance init sn=88
[MPX][CHK] seg bind sn=88 segID=0 firstSN=0 len=64 quorum=3 leaders=[0 1 2 3]
[MPX][CHK] instance init sn=92
[MPX][CHK] seg bind sn=92 segID=0 firstSN=0 len=64 quorum=3 leaders=[0 1 2 3]
[MPX][CHK] instance init sn=96
[MPX][CHK] seg bind sn=96 segID=0 firstSN=0 len=64 quorum=3 leaders=[0 1 2 3]
[MPX][CHK] instance init sn=100
[MPX][CHK] seg bind sn=100 segID=0 firstSN=0 len=64 quorum=3 leaders=[0 1 2 3]
[MPX][CHK] instance init sn=104
[MPX][CHK] seg bind sn=104 segID=0 firstSN=0 len=64 quorum=3 leaders=[0 1 2 3]
[MPX][CHK] instance init sn=108
[MPX][CHK] seg bind sn=108 segID=0 firstSN=0 len=64 quorum=3 leaders=[0 1 2 3]
[MPX][CHK] instance init sn=112
[MPX][CHK] seg bind sn=112 segID=0 firstSN=0 len=64 quorum=3 leaders=[0 1 2 3]
[MPX][CHK] instance init sn=116
[MPX][CHK] seg bind sn=116 segID=0 firstSN=0 len=64 quorum=3 leaders=[0 1 2 3]
[MPX][CHK] instance init sn=120
[MPX][CHK] seg bind sn=120 segID=0 firstSN=0 len=64 quorum=3 leaders=[0 1 2 3]
[MPX][CHK] instance init sn=124
[MPX][CHK] seg bind sn=124 segID=0 firstSN=0 len=64 quorum=3 leaders=[0 1 2 3]
[MPX][CHK] instance init sn=128
[MPX][CHK] seg bind sn=128 segID=0 firstSN=0 len=64 quorum=3 leaders=[0 1 2 3]
[MPX][CHK] instance init sn=132
[MPX][CHK] seg bind sn=132 segID=0 firstSN=0 len=64 quorum=3 leaders=[0 1 2 3]
[MPX][CHK] instance init sn=136
[MPX][CHK] seg bind sn=136 segID=0 firstSN=0 len=64 quorum=3 leaders=[0 1 2 3]
[MPX][CHK] instance init sn=140
[MPX][CHK] seg bind sn=140 segID=0 firstSN=0 len=64 quorum=3 leaders=[0 1 2 3]
[MPX][CHK] instance init sn=144
[MPX][CHK] seg bind sn=144 segID=0 firstSN=0 len=64 quorum=3 leaders=[0 1 2 3]
[MPX][CHK] instance init sn=148
[MPX][CHK] seg bind sn=148 segID=0 firstSN=0 len=64 quorum=3 leaders=[0 1 2 3]
[MPX][CHK] instance init sn=152
[MPX][CHK] seg bind sn=152 segID=0 firstSN=0 len=64 quorum=3 leaders=[0 1 2 3]
[MPX][CHK] instance init sn=156
[MPX][CHK] seg bind sn=156 segID=0 firstSN=0 len=64 quorum=3 leaders=[0 1 2 3]
[MPX][CHK] instance init sn=160
[MPX][CHK] seg bind sn=160 segID=0 firstSN=0 len=64 quorum=3 leaders=[0 1 2 3]
[MPX][CHK] instance init sn=164
[MPX][CHK] seg bind sn=164 segID=0 firstSN=0 len=64 quorum=3 leaders=[0 1 2 3]
[MPX][CHK] instance init sn=168
[MPX][CHK] seg bind sn=168 segID=0 firstSN=0 len=64 quorum=3 leaders=[0 1 2 3]
[MPX][CHK] instance init sn=172
[MPX][CHK] seg bind sn=172 segID=0 firstSN=0 len=64 quorum=3 leaders=[0 1 2 3]
[MPX][CHK] instance init sn=176
[MPX][CHK] seg bind sn=176 segID=0 firstSN=0 len=64 quorum=3 leaders=[0 1 2 3]
[MPX][CHK] instance init sn=180
[MPX][CHK] seg bind sn=180 segID=0 firstSN=0 len=64 quorum=3 leaders=[0 1 2 3]
[MPX][CHK] instance init sn=184
[MPX][CHK] seg bind sn=184 segID=0 firstSN=0 len=64 quorum=3 leaders=[0 1 2 3]
[MPX][CHK] instance init sn=188
[MPX][CHK] seg bind sn=188 segID=0 firstSN=0 len=64 quorum=3 leaders=[0 1 2 3]
[MPX][CHK] instance init sn=192
[MPX][CHK] seg bind sn=192 segID=0 firstSN=0 len=64 quorum=3 leaders=[0 1 2 3]
[MPX][CHK] instance init sn=196
[MPX][CHK] seg bind sn=196 segID=0 firstSN=0 len=64 quorum=3 leaders=[0 1 2 3]
[MPX][CHK] instance init sn=200
[MPX][CHK] seg bind sn=200 segID=0 firstSN=0 len=64 quorum=3 leaders=[0 1 2 3]
[MPX][CHK] instance init sn=204
[MPX][CHK] seg bind sn=204 segID=0 firstSN=0 len=64 quorum=3 leaders=[0 1 2 3]
[MPX][CHK] instance init sn=208
[MPX][CHK] seg bind sn=208 segID=0 firstSN=0 len=64 quorum=3 leaders=[0 1 2 3]
[MPX][CHK] instance init sn=212
[MPX][CHK] seg bind sn=212 segID=0 firstSN=0 len=64 quorum=3 leaders=[0 1 2 3]
[MPX][CHK] instance init sn=216
[MPX][CHK] seg bind sn=216 segID=0 firstSN=0 len=64 quorum=3 leaders=[0 1 2 3]
[MPX][CHK] instance init sn=220
[MPX][CHK] seg bind sn=220 segID=0 firstSN=0 len=64 quorum=3 leaders=[0 1 2 3]
[MPX][CHK] instance init sn=224
[MPX][CHK] seg bind sn=224 segID=0 firstSN=0 len=64 quorum=3 leaders=[0 1 2 3]
[MPX][CHK] instance init sn=228
[MPX][CHK] seg bind sn=228 segID=0 firstSN=0 len=64 quorum=3 leaders=[0 1 2 3]
[MPX][CHK] instance init sn=232
[MPX][CHK] seg bind sn=232 segID=0 firstSN=0 len=64 quorum=3 leaders=[0 1 2 3]
[MPX][CHK] instance init sn=236
[MPX][CHK] seg bind sn=236 segID=0 firstSN=0 len=64 quorum=3 leaders=[0 1 2 3]
[MPX][CHK] instance init sn=240
[MPX][CHK] seg bind sn=240 segID=0 firstSN=0 len=64 quorum=3 leaders=[0 1 2 3]
[MPX][CHK] instance init sn=244
[MPX][CHK] seg bind sn=244 segID=0 firstSN=0 len=64 quorum=3 leaders=[0 1 2 3]
[MPX][CHK] instance init sn=248
[MPX][CHK] seg bind sn=248 segID=0 firstSN=0 len=64 quorum=3 leaders=[0 1 2 3]
[MPX][CHK] instance init sn=252
[MPX][CHK] seg bind sn=252 segID=0 firstSN=0 len=64 quorum=3 leaders=[0 1 2 3]
20:24:00.152 INF MultiPaxos received new segment: [1 5 9 13 17 21 25 29 33 37 41 45 49 53 57 61 65 69 73 77 81 85 89 93 97 101 105 109 113 117 121 125 129 133 137 141 145 149 153 157 161 165 169 173 177 181 185 189 193 197 201 205 209 213 217 221 225 229 233 237 241 245 249 253] first leader=1 firstSN=1 lastSN=253 len=64 length=64 segId=1
[MPX][CHK] instance init sn=1
[MPX][CHK] seg bind sn=1 segID=1 firstSN=1 len=64 quorum=3 leaders=[1 2 3 0]
[MPX][CHK] instance init sn=5
[MPX][CHK] seg bind sn=5 segID=1 firstSN=1 len=64 quorum=3 leaders=[1 2 3 0]
[MPX][CHK] instance init sn=9
[MPX][CHK] seg bind sn=9 segID=1 firstSN=1 len=64 quorum=3 leaders=[1 2 3 0]
[MPX][CHK] instance init sn=13
[MPX][CHK] seg bind sn=13 segID=1 firstSN=1 len=64 quorum=3 leaders=[1 2 3 0]
[MPX][CHK] instance init sn=17
[MPX][CHK] seg bind sn=17 segID=1 firstSN=1 len=64 quorum=3 leaders=[1 2 3 0]
[MPX][CHK] instance init sn=21
[MPX][CHK] seg bind sn=21 segID=1 firstSN=1 len=64 quorum=3 leaders=[1 2 3 0]
[MPX][CHK] instance init sn=25
[MPX][CHK] seg bind sn=25 segID=1 firstSN=1 len=64 quorum=3 leaders=[1 2 3 0]
[MPX][CHK] instance init sn=29
[MPX][CHK] seg bind sn=29 segID=1 firstSN=1 len=64 quorum=3 leaders=[1 2 3 0]
[MPX][CHK] instance init sn=33
[MPX][CHK] seg bind sn=33 segID=1 firstSN=1 len=64 quorum=3 leaders=[1 2 3 0]
[MPX][CHK] instance init sn=37
[MPX][CHK] seg bind sn=37 segID=1 firstSN=1 len=64 quorum=3 leaders=[1 2 3 0]
[MPX][CHK] instance init sn=41
[MPX][CHK] seg bind sn=41 segID=1 firstSN=1 len=64 quorum=3 leaders=[1 2 3 0]
[MPX][CHK] instance init sn=45
[MPX][CHK] seg bind sn=45 segID=1 firstSN=1 len=64 quorum=3 leaders=[1 2 3 0]
[MPX][CHK] instance init sn=49
[MPX][CHK] seg bind sn=49 segID=1 firstSN=1 len=64 quorum=3 leaders=[1 2 3 0]
[MPX][CHK] instance init sn=53
[MPX][CHK] seg bind sn=53 segID=1 firstSN=1 len=64 quorum=3 leaders=[1 2 3 0]
[MPX][CHK] instance init sn=57
[MPX][CHK] seg bind sn=57 segID=1 firstSN=1 len=64 quorum=3 leaders=[1 2 3 0]
[MPX][CHK] instance init sn=61
[MPX][CHK] seg bind sn=61 segID=1 firstSN=1 len=64 quorum=3 leaders=[1 2 3 0]
[MPX][CHK] instance init sn=65
[MPX][CHK] seg bind sn=65 segID=1 firstSN=1 len=64 quorum=3 leaders=[1 2 3 0]
[MPX][CHK] instance init sn=69
[MPX][CHK] seg bind sn=69 segID=1 firstSN=1 len=64 quorum=3 leaders=[1 2 3 0]
[MPX][CHK] instance init sn=73
[MPX][CHK] seg bind sn=73 segID=1 firstSN=1 len=64 quorum=3 leaders=[1 2 3 0]
[MPX][CHK] instance init sn=77
[MPX][CHK] seg bind sn=77 segID=1 firstSN=1 len=64 quorum=3 leaders=[1 2 3 0]
[MPX][CHK] instance init sn=81
[MPX][CHK] seg bind sn=81 segID=1 firstSN=1 len=64 quorum=3 leaders=[1 2 3 0]
[MPX][CHK] instance init sn=85
[MPX][CHK] seg bind sn=85 segID=1 firstSN=1 len=64 quorum=3 leaders=[1 2 3 0]
[MPX][CHK] instance init sn=89
[MPX][CHK] seg bind sn=89 segID=1 firstSN=1 len=64 quorum=3 leaders=[1 2 3 0]
[MPX][CHK] instance init sn=93
[MPX][CHK] seg bind sn=93 segID=1 firstSN=1 len=64 quorum=3 leaders=[1 2 3 0]
[MPX][CHK] instance init sn=97
[MPX][CHK] seg bind sn=97 segID=1 firstSN=1 len=64 quorum=3 leaders=[1 2 3 0]
[MPX][CHK] instance init sn=101
[MPX][CHK] seg bind sn=101 segID=1 firstSN=1 len=64 quorum=3 leaders=[1 2 3 0]
[MPX][CHK] instance init sn=105
[MPX][CHK] seg bind sn=105 segID=1 firstSN=1 len=64 quorum=3 leaders=[1 2 3 0]
[MPX][CHK] instance init sn=109
[MPX][CHK] seg bind sn=109 segID=1 firstSN=1 len=64 quorum=3 leaders=[1 2 3 0]
[MPX][CHK] instance init sn=113
[MPX][CHK] seg bind sn=113 segID=1 firstSN=1 len=64 quorum=3 leaders=[1 2 3 0]
[MPX][CHK] instance init sn=117
[MPX][CHK] seg bind sn=117 segID=1 firstSN=1 len=64 quorum=3 leaders=[1 2 3 0]
[MPX][CHK] instance init sn=121
[MPX][CHK] seg bind sn=121 segID=1 firstSN=1 len=64 quorum=3 leaders=[1 2 3 0]
[MPX][CHK] instance init sn=125
[MPX][CHK] seg bind sn=125 segID=1 firstSN=1 len=64 quorum=3 leaders=[1 2 3 0]
[MPX][CHK] instance init sn=129
[MPX][CHK] seg bind sn=129 segID=1 firstSN=1 len=64 quorum=3 leaders=[1 2 3 0]
[MPX][CHK] instance init sn=133
[MPX][CHK] seg bind sn=133 segID=1 firstSN=1 len=64 quorum=3 leaders=[1 2 3 0]
[MPX][CHK] instance init sn=137
[MPX][CHK] seg bind sn=137 segID=1 firstSN=1 len=64 quorum=3 leaders=[1 2 3 0]
[MPX][CHK] instance init sn=141
[MPX][CHK] seg bind sn=141 segID=1 firstSN=1 len=64 quorum=3 leaders=[1 2 3 0]
[MPX][CHK] instance init sn=145
[MPX][CHK] seg bind sn=145 segID=1 firstSN=1 len=64 quorum=3 leaders=[1 2 3 0]
[MPX][CHK] instance init sn=149
[MPX][CHK] seg bind sn=149 segID=1 firstSN=1 len=64 quorum=3 leaders=[1 2 3 0]
[MPX][CHK] instance init sn=153
[MPX][CHK] seg bind sn=153 segID=1 firstSN=1 len=64 quorum=3 leaders=[1 2 3 0]
[MPX][CHK] instance init sn=157
[MPX][CHK] seg bind sn=157 segID=1 firstSN=1 len=64 quorum=3 leaders=[1 2 3 0]
[MPX][CHK] instance init sn=161
[MPX][CHK] seg bind sn=161 segID=1 firstSN=1 len=64 quorum=3 leaders=[1 2 3 0]
[MPX][CHK] instance init sn=165
[MPX][CHK] seg bind sn=165 segID=1 firstSN=1 len=64 quorum=3 leaders=[1 2 3 0]
[MPX][CHK] instance init sn=169
[MPX][CHK] seg bind sn=169 segID=1 firstSN=1 len=64 quorum=3 leaders=[1 2 3 0]
[MPX][CHK] instance init sn=173
[MPX][CHK] seg bind sn=173 segID=1 firstSN=1 len=64 quorum=3 leaders=[1 2 3 0]
[MPX][CHK] instance init sn=177
[MPX][CHK] seg bind sn=177 segID=1 firstSN=1 len=64 quorum=3 leaders=[1 2 3 0]
[MPX][CHK] instance init sn=181
[MPX][CHK] seg bind sn=181 segID=1 firstSN=1 len=64 quorum=3 leaders=[1 2 3 0]
[MPX][CHK] instance init sn=185
[MPX][CHK] seg bind sn=185 segID=1 firstSN=1 len=64 quorum=3 leaders=[1 2 3 0]
[MPX][CHK] instance init sn=189
[MPX][CHK] seg bind sn=189 segID=1 firstSN=1 len=64 quorum=3 leaders=[1 2 3 0]
[MPX][CHK] instance init sn=193
[MPX][CHK] seg bind sn=193 segID=1 firstSN=1 len=64 quorum=3 leaders=[1 2 3 0]
[MPX][CHK] instance init sn=197
[MPX][CHK] seg bind sn=197 segID=1 firstSN=1 len=64 quorum=3 leaders=[1 2 3 0]
[MPX][CHK] instance init sn=201
[MPX][CHK] seg bind sn=201 segID=1 firstSN=1 len=64 quorum=3 leaders=[1 2 3 0]
[MPX][CHK] instance init sn=205
[MPX][CHK] seg bind sn=205 segID=1 firstSN=1 len=64 quorum=3 leaders=[1 2 3 0]
[MPX][CHK] instance init sn=209
[MPX][CHK] seg bind sn=209 segID=1 firstSN=1 len=64 quorum=3 leaders=[1 2 3 0]
[MPX][CHK] instance init sn=213
[MPX][CHK] seg bind sn=213 segID=1 firstSN=1 len=64 quorum=3 leaders=[1 2 3 0]
[MPX][CHK] instance init sn=217
[MPX][CHK] seg bind sn=217 segID=1 firstSN=1 len=64 quorum=3 leaders=[1 2 3 0]
[MPX][CHK] instance init sn=221
[MPX][CHK] seg bind sn=221 segID=1 firstSN=1 len=64 quorum=3 leaders=[1 2 3 0]
[MPX][CHK] instance init sn=225
[MPX][CHK] seg bind sn=225 segID=1 firstSN=1 len=64 quorum=3 leaders=[1 2 3 0]
[MPX][CHK] instance init sn=229
[MPX][CHK] seg bind sn=229 segID=1 firstSN=1 len=64 quorum=3 leaders=[1 2 3 0]
[MPX][CHK] instance init sn=233
[MPX][CHK] seg bind sn=233 segID=1 firstSN=1 len=64 quorum=3 leaders=[1 2 3 0]
[MPX][CHK] instance init sn=237
[MPX][CHK] seg bind sn=237 segID=1 firstSN=1 len=64 quorum=3 leaders=[1 2 3 0]
[MPX][CHK] instance init sn=241
[MPX][CHK] seg bind sn=241 segID=1 firstSN=1 len=64 quorum=3 leaders=[1 2 3 0]
[MPX][CHK] instance init sn=245
[MPX][CHK] seg bind sn=245 segID=1 firstSN=1 len=64 quorum=3 leaders=[1 2 3 0]
[MPX][CHK] instance init sn=249
[MPX][CHK] seg bind sn=249 segID=1 firstSN=1 len=64 quorum=3 leaders=[1 2 3 0]
[MPX][CHK] instance init sn=253
[MPX][CHK] seg bind sn=253 segID=1 firstSN=1 len=64 quorum=3 leaders=[1 2 3 0]
20:24:00.159 INF MultiPaxos received new segment: [2 6 10 14 18 22 26 30 34 38 42 46 50 54 58 62 66 70 74 78 82 86 90 94 98 102 106 110 114 118 122 126 130 134 138 142 146 150 154 158 162 166 170 174 178 182 186 190 194 198 202 206 210 214 218 222 226 230 234 238 242 246 250 254] first leader=2 firstSN=2 lastSN=254 len=64 length=64 segId=2
[MPX][CHK] instance init sn=2
[MPX][CHK] seg bind sn=2 segID=2 firstSN=2 len=64 quorum=3 leaders=[2 3 0 1]
[MPX][CHK] instance init sn=6
[MPX][CHK] seg bind sn=6 segID=2 firstSN=2 len=64 quorum=3 leaders=[2 3 0 1]
[MPX][CHK] instance init sn=10
[MPX][CHK] seg bind sn=10 segID=2 firstSN=2 len=64 quorum=3 leaders=[2 3 0 1]
[MPX][CHK] instance init sn=14
[MPX][CHK] seg bind sn=14 segID=2 firstSN=2 len=64 quorum=3 leaders=[2 3 0 1]
[MPX][CHK] instance init sn=18
[MPX][CHK] seg bind sn=18 segID=2 firstSN=2 len=64 quorum=3 leaders=[2 3 0 1]
[MPX][CHK] instance init sn=22
[MPX][CHK] seg bind sn=22 segID=2 firstSN=2 len=64 quorum=3 leaders=[2 3 0 1]
[MPX][CHK] instance init sn=26
[MPX][CHK] seg bind sn=26 segID=2 firstSN=2 len=64 quorum=3 leaders=[2 3 0 1]
[MPX][CHK] instance init sn=30
[MPX][CHK] seg bind sn=30 segID=2 firstSN=2 len=64 quorum=3 leaders=[2 3 0 1]
[MPX][CHK] instance init sn=34
[MPX][CHK] seg bind sn=34 segID=2 firstSN=2 len=64 quorum=3 leaders=[2 3 0 1]
[MPX][CHK] instance init sn=38
[MPX][CHK] seg bind sn=38 segID=2 firstSN=2 len=64 quorum=3 leaders=[2 3 0 1]
[MPX][CHK] instance init sn=42
[MPX][CHK] seg bind sn=42 segID=2 firstSN=2 len=64 quorum=3 leaders=[2 3 0 1]
[MPX][CHK] instance init sn=46
[MPX][CHK] seg bind sn=46 segID=2 firstSN=2 len=64 quorum=3 leaders=[2 3 0 1]
[MPX][CHK] instance init sn=50
[MPX][CHK] seg bind sn=50 segID=2 firstSN=2 len=64 quorum=3 leaders=[2 3 0 1]
[MPX][CHK] instance init sn=54
[MPX][CHK] seg bind sn=54 segID=2 firstSN=2 len=64 quorum=3 leaders=[2 3 0 1]
[MPX][CHK] instance init sn=58
[MPX][CHK] seg bind sn=58 segID=2 firstSN=2 len=64 quorum=3 leaders=[2 3 0 1]
[MPX][CHK] instance init sn=62
[MPX][CHK] seg bind sn=62 segID=2 firstSN=2 len=64 quorum=3 leaders=[2 3 0 1]
[MPX][CHK] instance init sn=66
[MPX][CHK] seg bind sn=66 segID=2 firstSN=2 len=64 quorum=3 leaders=[2 3 0 1]
[MPX][CHK] instance init sn=70
[MPX][CHK] seg bind sn=70 segID=2 firstSN=2 len=64 quorum=3 leaders=[2 3 0 1]
[MPX][CHK] instance init sn=74
[MPX][CHK] seg bind sn=74 segID=2 firstSN=2 len=64 quorum=3 leaders=[2 3 0 1]
[MPX][CHK] instance init sn=78
[MPX][CHK] seg bind sn=78 segID=2 firstSN=2 len=64 quorum=3 leaders=[2 3 0 1]
[MPX][CHK] instance init sn=82
[MPX][CHK] seg bind sn=82 segID=2 firstSN=2 len=64 quorum=3 leaders=[2 3 0 1]
[MPX][CHK] instance init sn=86
[MPX][CHK] seg bind sn=86 segID=2 firstSN=2 len=64 quorum=3 leaders=[2 3 0 1]
[MPX][CHK] instance init sn=90
[MPX][CHK] seg bind sn=90 segID=2 firstSN=2 len=64 quorum=3 leaders=[2 3 0 1]
[MPX][CHK] instance init sn=94
[MPX][CHK] seg bind sn=94 segID=2 firstSN=2 len=64 quorum=3 leaders=[2 3 0 1]
[MPX][CHK] instance init sn=98
[MPX][CHK] seg bind sn=98 segID=2 firstSN=2 len=64 quorum=3 leaders=[2 3 0 1]
[MPX][CHK] instance init sn=102
[MPX][CHK] seg bind sn=102 segID=2 firstSN=2 len=64 quorum=3 leaders=[2 3 0 1]
[MPX][CHK] instance init sn=106
[MPX][CHK] seg bind sn=106 segID=2 firstSN=2 len=64 quorum=3 leaders=[2 3 0 1]
[MPX][CHK] instance init sn=110
[MPX][CHK] seg bind sn=110 segID=2 firstSN=2 len=64 quorum=3 leaders=[2 3 0 1]
[MPX][CHK] instance init sn=114
[MPX][CHK] seg bind sn=114 segID=2 firstSN=2 len=64 quorum=3 leaders=[2 3 0 1]
[MPX][CHK] instance init sn=118
[MPX][CHK] seg bind sn=118 segID=2 firstSN=2 len=64 quorum=3 leaders=[2 3 0 1]
[MPX][CHK] instance init sn=122
[MPX][CHK] seg bind sn=122 segID=2 firstSN=2 len=64 quorum=3 leaders=[2 3 0 1]
[MPX][CHK] instance init sn=126
[MPX][CHK] seg bind sn=126 segID=2 firstSN=2 len=64 quorum=3 leaders=[2 3 0 1]
[MPX][CHK] instance init sn=130
[MPX][CHK] seg bind sn=130 segID=2 firstSN=2 len=64 quorum=3 leaders=[2 3 0 1]
[MPX][CHK] instance init sn=134
[MPX][CHK] seg bind sn=134 segID=2 firstSN=2 len=64 quorum=3 leaders=[2 3 0 1]
[MPX][CHK] instance init sn=138
[MPX][CHK] seg bind sn=138 segID=2 firstSN=2 len=64 quorum=3 leaders=[2 3 0 1]
[MPX][CHK] instance init sn=142
[MPX][CHK] seg bind sn=142 segID=2 firstSN=2 len=64 quorum=3 leaders=[2 3 0 1]
[MPX][CHK] instance init sn=146
[MPX][CHK] seg bind sn=146 segID=2 firstSN=2 len=64 quorum=3 leaders=[2 3 0 1]
[MPX][CHK] instance init sn=150
[MPX][CHK] seg bind sn=150 segID=2 firstSN=2 len=64 quorum=3 leaders=[2 3 0 1]
[MPX][CHK] instance init sn=154
[MPX][CHK] seg bind sn=154 segID=2 firstSN=2 len=64 quorum=3 leaders=[2 3 0 1]
[MPX][CHK] instance init sn=158
[MPX][CHK] seg bind sn=158 segID=2 firstSN=2 len=64 quorum=3 leaders=[2 3 0 1]
[MPX][CHK] instance init sn=162
[MPX][CHK] seg bind sn=162 segID=2 firstSN=2 len=64 quorum=3 leaders=[2 3 0 1]
[MPX][CHK] instance init sn=166
[MPX][CHK] seg bind sn=166 segID=2 firstSN=2 len=64 quorum=3 leaders=[2 3 0 1]
[MPX][CHK] instance init sn=170
[MPX][CHK] seg bind sn=170 segID=2 firstSN=2 len=64 quorum=3 leaders=[2 3 0 1]
[MPX][CHK] instance init sn=174
[MPX][CHK] seg bind sn=174 segID=2 firstSN=2 len=64 quorum=3 leaders=[2 3 0 1]
[MPX][CHK] instance init sn=178
[MPX][CHK] seg bind sn=178 segID=2 firstSN=2 len=64 quorum=3 leaders=[2 3 0 1]
[MPX][CHK] instance init sn=182
[MPX][CHK] seg bind sn=182 segID=2 firstSN=2 len=64 quorum=3 leaders=[2 3 0 1]
[MPX][CHK] instance init sn=186
[MPX][CHK] seg bind sn=186 segID=2 firstSN=2 len=64 quorum=3 leaders=[2 3 0 1]
[MPX][CHK] instance init sn=190
[MPX][CHK] seg bind sn=190 segID=2 firstSN=2 len=64 quorum=3 leaders=[2 3 0 1]
[MPX][CHK] instance init sn=194
[MPX][CHK] seg bind sn=194 segID=2 firstSN=2 len=64 quorum=3 leaders=[2 3 0 1]
[MPX][CHK] instance init sn=198
[MPX][CHK] seg bind sn=198 segID=2 firstSN=2 len=64 quorum=3 leaders=[2 3 0 1]
[MPX][CHK] instance init sn=202
[MPX][CHK] seg bind sn=202 segID=2 firstSN=2 len=64 quorum=3 leaders=[2 3 0 1]
[MPX][CHK] instance init sn=206
[MPX][CHK] seg bind sn=206 segID=2 firstSN=2 len=64 quorum=3 leaders=[2 3 0 1]
[MPX][CHK] instance init sn=210
[MPX][CHK] seg bind sn=210 segID=2 firstSN=2 len=64 quorum=3 leaders=[2 3 0 1]
[MPX][CHK] instance init sn=214
[MPX][CHK] seg bind sn=214 segID=2 firstSN=2 len=64 quorum=3 leaders=[2 3 0 1]
[MPX][CHK] instance init sn=218
[MPX][CHK] seg bind sn=218 segID=2 firstSN=2 len=64 quorum=3 leaders=[2 3 0 1]
[MPX][CHK] instance init sn=222
[MPX][CHK] seg bind sn=222 segID=2 firstSN=2 len=64 quorum=3 leaders=[2 3 0 1]
[MPX][CHK] instance init sn=226
[MPX][CHK] seg bind sn=226 segID=2 firstSN=2 len=64 quorum=3 leaders=[2 3 0 1]
[MPX][CHK] instance init sn=230
[MPX][CHK] seg bind sn=230 segID=2 firstSN=2 len=64 quorum=3 leaders=[2 3 0 1]
[MPX][CHK] instance init sn=234
[MPX][CHK] seg bind sn=234 segID=2 firstSN=2 len=64 quorum=3 leaders=[2 3 0 1]
[MPX][CHK] instance init sn=238
[MPX][CHK] seg bind sn=238 segID=2 firstSN=2 len=64 quorum=3 leaders=[2 3 0 1]
[MPX][CHK] instance init sn=242
[MPX][CHK] seg bind sn=242 segID=2 firstSN=2 len=64 quorum=3 leaders=[2 3 0 1]
[MPX][CHK] instance init sn=246
[MPX][CHK] seg bind sn=246 segID=2 firstSN=2 len=64 quorum=3 leaders=[2 3 0 1]
[MPX][CHK] instance init sn=250
[MPX][CHK] seg bind sn=250 segID=2 firstSN=2 len=64 quorum=3 leaders=[2 3 0 1]
[MPX][CHK] instance init sn=254
[MPX][CHK] seg bind sn=254 segID=2 firstSN=2 len=64 quorum=3 leaders=[2 3 0 1]
[MPX][NET] SEND Prepare sn=3
[MC][SEND] kind=Prepare sn=3 gid=0 dst=ALL
20:24:01.149 WRN MPX handles message from self. sn=3
[MPX][IN ] PREPARE sn=3 from=3
[MPX][IN ] PREPARE sn=0 from=0
[MPX][NET] SEND Promise sn=0 members=[0 1 2 3]
20:24:01.152 WRN MPX handles message from self. sn=0
[MPX][IN ] PROMISE sn=0 from=3 members=[0 1 2 3]
[MPX][IN ] PROMISE sn=0 from=1 members=[0 1 2 3]
[MC][GROUP] sn=3 gid=4 members=[1 2 0]
[MC][GROUP] sn=0 gid=1 members=[3 1 2]
[MPX][IN ] PROMISE sn=0 from=2 members=[0 1 2 3]
[MPX][IN ] PREPARE sn=1 from=1
[MPX][NET] SEND Promise sn=1 members=[0 1 2 3]
[MPX][IN ] PROMISE sn=1 from=0 members=[0 1 2 3]
20:24:01.166 WRN MPX handles message from self. sn=1
[MPX][IN ] PROMISE sn=1 from=3 members=[0 1 2 3]
[MC][GROUP] sn=1 gid=2 members=[0 3 2]
[MPX][IN ] PREPARE sn=2 from=2
[MPX][NET] SEND Promise sn=2 members=[0 1 2 3]
[MPX][IN ] PROMISE sn=1 from=2 members=[0 1 2 3]
[MPX][IN ] PROMISE sn=2 from=1 members=[0 1 2 3]
20:24:01.168 WRN MPX handles message from self. sn=2
[MPX][IN ] PROMISE sn=2 from=3 members=[0 1 2 3]
[MC][GROUP] sn=2 gid=3 members=[1 3 0]
[MPX][IN ] PROMISE sn=2 from=0 members=[0 1 2 3]
20:24:02.361 INF Incoming connection for requests. addr=127.0.0.1:42280
20:24:02.449 INF [REQ] ClientRequest received -> bucket bucketID=13 clientID=0 clientSn=3
20:24:02.449 DBG [REQ] Bucket size after enqueue bucketID=13 bucketLenApprox=0
20:24:02.479 INF [REQ] ClientRequest received -> bucket bucketID=42 clientID=0 clientSn=7
20:24:02.479 DBG [REQ] Bucket size after enqueue bucketID=42 bucketLenApprox=0
20:24:02.510 INF [REQ] ClientRequest received -> bucket bucketID=23 clientID=0 clientSn=11
20:24:02.511 DBG [REQ] Bucket size after enqueue bucketID=23 bucketLenApprox=0
20:24:02.542 INF [REQ] ClientRequest received -> bucket bucketID=41 clientID=0 clientSn=15
20:24:02.542 DBG [REQ] Bucket size after enqueue bucketID=41 bucketLenApprox=0
20:24:02.573 INF [REQ] ClientRequest received -> bucket bucketID=4 clientID=0 clientSn=19
20:24:02.573 DBG [REQ] Bucket size after enqueue bucketID=4 bucketLenApprox=0
20:24:02.604 INF [REQ] ClientRequest received -> bucket bucketID=49 clientID=0 clientSn=23
20:24:02.604 DBG [REQ] Bucket size after enqueue bucketID=49 bucketLenApprox=0
20:24:02.636 INF [REQ] ClientRequest received -> bucket bucketID=19 clientID=0 clientSn=27
==================
WARNING: DATA RACE
Read at 0x00c00026cca0 by goroutine 823:
  github.com/hyperledger-labs/mirbft/request.(*Bucket).Len()
      /opt/gopath/src/github.com/hyperledger-labs/ISS_com_Multipaxos/mirbft/request/bucket.go:82 +0x38a
  github.com/hyperledger-labs/mirbft/request.HandleRequest()
      /opt/gopath/src/github.com/hyperledger-labs/ISS_com_Multipaxos/mirbft/request/requesthandler.go:67 +0x394
  github.com/hyperledger-labs/mirbft/messenger.(*messengerServer).Request()
      /opt/gopath/src/github.com/hyperledger-labs/ISS_com_Multipaxos/mirbft/messenger/clients.go:77 +0x19d
  github.com/hyperledger-labs/mirbft/protobufs._Messenger_Request_Handler()
      /opt/gopath/src/github.com/hyperledger-labs/ISS_com_Multipaxos/mirbft/protobufs/messenger_grpc.pb.go:138 +0xe5
  google.golang.org/grpc.(*Server).processStreamingRPC()
      /root/go/pkg/mod/google.golang.org/grpc@v1.66.2/server.go:1688 +0x1fd9
  google.golang.org/grpc.(*Server).handleStream()
      /root/go/pkg/mod/google.golang.org/grpc@v1.66.2/server.go:1809 +0x17c4
  google.golang.org/grpc.(*Server).serveStreams.func2.1()
      /root/go/pkg/mod/google.golang.org/grpc@v1.66.2/server.go:1029 +0x158

Previous write at 0x00c00026cca0 by goroutine 8:
  github.com/hyperledger-labs/mirbft/request.(*Bucket).append()
      /opt/gopath/src/github.com/hyperledger-labs/ISS_com_Multipaxos/mirbft/request/bucket.go:248 +0x329
  github.com/hyperledger-labs/mirbft/request.(*Bucket).addNoLock()
      /opt/gopath/src/github.com/hyperledger-labs/ISS_com_Multipaxos/mirbft/request/bucket.go:213 +0x592
  github.com/hyperledger-labs/mirbft/request.(*Bucket).AddRequest()
      /opt/gopath/src/github.com/hyperledger-labs/ISS_com_Multipaxos/mirbft/request/bucket.go:90 +0x9e
  github.com/hyperledger-labs/mirbft/request.Add()
      /opt/gopath/src/github.com/hyperledger-labs/ISS_com_Multipaxos/mirbft/request/request.go:202 +0x14a
  github.com/hyperledger-labs/mirbft/request.AddReqMsg()
      /opt/gopath/src/github.com/hyperledger-labs/ISS_com_Multipaxos/mirbft/request/request.go:173 +0x37c
  github.com/hyperledger-labs/mirbft/request.Init.func1()
      /opt/gopath/src/github.com/hyperledger-labs/ISS_com_Multipaxos/mirbft/request/request.go:90 +0x97
  github.com/hyperledger-labs/mirbft/request.Init.gowrap1()
      /opt/gopath/src/github.com/hyperledger-labs/ISS_com_Multipaxos/mirbft/request/request.go:92 +0xb0

Goroutine 823 (running) created at:
  google.golang.org/grpc.(*Server).serveStreams.func2()
      /root/go/pkg/mod/google.golang.org/grpc@v1.66.2/server.go:1040 +0x224
  google.golang.org/grpc/internal/transport.(*http2Server).operateHeaders()
      /root/go/pkg/mod/google.golang.org/grpc@v1.66.2/internal/transport/http2_server.go:630 +0x3881
  google.golang.org/grpc/internal/transport.(*http2Server).HandleStreams()
      /root/go/pkg/mod/google.golang.org/grpc@v1.66.2/internal/transport/http2_server.go:671 +0x415
  google.golang.org/grpc.(*Server).serveStreams()
      /root/go/pkg/mod/google.golang.org/grpc@v1.66.2/server.go:1023 +0x69b
  google.golang.org/grpc.(*Server).handleRawConn.func1()
      /root/go/pkg/mod/google.golang.org/grpc@v1.66.2/server.go:958 +0x86

Goroutine 8 (running) created at:
  github.com/hyperledger-labs/mirbft/request.Init()
      /opt/gopath/src/github.com/hyperledger-labs/ISS_com_Multipaxos/mirbft/request/request.go:88 +0x36a
  main.main()
      /opt/gopath/src/github.com/hyperledger-labs/ISS_com_Multipaxos/mirbft/cmd/orderingpeer/main.go:61 +0x45c
==================
20:24:02.637 DBG [REQ] Bucket size after enqueue bucketID=19 bucketLenApprox=1
20:24:02.667 INF [REQ] ClientRequest received -> bucket bucketID=53 clientID=0 clientSn=31
20:24:02.667 DBG [REQ] Bucket size after enqueue bucketID=53 bucketLenApprox=0
20:24:02.697 INF [REQ] ClientRequest received -> bucket bucketID=30 clientID=0 clientSn=35
20:24:02.697 DBG [REQ] Bucket size after enqueue bucketID=30 bucketLenApprox=0
20:24:02.729 INF [REQ] ClientRequest received -> bucket bucketID=1 clientID=0 clientSn=39
20:24:02.729 DBG [REQ] Bucket size after enqueue bucketID=1 bucketLenApprox=0
20:24:02.761 INF [REQ] ClientRequest received -> bucket bucketID=34 clientID=0 clientSn=43
20:24:02.761 DBG [REQ] Bucket size after enqueue bucketID=34 bucketLenApprox=0
20:24:02.792 INF [REQ] ClientRequest received -> bucket bucketID=35 clientID=0 clientSn=47
20:24:02.792 DBG [REQ] Bucket size after enqueue bucketID=35 bucketLenApprox=1
20:24:02.822 INF [REQ] ClientRequest received -> bucket bucketID=18 clientID=0 clientSn=51
20:24:02.823 DBG [REQ] Bucket size after enqueue bucketID=18 bucketLenApprox=0
20:24:02.854 INF [REQ] ClientRequest received -> bucket bucketID=1 clientID=0 clientSn=55
20:24:02.854 DBG [REQ] Bucket size after enqueue bucketID=1 bucketLenApprox=0
20:24:02.886 INF [REQ] ClientRequest received -> bucket bucketID=10 clientID=0 clientSn=59
20:24:02.886 DBG [REQ] Bucket size after enqueue bucketID=10 bucketLenApprox=0
20:24:02.917 INF [REQ] ClientRequest received -> bucket bucketID=32 clientID=0 clientSn=63
20:24:02.917 DBG [REQ] Bucket size after enqueue bucketID=32 bucketLenApprox=0
20:24:02.948 INF [REQ] ClientRequest received -> bucket bucketID=52 clientID=0 clientSn=67
20:24:02.948 DBG [REQ] Bucket size after enqueue bucketID=52 bucketLenApprox=0
20:24:02.979 INF [REQ] ClientRequest received -> bucket bucketID=22 clientID=0 clientSn=71
20:24:02.980 DBG [REQ] Bucket size after enqueue bucketID=22 bucketLenApprox=0
20:24:03.010 INF [REQ] ClientRequest received -> bucket bucketID=54 clientID=0 clientSn=75
20:24:03.010 DBG [REQ] Bucket size after enqueue bucketID=54 bucketLenApprox=0
20:24:03.042 INF [REQ] ClientRequest received -> bucket bucketID=26 clientID=0 clientSn=79
20:24:03.043 DBG [REQ] Bucket size after enqueue bucketID=26 bucketLenApprox=0
20:24:03.073 INF [REQ] ClientRequest received -> bucket bucketID=23 clientID=0 clientSn=83
20:24:03.073 DBG [REQ] Bucket size after enqueue bucketID=23 bucketLenApprox=1
20:24:03.104 INF [REQ] ClientRequest received -> bucket bucketID=15 clientID=0 clientSn=87
20:24:03.105 DBG [REQ] Bucket size after enqueue bucketID=15 bucketLenApprox=2
20:24:03.135 INF [REQ] ClientRequest received -> bucket bucketID=53 clientID=0 clientSn=91
20:24:03.136 DBG [REQ] Bucket size after enqueue bucketID=53 bucketLenApprox=0
20:24:03.147 DBG Batch cut. left=0 nBuckets=16 nReq=23 next=0
PROPOSE sn=3 size=23
[MPX][NET] SEND Accept sn=3 bytes=13410 gid=3 digest=1de7d6c59e836280
[MC][SEND] kind=Accept sn=3 gid=4 (group)
[MPX] PROPOSE sn=3 size=23
[MPX][NET] SEND Prepare sn=4
[MC][SEND] kind=Prepare sn=4 gid=0 dst=ALL
[MPX][IN ] PROMISE sn=3 from=0 members=[0 1 2 3]
[MPX][IN ] PROMISE sn=3 from=1 members=[0 1 2 3]
[MPX][IN ] PROMISE sn=3 from=2 members=[0 1 2 3]
20:24:03.148 DBG Batch cut. left=0 nBuckets=16 nReq=0 next=0
[MPX][NET] SEND Prepare sn=5
[MC][SEND] kind=Prepare sn=5 gid=0 dst=ALL
==================
WARNING: DATA RACE
Read at 0x00c0070142e8 by goroutine 680:
  github.com/hyperledger-labs/mirbft/orderer.(*mpxInstance).tick()
      /opt/gopath/src/github.com/hyperledger-labs/ISS_com_Multipaxos/mirbft/orderer/multipaxosinstance.go:496 +0xda
  github.com/hyperledger-labs/mirbft/orderer.(*MultiPaxosOrderer).runSegment.func1()
      /opt/gopath/src/github.com/hyperledger-labs/ISS_com_Multipaxos/mirbft/orderer/multipaxosorderer.go:300 +0x2be

Previous write at 0x00c0070142e8 by goroutine 550:
  github.com/hyperledger-labs/mirbft/orderer.(*mpxInstance).handleMPxMsg()
      /opt/gopath/src/github.com/hyperledger-labs/ISS_com_Multipaxos/mirbft/orderer/multipaxosinstance.go:157 +0x904
  github.com/hyperledger-labs/mirbft/orderer.(*mpxInstance).startWorkers.func1()
      /opt/gopath/src/github.com/hyperledger-labs/ISS_com_Multipaxos/mirbft/orderer/multipaxosinstance.go:113 +0xc8

Goroutine 680 (running) created at:
  github.com/hyperledger-labs/mirbft/orderer.(*MultiPaxosOrderer).runSegment()
      /opt/gopath/src/github.com/hyperledger-labs/ISS_com_Multipaxos/mirbft/orderer/multipaxosorderer.go:273 +0x3d3
  github.com/hyperledger-labs/mirbft/orderer.(*MultiPaxosMulticastOrderer).Start.(*MultiPaxosOrderer).Start.func1.1()
      /opt/gopath/src/github.com/hyperledger-labs/ISS_com_Multipaxos/mirbft/orderer/multipaxosorderer.go:208 +0x24f

Goroutine 550 (running) created at:
  github.com/hyperledger-labs/mirbft/orderer.(*mpxInstance).startWorkers()
      /opt/gopath/src/github.com/hyperledger-labs/ISS_com_Multipaxos/mirbft/orderer/multipaxosinstance.go:105 +0xad
  github.com/hyperledger-labs/mirbft/orderer.(*MultiPaxosOrderer).runSegment()
      /opt/gopath/src/github.com/hyperledger-labs/ISS_com_Multipaxos/mirbft/orderer/multipaxosorderer.go:269 +0x2ad
  github.com/hyperledger-labs/mirbft/orderer.(*MultiPaxosMulticastOrderer).Start.(*MultiPaxosOrderer).Start.func1.1()
      /opt/gopath/src/github.com/hyperledger-labs/ISS_com_Multipaxos/mirbft/orderer/multipaxosorderer.go:208 +0x24f
==================
20:24:03.148 DBG Batch cut. left=0 nBuckets=16 nReq=0 next=0
[MPX][NET] SEND Prepare sn=6
[MC][SEND] kind=Prepare sn=6 gid=0 dst=ALL
20:24:03.148 DBG Batch cut. left=0 nBuckets=16 nReq=0 next=0
[MPX][NET] SEND Prepare sn=7
[MC][SEND] kind=Prepare sn=7 gid=0 dst=ALL
20:24:03.149 WRN MPX handles message from self. sn=4
20:24:03.149 WRN MPX handles message from self. sn=5
[MPX][IN ] PREPARE sn=4 from=3
[MPX][IN ] PREPARE sn=5 from=3
20:24:03.150 WRN MPX handles message from self. sn=6
20:24:03.150 WRN MPX handles message from self. sn=7
[MPX][IN ] PREPARE sn=7 from=3
[MPX][IN ] PREPARE sn=6 from=3
[MPX][IN ] ACCEPTED sn=3 from=1
[MPX][QUORUM] ACCEPTED sn=3 count=2/3 digest=1de7d6c59e836280
[MPX][IN ] PROMISE sn=4 from=1 members=[0 1 2 3]
[MPX][IN ] PREPARE sn=1 from=0
[MPX][IN ] ACCEPT sn=0 from=0 gid=0
[MPX][QUORUM] ACCEPT sn=0 acceptCount=1 quorum=3 digest=de35ce255eb42e73
[MPX][NET] SEND Accepted sn=0 → leader=0 (unicast)
[MPX][IN ] PROMISE sn=6 from=1 members=[0 1 2 3]
[MPX][IN ] PROMISE sn=5 from=1 members=[0 1 2 3]
[MPX][IN ] PROMISE sn=6 from=2 members=[0 1 2 3]
[MPX][IN ] ACCEPTED sn=3 from=2
[MPX][QUORUM] ACCEPTED sn=3 count=3/3 digest=1de7d6c59e836280
[MPX][QUORUM] MAJORITY REACHED sn=3 → COMMIT digest=1de7d6c59e836280
[MPX][NET] SEND Commit sn=3 gid=3 digest=1de7d6c59e836280
[MPX][IN ] PROMISE sn=4 from=2 members=[0 1 2 3]
[MPX][IN ] PROMISE sn=5 from=2 members=[0 1 2 3]
==================
WARNING: DATA RACE
Write at 0x00c005912210 by goroutine 468:
  runtime.mapassign_fast32()
      /usr/local/go/src/runtime/map_fast32.go:113 +0x0
  github.com/hyperledger-labs/mirbft/multicast.(*messengerShim).DefineGroup()
      /opt/gopath/src/github.com/hyperledger-labs/ISS_com_Multipaxos/mirbft/multicast/shim_messenger.go:28 +0x90
  github.com/hyperledger-labs/mirbft/orderer.(*MultiPaxosMulticastOrderer).onPromise()
      /opt/gopath/src/github.com/hyperledger-labs/ISS_com_Multipaxos/mirbft/orderer/multipaxosmulticastorderer.go:165 +0x811
  github.com/hyperledger-labs/mirbft/orderer.(*MultiPaxosMulticastOrderer).HandleMessage()
      /opt/gopath/src/github.com/hyperledger-labs/ISS_com_Multipaxos/mirbft/orderer/multipaxosmulticastorderer.go:110 +0x1c7
  github.com/hyperledger-labs/mirbft/orderer.Orderer.HandleMessage-fm()
      <autogenerated>:1 +0x4c
  github.com/hyperledger-labs/mirbft/messenger.handleMessage()
      /opt/gopath/src/github.com/hyperledger-labs/ISS_com_Multipaxos/mirbft/messenger/peers.go:136 +0x4ba
  github.com/hyperledger-labs/mirbft/messenger.handleMessage()
      /opt/gopath/src/github.com/hyperledger-labs/ISS_com_Multipaxos/mirbft/messenger/peers.go:113 +0x514
  github.com/hyperledger-labs/mirbft/messenger.(*messengerServer).Listen()
      /opt/gopath/src/github.com/hyperledger-labs/ISS_com_Multipaxos/mirbft/messenger/peers.go:89 +0x14e
  github.com/hyperledger-labs/mirbft/protobufs._Messenger_Listen_Handler()
      /opt/gopath/src/github.com/hyperledger-labs/ISS_com_Multipaxos/mirbft/protobufs/messenger_grpc.pb.go:131 +0xe5
  google.golang.org/grpc.(*Server).processStreamingRPC()
      /root/go/pkg/mod/google.golang.org/grpc@v1.66.2/server.go:1688 +0x1fd9
  google.golang.org/grpc.(*Server).handleStream()
      /root/go/pkg/mod/google.golang.org/grpc@v1.66.2/server.go:1809 +0x17c4
  google.golang.org/grpc.(*Server).serveStreams.func2.1()
      /root/go/pkg/mod/google.golang.org/grpc@v1.66.2/server.go:1029 +0x158

Previous read at 0x00c005912210 by goroutine 550:
  runtime.mapaccess2_fast32()
      /usr/local/go/src/runtime/map_fast32.go:62 +0x0
  github.com/hyperledger-labs/mirbft/multicast.(*messengerShim).SendGroup()
      /opt/gopath/src/github.com/hyperledger-labs/ISS_com_Multipaxos/mirbft/multicast/shim_messenger.go:32 +0x55
  github.com/hyperledger-labs/mirbft/orderer.(*MultiPaxosMulticastOrderer).sendGroup()
      /opt/gopath/src/github.com/hyperledger-labs/ISS_com_Multipaxos/mirbft/orderer/multipaxosmulticastorderer.go:212 +0x196
  github.com/hyperledger-labs/mirbft/orderer.(*MultiPaxosMulticastOrderer).sendToGroupOrAll()
      /opt/gopath/src/github.com/hyperledger-labs/ISS_com_Multipaxos/mirbft/orderer/multipaxosmulticastorderer.go:196 +0xf1
  github.com/hyperledger-labs/mirbft/orderer.(*MultiPaxosMulticastOrderer).Init.func1()
      /opt/gopath/src/github.com/hyperledger-labs/ISS_com_Multipaxos/mirbft/orderer/multipaxosmulticastorderer.go:97 +0x408
  github.com/hyperledger-labs/mirbft/orderer.(*mpxInstance).onAccepted()
      /opt/gopath/src/github.com/hyperledger-labs/ISS_com_Multipaxos/mirbft/orderer/multipaxosinstance.go:306 +0xc58
  github.com/hyperledger-labs/mirbft/orderer.(*mpxInstance).handleMPxMsg()
      /opt/gopath/src/github.com/hyperledger-labs/ISS_com_Multipaxos/mirbft/orderer/multipaxosinstance.go:164 +0x533
  github.com/hyperledger-labs/mirbft/orderer.(*mpxInstance).startWorkers.func1()
      /opt/gopath/src/github.com/hyperledger-labs/ISS_com_Multipaxos/mirbft/orderer/multipaxosinstance.go:113 +0xc8

Goroutine 468 (running) created at:
  google.golang.org/grpc.(*Server).serveStreams.func2()
      /root/go/pkg/mod/google.golang.org/grpc@v1.66.2/server.go:1040 +0x224
  google.golang.org/grpc/internal/transport.(*http2Server).operateHeaders()
      /root/go/pkg/mod/google.golang.org/grpc@v1.66.2/internal/transport/http2_server.go:630 +0x3881
  google.golang.org/grpc/internal/transport.(*http2Server).HandleStreams()
      /root/go/pkg/mod/google.golang.org/grpc@v1.66.2/internal/transport/http2_server.go:671 +0x415
  google.golang.org/grpc.(*Server).serveStreams()
      /root/go/pkg/mod/google.golang.org/grpc@v1.66.2/server.go:1023 +0x69b
  google.golang.org/grpc.(*Server).handleRawConn.func1()
      /root/go/pkg/mod/google.golang.org/grpc@v1.66.2/server.go:958 +0x86

Goroutine 550 (running) created at:
  github.com/hyperledger-labs/mirbft/orderer.(*mpxInstance).startWorkers()
      /opt/gopath/src/github.com/hyperledger-labs/ISS_com_Multipaxos/mirbft/orderer/multipaxosinstance.go:105 +0xad
  github.com/hyperledger-labs/mirbft/orderer.(*MultiPaxosOrderer).runSegment()
      /opt/gopath/src/github.com/hyperledger-labs/ISS_com_Multipaxos/mirbft/orderer/multipaxosorderer.go:269 +0x2ad
  github.com/hyperledger-labs/mirbft/orderer.(*MultiPaxosMulticastOrderer).Start.(*MultiPaxosOrderer).Start.func1.1()
      /opt/gopath/src/github.com/hyperledger-labs/ISS_com_Multipaxos/mirbft/orderer/multipaxosorderer.go:208 +0x24f
==================
[MC][GROUP] sn=4 gid=5 members=[2 0 1]
[MC][GROUP] sn=5 gid=6 members=[2 0 1]
[MC][GROUP] sn=7 gid=8 members=[1 2 0]
[MC][GROUP] sn=6 gid=7 members=[1 2 0]
[MPX][IN ] PROMISE sn=5 from=0 members=[0 1 2 3]
[MPX][IN ] PROMISE sn=4 from=0 members=[0 1 2 3]
[MPX][IN ] PREPARE sn=2 from=0
[MPX][IN ] PREPARE sn=4 from=0
[MPX][IN ] PROMISE sn=6 from=0 members=[0 1 2 3]
[MC][SEND] kind=Commit sn=3 gid=4 (group)
[MPX][NET] GOSSIP Commit sn=3 gid=3 digest=1de7d6c59e836280
[MC][SEND] kind=Commit sn=3 gid=4 (group)
[MPX][CHK] ANNOUNCE sn=3 reqs=23
20:24:03.153 INF Committed entry. latency=0 nReq=23 sn=3
SB-DELIVER sn=3 size=23
COMMIT sn=3 size=23
DELIVER sn=3 delivered=23
[MPX] COMMIT  sn=3 size=23
[MPX][IN ] ACCEPTED sn=3 from=0
[MPX][QUORUM] ACCEPTED sn=3 count=4/3 digest=1de7d6c59e836280
[MPX][IN ] PREPARE sn=3 from=0
[MPX][IN ] ACCEPTED sn=3 from=1
[MPX][IN ] COMMIT sn=0 from=0 gid=0
[MPX][NET] GOSSIP Commit sn=0 gid=0 digest=de35ce255eb42e73
[MC][SEND] kind=Commit sn=0 gid=1 (group)
[MPX][CHK] ANNOUNCE sn=0 reqs=24
20:24:03.156 INF Committed entry. latency=0 nReq=24 sn=0
20:24:03.156 INF Delivered batch. nReq=24 sn=0
SB-DELIVER sn=0 size=24
COMMIT sn=0 size=24
DELIVER sn=0 delivered=24
[MPX] COMMIT  sn=0 size=24
[MPX][IN ] COMMIT sn=0 from=0 gid=0
[RESPONDER][ENTRY] sn=0 nreq=24
[RESPONDER][SEND] sn=0 client=0 req=0 msg=ClientResponse{orderSn=0,clientSn=0}
[MESSENGER][OK] client=0 deliver clientSn=0 sn=0
[RESPONDER][SEND] sn=0 client=0 req=4 msg=ClientResponse{orderSn=0,clientSn=4}
[MESSENGER][OK] client=0 deliver clientSn=4 sn=0
[RESPONDER][SEND] sn=0 client=0 req=8 msg=ClientResponse{orderSn=0,clientSn=8}
[MESSENGER][OK] client=0 deliver clientSn=8 sn=0
[RESPONDER][SEND] sn=0 client=0 req=12 msg=ClientResponse{orderSn=0,clientSn=12}
[MESSENGER][OK] client=0 deliver clientSn=12 sn=0
[RESPONDER][SEND] sn=0 client=0 req=16 msg=ClientResponse{orderSn=0,clientSn=16}
[MESSENGER][OK] client=0 deliver clientSn=16 sn=0
[RESPONDER][SEND] sn=0 client=0 req=20 msg=ClientResponse{orderSn=0,clientSn=20}
[MESSENGER][OK] client=0 deliver clientSn=20 sn=0
[RESPONDER][SEND] sn=0 client=0 req=24 msg=ClientResponse{orderSn=0,clientSn=24}
[MESSENGER][OK] client=0 deliver clientSn=24 sn=0
[RESPONDER][SEND] sn=0 client=0 req=28 msg=ClientResponse{orderSn=0,clientSn=28}
[MESSENGER][OK] client=0 deliver clientSn=28 sn=0
[RESPONDER][SEND] sn=0 client=0 req=32 msg=ClientResponse{orderSn=0,clientSn=32}
[MESSENGER][OK] client=0 deliver clientSn=32 sn=0
[RESPONDER][SEND] sn=0 client=0 req=36 msg=ClientResponse{orderSn=0,clientSn=36}
[MESSENGER][OK] client=0 deliver clientSn=36 sn=0
[RESPONDER][SEND] sn=0 client=0 req=40 msg=ClientResponse{orderSn=0,clientSn=40}
[MESSENGER][OK] client=0 deliver clientSn=40 sn=0
[RESPONDER][SEND] sn=0 client=0 req=44 msg=ClientResponse{orderSn=0,clientSn=44}
[MESSENGER][OK] client=0 deliver clientSn=44 sn=0
[RESPONDER][SEND] sn=0 client=0 req=48 msg=ClientResponse{orderSn=0,clientSn=48}
[MESSENGER][OK] client=0 deliver clientSn=48 sn=0
[RESPONDER][SEND] sn=0 client=0 req=52 msg=ClientResponse{orderSn=0,clientSn=52}
[MESSENGER][OK] client=0 deliver clientSn=52 sn=0
[RESPONDER][SEND] sn=0 client=0 req=56 msg=ClientResponse{orderSn=0,clientSn=56}
[MESSENGER][OK] client=0 deliver clientSn=56 sn=0
[RESPONDER][SEND] sn=0 client=0 req=60 msg=ClientResponse{orderSn=0,clientSn=60}
[MESSENGER][OK] client=0 deliver clientSn=60 sn=0
[RESPONDER][SEND] sn=0 client=0 req=64 msg=ClientResponse{orderSn=0,clientSn=64}
[MESSENGER][OK] client=0 deliver clientSn=64 sn=0
[RESPONDER][SEND] sn=0 client=0 req=68 msg=ClientResponse{orderSn=0,clientSn=68}
[MESSENGER][OK] client=0 deliver clientSn=68 sn=0
[RESPONDER][SEND] sn=0 client=0 req=72 msg=ClientResponse{orderSn=0,clientSn=72}
[MESSENGER][OK] client=0 deliver clientSn=72 sn=0
[RESPONDER][SEND] sn=0 client=0 req=76 msg=ClientResponse{orderSn=0,clientSn=76}
[MESSENGER][OK] client=0 deliver clientSn=76 sn=0
[RESPONDER][SEND] sn=0 client=0 req=80 msg=ClientResponse{orderSn=0,clientSn=80}
[MESSENGER][OK] client=0 deliver clientSn=80 sn=0
[RESPONDER][SEND] sn=0 client=0 req=84 msg=ClientResponse{orderSn=0,clientSn=84}
[MESSENGER][OK] client=0 deliver clientSn=84 sn=0
[RESPONDER][SEND] sn=0 client=0 req=88 msg=ClientResponse{orderSn=0,clientSn=88}
[MESSENGER][OK] client=0 deliver clientSn=88 sn=0
[MPX][IN ] ACCEPTED sn=3 from=2
[MPX][IN ] COMMIT sn=0 from=2 gid=0
[RESPONDER][SEND] sn=0 client=0 req=92 msg=ClientResponse{orderSn=0,clientSn=92}
[MESSENGER][OK] client=0 deliver clientSn=92 sn=0
[RESPONDER][ENTRY][DONE] sn=0 sent=24/24
20:24:03.158 WRN MPX handles message from self. sn=0
[MPX][IN ] COMMIT sn=0 from=3 gid=0
[MPX][IN ] COMMIT sn=0 from=1 gid=0
[MPX][IN ] ACCEPTED sn=3 from=0
[MPX][IN ] ACCEPT sn=1 from=1 gid=1
[MPX][IN ] PREPARE sn=2 from=1
[MPX][IN ] PREPARE sn=3 from=1
[MPX][QUORUM] ACCEPT sn=1 acceptCount=1 quorum=3 digest=e246e8055a16b903
[MPX][NET] SEND Accepted sn=1 → leader=1 (unicast)
[MPX][IN ] PREPARE sn=5 from=1
[MPX][IN ] PREPARE sn=4 from=1
20:24:03.167 INF [REQ] ClientRequest received -> bucket bucketID=14 clientID=0 clientSn=95
20:24:03.168 DBG [REQ] Bucket size after enqueue bucketID=14 bucketLenApprox=0
[MPX][IN ] PREPARE sn=4 from=2
[MPX][IN ] ACCEPT sn=2 from=2 gid=2
[MPX][QUORUM] ACCEPT sn=2 acceptCount=1 quorum=3 digest=91d904f1bb75a272
[MPX][NET] SEND Accepted sn=2 → leader=2 (unicast)
[MPX][IN ] PREPARE sn=3 from=2
[MPX][IN ] PREPARE sn=5 from=2
[MPX][IN ] COMMIT sn=1 from=1 gid=1
[MPX][NET] GOSSIP Commit sn=1 gid=1 digest=e246e8055a16b903
[MC][SEND] kind=Commit sn=1 gid=2 (group)
[MPX][IN ] PREPARE sn=6 from=2
[MPX][CHK] ANNOUNCE sn=1 reqs=24
20:24:03.171 INF Committed entry. latency=0 nReq=24 sn=1
20:24:03.171 INF Delivered batch. nReq=24 sn=1
SB-DELIVER sn=1 size=24
COMMIT sn=1 size=24
DELIVER sn=1 delivered=24
[MPX] COMMIT  sn=1 size=24
[MPX][IN ] COMMIT sn=1 from=1 gid=1
[RESPONDER][ENTRY] sn=1 nreq=24
[RESPONDER][SEND] sn=1 client=0 req=1 msg=ClientResponse{orderSn=1,clientSn=1}
[MESSENGER][OK] client=0 deliver clientSn=1 sn=1
[RESPONDER][SEND] sn=1 client=0 req=5 msg=ClientResponse{orderSn=1,clientSn=5}
[MESSENGER][OK] client=0 deliver clientSn=5 sn=1
[RESPONDER][SEND] sn=1 client=0 req=9 msg=ClientResponse{orderSn=1,clientSn=9}
[MESSENGER][OK] client=0 deliver clientSn=9 sn=1
[RESPONDER][SEND] sn=1 client=0 req=13 msg=ClientResponse{orderSn=1,clientSn=13}
[MESSENGER][OK] client=0 deliver clientSn=13 sn=1
[RESPONDER][SEND] sn=1 client=0 req=17 msg=ClientResponse{orderSn=1,clientSn=17}
[MESSENGER][OK] client=0 deliver clientSn=17 sn=1
[RESPONDER][SEND] sn=1 client=0 req=21 msg=ClientResponse{orderSn=1,clientSn=21}
[MESSENGER][OK] client=0 deliver clientSn=21 sn=1
[RESPONDER][SEND] sn=1 client=0 req=25 msg=ClientResponse{orderSn=1,clientSn=25}
[MESSENGER][OK] client=0 deliver clientSn=25 sn=1
[RESPONDER][SEND] sn=1 client=0 req=29 msg=ClientResponse{orderSn=1,clientSn=29}
[MESSENGER][OK] client=0 deliver clientSn=29 sn=1
[RESPONDER][SEND] sn=1 client=0 req=33 msg=ClientResponse{orderSn=1,clientSn=33}
[MESSENGER][OK] client=0 deliver clientSn=33 sn=1
[RESPONDER][SEND] sn=1 client=0 req=37 msg=ClientResponse{orderSn=1,clientSn=37}
[MESSENGER][OK] client=0 deliver clientSn=37 sn=1
[RESPONDER][SEND] sn=1 client=0 req=41 msg=ClientResponse{orderSn=1,clientSn=41}
[MESSENGER][OK] client=0 deliver clientSn=41 sn=1
[RESPONDER][SEND] sn=1 client=0 req=45 msg=ClientResponse{orderSn=1,clientSn=45}
[MESSENGER][OK] client=0 deliver clientSn=45 sn=1
[RESPONDER][SEND] sn=1 client=0 req=49 msg=ClientResponse{orderSn=1,clientSn=49}
[MESSENGER][OK] client=0 deliver clientSn=49 sn=1
[RESPONDER][SEND] sn=1 client=0 req=53 msg=ClientResponse{orderSn=1,clientSn=53}
[MESSENGER][OK] client=0 deliver clientSn=53 sn=1
[RESPONDER][SEND] sn=1 client=0 req=57 msg=ClientResponse{orderSn=1,clientSn=57}
[MESSENGER][OK] client=0 deliver clientSn=57 sn=1
[RESPONDER][SEND] sn=1 client=0 req=61 msg=ClientResponse{orderSn=1,clientSn=61}
[MESSENGER][OK] client=0 deliver clientSn=61 sn=1
[RESPONDER][SEND] sn=1 client=0 req=65 msg=ClientResponse{orderSn=1,clientSn=65}
[MESSENGER][OK] client=0 deliver clientSn=65 sn=1
[RESPONDER][SEND] sn=1 client=0 req=69 msg=ClientResponse{orderSn=1,clientSn=69}
[MESSENGER][OK] client=0 deliver clientSn=69 sn=1
[RESPONDER][SEND] sn=1 client=0 req=73 msg=ClientResponse{orderSn=1,clientSn=73}
[MESSENGER][OK] client=0 deliver clientSn=73 sn=1
[RESPONDER][SEND] sn=1 client=0 req=77 msg=ClientResponse{orderSn=1,clientSn=77}
[MESSENGER][OK] client=0 deliver clientSn=77 sn=1
[RESPONDER][SEND] sn=1 client=0 req=81 msg=ClientResponse{orderSn=1,clientSn=81}
[MESSENGER][OK] client=0 deliver clientSn=81 sn=1
[RESPONDER][SEND] sn=1 client=0 req=85 msg=ClientResponse{orderSn=1,clientSn=85}
[MESSENGER][OK] client=0 deliver clientSn=85 sn=1
[RESPONDER][SEND] sn=1 client=0 req=89 msg=ClientResponse{orderSn=1,clientSn=89}
[MESSENGER][OK] client=0 deliver clientSn=89 sn=1
[RESPONDER][SEND] sn=1 client=0 req=93 msg=ClientResponse{orderSn=1,clientSn=93}
[MESSENGER][OK] client=0 deliver clientSn=93 sn=1
[RESPONDER][ENTRY][DONE] sn=1 sent=24/24
[MPX][IN ] COMMIT sn=1 from=0 gid=1
[MPX][IN ] COMMIT sn=1 from=2 gid=1
20:24:03.173 WRN MPX handles message from self. sn=1
[MPX][IN ] COMMIT sn=1 from=3 gid=1
[MPX][IN ] COMMIT sn=2 from=2 gid=2
[MPX][NET] GOSSIP Commit sn=2 gid=2 digest=91d904f1bb75a272
[MC][SEND] kind=Commit sn=2 gid=3 (group)
[MPX][CHK] ANNOUNCE sn=2 reqs=24
20:24:03.177 INF Committed entry. latency=0 nReq=24 sn=2
20:24:03.177 INF Delivered batch. nReq=24 sn=2
20:24:03.177 INF Delivered batch. nReq=23 sn=3
SB-DELIVER sn=2 size=24
COMMIT sn=2 size=24
DELIVER sn=2 delivered=24
[MPX] COMMIT  sn=2 size=24
[MPX][IN ] COMMIT sn=2 from=2 gid=2
[RESPONDER][ENTRY] sn=2 nreq=24
[RESPONDER][SEND] sn=2 client=0 req=2 msg=ClientResponse{orderSn=2,clientSn=2}
[MESSENGER][OK] client=0 deliver clientSn=2 sn=2
[RESPONDER][SEND] sn=2 client=0 req=6 msg=ClientResponse{orderSn=2,clientSn=6}
[MESSENGER][OK] client=0 deliver clientSn=6 sn=2
[RESPONDER][SEND] sn=2 client=0 req=10 msg=ClientResponse{orderSn=2,clientSn=10}
[MESSENGER][OK] client=0 deliver clientSn=10 sn=2
[RESPONDER][SEND] sn=2 client=0 req=14 msg=ClientResponse{orderSn=2,clientSn=14}
[MESSENGER][OK] client=0 deliver clientSn=14 sn=2
[RESPONDER][SEND] sn=2 client=0 req=18 msg=ClientResponse{orderSn=2,clientSn=18}
[MESSENGER][OK] client=0 deliver clientSn=18 sn=2
[RESPONDER][SEND] sn=2 client=0 req=22 msg=ClientResponse{orderSn=2,clientSn=22}
[MESSENGER][OK] client=0 deliver clientSn=22 sn=2
[RESPONDER][SEND] sn=2 client=0 req=26 msg=ClientResponse{orderSn=2,clientSn=26}
[MESSENGER][OK] client=0 deliver clientSn=26 sn=2
[RESPONDER][SEND] sn=2 client=0 req=30 msg=ClientResponse{orderSn=2,clientSn=30}
[MESSENGER][OK] client=0 deliver clientSn=30 sn=2
[RESPONDER][SEND] sn=2 client=0 req=34 msg=ClientResponse{orderSn=2,clientSn=34}
20:24:03.178 WRN MPX handles message from self. sn=2
[MPX][IN ] COMMIT sn=2 from=3 gid=2
[MESSENGER][OK] client=0 deliver clientSn=34 sn=2
[RESPONDER][SEND] sn=2 client=0 req=38 msg=ClientResponse{orderSn=2,clientSn=38}
[MESSENGER][OK] client=0 deliver clientSn=38 sn=2
[RESPONDER][SEND] sn=2 client=0 req=42 msg=ClientResponse{orderSn=2,clientSn=42}
[MESSENGER][OK] client=0 deliver clientSn=42 sn=2
[RESPONDER][SEND] sn=2 client=0 req=46 msg=ClientResponse{orderSn=2,clientSn=46}
[MESSENGER][OK] client=0 deliver clientSn=46 sn=2
[RESPONDER][SEND] sn=2 client=0 req=50 msg=ClientResponse{orderSn=2,clientSn=50}
[MESSENGER][OK] client=0 deliver clientSn=50 sn=2
[RESPONDER][SEND] sn=2 client=0 req=54 msg=ClientResponse{orderSn=2,clientSn=54}
[MESSENGER][OK] client=0 deliver clientSn=54 sn=2
[RESPONDER][SEND] sn=2 client=0 req=58 msg=ClientResponse{orderSn=2,clientSn=58}
[MESSENGER][OK] client=0 deliver clientSn=58 sn=2
[RESPONDER][SEND] sn=2 client=0 req=62 msg=ClientResponse{orderSn=2,clientSn=62}
[MESSENGER][OK] client=0 deliver clientSn=62 sn=2
[RESPONDER][SEND] sn=2 client=0 req=66 msg=ClientResponse{orderSn=2,clientSn=66}
[MESSENGER][OK] client=0 deliver clientSn=66 sn=2
[RESPONDER][SEND] sn=2 client=0 req=70 msg=ClientResponse{orderSn=2,clientSn=70}
[MESSENGER][OK] client=0 deliver clientSn=70 sn=2
[RESPONDER][SEND] sn=2 client=0 req=74 msg=ClientResponse{orderSn=2,clientSn=74}
[MESSENGER][OK] client=0 deliver clientSn=74 sn=2
[RESPONDER][SEND] sn=2 client=0 req=78 msg=ClientResponse{orderSn=2,clientSn=78}
[MESSENGER][OK] client=0 deliver clientSn=78 sn=2
[RESPONDER][SEND] sn=2 client=0 req=82 msg=ClientResponse{orderSn=2,clientSn=82}
[MESSENGER][OK] client=0 deliver clientSn=82 sn=2
[RESPONDER][SEND] sn=2 client=0 req=86 msg=ClientResponse{orderSn=2,clientSn=86}
[MESSENGER][OK] client=0 deliver clientSn=86 sn=2
[RESPONDER][SEND] sn=2 client=0 req=90 msg=ClientResponse{orderSn=2,clientSn=90}
[MESSENGER][OK] client=0 deliver clientSn=90 sn=2
[RESPONDER][SEND] sn=2 client=0 req=94 msg=ClientResponse{orderSn=2,clientSn=94}
[MESSENGER][OK] client=0 deliver clientSn=94 sn=2
[RESPONDER][ENTRY][DONE] sn=2 sent=24/24
[RESPONDER][ENTRY] sn=3 nreq=23
[RESPONDER][SEND] sn=3 client=0 req=3 msg=ClientResponse{orderSn=3,clientSn=3}
[MESSENGER][OK] client=0 deliver clientSn=3 sn=3
[RESPONDER][SEND] sn=3 client=0 req=7 msg=ClientResponse{orderSn=3,clientSn=7}
[MESSENGER][OK] client=0 deliver clientSn=7 sn=3
[RESPONDER][SEND] sn=3 client=0 req=11 msg=ClientResponse{orderSn=3,clientSn=11}
[MESSENGER][OK] client=0 deliver clientSn=11 sn=3
[RESPONDER][SEND] sn=3 client=0 req=15 msg=ClientResponse{orderSn=3,clientSn=15}
[MESSENGER][OK] client=0 deliver clientSn=15 sn=3
[RESPONDER][SEND] sn=3 client=0 req=19 msg=ClientResponse{orderSn=3,clientSn=19}
[MESSENGER][OK] client=0 deliver clientSn=19 sn=3
[RESPONDER][SEND] sn=3 client=0 req=23 msg=ClientResponse{orderSn=3,clientSn=23}
[MESSENGER][OK] client=0 deliver clientSn=23 sn=3
[RESPONDER][SEND] sn=3 client=0 req=27 msg=ClientResponse{orderSn=3,clientSn=27}
[MESSENGER][OK] client=0 deliver clientSn=27 sn=3
[RESPONDER][SEND] sn=3 client=0 req=31 msg=ClientResponse{orderSn=3,clientSn=31}
[MESSENGER][OK] client=0 deliver clientSn=31 sn=3
[RESPONDER][SEND] sn=3 client=0 req=35 msg=ClientResponse{orderSn=3,clientSn=35}
[MESSENGER][OK] client=0 deliver clientSn=35 sn=3
[RESPONDER][SEND] sn=3 client=0 req=39 msg=ClientResponse{orderSn=3,clientSn=39}
[MPX][IN ] COMMIT sn=2 from=1 gid=2
[MESSENGER][OK] client=0 deliver clientSn=39 sn=3
[RESPONDER][SEND] sn=3 client=0 req=43 msg=ClientResponse{orderSn=3,clientSn=43}
[MESSENGER][OK] client=0 deliver clientSn=43 sn=3
[RESPONDER][SEND] sn=3 client=0 req=47 msg=ClientResponse{orderSn=3,clientSn=47}
[MESSENGER][OK] client=0 deliver clientSn=47 sn=3
[RESPONDER][SEND] sn=3 client=0 req=51 msg=ClientResponse{orderSn=3,clientSn=51}
[MPX][IN ] COMMIT sn=2 from=0 gid=2
[MESSENGER][OK] client=0 deliver clientSn=51 sn=3
[RESPONDER][SEND] sn=3 client=0 req=55 msg=ClientResponse{orderSn=3,clientSn=55}
[MESSENGER][OK] client=0 deliver clientSn=55 sn=3
[RESPONDER][SEND] sn=3 client=0 req=59 msg=ClientResponse{orderSn=3,clientSn=59}
[MESSENGER][OK] client=0 deliver clientSn=59 sn=3
[RESPONDER][SEND] sn=3 client=0 req=63 msg=ClientResponse{orderSn=3,clientSn=63}
[MESSENGER][OK] client=0 deliver clientSn=63 sn=3
[RESPONDER][SEND] sn=3 client=0 req=67 msg=ClientResponse{orderSn=3,clientSn=67}
[MESSENGER][OK] client=0 deliver clientSn=67 sn=3
[RESPONDER][SEND] sn=3 client=0 req=71 msg=ClientResponse{orderSn=3,clientSn=71}
[MESSENGER][OK] client=0 deliver clientSn=71 sn=3
[RESPONDER][SEND] sn=3 client=0 req=75 msg=ClientResponse{orderSn=3,clientSn=75}
[MESSENGER][OK] client=0 deliver clientSn=75 sn=3
[RESPONDER][SEND] sn=3 client=0 req=79 msg=ClientResponse{orderSn=3,clientSn=79}
[MESSENGER][OK] client=0 deliver clientSn=79 sn=3
[RESPONDER][SEND] sn=3 client=0 req=83 msg=ClientResponse{orderSn=3,clientSn=83}
[MESSENGER][OK] client=0 deliver clientSn=83 sn=3
[RESPONDER][SEND] sn=3 client=0 req=87 msg=ClientResponse{orderSn=3,clientSn=87}
[MESSENGER][OK] client=0 deliver clientSn=87 sn=3
[RESPONDER][SEND] sn=3 client=0 req=91 msg=ClientResponse{orderSn=3,clientSn=91}
[MESSENGER][OK] client=0 deliver clientSn=91 sn=3
[RESPONDER][ENTRY][DONE] sn=3 sent=23/23
20:24:03.198 INF [REQ] ClientRequest received -> bucket bucketID=57 clientID=0 clientSn=99
20:24:03.198 DBG [REQ] Bucket size after enqueue bucketID=57 bucketLenApprox=0
20:24:03.229 INF [REQ] ClientRequest received -> bucket bucketID=23 clientID=0 clientSn=103
20:24:03.229 DBG [REQ] Bucket size after enqueue bucketID=23 bucketLenApprox=0
20:24:03.260 INF [REQ] ClientRequest received -> bucket bucketID=13 clientID=0 clientSn=107
20:24:03.261 DBG [REQ] Bucket size after enqueue bucketID=13 bucketLenApprox=0
20:24:03.292 INF [REQ] ClientRequest received -> bucket bucketID=12 clientID=0 clientSn=111
20:24:03.292 DBG [REQ] Bucket size after enqueue bucketID=12 bucketLenApprox=0
20:24:03.323 INF [REQ] ClientRequest received -> bucket bucketID=59 clientID=0 clientSn=115
20:24:03.323 DBG [REQ] Bucket size after enqueue bucketID=59 bucketLenApprox=0
20:24:03.354 INF [REQ] ClientRequest received -> bucket bucketID=62 clientID=0 clientSn=119
20:24:03.354 DBG [REQ] Bucket size after enqueue bucketID=62 bucketLenApprox=0
20:24:03.386 INF [REQ] ClientRequest received -> bucket bucketID=19 clientID=0 clientSn=123
20:24:03.386 DBG [REQ] Bucket size after enqueue bucketID=19 bucketLenApprox=0
[MPX][IN ] ACCEPT sn=3 from=0 gid=3
[MPX][QUORUM] ACCEPT sn=3 acceptCount=4 quorum=3 digest=1de7d6c59e836280
[MPX][NET] SKIP Accepted sn=3 (leader=self)
[MPX][IN ] ACCEPTED sn=3 from=1
[MPX][IN ] ACCEPTED sn=3 from=2
[MPX][IN ] ACCEPTED sn=3 from=0
20:24:03.417 INF [REQ] ClientRequest received -> bucket bucketID=52 clientID=0 clientSn=127
20:24:03.417 DBG [REQ] Bucket size after enqueue bucketID=52 bucketLenApprox=0
20:24:03.448 INF [REQ] ClientRequest received -> bucket bucketID=8 clientID=0 clientSn=131
20:24:03.448 DBG [REQ] Bucket size after enqueue bucketID=8 bucketLenApprox=0
20:24:03.479 INF [REQ] ClientRequest received -> bucket bucketID=50 clientID=0 clientSn=135
20:24:03.479 DBG [REQ] Bucket size after enqueue bucketID=50 bucketLenApprox=0
20:24:03.511 INF [REQ] ClientRequest received -> bucket bucketID=51 clientID=0 clientSn=139
20:24:03.511 DBG [REQ] Bucket size after enqueue bucketID=51 bucketLenApprox=1
20:24:03.541 INF [REQ] ClientRequest received -> bucket bucketID=23 clientID=0 clientSn=143
20:24:03.542 DBG [REQ] Bucket size after enqueue bucketID=23 bucketLenApprox=0
20:24:03.573 INF [REQ] ClientRequest received -> bucket bucketID=7 clientID=0 clientSn=147
20:24:03.573 DBG [REQ] Bucket size after enqueue bucketID=7 bucketLenApprox=1
20:24:03.604 INF [REQ] ClientRequest received -> bucket bucketID=54 clientID=0 clientSn=151
20:24:03.604 DBG [REQ] Bucket size after enqueue bucketID=54 bucketLenApprox=0
20:24:03.635 INF [REQ] ClientRequest received -> bucket bucketID=47 clientID=0 clientSn=155
20:24:03.636 DBG [REQ] Bucket size after enqueue bucketID=47 bucketLenApprox=1
20:24:03.667 INF [REQ] ClientRequest received -> bucket bucketID=52 clientID=0 clientSn=159
20:24:03.667 DBG [REQ] Bucket size after enqueue bucketID=52 bucketLenApprox=0
20:24:03.698 INF [REQ] ClientRequest received -> bucket bucketID=17 clientID=0 clientSn=163
20:24:03.698 DBG [REQ] Bucket size after enqueue bucketID=17 bucketLenApprox=0
20:24:03.730 INF [REQ] ClientRequest received -> bucket bucketID=23 clientID=0 clientSn=167
20:24:03.730 DBG [REQ] Bucket size after enqueue bucketID=23 bucketLenApprox=1
20:24:03.761 INF [REQ] ClientRequest received -> bucket bucketID=37 clientID=0 clientSn=171
20:24:03.761 DBG [REQ] Bucket size after enqueue bucketID=37 bucketLenApprox=0
20:24:03.792 INF [REQ] ClientRequest received -> bucket bucketID=51 clientID=0 clientSn=175
20:24:03.792 DBG [REQ] Bucket size after enqueue bucketID=51 bucketLenApprox=1
20:24:03.823 INF [REQ] ClientRequest received -> bucket bucketID=31 clientID=0 clientSn=179
20:24:03.823 DBG [REQ] Bucket size after enqueue bucketID=31 bucketLenApprox=2
20:24:03.854 INF [REQ] ClientRequest received -> bucket bucketID=61 clientID=0 clientSn=183
20:24:03.854 DBG [REQ] Bucket size after enqueue bucketID=61 bucketLenApprox=0
20:24:03.886 INF [REQ] ClientRequest received -> bucket bucketID=47 clientID=0 clientSn=187
20:24:03.886 DBG [REQ] Bucket size after enqueue bucketID=47 bucketLenApprox=2
20:24:03.917 INF [REQ] ClientRequest received -> bucket bucketID=20 clientID=0 clientSn=191
20:24:03.917 DBG [REQ] Bucket size after enqueue bucketID=20 bucketLenApprox=0
20:24:03.948 INF [REQ] ClientRequest received -> bucket bucketID=6 clientID=0 clientSn=195
20:24:03.948 DBG [REQ] Bucket size after enqueue bucketID=6 bucketLenApprox=0
20:24:03.979 INF [REQ] ClientRequest received -> bucket bucketID=49 clientID=0 clientSn=199
20:24:03.979 DBG [REQ] Bucket size after enqueue bucketID=49 bucketLenApprox=0
20:24:04.011 INF [REQ] ClientRequest received -> bucket bucketID=28 clientID=0 clientSn=203
20:24:04.011 DBG [REQ] Bucket size after enqueue bucketID=28 bucketLenApprox=0
20:24:04.042 INF [REQ] ClientRequest received -> bucket bucketID=39 clientID=0 clientSn=207
20:24:04.042 DBG [REQ] Bucket size after enqueue bucketID=39 bucketLenApprox=2
20:24:04.073 INF [REQ] ClientRequest received -> bucket bucketID=59 clientID=0 clientSn=211
20:24:04.073 DBG [REQ] Bucket size after enqueue bucketID=59 bucketLenApprox=2
20:24:04.104 INF [REQ] ClientRequest received -> bucket bucketID=55 clientID=0 clientSn=215
20:24:04.105 DBG [REQ] Bucket size after enqueue bucketID=55 bucketLenApprox=2
20:24:04.135 INF [REQ] ClientRequest received -> bucket bucketID=11 clientID=0 clientSn=219
20:24:04.136 DBG [REQ] Bucket size after enqueue bucketID=11 bucketLenApprox=2
20:24:04.167 INF [REQ] ClientRequest received -> bucket bucketID=13 clientID=0 clientSn=223
20:24:04.167 DBG [REQ] Bucket size after enqueue bucketID=13 bucketLenApprox=0
20:24:04.198 INF [REQ] ClientRequest received -> bucket bucketID=37 clientID=0 clientSn=227
20:24:04.199 DBG [REQ] Bucket size after enqueue bucketID=37 bucketLenApprox=0
20:24:04.229 INF [REQ] ClientRequest received -> bucket bucketID=16 clientID=0 clientSn=231
20:24:04.229 DBG [REQ] Bucket size after enqueue bucketID=16 bucketLenApprox=0
20:24:04.260 INF [REQ] ClientRequest received -> bucket bucketID=1 clientID=0 clientSn=235
20:24:04.260 DBG [REQ] Bucket size after enqueue bucketID=1 bucketLenApprox=0
20:24:04.292 INF [REQ] ClientRequest received -> bucket bucketID=24 clientID=0 clientSn=239
20:24:04.292 DBG [REQ] Bucket size after enqueue bucketID=24 bucketLenApprox=0
20:24:04.323 INF [REQ] ClientRequest received -> bucket bucketID=42 clientID=0 clientSn=243
20:24:04.323 DBG [REQ] Bucket size after enqueue bucketID=42 bucketLenApprox=0
20:24:04.354 INF [REQ] ClientRequest received -> bucket bucketID=9 clientID=0 clientSn=247
20:24:04.354 DBG [REQ] Bucket size after enqueue bucketID=9 bucketLenApprox=0
20:24:04.386 INF [REQ] ClientRequest received -> bucket bucketID=36 clientID=0 clientSn=251
20:24:04.386 DBG [REQ] Bucket size after enqueue bucketID=36 bucketLenApprox=0
20:24:04.417 INF [REQ] ClientRequest received -> bucket bucketID=5 clientID=0 clientSn=255
20:24:04.417 DBG [REQ] Bucket size after enqueue bucketID=5 bucketLenApprox=0
20:24:04.448 INF [REQ] ClientRequest received -> bucket bucketID=18 clientID=0 clientSn=259
20:24:04.448 DBG [REQ] Bucket size after enqueue bucketID=18 bucketLenApprox=0
20:24:04.479 INF [REQ] ClientRequest received -> bucket bucketID=56 clientID=0 clientSn=263
20:24:04.480 DBG [REQ] Bucket size after enqueue bucketID=56 bucketLenApprox=0
20:24:04.510 INF [REQ] ClientRequest received -> bucket bucketID=59 clientID=0 clientSn=267
20:24:04.511 DBG [REQ] Bucket size after enqueue bucketID=59 bucketLenApprox=3
20:24:04.542 INF [REQ] ClientRequest received -> bucket bucketID=2 clientID=0 clientSn=271
20:24:04.542 DBG [REQ] Bucket size after enqueue bucketID=2 bucketLenApprox=0
20:24:04.573 INF [REQ] ClientRequest received -> bucket bucketID=32 clientID=0 clientSn=275
20:24:04.573 DBG [REQ] Bucket size after enqueue bucketID=32 bucketLenApprox=0
20:24:04.604 INF [REQ] ClientRequest received -> bucket bucketID=5 clientID=0 clientSn=279
20:24:04.604 DBG [REQ] Bucket size after enqueue bucketID=5 bucketLenApprox=0
20:24:04.635 INF [REQ] ClientRequest received -> bucket bucketID=38 clientID=0 clientSn=283
20:24:04.635 DBG [REQ] Bucket size after enqueue bucketID=38 bucketLenApprox=0
20:24:04.666 INF [REQ] ClientRequest received -> bucket bucketID=62 clientID=0 clientSn=287
20:24:04.666 DBG [REQ] Bucket size after enqueue bucketID=62 bucketLenApprox=0
20:24:04.698 INF [REQ] ClientRequest received -> bucket bucketID=58 clientID=0 clientSn=291
20:24:04.698 DBG [REQ] Bucket size after enqueue bucketID=58 bucketLenApprox=0
20:24:04.729 INF [REQ] ClientRequest received -> bucket bucketID=40 clientID=0 clientSn=295
20:24:04.729 DBG [REQ] Bucket size after enqueue bucketID=40 bucketLenApprox=0
20:24:04.760 INF [REQ] ClientRequest received -> bucket bucketID=39 clientID=0 clientSn=299
20:24:04.760 DBG [REQ] Bucket size after enqueue bucketID=39 bucketLenApprox=4
20:24:04.791 INF [REQ] ClientRequest received -> bucket bucketID=47 clientID=0 clientSn=303
20:24:04.792 DBG [REQ] Bucket size after enqueue bucketID=47 bucketLenApprox=3
20:24:04.823 INF [REQ] ClientRequest received -> bucket bucketID=36 clientID=0 clientSn=307
20:24:04.823 DBG [REQ] Bucket size after enqueue bucketID=36 bucketLenApprox=0
20:24:04.854 INF [REQ] ClientRequest received -> bucket bucketID=12 clientID=0 clientSn=311
20:24:04.854 DBG [REQ] Bucket size after enqueue bucketID=12 bucketLenApprox=0
20:24:04.885 INF [REQ] ClientRequest received -> bucket bucketID=39 clientID=0 clientSn=315
20:24:04.886 DBG [REQ] Bucket size after enqueue bucketID=39 bucketLenApprox=4
20:24:04.916 INF [REQ] ClientRequest received -> bucket bucketID=35 clientID=0 clientSn=319
20:24:04.916 DBG [REQ] Bucket size after enqueue bucketID=35 bucketLenApprox=4
20:24:04.948 INF [REQ] ClientRequest received -> bucket bucketID=5 clientID=0 clientSn=323
20:24:04.948 DBG [REQ] Bucket size after enqueue bucketID=5 bucketLenApprox=0
20:24:04.979 INF [REQ] ClientRequest received -> bucket bucketID=44 clientID=0 clientSn=327
20:24:04.979 DBG [REQ] Bucket size after enqueue bucketID=44 bucketLenApprox=0
20:24:05.011 INF [REQ] ClientRequest received -> bucket bucketID=46 clientID=0 clientSn=331
20:24:05.011 DBG [REQ] Bucket size after enqueue bucketID=46 bucketLenApprox=0
20:24:05.042 INF [REQ] ClientRequest received -> bucket bucketID=5 clientID=0 clientSn=335
20:24:05.042 DBG [REQ] Bucket size after enqueue bucketID=5 bucketLenApprox=0
20:24:05.073 INF [REQ] ClientRequest received -> bucket bucketID=28 clientID=0 clientSn=339
20:24:05.073 DBG [REQ] Bucket size after enqueue bucketID=28 bucketLenApprox=0
20:24:05.104 INF [REQ] ClientRequest received -> bucket bucketID=62 clientID=0 clientSn=343
20:24:05.104 DBG [REQ] Bucket size after enqueue bucketID=62 bucketLenApprox=0
20:24:05.136 INF [REQ] ClientRequest received -> bucket bucketID=57 clientID=0 clientSn=347
20:24:05.136 DBG [REQ] Bucket size after enqueue bucketID=57 bucketLenApprox=0
20:24:05.149 DBG Batch cut. left=0 nBuckets=16 nReq=64 next=0
PROPOSE sn=7 size=64
[MPX][NET] SEND Accept sn=7 bytes=37367 gid=7 digest=8ff3161e95216157
[MC][SEND] kind=Accept sn=7 gid=8 (group)
[MPX] PROPOSE sn=7 size=64
[MPX][NET] SEND Prepare sn=8
[MC][SEND] kind=Prepare sn=8 gid=0 dst=ALL
20:24:05.150 DBG Batch cut. left=0 nBuckets=16 nReq=0 next=0
[MPX][NET] SEND Prepare sn=9
[MC][SEND] kind=Prepare sn=9 gid=0 dst=ALL
[MPX][IN ] PROMISE sn=7 from=1 members=[0 1 2 3]
[MPX][IN ] PROMISE sn=7 from=2 members=[0 1 2 3]
[MPX][IN ] PROMISE sn=7 from=0 members=[0 1 2 3]
20:24:05.150 DBG Batch cut. left=0 nBuckets=16 nReq=0 next=0
[MPX][NET] SEND Prepare sn=10
[MC][SEND] kind=Prepare sn=10 gid=0 dst=ALL
20:24:05.151 DBG Batch cut. left=0 nBuckets=16 nReq=0 next=0
[MPX][NET] SEND Prepare sn=11
[MC][SEND] kind=Prepare sn=11 gid=0 dst=ALL
20:24:05.151 WRN MPX handles message from self. sn=8
[MPX][IN ] PREPARE sn=8 from=3
20:24:05.152 WRN MPX handles message from self. sn=9
20:24:05.152 WRN MPX handles message from self. sn=10
20:24:05.152 WRN MPX handles message from self. sn=11
[MPX][IN ] PREPARE sn=11 from=3
[MPX][IN ] PREPARE sn=9 from=3
[MPX][IN ] PREPARE sn=10 from=3
[MPX][IN ] PROMISE sn=9 from=2 members=[0 1 2 3]
[MPX][IN ] PROMISE sn=10 from=2 members=[0 1 2 3]
[MPX][IN ] PROMISE sn=8 from=1 members=[0 1 2 3]
[MPX][IN ] PROMISE sn=9 from=1 members=[0 1 2 3]
[MC][GROUP] sn=11 gid=12 members=[2 1 0]
[MPX][IN ] ACCEPTED sn=7 from=1
[MPX][QUORUM] ACCEPTED sn=7 count=2/3 digest=8ff3161e95216157
[MC][GROUP] sn=9 gid=10 members=[0 2 1]
[MPX][IN ] PROMISE sn=10 from=1 members=[0 1 2 3]
[MC][GROUP] sn=10 gid=11 members=[2 1 0]
[MPX][IN ] PROMISE sn=9 from=0 members=[0 1 2 3]
[MPX][IN ] PREPARE sn=5 from=0
[MPX][IN ] PROMISE sn=10 from=0 members=[0 1 2 3]
[MPX][IN ] ACCEPTED sn=7 from=2
[MPX][QUORUM] ACCEPTED sn=7 count=3/3 digest=8ff3161e95216157
[MPX][QUORUM] MAJORITY REACHED sn=7 → COMMIT digest=8ff3161e95216157
[MPX][IN ] PROMISE sn=8 from=2 members=[0 1 2 3]
[MPX][NET] SEND Commit sn=7 gid=7 digest=8ff3161e95216157
[MC][GROUP] sn=8 gid=9 members=[1 2 0]
[MPX][IN ] PREPARE sn=6 from=0
[MPX][IN ] PROMISE sn=8 from=0 members=[0 1 2 3]
[MPX][IN ] PREPARE sn=8 from=0
[MC][SEND] kind=Commit sn=7 gid=8 (group)
[MPX][NET] GOSSIP Commit sn=7 gid=7 digest=8ff3161e95216157
[MC][SEND] kind=Commit sn=7 gid=8 (group)
[MPX][CHK] ANNOUNCE sn=7 reqs=64
20:24:05.157 INF Committed entry. latency=0 nReq=64 sn=7
SB-DELIVER sn=7 size=64
COMMIT sn=7 size=64
DELIVER sn=7 delivered=64
[MPX] COMMIT  sn=7 size=64
[MPX][IN ] ACCEPTED sn=7 from=0
[MPX][QUORUM] ACCEPTED sn=7 count=4/3 digest=8ff3161e95216157
[MPX][IN ] PREPARE sn=7 from=0
[MPX][IN ] ACCEPTED sn=7 from=1
[MPX][IN ] ACCEPTED sn=7 from=2
[MPX][IN ] ACCEPTED sn=7 from=0
20:24:05.171 INF [REQ] ClientRequest received -> bucket bucketID=63 clientID=0 clientSn=351
20:24:05.171 DBG [REQ] Bucket size after enqueue bucketID=63 bucketLenApprox=0
[MPX][IN ] PREPARE sn=9 from=2
[MPX][IN ] PREPARE sn=8 from=2
[MPX][IN ] PREPARE sn=7 from=2
[MPX][IN ] PREPARE sn=6 from=1
[MPX][IN ] PREPARE sn=10 from=2
[MPX][IN ] PREPARE sn=8 from=1
[MPX][IN ] PREPARE sn=7 from=1
[MPX][IN ] PREPARE sn=9 from=1
20:24:05.198 INF [REQ] ClientRequest received -> bucket bucketID=37 clientID=0 clientSn=355
20:24:05.198 DBG [REQ] Bucket size after enqueue bucketID=37 bucketLenApprox=0
20:24:05.229 INF [REQ] ClientRequest received -> bucket bucketID=49 clientID=0 clientSn=359
20:24:05.229 DBG [REQ] Bucket size after enqueue bucketID=49 bucketLenApprox=0
20:24:05.273 INF [REQ] ClientRequest received -> bucket bucketID=25 clientID=0 clientSn=363
20:24:05.273 DBG [REQ] Bucket size after enqueue bucketID=25 bucketLenApprox=0
20:24:05.291 INF [REQ] ClientRequest received -> bucket bucketID=20 clientID=0 clientSn=367
20:24:05.292 DBG [REQ] Bucket size after enqueue bucketID=20 bucketLenApprox=0
20:24:05.322 INF [REQ] ClientRequest received -> bucket bucketID=14 clientID=0 clientSn=371
20:24:05.322 DBG [REQ] Bucket size after enqueue bucketID=14 bucketLenApprox=0
20:24:05.354 INF [REQ] ClientRequest received -> bucket bucketID=6 clientID=0 clientSn=375
20:24:05.354 DBG [REQ] Bucket size after enqueue bucketID=6 bucketLenApprox=0
20:24:05.385 INF [REQ] ClientRequest received -> bucket bucketID=26 clientID=0 clientSn=379
20:24:05.385 DBG [REQ] Bucket size after enqueue bucketID=26 bucketLenApprox=0
[MPX][IN ] ACCEPT sn=7 from=0 gid=7
[MPX][QUORUM] ACCEPT sn=7 acceptCount=4 quorum=3 digest=8ff3161e95216157
[MPX][NET] SKIP Accepted sn=7 (leader=self)
[MPX][IN ] ACCEPTED sn=7 from=0
[MPX][IN ] ACCEPTED sn=7 from=1
[MPX][IN ] ACCEPTED sn=7 from=2
20:24:05.417 INF [REQ] ClientRequest received -> bucket bucketID=24 clientID=0 clientSn=383
20:24:05.417 DBG [REQ] Bucket size after enqueue bucketID=24 bucketLenApprox=0
[MPX][IN ] ACCEPT sn=7 from=1 gid=7
[MPX][QUORUM] ACCEPT sn=7 acceptCount=4 quorum=3 digest=8ff3161e95216157
[MPX][NET] SEND Accepted sn=7 → leader=1 (unicast)
20:24:05.448 INF [REQ] ClientRequest received -> bucket bucketID=60 clientID=0 clientSn=387
20:24:05.448 DBG [REQ] Bucket size after enqueue bucketID=60 bucketLenApprox=0
20:24:05.480 INF [REQ] ClientRequest received -> bucket bucketID=53 clientID=0 clientSn=391
20:24:05.480 DBG [REQ] Bucket size after enqueue bucketID=53 bucketLenApprox=0
20:24:05.511 INF [REQ] ClientRequest received -> bucket bucketID=34 clientID=0 clientSn=395
20:24:05.511 DBG [REQ] Bucket size after enqueue bucketID=34 bucketLenApprox=0
20:24:05.541 INF [REQ] ClientRequest received -> bucket bucketID=27 clientID=0 clientSn=399
20:24:05.541 DBG [REQ] Bucket size after enqueue bucketID=27 bucketLenApprox=0
20:24:05.573 INF [REQ] ClientRequest received -> bucket bucketID=29 clientID=0 clientSn=403
20:24:05.573 DBG [REQ] Bucket size after enqueue bucketID=29 bucketLenApprox=0
20:24:05.604 INF [REQ] ClientRequest received -> bucket bucketID=22 clientID=0 clientSn=407
20:24:05.604 DBG [REQ] Bucket size after enqueue bucketID=22 bucketLenApprox=0
20:24:05.636 INF [REQ] ClientRequest received -> bucket bucketID=45 clientID=0 clientSn=411
20:24:05.636 DBG [REQ] Bucket size after enqueue bucketID=45 bucketLenApprox=0
20:24:05.666 INF [REQ] ClientRequest received -> bucket bucketID=54 clientID=0 clientSn=415
20:24:05.666 DBG [REQ] Bucket size after enqueue bucketID=54 bucketLenApprox=0
20:24:05.698 INF [REQ] ClientRequest received -> bucket bucketID=43 clientID=0 clientSn=419
20:24:05.698 DBG [REQ] Bucket size after enqueue bucketID=43 bucketLenApprox=1
20:24:05.729 INF [REQ] ClientRequest received -> bucket bucketID=11 clientID=0 clientSn=423
20:24:05.730 DBG [REQ] Bucket size after enqueue bucketID=11 bucketLenApprox=1
20:24:05.760 INF [REQ] ClientRequest received -> bucket bucketID=15 clientID=0 clientSn=427
20:24:05.760 DBG [REQ] Bucket size after enqueue bucketID=15 bucketLenApprox=1
20:24:05.791 INF [REQ] ClientRequest received -> bucket bucketID=8 clientID=0 clientSn=431
20:24:05.791 DBG [REQ] Bucket size after enqueue bucketID=8 bucketLenApprox=0
20:24:05.823 INF [REQ] ClientRequest received -> bucket bucketID=19 clientID=0 clientSn=435
20:24:05.823 DBG [REQ] Bucket size after enqueue bucketID=19 bucketLenApprox=1
20:24:05.854 INF [REQ] ClientRequest received -> bucket bucketID=44 clientID=0 clientSn=439
20:24:05.854 DBG [REQ] Bucket size after enqueue bucketID=44 bucketLenApprox=0
20:24:05.886 INF [REQ] ClientRequest received -> bucket bucketID=33 clientID=0 clientSn=443
20:24:05.886 DBG [REQ] Bucket size after enqueue bucketID=33 bucketLenApprox=0
20:24:05.917 INF [REQ] ClientRequest received -> bucket bucketID=59 clientID=0 clientSn=447
20:24:05.917 DBG [REQ] Bucket size after enqueue bucketID=59 bucketLenApprox=2
20:24:05.947 INF [REQ] ClientRequest received -> bucket bucketID=27 clientID=0 clientSn=451
20:24:05.948 DBG [REQ] Bucket size after enqueue bucketID=27 bucketLenApprox=1
20:24:05.979 INF [REQ] ClientRequest received -> bucket bucketID=43 clientID=0 clientSn=455
20:24:05.979 DBG [REQ] Bucket size after enqueue bucketID=43 bucketLenApprox=2
20:24:06.010 INF [REQ] ClientRequest received -> bucket bucketID=40 clientID=0 clientSn=459
20:24:06.010 DBG [REQ] Bucket size after enqueue bucketID=40 bucketLenApprox=0
20:24:06.041 INF [REQ] ClientRequest received -> bucket bucketID=28 clientID=0 clientSn=463
20:24:06.041 DBG [REQ] Bucket size after enqueue bucketID=28 bucketLenApprox=0
20:24:06.073 INF [REQ] ClientRequest received -> bucket bucketID=4 clientID=0 clientSn=467
20:24:06.073 DBG [REQ] Bucket size after enqueue bucketID=4 bucketLenApprox=0
20:24:06.104 INF [REQ] ClientRequest received -> bucket bucketID=24 clientID=0 clientSn=471
20:24:06.104 DBG [REQ] Bucket size after enqueue bucketID=24 bucketLenApprox=0
20:24:06.135 INF [REQ] ClientRequest received -> bucket bucketID=40 clientID=0 clientSn=475
20:24:06.136 DBG [REQ] Bucket size after enqueue bucketID=40 bucketLenApprox=0
20:24:06.166 INF [REQ] ClientRequest received -> bucket bucketID=44 clientID=0 clientSn=479
20:24:06.166 DBG [REQ] Bucket size after enqueue bucketID=44 bucketLenApprox=0
20:24:06.197 INF [REQ] ClientRequest received -> bucket bucketID=49 clientID=0 clientSn=483
20:24:06.198 DBG [REQ] Bucket size after enqueue bucketID=49 bucketLenApprox=0
20:24:06.229 INF [REQ] ClientRequest received -> bucket bucketID=37 clientID=0 clientSn=487
20:24:06.229 DBG [REQ] Bucket size after enqueue bucketID=37 bucketLenApprox=0
20:24:06.261 INF [REQ] ClientRequest received -> bucket bucketID=28 clientID=0 clientSn=491
20:24:06.261 DBG [REQ] Bucket size after enqueue bucketID=28 bucketLenApprox=0
20:24:06.292 INF [REQ] ClientRequest received -> bucket bucketID=32 clientID=0 clientSn=495
20:24:06.292 DBG [REQ] Bucket size after enqueue bucketID=32 bucketLenApprox=0
20:24:06.322 INF [REQ] ClientRequest received -> bucket bucketID=6 clientID=0 clientSn=499
20:24:06.323 DBG [REQ] Bucket size after enqueue bucketID=6 bucketLenApprox=0
20:24:06.354 INF [REQ] ClientRequest received -> bucket bucketID=41 clientID=0 clientSn=503
20:24:06.354 DBG [REQ] Bucket size after enqueue bucketID=41 bucketLenApprox=0
20:24:06.385 INF [REQ] ClientRequest received -> bucket bucketID=44 clientID=0 clientSn=507
20:24:06.386 DBG [REQ] Bucket size after enqueue bucketID=44 bucketLenApprox=0
20:24:06.416 INF [REQ] ClientRequest received -> bucket bucketID=0 clientID=0 clientSn=511
20:24:06.416 DBG [REQ] Bucket size after enqueue bucketID=0 bucketLenApprox=0
20:24:06.448 INF [REQ] ClientRequest received -> bucket bucketID=1 clientID=0 clientSn=515
20:24:06.448 DBG [REQ] Bucket size after enqueue bucketID=1 bucketLenApprox=0
20:24:06.479 INF [REQ] ClientRequest received -> bucket bucketID=10 clientID=0 clientSn=519
20:24:06.479 DBG [REQ] Bucket size after enqueue bucketID=10 bucketLenApprox=0
20:24:06.511 INF [REQ] ClientRequest received -> bucket bucketID=24 clientID=0 clientSn=523
20:24:06.511 DBG [REQ] Bucket size after enqueue bucketID=24 bucketLenApprox=0
20:24:06.541 INF [REQ] ClientRequest received -> bucket bucketID=1 clientID=0 clientSn=527
20:24:06.541 DBG [REQ] Bucket size after enqueue bucketID=1 bucketLenApprox=0
20:24:06.572 INF [REQ] ClientRequest received -> bucket bucketID=43 clientID=0 clientSn=531
20:24:06.573 DBG [REQ] Bucket size after enqueue bucketID=43 bucketLenApprox=3
20:24:06.604 INF [REQ] ClientRequest received -> bucket bucketID=38 clientID=0 clientSn=535
20:24:06.604 DBG [REQ] Bucket size after enqueue bucketID=38 bucketLenApprox=0
20:24:06.635 INF [REQ] ClientRequest received -> bucket bucketID=54 clientID=0 clientSn=539
20:24:06.635 DBG [REQ] Bucket size after enqueue bucketID=54 bucketLenApprox=0
20:24:06.666 INF [REQ] ClientRequest received -> bucket bucketID=8 clientID=0 clientSn=543
20:24:06.666 DBG [REQ] Bucket size after enqueue bucketID=8 bucketLenApprox=0
20:24:06.698 INF [REQ] ClientRequest received -> bucket bucketID=56 clientID=0 clientSn=547
20:24:06.698 DBG [REQ] Bucket size after enqueue bucketID=56 bucketLenApprox=0
20:24:06.728 INF [REQ] ClientRequest received -> bucket bucketID=18 clientID=0 clientSn=551
20:24:06.729 DBG [REQ] Bucket size after enqueue bucketID=18 bucketLenApprox=0
20:24:06.760 INF [REQ] ClientRequest received -> bucket bucketID=29 clientID=0 clientSn=555
20:24:06.760 DBG [REQ] Bucket size after enqueue bucketID=29 bucketLenApprox=0
20:24:06.792 INF [REQ] ClientRequest received -> bucket bucketID=2 clientID=0 clientSn=559
20:24:06.792 DBG [REQ] Bucket size after enqueue bucketID=2 bucketLenApprox=0
20:24:06.823 INF [REQ] ClientRequest received -> bucket bucketID=56 clientID=0 clientSn=563
20:24:06.823 DBG [REQ] Bucket size after enqueue bucketID=56 bucketLenApprox=0
20:24:06.854 INF [REQ] ClientRequest received -> bucket bucketID=52 clientID=0 clientSn=567
20:24:06.854 DBG [REQ] Bucket size after enqueue bucketID=52 bucketLenApprox=0
20:24:06.885 INF [REQ] ClientRequest received -> bucket bucketID=6 clientID=0 clientSn=571
20:24:06.885 DBG [REQ] Bucket size after enqueue bucketID=6 bucketLenApprox=0
20:24:06.917 INF [REQ] ClientRequest received -> bucket bucketID=56 clientID=0 clientSn=575
20:24:06.917 DBG [REQ] Bucket size after enqueue bucketID=56 bucketLenApprox=0
20:24:06.948 INF [REQ] ClientRequest received -> bucket bucketID=37 clientID=0 clientSn=579
20:24:06.948 DBG [REQ] Bucket size after enqueue bucketID=37 bucketLenApprox=0
20:24:06.979 INF [REQ] ClientRequest received -> bucket bucketID=28 clientID=0 clientSn=583
20:24:06.980 DBG [REQ] Bucket size after enqueue bucketID=28 bucketLenApprox=0
20:24:07.011 INF [REQ] ClientRequest received -> bucket bucketID=6 clientID=0 clientSn=587
20:24:07.011 DBG [REQ] Bucket size after enqueue bucketID=6 bucketLenApprox=0
20:24:07.042 INF [REQ] ClientRequest received -> bucket bucketID=21 clientID=0 clientSn=591
20:24:07.042 DBG [REQ] Bucket size after enqueue bucketID=21 bucketLenApprox=0
20:24:07.073 INF [REQ] ClientRequest received -> bucket bucketID=15 clientID=0 clientSn=595
20:24:07.073 DBG [REQ] Bucket size after enqueue bucketID=15 bucketLenApprox=4
20:24:07.103 INF [REQ] ClientRequest received -> bucket bucketID=24 clientID=0 clientSn=599
20:24:07.103 DBG [REQ] Bucket size after enqueue bucketID=24 bucketLenApprox=0
20:24:07.135 INF [REQ] ClientRequest received -> bucket bucketID=40 clientID=0 clientSn=603
20:24:07.135 DBG [REQ] Bucket size after enqueue bucketID=40 bucketLenApprox=0
20:24:07.152 DBG Batch cut. left=0 nBuckets=16 nReq=64 next=0
PROPOSE sn=11 size=64
[MPX][NET] SEND Accept sn=11 bytes=37395 gid=11 digest=4b8d5e6fae0945a9
[MC][SEND] kind=Accept sn=11 gid=12 (group)
[MPX] PROPOSE sn=11 size=64
[MPX][NET] SEND Prepare sn=12
[MC][SEND] kind=Prepare sn=12 gid=0 dst=ALL
[MPX][IN ] PROMISE sn=11 from=2 members=[0 1 2 3]
[MPX][IN ] PROMISE sn=11 from=1 members=[0 1 2 3]
20:24:07.152 DBG Batch cut. left=0 nBuckets=16 nReq=0 next=0
[MPX][IN ] PROMISE sn=11 from=0 members=[0 1 2 3]
[MPX][NET] SEND Prepare sn=13
[MC][SEND] kind=Prepare sn=13 gid=0 dst=ALL
20:24:07.153 DBG Batch cut. left=0 nBuckets=16 nReq=0 next=0
[MPX][NET] SEND Prepare sn=14
[MC][SEND] kind=Prepare sn=14 gid=0 dst=ALL
20:24:07.153 DBG Batch cut. left=0 nBuckets=16 nReq=0 next=0
[MPX][NET] SEND Prepare sn=15
[MC][SEND] kind=Prepare sn=15 gid=0 dst=ALL
20:24:07.153 WRN MPX handles message from self. sn=12
20:24:07.153 WRN MPX handles message from self. sn=13
[MPX][IN ] PREPARE sn=12 from=3
[MPX][IN ] PREPARE sn=13 from=3
20:24:07.154 WRN MPX handles message from self. sn=14
20:24:07.155 WRN MPX handles message from self. sn=15
[MPX][IN ] PREPARE sn=15 from=3
[MPX][IN ] PREPARE sn=14 from=3
[MPX][IN ] PROMISE sn=14 from=1 members=[0 1 2 3]
[MPX][IN ] PROMISE sn=12 from=2 members=[0 1 2 3]
[MPX][IN ] PROMISE sn=14 from=2 members=[0 1 2 3]
[MPX][IN ] ACCEPTED sn=11 from=2
[MPX][IN ] PROMISE sn=13 from=2 members=[0 1 2 3]
[MPX][QUORUM] ACCEPTED sn=11 count=2/3 digest=4b8d5e6fae0945a9
[MC][GROUP] sn=15 gid=16 members=[1 2 0]
[MC][GROUP] sn=14 gid=15 members=[1 2 0]
[MPX][IN ] ACCEPTED sn=11 from=0
[MPX][QUORUM] ACCEPTED sn=11 count=3/3 digest=4b8d5e6fae0945a9
[MPX][IN ] PROMISE sn=12 from=0 members=[0 1 2 3]
[MPX][IN ] PREPARE sn=9 from=0
[MPX][QUORUM] MAJORITY REACHED sn=11 → COMMIT digest=4b8d5e6fae0945a9
[MPX][NET] SEND Commit sn=11 gid=11 digest=4b8d5e6fae0945a9
[MPX][IN ] PROMISE sn=14 from=0 members=[0 1 2 3]
[MC][SEND] kind=Commit sn=11 gid=12 (group)
[MPX][NET] GOSSIP Commit sn=11 gid=11 digest=4b8d5e6fae0945a9
[MC][SEND] kind=Commit sn=11 gid=12 (group)
[MPX][CHK] ANNOUNCE sn=11 reqs=64
[MPX][IN ] PREPARE sn=12 from=0
[MPX][IN ] PROMISE sn=13 from=0 members=[0 1 2 3]
[MPX][IN ] PREPARE sn=10 from=0
[MC][GROUP] sn=13 gid=14 members=[2 0 1]
[MC][GROUP] sn=12 gid=13 members=[2 0 1]
[MPX][IN ] PROMISE sn=12 from=1 members=[0 1 2 3]
[MPX][IN ] PROMISE sn=13 from=1 members=[0 1 2 3]
20:24:07.158 INF Committed entry. latency=0 nReq=64 sn=11
SB-DELIVER sn=11 size=64
COMMIT sn=11 size=64
DELIVER sn=11 delivered=64
[MPX] COMMIT  sn=11 size=64
[MPX][IN ] PREPARE sn=11 from=0
[MPX][IN ] ACCEPTED sn=11 from=1
[MPX][QUORUM] ACCEPTED sn=11 count=4/3 digest=4b8d5e6fae0945a9
[MPX][IN ] ACCEPTED sn=11 from=2
[MPX][IN ] ACCEPTED sn=11 from=0
[MPX][IN ] ACCEPTED sn=11 from=1
20:24:07.168 INF [REQ] ClientRequest received -> bucket bucketID=47 clientID=0 clientSn=607
20:24:07.168 DBG [REQ] Bucket size after enqueue bucketID=47 bucketLenApprox=0
[MPX][IN ] PREPARE sn=11 from=1
[MPX][IN ] PREPARE sn=12 from=1
[MPX][IN ] PREPARE sn=10 from=1
[MPX][IN ] PREPARE sn=13 from=1
[MPX][IN ] PREPARE sn=12 from=2
[MPX][IN ] PREPARE sn=11 from=2
[MPX][IN ] PREPARE sn=14 from=2
[MPX][IN ] PREPARE sn=13 from=2
20:24:07.200 INF [REQ] ClientRequest received -> bucket bucketID=32 clientID=0 clientSn=611
20:24:07.200 DBG [REQ] Bucket size after enqueue bucketID=32 bucketLenApprox=0
20:24:07.230 INF [REQ] ClientRequest received -> bucket bucketID=44 clientID=0 clientSn=615
20:24:07.230 DBG [REQ] Bucket size after enqueue bucketID=44 bucketLenApprox=0
20:24:07.268 INF [REQ] ClientRequest received -> bucket bucketID=12 clientID=0 clientSn=619
20:24:07.269 DBG [REQ] Bucket size after enqueue bucketID=12 bucketLenApprox=0
20:24:07.291 INF [REQ] ClientRequest received -> bucket bucketID=49 clientID=0 clientSn=623
20:24:07.291 DBG [REQ] Bucket size after enqueue bucketID=49 bucketLenApprox=0
20:24:07.323 INF [REQ] ClientRequest received -> bucket bucketID=55 clientID=0 clientSn=627
20:24:07.323 DBG [REQ] Bucket size after enqueue bucketID=55 bucketLenApprox=0
20:24:07.354 INF [REQ] ClientRequest received -> bucket bucketID=19 clientID=0 clientSn=631
20:24:07.354 DBG [REQ] Bucket size after enqueue bucketID=19 bucketLenApprox=0
20:24:07.385 INF [REQ] ClientRequest received -> bucket bucketID=1 clientID=0 clientSn=635
20:24:07.385 DBG [REQ] Bucket size after enqueue bucketID=1 bucketLenApprox=0
[MPX][IN ] ACCEPT sn=11 from=0 gid=11
[MPX][QUORUM] ACCEPT sn=11 acceptCount=4 quorum=3 digest=4b8d5e6fae0945a9
[MPX][NET] SKIP Accepted sn=11 (leader=self)
[MPX][IN ] ACCEPTED sn=11 from=0
[MPX][IN ] ACCEPTED sn=11 from=1
[MPX][IN ] ACCEPTED sn=11 from=2
20:24:07.417 INF [REQ] ClientRequest received -> bucket bucketID=4 clientID=0 clientSn=639
20:24:07.417 DBG [REQ] Bucket size after enqueue bucketID=4 bucketLenApprox=0
[MPX][IN ] ACCEPT sn=11 from=2 gid=11
[MPX][QUORUM] ACCEPT sn=11 acceptCount=4 quorum=3 digest=4b8d5e6fae0945a9
[MPX][NET] SEND Accepted sn=11 → leader=2 (unicast)
20:24:07.448 INF [REQ] ClientRequest received -> bucket bucketID=20 clientID=0 clientSn=643
20:24:07.448 DBG [REQ] Bucket size after enqueue bucketID=20 bucketLenApprox=0
20:24:07.479 INF [REQ] ClientRequest received -> bucket bucketID=4 clientID=0 clientSn=647
20:24:07.479 DBG [REQ] Bucket size after enqueue bucketID=4 bucketLenApprox=0
20:24:07.510 INF [REQ] ClientRequest received -> bucket bucketID=62 clientID=0 clientSn=651
20:24:07.510 DBG [REQ] Bucket size after enqueue bucketID=62 bucketLenApprox=0
20:24:07.541 INF [REQ] ClientRequest received -> bucket bucketID=17 clientID=0 clientSn=655
20:24:07.542 DBG [REQ] Bucket size after enqueue bucketID=17 bucketLenApprox=0
20:24:07.573 INF [REQ] ClientRequest received -> bucket bucketID=39 clientID=0 clientSn=659
20:24:07.573 DBG [REQ] Bucket size after enqueue bucketID=39 bucketLenApprox=1
20:24:07.604 INF [REQ] ClientRequest received -> bucket bucketID=21 clientID=0 clientSn=663
20:24:07.604 DBG [REQ] Bucket size after enqueue bucketID=21 bucketLenApprox=0
20:24:07.635 INF [REQ] ClientRequest received -> bucket bucketID=44 clientID=0 clientSn=667
20:24:07.635 DBG [REQ] Bucket size after enqueue bucketID=44 bucketLenApprox=0
20:24:07.666 INF [REQ] ClientRequest received -> bucket bucketID=41 clientID=0 clientSn=671
20:24:07.666 DBG [REQ] Bucket size after enqueue bucketID=41 bucketLenApprox=0
20:24:07.697 INF [REQ] ClientRequest received -> bucket bucketID=54 clientID=0 clientSn=675
20:24:07.697 DBG [REQ] Bucket size after enqueue bucketID=54 bucketLenApprox=0
20:24:07.729 INF [REQ] ClientRequest received -> bucket bucketID=59 clientID=0 clientSn=679
20:24:07.729 DBG [REQ] Bucket size after enqueue bucketID=59 bucketLenApprox=1
20:24:07.760 INF [REQ] ClientRequest received -> bucket bucketID=5 clientID=0 clientSn=683
20:24:07.760 DBG [REQ] Bucket size after enqueue bucketID=5 bucketLenApprox=0
20:24:07.791 INF [REQ] ClientRequest received -> bucket bucketID=62 clientID=0 clientSn=687
20:24:07.791 DBG [REQ] Bucket size after enqueue bucketID=62 bucketLenApprox=0
20:24:07.823 INF [REQ] ClientRequest received -> bucket bucketID=56 clientID=0 clientSn=691
20:24:07.823 DBG [REQ] Bucket size after enqueue bucketID=56 bucketLenApprox=0
20:24:07.854 INF [REQ] ClientRequest received -> bucket bucketID=25 clientID=0 clientSn=695
20:24:07.854 DBG [REQ] Bucket size after enqueue bucketID=25 bucketLenApprox=0
20:24:07.885 INF [REQ] ClientRequest received -> bucket bucketID=44 clientID=0 clientSn=699
20:24:07.885 DBG [REQ] Bucket size after enqueue bucketID=44 bucketLenApprox=0
20:24:07.917 INF [REQ] ClientRequest received -> bucket bucketID=40 clientID=0 clientSn=703
20:24:07.917 DBG [REQ] Bucket size after enqueue bucketID=40 bucketLenApprox=0
20:24:07.948 INF [REQ] ClientRequest received -> bucket bucketID=47 clientID=0 clientSn=707
20:24:07.948 DBG [REQ] Bucket size after enqueue bucketID=47 bucketLenApprox=2
20:24:07.979 INF [REQ] ClientRequest received -> bucket bucketID=61 clientID=0 clientSn=711
20:24:07.979 DBG [REQ] Bucket size after enqueue bucketID=61 bucketLenApprox=0
20:24:08.010 INF [REQ] ClientRequest received -> bucket bucketID=16 clientID=0 clientSn=715
20:24:08.010 DBG [REQ] Bucket size after enqueue bucketID=16 bucketLenApprox=0
20:24:08.041 INF [REQ] ClientRequest received -> bucket bucketID=33 clientID=0 clientSn=719
20:24:08.041 DBG [REQ] Bucket size after enqueue bucketID=33 bucketLenApprox=0
20:24:08.073 INF [REQ] ClientRequest received -> bucket bucketID=1 clientID=0 clientSn=723
20:24:08.073 DBG [REQ] Bucket size after enqueue bucketID=1 bucketLenApprox=0
20:24:08.104 INF [REQ] ClientRequest received -> bucket bucketID=12 clientID=0 clientSn=727
20:24:08.104 DBG [REQ] Bucket size after enqueue bucketID=12 bucketLenApprox=0
20:24:08.135 INF [REQ] ClientRequest received -> bucket bucketID=55 clientID=0 clientSn=731
20:24:08.135 DBG [REQ] Bucket size after enqueue bucketID=55 bucketLenApprox=2
20:24:08.166 INF [REQ] ClientRequest received -> bucket bucketID=22 clientID=0 clientSn=735
20:24:08.166 DBG [REQ] Bucket size after enqueue bucketID=22 bucketLenApprox=0
20:24:08.198 INF [REQ] ClientRequest received -> bucket bucketID=40 clientID=0 clientSn=739
20:24:08.198 DBG [REQ] Bucket size after enqueue bucketID=40 bucketLenApprox=0
20:24:08.229 INF [REQ] ClientRequest received -> bucket bucketID=7 clientID=0 clientSn=743
20:24:08.230 DBG [REQ] Bucket size after enqueue bucketID=7 bucketLenApprox=2
20:24:08.260 INF [REQ] ClientRequest received -> bucket bucketID=37 clientID=0 clientSn=747
20:24:08.261 DBG [REQ] Bucket size after enqueue bucketID=37 bucketLenApprox=0
20:24:08.292 INF [REQ] ClientRequest received -> bucket bucketID=16 clientID=0 clientSn=751
20:24:08.293 DBG [REQ] Bucket size after enqueue bucketID=16 bucketLenApprox=0
20:24:08.322 INF [REQ] ClientRequest received -> bucket bucketID=58 clientID=0 clientSn=755
20:24:08.323 DBG [REQ] Bucket size after enqueue bucketID=58 bucketLenApprox=0
20:24:08.354 INF [REQ] ClientRequest received -> bucket bucketID=35 clientID=0 clientSn=759
20:24:08.354 DBG [REQ] Bucket size after enqueue bucketID=35 bucketLenApprox=3
20:24:08.386 INF [REQ] ClientRequest received -> bucket bucketID=47 clientID=0 clientSn=763
20:24:08.386 DBG [REQ] Bucket size after enqueue bucketID=47 bucketLenApprox=3
20:24:08.416 INF [REQ] ClientRequest received -> bucket bucketID=24 clientID=0 clientSn=767
20:24:08.417 DBG [REQ] Bucket size after enqueue bucketID=24 bucketLenApprox=0
20:24:08.448 INF [REQ] ClientRequest received -> bucket bucketID=62 clientID=0 clientSn=771
20:24:08.448 DBG [REQ] Bucket size after enqueue bucketID=62 bucketLenApprox=0
20:24:08.479 INF [REQ] ClientRequest received -> bucket bucketID=25 clientID=0 clientSn=775
20:24:08.479 DBG [REQ] Bucket size after enqueue bucketID=25 bucketLenApprox=0
20:24:08.510 INF [REQ] ClientRequest received -> bucket bucketID=44 clientID=0 clientSn=779
20:24:08.510 DBG [REQ] Bucket size after enqueue bucketID=44 bucketLenApprox=0
20:24:08.541 INF [REQ] ClientRequest received -> bucket bucketID=47 clientID=0 clientSn=783
20:24:08.541 DBG [REQ] Bucket size after enqueue bucketID=47 bucketLenApprox=3
20:24:08.573 INF [REQ] ClientRequest received -> bucket bucketID=40 clientID=0 clientSn=787
20:24:08.573 DBG [REQ] Bucket size after enqueue bucketID=40 bucketLenApprox=0
20:24:08.604 INF [REQ] ClientRequest received -> bucket bucketID=19 clientID=0 clientSn=791
20:24:08.605 DBG [REQ] Bucket size after enqueue bucketID=19 bucketLenApprox=3
20:24:08.635 INF [REQ] ClientRequest received -> bucket bucketID=1 clientID=0 clientSn=795
20:24:08.635 DBG [REQ] Bucket size after enqueue bucketID=1 bucketLenApprox=0
20:24:08.666 INF [REQ] ClientRequest received -> bucket bucketID=18 clientID=0 clientSn=799
20:24:08.666 DBG [REQ] Bucket size after enqueue bucketID=18 bucketLenApprox=0
20:24:08.697 INF [REQ] ClientRequest received -> bucket bucketID=4 clientID=0 clientSn=803
20:24:08.697 DBG [REQ] Bucket size after enqueue bucketID=4 bucketLenApprox=0
20:24:08.729 INF [REQ] ClientRequest received -> bucket bucketID=45 clientID=0 clientSn=807
20:24:08.729 DBG [REQ] Bucket size after enqueue bucketID=45 bucketLenApprox=0
20:24:08.760 INF [REQ] ClientRequest received -> bucket bucketID=3 clientID=0 clientSn=811
20:24:08.760 DBG [REQ] Bucket size after enqueue bucketID=3 bucketLenApprox=3
20:24:08.791 INF [REQ] ClientRequest received -> bucket bucketID=20 clientID=0 clientSn=815
20:24:08.791 DBG [REQ] Bucket size after enqueue bucketID=20 bucketLenApprox=0
20:24:08.822 INF [REQ] ClientRequest received -> bucket bucketID=26 clientID=0 clientSn=819
20:24:08.822 DBG [REQ] Bucket size after enqueue bucketID=26 bucketLenApprox=0
20:24:08.854 INF [REQ] ClientRequest received -> bucket bucketID=47 clientID=0 clientSn=823
20:24:08.854 DBG [REQ] Bucket size after enqueue bucketID=47 bucketLenApprox=4
20:24:08.885 INF [REQ] ClientRequest received -> bucket bucketID=32 clientID=0 clientSn=827
20:24:08.886 DBG [REQ] Bucket size after enqueue bucketID=32 bucketLenApprox=0
20:24:08.916 INF [REQ] ClientRequest received -> bucket bucketID=48 clientID=0 clientSn=831
20:24:08.916 DBG [REQ] Bucket size after enqueue bucketID=48 bucketLenApprox=0
20:24:08.947 INF [REQ] ClientRequest received -> bucket bucketID=15 clientID=0 clientSn=835
20:24:08.948 DBG [REQ] Bucket size after enqueue bucketID=15 bucketLenApprox=3
20:24:08.979 INF [REQ] ClientRequest received -> bucket bucketID=21 clientID=0 clientSn=839
20:24:08.979 DBG [REQ] Bucket size after enqueue bucketID=21 bucketLenApprox=0
20:24:09.010 INF [REQ] ClientRequest received -> bucket bucketID=16 clientID=0 clientSn=843
20:24:09.010 DBG [REQ] Bucket size after enqueue bucketID=16 bucketLenApprox=0
20:24:09.042 INF [REQ] ClientRequest received -> bucket bucketID=30 clientID=0 clientSn=847
20:24:09.042 DBG [REQ] Bucket size after enqueue bucketID=30 bucketLenApprox=0
20:24:09.072 INF [REQ] ClientRequest received -> bucket bucketID=59 clientID=0 clientSn=851
20:24:09.073 DBG [REQ] Bucket size after enqueue bucketID=59 bucketLenApprox=4
20:24:09.104 INF [REQ] ClientRequest received -> bucket bucketID=5 clientID=0 clientSn=855
20:24:09.104 DBG [REQ] Bucket size after enqueue bucketID=5 bucketLenApprox=0
20:24:09.135 INF [REQ] ClientRequest received -> bucket bucketID=39 clientID=0 clientSn=859
20:24:09.135 DBG [REQ] Bucket size after enqueue bucketID=39 bucketLenApprox=4
20:24:09.154 DBG Batch cut. left=0 nBuckets=16 nReq=64 next=0
PROPOSE sn=15 size=64
[MPX][NET] SEND Accept sn=15 bytes=37374 gid=15 digest=97e97cc946960932
[MC][SEND] kind=Accept sn=15 gid=16 (group)
[MPX] PROPOSE sn=15 size=64
[MPX][NET] SEND Prepare sn=16
[MC][SEND] kind=Prepare sn=16 gid=0 dst=ALL
[MPX][IN ] PROMISE sn=15 from=1 members=[0 1 2 3]
[MPX][IN ] PROMISE sn=15 from=2 members=[0 1 2 3]
[MPX][IN ] PROMISE sn=15 from=0 members=[0 1 2 3]
20:24:09.155 DBG Batch cut. left=0 nBuckets=16 nReq=0 next=0
[MPX][NET] SEND Prepare sn=17
[MC][SEND] kind=Prepare sn=17 gid=0 dst=ALL
20:24:09.155 DBG Batch cut. left=0 nBuckets=16 nReq=0 next=0
[MPX][NET] SEND Prepare sn=18
[MC][SEND] kind=Prepare sn=18 gid=0 dst=ALL
20:24:09.155 DBG Batch cut. left=0 nBuckets=16 nReq=0 next=0
[MPX][NET] SEND Prepare sn=19
[MC][SEND] kind=Prepare sn=19 gid=0 dst=ALL
20:24:09.155 WRN MPX handles message from self. sn=16
[MPX][IN ] PREPARE sn=16 from=3
20:24:09.156 WRN MPX handles message from self. sn=17
[MPX][IN ] PREPARE sn=17 from=3
20:24:09.157 WRN MPX handles message from self. sn=18
20:24:09.157 WRN MPX handles message from self. sn=19
[MPX][IN ] PREPARE sn=18 from=3
[MPX][IN ] PREPARE sn=19 from=3
[MPX][IN ] PROMISE sn=18 from=2 members=[0 1 2 3]
[MPX][IN ] PROMISE sn=17 from=0 members=[0 1 2 3]
[MPX][IN ] PROMISE sn=17 from=2 members=[0 1 2 3]
[MC][GROUP] sn=17 gid=18 members=[0 2 1]
[MPX][IN ] PROMISE sn=17 from=1 members=[0 1 2 3]
[MPX][IN ] PROMISE sn=18 from=1 members=[0 1 2 3]
[MC][GROUP] sn=18 gid=19 members=[2 1 0]
[MC][GROUP] sn=19 gid=20 members=[2 1 0]
[MPX][IN ] PROMISE sn=16 from=0 members=[0 1 2 3]
[MPX][IN ] ACCEPTED sn=15 from=0
[MPX][QUORUM] ACCEPTED sn=15 count=2/3 digest=97e97cc946960932
[MPX][IN ] ACCEPTED sn=15 from=2
[MPX][QUORUM] ACCEPTED sn=15 count=3/3 digest=97e97cc946960932
[MPX][QUORUM] MAJORITY REACHED sn=15 → COMMIT digest=97e97cc946960932
[MPX][NET] SEND Commit sn=15 gid=15 digest=97e97cc946960932
[MC][SEND] kind=Commit sn=15 gid=16 (group)
[MPX][NET] GOSSIP Commit sn=15 gid=15 digest=97e97cc946960932
[MC][SEND] kind=Commit sn=15 gid=16 (group)
[MC][GROUP] sn=16 gid=17 members=[0 2 1]
[MPX][IN ] PROMISE sn=16 from=2 members=[0 1 2 3]
[MPX][IN ] PROMISE sn=16 from=1 members=[0 1 2 3]
[MPX][IN ] PROMISE sn=18 from=0 members=[0 1 2 3]
[MPX][CHK] ANNOUNCE sn=15 reqs=64
[MPX][IN ] PREPARE sn=13 from=0
[MPX][IN ] PREPARE sn=14 from=0
[MPX][IN ] PREPARE sn=16 from=0
20:24:09.161 INF Committed entry. latency=0 nReq=64 sn=15
SB-DELIVER sn=15 size=64
COMMIT sn=15 size=64
DELIVER sn=15 delivered=64
[MPX] COMMIT  sn=15 size=64
[MPX][IN ] ACCEPTED sn=15 from=1
[MPX][QUORUM] ACCEPTED sn=15 count=4/3 digest=97e97cc946960932
[MPX][IN ] PREPARE sn=15 from=0
[MPX][IN ] ACCEPTED sn=15 from=2
20:24:09.167 INF [REQ] ClientRequest received -> bucket bucketID=32 clientID=0 clientSn=863
20:24:09.168 DBG [REQ] Bucket size after enqueue bucketID=32 bucketLenApprox=0
[MPX][IN ] ACCEPTED sn=15 from=0
[MPX][IN ] ACCEPTED sn=15 from=1
[MPX][IN ] PREPARE sn=14 from=1
[MPX][IN ] PREPARE sn=15 from=1
[MPX][IN ] PREPARE sn=16 from=1
[MPX][IN ] PREPARE sn=17 from=1
[MPX][IN ] PREPARE sn=15 from=2
[MPX][IN ] PREPARE sn=17 from=2
[MPX][IN ] PREPARE sn=16 from=2
[MPX][IN ] PREPARE sn=18 from=2
20:24:09.202 INF [REQ] ClientRequest received -> bucket bucketID=15 clientID=0 clientSn=867
20:24:09.203 DBG [REQ] Bucket size after enqueue bucketID=15 bucketLenApprox=0
20:24:09.229 INF [REQ] ClientRequest received -> bucket bucketID=41 clientID=0 clientSn=871
20:24:09.229 DBG [REQ] Bucket size after enqueue bucketID=41 bucketLenApprox=0
20:24:09.267 INF [REQ] ClientRequest received -> bucket bucketID=4 clientID=0 clientSn=875
20:24:09.268 DBG [REQ] Bucket size after enqueue bucketID=4 bucketLenApprox=0
20:24:09.291 INF [REQ] ClientRequest received -> bucket bucketID=32 clientID=0 clientSn=879
20:24:09.291 DBG [REQ] Bucket size after enqueue bucketID=32 bucketLenApprox=0
20:24:09.323 INF [REQ] ClientRequest received -> bucket bucketID=16 clientID=0 clientSn=883
20:24:09.323 DBG [REQ] Bucket size after enqueue bucketID=16 bucketLenApprox=0
20:24:09.354 INF [REQ] ClientRequest received -> bucket bucketID=12 clientID=0 clientSn=887
20:24:09.354 DBG [REQ] Bucket size after enqueue bucketID=12 bucketLenApprox=0
20:24:09.386 INF [REQ] ClientRequest received -> bucket bucketID=37 clientID=0 clientSn=891
20:24:09.386 DBG [REQ] Bucket size after enqueue bucketID=37 bucketLenApprox=0
[MPX][IN ] ACCEPTED sn=15 from=2
[MPX][IN ] ACCEPT sn=15 from=0 gid=15
[MPX][QUORUM] ACCEPT sn=15 acceptCount=4 quorum=3 digest=97e97cc946960932
[MPX][NET] SKIP Accepted sn=15 (leader=self)
[MPX][IN ] ACCEPTED sn=15 from=1
[MPX][IN ] ACCEPTED sn=15 from=0
20:24:09.417 INF [REQ] ClientRequest received -> bucket bucketID=42 clientID=0 clientSn=895
20:24:09.417 DBG [REQ] Bucket size after enqueue bucketID=42 bucketLenApprox=0
20:24:09.448 INF [REQ] ClientRequest received -> bucket bucketID=15 clientID=0 clientSn=899
20:24:09.448 DBG [REQ] Bucket size after enqueue bucketID=15 bucketLenApprox=0
20:24:09.479 INF [REQ] ClientRequest received -> bucket bucketID=60 clientID=0 clientSn=903
20:24:09.479 DBG [REQ] Bucket size after enqueue bucketID=60 bucketLenApprox=0
20:24:09.510 INF [REQ] ClientRequest received -> bucket bucketID=23 clientID=0 clientSn=907
20:24:09.510 DBG [REQ] Bucket size after enqueue bucketID=23 bucketLenApprox=0
20:24:09.541 INF [REQ] ClientRequest received -> bucket bucketID=11 clientID=0 clientSn=911
20:24:09.541 DBG [REQ] Bucket size after enqueue bucketID=11 bucketLenApprox=1
20:24:09.572 INF [REQ] ClientRequest received -> bucket bucketID=19 clientID=0 clientSn=915
20:24:09.572 DBG [REQ] Bucket size after enqueue bucketID=19 bucketLenApprox=0
20:24:09.604 INF [REQ] ClientRequest received -> bucket bucketID=29 clientID=0 clientSn=919
20:24:09.605 DBG [REQ] Bucket size after enqueue bucketID=29 bucketLenApprox=0
20:24:09.635 INF [REQ] ClientRequest received -> bucket bucketID=18 clientID=0 clientSn=923
20:24:09.636 DBG [REQ] Bucket size after enqueue bucketID=18 bucketLenApprox=0
20:24:09.667 INF [REQ] ClientRequest received -> bucket bucketID=43 clientID=0 clientSn=927
20:24:09.667 DBG [REQ] Bucket size after enqueue bucketID=43 bucketLenApprox=1
20:24:09.697 INF [REQ] ClientRequest received -> bucket bucketID=12 clientID=0 clientSn=931
20:24:09.697 DBG [REQ] Bucket size after enqueue bucketID=12 bucketLenApprox=0
20:24:09.729 INF [REQ] ClientRequest received -> bucket bucketID=30 clientID=0 clientSn=935
20:24:09.729 DBG [REQ] Bucket size after enqueue bucketID=30 bucketLenApprox=0
20:24:09.761 INF [REQ] ClientRequest received -> bucket bucketID=29 clientID=0 clientSn=939
20:24:09.761 DBG [REQ] Bucket size after enqueue bucketID=29 bucketLenApprox=0
20:24:09.791 INF [REQ] ClientRequest received -> bucket bucketID=42 clientID=0 clientSn=943
20:24:09.791 DBG [REQ] Bucket size after enqueue bucketID=42 bucketLenApprox=0
20:24:09.822 INF [REQ] ClientRequest received -> bucket bucketID=18 clientID=0 clientSn=947
20:24:09.822 DBG [REQ] Bucket size after enqueue bucketID=18 bucketLenApprox=0
20:24:09.854 INF [REQ] ClientRequest received -> bucket bucketID=4 clientID=0 clientSn=951
20:24:09.854 DBG [REQ] Bucket size after enqueue bucketID=4 bucketLenApprox=0
20:24:09.885 INF [REQ] ClientRequest received -> bucket bucketID=20 clientID=0 clientSn=955
20:24:09.886 DBG [REQ] Bucket size after enqueue bucketID=20 bucketLenApprox=0
20:24:09.916 INF [REQ] ClientRequest received -> bucket bucketID=1 clientID=0 clientSn=959
20:24:09.917 DBG [REQ] Bucket size after enqueue bucketID=1 bucketLenApprox=0
20:24:09.947 INF [REQ] ClientRequest received -> bucket bucketID=54 clientID=0 clientSn=963
20:24:09.947 DBG [REQ] Bucket size after enqueue bucketID=54 bucketLenApprox=0
20:24:09.979 INF [REQ] ClientRequest received -> bucket bucketID=53 clientID=0 clientSn=967
20:24:09.979 DBG [REQ] Bucket size after enqueue bucketID=53 bucketLenApprox=0
20:24:10.010 INF [REQ] ClientRequest received -> bucket bucketID=9 clientID=0 clientSn=971
20:24:10.010 DBG [REQ] Bucket size after enqueue bucketID=9 bucketLenApprox=0
20:24:10.041 INF [REQ] ClientRequest received -> bucket bucketID=11 clientID=0 clientSn=975
20:24:10.041 DBG [REQ] Bucket size after enqueue bucketID=11 bucketLenApprox=2
20:24:10.073 INF [REQ] ClientRequest received -> bucket bucketID=47 clientID=0 clientSn=979
20:24:10.073 DBG [REQ] Bucket size after enqueue bucketID=47 bucketLenApprox=2
20:24:10.104 INF [REQ] ClientRequest received -> bucket bucketID=43 clientID=0 clientSn=983
20:24:10.104 DBG [REQ] Bucket size after enqueue bucketID=43 bucketLenApprox=2
20:24:10.135 INF [REQ] ClientRequest received -> bucket bucketID=40 clientID=0 clientSn=987
20:24:10.135 DBG [REQ] Bucket size after enqueue bucketID=40 bucketLenApprox=0
20:24:10.166 INF [REQ] ClientRequest received -> bucket bucketID=59 clientID=0 clientSn=991
20:24:10.166 DBG [REQ] Bucket size after enqueue bucketID=59 bucketLenApprox=2
20:24:10.198 INF [REQ] ClientRequest received -> bucket bucketID=35 clientID=0 clientSn=995
20:24:10.198 DBG [REQ] Bucket size after enqueue bucketID=35 bucketLenApprox=2
20:24:10.229 INF [REQ] ClientRequest received -> bucket bucketID=30 clientID=0 clientSn=999
20:24:10.229 DBG [REQ] Bucket size after enqueue bucketID=30 bucketLenApprox=0
20:24:10.260 INF [REQ] ClientRequest received -> bucket bucketID=21 clientID=0 clientSn=1003
20:24:10.261 DBG [REQ] Bucket size after enqueue bucketID=21 bucketLenApprox=0
20:24:10.291 INF [REQ] ClientRequest received -> bucket bucketID=63 clientID=0 clientSn=1007
20:24:10.291 DBG [REQ] Bucket size after enqueue bucketID=63 bucketLenApprox=2
20:24:10.322 INF [REQ] ClientRequest received -> bucket bucketID=15 clientID=0 clientSn=1011
20:24:10.322 DBG [REQ] Bucket size after enqueue bucketID=15 bucketLenApprox=2
20:24:10.354 INF [REQ] ClientRequest received -> bucket bucketID=21 clientID=0 clientSn=1015
20:24:10.354 DBG [REQ] Bucket size after enqueue bucketID=21 bucketLenApprox=0
20:24:10.385 INF [REQ] ClientRequest received -> bucket bucketID=15 clientID=0 clientSn=1019
20:24:10.386 DBG [REQ] Bucket size after enqueue bucketID=15 bucketLenApprox=2
20:24:10.416 INF [REQ] ClientRequest received -> bucket bucketID=23 clientID=0 clientSn=1023
20:24:10.417 DBG [REQ] Bucket size after enqueue bucketID=23 bucketLenApprox=2
20:24:10.448 INF [REQ] ClientRequest received -> bucket bucketID=62 clientID=0 clientSn=1027
20:24:10.448 DBG [REQ] Bucket size after enqueue bucketID=62 bucketLenApprox=0
20:24:10.479 INF [REQ] ClientRequest received -> bucket bucketID=6 clientID=0 clientSn=1031
20:24:10.479 DBG [REQ] Bucket size after enqueue bucketID=6 bucketLenApprox=0
20:24:10.511 INF [REQ] ClientRequest received -> bucket bucketID=58 clientID=0 clientSn=1035
20:24:10.511 DBG [REQ] Bucket size after enqueue bucketID=58 bucketLenApprox=0
20:24:10.541 INF [REQ] ClientRequest received -> bucket bucketID=61 clientID=0 clientSn=1039
20:24:10.541 DBG [REQ] Bucket size after enqueue bucketID=61 bucketLenApprox=0
20:24:10.573 INF [REQ] ClientRequest received -> bucket bucketID=13 clientID=0 clientSn=1043
20:24:10.573 DBG [REQ] Bucket size after enqueue bucketID=13 bucketLenApprox=0
20:24:10.603 INF [REQ] ClientRequest received -> bucket bucketID=41 clientID=0 clientSn=1047
20:24:10.603 DBG [REQ] Bucket size after enqueue bucketID=41 bucketLenApprox=0
20:24:10.635 INF [REQ] ClientRequest received -> bucket bucketID=12 clientID=0 clientSn=1051
20:24:10.635 DBG [REQ] Bucket size after enqueue bucketID=12 bucketLenApprox=0
20:24:10.666 INF [REQ] ClientRequest received -> bucket bucketID=44 clientID=0 clientSn=1055
20:24:10.666 DBG [REQ] Bucket size after enqueue bucketID=44 bucketLenApprox=0
20:24:10.698 INF [REQ] ClientRequest received -> bucket bucketID=27 clientID=0 clientSn=1059
20:24:10.698 DBG [REQ] Bucket size after enqueue bucketID=27 bucketLenApprox=3
20:24:10.729 INF [REQ] ClientRequest received -> bucket bucketID=18 clientID=0 clientSn=1063
20:24:10.729 DBG [REQ] Bucket size after enqueue bucketID=18 bucketLenApprox=0
20:24:10.760 INF [REQ] ClientRequest received -> bucket bucketID=16 clientID=0 clientSn=1067
20:24:10.760 DBG [REQ] Bucket size after enqueue bucketID=16 bucketLenApprox=0
20:24:10.791 INF [REQ] ClientRequest received -> bucket bucketID=35 clientID=0 clientSn=1071
20:24:10.791 DBG [REQ] Bucket size after enqueue bucketID=35 bucketLenApprox=4
20:24:10.822 INF [REQ] ClientRequest received -> bucket bucketID=30 clientID=0 clientSn=1075
20:24:10.822 DBG [REQ] Bucket size after enqueue bucketID=30 bucketLenApprox=0
20:24:10.854 INF [REQ] ClientRequest received -> bucket bucketID=54 clientID=0 clientSn=1079
20:24:10.854 DBG [REQ] Bucket size after enqueue bucketID=54 bucketLenApprox=0
20:24:10.885 INF [REQ] ClientRequest received -> bucket bucketID=11 clientID=0 clientSn=1083
20:24:10.885 DBG [REQ] Bucket size after enqueue bucketID=11 bucketLenApprox=3
20:24:10.916 INF [REQ] ClientRequest received -> bucket bucketID=16 clientID=0 clientSn=1087
20:24:10.916 DBG [REQ] Bucket size after enqueue bucketID=16 bucketLenApprox=0
20:24:10.948 INF [REQ] ClientRequest received -> bucket bucketID=14 clientID=0 clientSn=1091
20:24:10.948 DBG [REQ] Bucket size after enqueue bucketID=14 bucketLenApprox=0
20:24:10.979 INF [REQ] ClientRequest received -> bucket bucketID=57 clientID=0 clientSn=1095
20:24:10.980 DBG [REQ] Bucket size after enqueue bucketID=57 bucketLenApprox=0
20:24:11.010 INF [REQ] ClientRequest received -> bucket bucketID=4 clientID=0 clientSn=1099
20:24:11.010 DBG [REQ] Bucket size after enqueue bucketID=4 bucketLenApprox=0
20:24:11.041 INF [REQ] ClientRequest received -> bucket bucketID=25 clientID=0 clientSn=1103
20:24:11.041 DBG [REQ] Bucket size after enqueue bucketID=25 bucketLenApprox=0
20:24:11.072 INF [REQ] ClientRequest received -> bucket bucketID=36 clientID=0 clientSn=1107
20:24:11.072 DBG [REQ] Bucket size after enqueue bucketID=36 bucketLenApprox=0
20:24:11.104 INF [REQ] ClientRequest received -> bucket bucketID=33 clientID=0 clientSn=1111
20:24:11.104 DBG [REQ] Bucket size after enqueue bucketID=33 bucketLenApprox=0
20:24:11.136 INF [REQ] ClientRequest received -> bucket bucketID=31 clientID=0 clientSn=1115
20:24:11.136 DBG [REQ] Bucket size after enqueue bucketID=31 bucketLenApprox=4
20:24:11.157 DBG Batch cut. left=0 nBuckets=16 nReq=64 next=0
PROPOSE sn=19 size=64
[MPX][NET] SEND Accept sn=19 bytes=37375 gid=19 digest=3c03b33a234256a1
[MC][SEND] kind=Accept sn=19 gid=20 (group)
[MPX] PROPOSE sn=19 size=64
[MPX][NET] SEND Prepare sn=20
[MC][SEND] kind=Prepare sn=20 gid=0 dst=ALL
20:24:11.158 DBG Batch cut. left=0 nBuckets=16 nReq=0 next=0
[MPX][IN ] PROMISE sn=19 from=2 members=[0 1 2 3]
[MPX][IN ] PROMISE sn=19 from=1 members=[0 1 2 3]
[MPX][NET] SEND Prepare sn=21
[MPX][IN ] PROMISE sn=19 from=0 members=[0 1 2 3]
[MC][SEND] kind=Prepare sn=21 gid=0 dst=ALL
20:24:11.158 DBG Batch cut. left=0 nBuckets=16 nReq=0 next=0
[MPX][NET] SEND Prepare sn=22
[MC][SEND] kind=Prepare sn=22 gid=0 dst=ALL
20:24:11.158 DBG Batch cut. left=0 nBuckets=16 nReq=0 next=0
[MPX][NET] SEND Prepare sn=23
[MC][SEND] kind=Prepare sn=23 gid=0 dst=ALL
20:24:11.159 WRN MPX handles message from self. sn=20
20:24:11.160 WRN MPX handles message from self. sn=21
[MPX][IN ] PREPARE sn=20 from=3
20:24:11.160 WRN MPX handles message from self. sn=22
[MPX][IN ] PREPARE sn=21 from=3
20:24:11.160 WRN MPX handles message from self. sn=23
[MPX][IN ] PREPARE sn=22 from=3
[MPX][IN ] PREPARE sn=23 from=3
[MPX][IN ] PROMISE sn=21 from=1 members=[0 1 2 3]
[MPX][IN ] PROMISE sn=20 from=1 members=[0 1 2 3]
[MPX][IN ] PROMISE sn=22 from=1 members=[0 1 2 3]
[MPX][IN ] ACCEPTED sn=19 from=1
[MPX][QUORUM] ACCEPTED sn=19 count=2/3 digest=3c03b33a234256a1
[MPX][IN ] ACCEPTED sn=19 from=0
[MPX][QUORUM] ACCEPTED sn=19 count=3/3 digest=3c03b33a234256a1
[MPX][QUORUM] MAJORITY REACHED sn=19 → COMMIT digest=3c03b33a234256a1
[MPX][NET] SEND Commit sn=19 gid=19 digest=3c03b33a234256a1
[MC][SEND] kind=Commit sn=19 gid=20 (group)
[MPX][NET] GOSSIP Commit sn=19 gid=19 digest=3c03b33a234256a1
[MPX][IN ] PROMISE sn=21 from=0 members=[0 1 2 3]
[MC][SEND] kind=Commit sn=19 gid=20 (group)
[MPX][IN ] PROMISE sn=20 from=0 members=[0 1 2 3]
[MPX][IN ] PROMISE sn=22 from=0 members=[0 1 2 3]
==================
WARNING: DATA RACE
Write at 0x00c005912210 by goroutine 381:
  runtime.mapassign_fast32()
      /usr/local/go/src/runtime/map_fast32.go:113 +0x0
  github.com/hyperledger-labs/mirbft/multicast.(*messengerShim).DefineGroup()
      /opt/gopath/src/github.com/hyperledger-labs/ISS_com_Multipaxos/mirbft/multicast/shim_messenger.go:28 +0x90
  github.com/hyperledger-labs/mirbft/orderer.(*MultiPaxosMulticastOrderer).onPromise()
      /opt/gopath/src/github.com/hyperledger-labs/ISS_com_Multipaxos/mirbft/orderer/multipaxosmulticastorderer.go:165 +0x811
  github.com/hyperledger-labs/mirbft/orderer.(*MultiPaxosMulticastOrderer).HandleMessage()
      /opt/gopath/src/github.com/hyperledger-labs/ISS_com_Multipaxos/mirbft/orderer/multipaxosmulticastorderer.go:110 +0x1c7
  github.com/hyperledger-labs/mirbft/orderer.Orderer.HandleMessage-fm()
      <autogenerated>:1 +0x4c
  github.com/hyperledger-labs/mirbft/messenger.handleMessage()
      /opt/gopath/src/github.com/hyperledger-labs/ISS_com_Multipaxos/mirbft/messenger/peers.go:136 +0x4ba
  github.com/hyperledger-labs/mirbft/messenger.handleMessage()
      /opt/gopath/src/github.com/hyperledger-labs/ISS_com_Multipaxos/mirbft/messenger/peers.go:113 +0x514
  github.com/hyperledger-labs/mirbft/messenger.(*messengerServer).Listen()
      /opt/gopath/src/github.com/hyperledger-labs/ISS_com_Multipaxos/mirbft/messenger/peers.go:89 +0x14e
  github.com/hyperledger-labs/mirbft/protobufs._Messenger_Listen_Handler()
      /opt/gopath/src/github.com/hyperledger-labs/ISS_com_Multipaxos/mirbft/protobufs/messenger_grpc.pb.go:131 +0xe5
  google.golang.org/grpc.(*Server).processStreamingRPC()
      /root/go/pkg/mod/google.golang.org/grpc@v1.66.2/server.go:1688 +0x1fd9
  google.golang.org/grpc.(*Server).handleStream()
      /root/go/pkg/mod/google.golang.org/grpc@v1.66.2/server.go:1809 +0x17c4
  google.golang.org/grpc.(*Server).serveStreams.func2.1()
      /root/go/pkg/mod/google.golang.org/grpc@v1.66.2/server.go:1029 +0x158

Previous read at 0x00c005912210 by goroutine 554:
  runtime.mapaccess2_fast32()
      /usr/local/go/src/runtime/map_fast32.go:62 +0x0
  github.com/hyperledger-labs/mirbft/multicast.(*messengerShim).SendGroup()
      /opt/gopath/src/github.com/hyperledger-labs/ISS_com_Multipaxos/mirbft/multicast/shim_messenger.go:32 +0x55
  github.com/hyperledger-labs/mirbft/orderer.(*MultiPaxosMulticastOrderer).sendGroup()
      /opt/gopath/src/github.com/hyperledger-labs/ISS_com_Multipaxos/mirbft/orderer/multipaxosmulticastorderer.go:212 +0x196
  github.com/hyperledger-labs/mirbft/orderer.(*MultiPaxosMulticastOrderer).sendToGroupOrAll()
      /opt/gopath/src/github.com/hyperledger-labs/ISS_com_Multipaxos/mirbft/orderer/multipaxosmulticastorderer.go:196 +0xf1
  github.com/hyperledger-labs/mirbft/orderer.(*MultiPaxosMulticastOrderer).Init.func1()
      /opt/gopath/src/github.com/hyperledger-labs/ISS_com_Multipaxos/mirbft/orderer/multipaxosmulticastorderer.go:97 +0x408
  github.com/hyperledger-labs/mirbft/orderer.(*mpxInstance).onCommit()
      /opt/gopath/src/github.com/hyperledger-labs/ISS_com_Multipaxos/mirbft/orderer/multipaxosinstance.go:372 +0x1085
  github.com/hyperledger-labs/mirbft/orderer.(*mpxInstance).onAccepted()
      /opt/gopath/src/github.com/hyperledger-labs/ISS_com_Multipaxos/mirbft/orderer/multipaxosinstance.go:314 +0xe84
  github.com/hyperledger-labs/mirbft/orderer.(*mpxInstance).handleMPxMsg()
      /opt/gopath/src/github.com/hyperledger-labs/ISS_com_Multipaxos/mirbft/orderer/multipaxosinstance.go:164 +0x533
  github.com/hyperledger-labs/mirbft/orderer.(*mpxInstance).startWorkers.func1()
      /opt/gopath/src/github.com/hyperledger-labs/ISS_com_Multipaxos/mirbft/orderer/multipaxosinstance.go:113 +0xc8

Goroutine 381 (running) created at:
  google.golang.org/grpc.(*Server).serveStreams.func2()
      /root/go/pkg/mod/google.golang.org/grpc@v1.66.2/server.go:1040 +0x224
  google.golang.org/grpc/internal/transport.(*http2Server).operateHeaders()
      /root/go/pkg/mod/google.golang.org/grpc@v1.66.2/internal/transport/http2_server.go:630 +0x3881
  google.golang.org/grpc/internal/transport.(*http2Server).HandleStreams()
      /root/go/pkg/mod/google.golang.org/grpc@v1.66.2/internal/transport/http2_server.go:671 +0x415
  google.golang.org/grpc.(*Server).serveStreams()
      /root/go/pkg/mod/google.golang.org/grpc@v1.66.2/server.go:1023 +0x69b
  google.golang.org/grpc.(*Server).handleRawConn.func1()
      /root/go/pkg/mod/google.golang.org/grpc@v1.66.2/server.go:958 +0x86

Goroutine 554 (running) created at:
  github.com/hyperledger-labs/mirbft/orderer.(*mpxInstance).startWorkers()
      /opt/gopath/src/github.com/hyperledger-labs/ISS_com_Multipaxos/mirbft/orderer/multipaxosinstance.go:105 +0xad
  github.com/hyperledger-labs/mirbft/orderer.(*MultiPaxosOrderer).runSegment()
      /opt/gopath/src/github.com/hyperledger-labs/ISS_com_Multipaxos/mirbft/orderer/multipaxosorderer.go:269 +0x2ad
  github.com/hyperledger-labs/mirbft/orderer.(*MultiPaxosMulticastOrderer).Start.(*MultiPaxosOrderer).Start.func1.1()
      /opt/gopath/src/github.com/hyperledger-labs/ISS_com_Multipaxos/mirbft/orderer/multipaxosorderer.go:208 +0x24f
==================
[MC][GROUP] sn=21 gid=22 members=[0 2 1]
[MC][GROUP] sn=20 gid=21 members=[1 0 2]
[MC][GROUP] sn=22 gid=23 members=[1 0 2]
[MPX][IN ] PROMISE sn=20 from=2 members=[0 1 2 3]
[MC][GROUP] sn=23 gid=24 members=[1 0 2]
[MPX][IN ] PROMISE sn=21 from=2 members=[0 1 2 3]
[MPX][IN ] PROMISE sn=22 from=2 members=[0 1 2 3]
[MPX][CHK] ANNOUNCE sn=19 reqs=64
20:24:11.163 INF Committed entry. latency=0 nReq=64 sn=19
SB-DELIVER sn=19 size=64
COMMIT sn=19 size=64
DELIVER sn=19 delivered=64
[MPX] COMMIT  sn=19 size=64
[MPX][IN ] ACCEPTED sn=19 from=2
[MPX][QUORUM] ACCEPTED sn=19 count=4/3 digest=3c03b33a234256a1
[MPX][IN ] PREPARE sn=18 from=0
[MPX][IN ] PREPARE sn=19 from=0
[MPX][IN ] PREPARE sn=20 from=0
[MPX][IN ] PREPARE sn=17 from=0
20:24:11.167 INF [REQ] ClientRequest received -> bucket bucketID=27 clientID=0 clientSn=1119
20:24:11.168 DBG [REQ] Bucket size after enqueue bucketID=27 bucketLenApprox=0
[MPX][IN ] ACCEPTED sn=19 from=0
[MPX][IN ] ACCEPTED sn=19 from=1
[MPX][IN ] ACCEPTED sn=19 from=2
[MPX][IN ] PREPARE sn=18 from=1
[MPX][IN ] PREPARE sn=21 from=1
[MPX][IN ] PREPARE sn=20 from=1
[MPX][IN ] PREPARE sn=19 from=1
[MPX][IN ] PREPARE sn=22 from=2
[MPX][IN ] PREPARE sn=20 from=2
[MPX][IN ] PREPARE sn=19 from=2
[MPX][IN ] PREPARE sn=21 from=2
20:24:11.198 INF [REQ] ClientRequest received -> bucket bucketID=10 clientID=0 clientSn=1123
20:24:11.199 DBG [REQ] Bucket size after enqueue bucketID=10 bucketLenApprox=0
20:24:11.228 INF [REQ] ClientRequest received -> bucket bucketID=19 clientID=0 clientSn=1127
20:24:11.228 DBG [REQ] Bucket size after enqueue bucketID=19 bucketLenApprox=0
20:24:11.269 INF [REQ] ClientRequest received -> bucket bucketID=18 clientID=0 clientSn=1131
20:24:11.269 DBG [REQ] Bucket size after enqueue bucketID=18 bucketLenApprox=0
20:24:11.292 INF [REQ] ClientRequest received -> bucket bucketID=17 clientID=0 clientSn=1135
20:24:11.293 DBG [REQ] Bucket size after enqueue bucketID=17 bucketLenApprox=0
20:24:11.323 INF [REQ] ClientRequest received -> bucket bucketID=49 clientID=0 clientSn=1139
20:24:11.323 DBG [REQ] Bucket size after enqueue bucketID=49 bucketLenApprox=0
20:24:11.354 INF [REQ] ClientRequest received -> bucket bucketID=30 clientID=0 clientSn=1143
20:24:11.355 DBG [REQ] Bucket size after enqueue bucketID=30 bucketLenApprox=0
20:24:11.385 INF [REQ] ClientRequest received -> bucket bucketID=15 clientID=0 clientSn=1147
20:24:11.385 DBG [REQ] Bucket size after enqueue bucketID=15 bucketLenApprox=0
20:24:11.416 INF [REQ] ClientRequest received -> bucket bucketID=38 clientID=0 clientSn=1151
20:24:11.416 DBG [REQ] Bucket size after enqueue bucketID=38 bucketLenApprox=0
[MPX][IN ] ACCEPT sn=19 from=0 gid=19
[MPX][QUORUM] ACCEPT sn=19 acceptCount=4 quorum=3 digest=3c03b33a234256a1
[MPX][NET] SKIP Accepted sn=19 (leader=self)
[MPX][IN ] ACCEPTED sn=19 from=2
[MPX][IN ] ACCEPTED sn=19 from=0
[MPX][IN ] ACCEPTED sn=19 from=1
[MPX][IN ] ACCEPT sn=19 from=1 gid=19
[MPX][QUORUM] ACCEPT sn=19 acceptCount=4 quorum=3 digest=3c03b33a234256a1
[MPX][NET] SEND Accepted sn=19 → leader=1 (unicast)
20:24:11.447 INF [REQ] ClientRequest received -> bucket bucketID=6 clientID=0 clientSn=1155
20:24:11.447 DBG [REQ] Bucket size after enqueue bucketID=6 bucketLenApprox=0
20:24:11.478 INF [REQ] ClientRequest received -> bucket bucketID=8 clientID=0 clientSn=1159
20:24:11.478 DBG [REQ] Bucket size after enqueue bucketID=8 bucketLenApprox=0
20:24:11.511 INF [REQ] ClientRequest received -> bucket bucketID=21 clientID=0 clientSn=1163
20:24:11.511 DBG [REQ] Bucket size after enqueue bucketID=21 bucketLenApprox=0
20:24:11.540 INF [REQ] ClientRequest received -> bucket bucketID=52 clientID=0 clientSn=1167
20:24:11.541 DBG [REQ] Bucket size after enqueue bucketID=52 bucketLenApprox=0
20:24:11.572 INF [REQ] ClientRequest received -> bucket bucketID=58 clientID=0 clientSn=1171
20:24:11.572 DBG [REQ] Bucket size after enqueue bucketID=58 bucketLenApprox=0
20:24:11.603 INF [REQ] ClientRequest received -> bucket bucketID=36 clientID=0 clientSn=1175
20:24:11.604 DBG [REQ] Bucket size after enqueue bucketID=36 bucketLenApprox=0
20:24:11.635 INF [REQ] ClientRequest received -> bucket bucketID=55 clientID=0 clientSn=1179
20:24:11.636 DBG [REQ] Bucket size after enqueue bucketID=55 bucketLenApprox=1
20:24:11.667 INF [REQ] ClientRequest received -> bucket bucketID=16 clientID=0 clientSn=1183
20:24:11.667 DBG [REQ] Bucket size after enqueue bucketID=16 bucketLenApprox=0
20:24:11.698 INF [REQ] ClientRequest received -> bucket bucketID=44 clientID=0 clientSn=1187
20:24:11.698 DBG [REQ] Bucket size after enqueue bucketID=44 bucketLenApprox=0
20:24:11.729 INF [REQ] ClientRequest received -> bucket bucketID=40 clientID=0 clientSn=1191
20:24:11.729 DBG [REQ] Bucket size after enqueue bucketID=40 bucketLenApprox=0
20:24:11.760 INF [REQ] ClientRequest received -> bucket bucketID=9 clientID=0 clientSn=1195
20:24:11.760 DBG [REQ] Bucket size after enqueue bucketID=9 bucketLenApprox=0
20:24:11.791 INF [REQ] ClientRequest received -> bucket bucketID=22 clientID=0 clientSn=1199
20:24:11.792 DBG [REQ] Bucket size after enqueue bucketID=22 bucketLenApprox=0
20:24:11.823 INF [REQ] ClientRequest received -> bucket bucketID=39 clientID=0 clientSn=1203
20:24:11.823 DBG [REQ] Bucket size after enqueue bucketID=39 bucketLenApprox=2
20:24:11.854 INF [REQ] ClientRequest received -> bucket bucketID=5 clientID=0 clientSn=1207
20:24:11.854 DBG [REQ] Bucket size after enqueue bucketID=5 bucketLenApprox=0
20:24:11.885 INF [REQ] ClientRequest received -> bucket bucketID=36 clientID=0 clientSn=1211
20:24:11.885 DBG [REQ] Bucket size after enqueue bucketID=36 bucketLenApprox=0
20:24:11.916 INF [REQ] ClientRequest received -> bucket bucketID=50 clientID=0 clientSn=1215
20:24:11.916 DBG [REQ] Bucket size after enqueue bucketID=50 bucketLenApprox=0
20:24:11.948 INF [REQ] ClientRequest received -> bucket bucketID=41 clientID=0 clientSn=1219
20:24:11.948 DBG [REQ] Bucket size after enqueue bucketID=41 bucketLenApprox=0
20:24:11.979 INF [REQ] ClientRequest received -> bucket bucketID=27 clientID=0 clientSn=1223
20:24:11.979 DBG [REQ] Bucket size after enqueue bucketID=27 bucketLenApprox=1
20:24:12.011 INF [REQ] ClientRequest received -> bucket bucketID=28 clientID=0 clientSn=1227
20:24:12.011 DBG [REQ] Bucket size after enqueue bucketID=28 bucketLenApprox=0
20:24:12.040 INF [REQ] ClientRequest received -> bucket bucketID=49 clientID=0 clientSn=1231
20:24:12.041 DBG [REQ] Bucket size after enqueue bucketID=49 bucketLenApprox=0
20:24:12.072 INF [REQ] ClientRequest received -> bucket bucketID=45 clientID=0 clientSn=1235
20:24:12.072 DBG [REQ] Bucket size after enqueue bucketID=45 bucketLenApprox=0
20:24:12.104 INF [REQ] ClientRequest received -> bucket bucketID=50 clientID=0 clientSn=1239
20:24:12.104 DBG [REQ] Bucket size after enqueue bucketID=50 bucketLenApprox=0
20:24:12.135 INF [REQ] ClientRequest received -> bucket bucketID=23 clientID=0 clientSn=1243
20:24:12.136 DBG [REQ] Bucket size after enqueue bucketID=23 bucketLenApprox=2
20:24:12.167 INF [REQ] ClientRequest received -> bucket bucketID=20 clientID=0 clientSn=1247
20:24:12.167 DBG [REQ] Bucket size after enqueue bucketID=20 bucketLenApprox=0
20:24:12.198 INF [REQ] ClientRequest received -> bucket bucketID=16 clientID=0 clientSn=1251
20:24:12.198 DBG [REQ] Bucket size after enqueue bucketID=16 bucketLenApprox=0
20:24:12.229 INF [REQ] ClientRequest received -> bucket bucketID=11 clientID=0 clientSn=1255
20:24:12.229 DBG [REQ] Bucket size after enqueue bucketID=11 bucketLenApprox=2
20:24:12.260 INF [REQ] ClientRequest received -> bucket bucketID=21 clientID=0 clientSn=1259
20:24:12.260 DBG [REQ] Bucket size after enqueue bucketID=21 bucketLenApprox=0
20:24:12.291 INF [REQ] ClientRequest received -> bucket bucketID=11 clientID=0 clientSn=1263
20:24:12.291 DBG [REQ] Bucket size after enqueue bucketID=11 bucketLenApprox=2
20:24:12.322 INF [REQ] ClientRequest received -> bucket bucketID=39 clientID=0 clientSn=1267
20:24:12.322 DBG [REQ] Bucket size after enqueue bucketID=39 bucketLenApprox=3
20:24:12.353 INF [REQ] ClientRequest received -> bucket bucketID=21 clientID=0 clientSn=1271
20:24:12.353 DBG [REQ] Bucket size after enqueue bucketID=21 bucketLenApprox=0
20:24:12.385 INF [REQ] ClientRequest received -> bucket bucketID=21 clientID=0 clientSn=1275
20:24:12.385 DBG [REQ] Bucket size after enqueue bucketID=21 bucketLenApprox=0
20:24:12.416 INF [REQ] ClientRequest received -> bucket bucketID=49 clientID=0 clientSn=1279
20:24:12.416 DBG [REQ] Bucket size after enqueue bucketID=49 bucketLenApprox=0
20:24:12.448 INF [REQ] ClientRequest received -> bucket bucketID=28 clientID=0 clientSn=1283
20:24:12.448 DBG [REQ] Bucket size after enqueue bucketID=28 bucketLenApprox=0
20:24:12.479 INF [REQ] ClientRequest received -> bucket bucketID=9 clientID=0 clientSn=1287
20:24:12.480 DBG [REQ] Bucket size after enqueue bucketID=9 bucketLenApprox=0
20:24:12.510 INF [REQ] ClientRequest received -> bucket bucketID=7 clientID=0 clientSn=1291
20:24:12.510 DBG [REQ] Bucket size after enqueue bucketID=7 bucketLenApprox=3
20:24:12.541 INF [REQ] ClientRequest received -> bucket bucketID=4 clientID=0 clientSn=1295
20:24:12.541 DBG [REQ] Bucket size after enqueue bucketID=4 bucketLenApprox=0
20:24:12.572 INF [REQ] ClientRequest received -> bucket bucketID=32 clientID=0 clientSn=1299
20:24:12.572 DBG [REQ] Bucket size after enqueue bucketID=32 bucketLenApprox=0
20:24:12.604 INF [REQ] ClientRequest received -> bucket bucketID=41 clientID=0 clientSn=1303
20:24:12.604 DBG [REQ] Bucket size after enqueue bucketID=41 bucketLenApprox=0
20:24:12.635 INF [REQ] ClientRequest received -> bucket bucketID=2 clientID=0 clientSn=1307
20:24:12.635 DBG [REQ] Bucket size after enqueue bucketID=2 bucketLenApprox=0
20:24:12.666 INF [REQ] ClientRequest received -> bucket bucketID=31 clientID=0 clientSn=1311
20:24:12.666 DBG [REQ] Bucket size after enqueue bucketID=31 bucketLenApprox=3
20:24:12.697 INF [REQ] ClientRequest received -> bucket bucketID=7 clientID=0 clientSn=1315
20:24:12.698 DBG [REQ] Bucket size after enqueue bucketID=7 bucketLenApprox=3
20:24:12.729 INF [REQ] ClientRequest received -> bucket bucketID=43 clientID=0 clientSn=1319
20:24:12.729 DBG [REQ] Bucket size after enqueue bucketID=43 bucketLenApprox=3
20:24:12.760 INF [REQ] ClientRequest received -> bucket bucketID=46 clientID=0 clientSn=1323
20:24:12.760 DBG [REQ] Bucket size after enqueue bucketID=46 bucketLenApprox=0
20:24:12.791 INF [REQ] ClientRequest received -> bucket bucketID=8 clientID=0 clientSn=1327
20:24:12.791 DBG [REQ] Bucket size after enqueue bucketID=8 bucketLenApprox=0
20:24:12.822 INF [REQ] ClientRequest received -> bucket bucketID=54 clientID=0 clientSn=1331
20:24:12.823 DBG [REQ] Bucket size after enqueue bucketID=54 bucketLenApprox=0
20:24:12.854 INF [REQ] ClientRequest received -> bucket bucketID=16 clientID=0 clientSn=1335
20:24:12.854 DBG [REQ] Bucket size after enqueue bucketID=16 bucketLenApprox=0
20:24:12.885 INF [REQ] ClientRequest received -> bucket bucketID=35 clientID=0 clientSn=1339
20:24:12.885 DBG [REQ] Bucket size after enqueue bucketID=35 bucketLenApprox=4
20:24:12.916 INF [REQ] ClientRequest received -> bucket bucketID=53 clientID=0 clientSn=1343
20:24:12.916 DBG [REQ] Bucket size after enqueue bucketID=53 bucketLenApprox=0
20:24:12.948 INF [REQ] ClientRequest received -> bucket bucketID=46 clientID=0 clientSn=1347
20:24:12.948 DBG [REQ] Bucket size after enqueue bucketID=46 bucketLenApprox=0
20:24:12.979 INF [REQ] ClientRequest received -> bucket bucketID=49 clientID=0 clientSn=1351
20:24:12.979 DBG [REQ] Bucket size after enqueue bucketID=49 bucketLenApprox=0
20:24:13.010 INF [REQ] ClientRequest received -> bucket bucketID=36 clientID=0 clientSn=1355
20:24:13.010 DBG [REQ] Bucket size after enqueue bucketID=36 bucketLenApprox=0
20:24:13.041 INF [REQ] ClientRequest received -> bucket bucketID=7 clientID=0 clientSn=1359
20:24:13.041 DBG [REQ] Bucket size after enqueue bucketID=7 bucketLenApprox=4
20:24:13.072 INF [REQ] ClientRequest received -> bucket bucketID=39 clientID=0 clientSn=1363
20:24:13.072 DBG [REQ] Bucket size after enqueue bucketID=39 bucketLenApprox=4
20:24:13.104 INF [REQ] ClientRequest received -> bucket bucketID=24 clientID=0 clientSn=1367
20:24:13.104 DBG [REQ] Bucket size after enqueue bucketID=24 bucketLenApprox=0
20:24:13.135 INF [REQ] ClientRequest received -> bucket bucketID=12 clientID=0 clientSn=1371
20:24:13.135 DBG [REQ] Bucket size after enqueue bucketID=12 bucketLenApprox=0
20:24:13.160 DBG Batch cut. left=0 nBuckets=16 nReq=64 next=0
PROPOSE sn=23 size=64
[MPX][NET] SEND Accept sn=23 bytes=37373 gid=23 digest=d5ac4f0bf3de9c2d
[MC][SEND] kind=Accept sn=23 gid=24 (group)
[MPX] PROPOSE sn=23 size=64
[MPX][NET] SEND Prepare sn=24
[MC][SEND] kind=Prepare sn=24 gid=0 dst=ALL
20:24:13.161 DBG Batch cut. left=0 nBuckets=16 nReq=0 next=0
[MPX][NET] SEND Prepare sn=25
[MC][SEND] kind=Prepare sn=25 gid=0 dst=ALL
[MPX][IN ] PROMISE sn=23 from=1 members=[0 1 2 3]
[MPX][IN ] PROMISE sn=23 from=0 members=[0 1 2 3]
[MPX][IN ] PROMISE sn=23 from=2 members=[0 1 2 3]
20:24:13.161 DBG Batch cut. left=0 nBuckets=16 nReq=0 next=0
[MPX][NET] SEND Prepare sn=26
[MC][SEND] kind=Prepare sn=26 gid=0 dst=ALL
20:24:13.161 DBG Batch cut. left=0 nBuckets=16 nReq=0 next=0
[MPX][NET] SEND Prepare sn=27
[MC][SEND] kind=Prepare sn=27 gid=0 dst=ALL
20:24:13.162 WRN MPX handles message from self. sn=24
[MPX][IN ] PREPARE sn=24 from=3
20:24:13.162 WRN MPX handles message from self. sn=25
20:24:13.163 WRN MPX handles message from self. sn=26
[MPX][IN ] PREPARE sn=25 from=3
[MPX][IN ] PREPARE sn=26 from=3
20:24:13.163 WRN MPX handles message from self. sn=27
[MPX][IN ] PREPARE sn=27 from=3
[MPX][IN ] PROMISE sn=26 from=2 members=[0 1 2 3]
[MPX][IN ] PROMISE sn=24 from=2 members=[0 1 2 3]
[MPX][IN ] PROMISE sn=25 from=2 members=[0 1 2 3]
[MPX][IN ] ACCEPTED sn=23 from=2
[MPX][QUORUM] ACCEPTED sn=23 count=2/3 digest=d5ac4f0bf3de9c2d
[MPX][IN ] ACCEPTED sn=23 from=0
[MPX][IN ] PROMISE sn=25 from=0 members=[0 1 2 3]
[MPX][QUORUM] ACCEPTED sn=23 count=3/3 digest=d5ac4f0bf3de9c2d
[MPX][QUORUM] MAJORITY REACHED sn=23 → COMMIT digest=d5ac4f0bf3de9c2d
[MPX][IN ] PROMISE sn=26 from=0 members=[0 1 2 3]
[MPX][IN ] PROMISE sn=24 from=0 members=[0 1 2 3]
[MPX][NET] SEND Commit sn=23 gid=23 digest=d5ac4f0bf3de9c2d
[MC][SEND] kind=Commit sn=23 gid=24 (group)
[MPX][NET] GOSSIP Commit sn=23 gid=23 digest=d5ac4f0bf3de9c2d
[MC][SEND] kind=Commit sn=23 gid=24 (group)
20:24:13.166 INF [REQ] ClientRequest received -> bucket bucketID=47 clientID=0 clientSn=1375
20:24:13.166 DBG [REQ] Bucket size after enqueue bucketID=47 bucketLenApprox=0
[MPX][CHK] ANNOUNCE sn=23 reqs=64
[MC][GROUP] sn=24 gid=25 members=[0 1 2]
[MC][GROUP] sn=27 gid=28 members=[0 1 2]
[MC][GROUP] sn=25 gid=26 members=[0 1 2]
[MC][GROUP] sn=26 gid=27 members=[2 0 1]
[MPX][IN ] PROMISE sn=25 from=1 members=[0 1 2 3]
[MPX][IN ] PROMISE sn=24 from=1 members=[0 1 2 3]
[MPX][IN ] PROMISE sn=26 from=1 members=[0 1 2 3]
20:24:13.167 INF Committed entry. latency=0 nReq=64 sn=23
SB-DELIVER sn=23 size=64
COMMIT sn=23 size=64
DELIVER sn=23 delivered=64
[MPX] COMMIT  sn=23 size=64
[MPX][IN ] ACCEPTED sn=23 from=1
[MPX][QUORUM] ACCEPTED sn=23 count=4/3 digest=d5ac4f0bf3de9c2d
[MPX][IN ] PREPARE sn=23 from=0
[MPX][IN ] PREPARE sn=22 from=0
[MPX][IN ] PREPARE sn=21 from=0
[MPX][IN ] PREPARE sn=24 from=0
[MPX][IN ] ACCEPTED sn=23 from=2
[MPX][IN ] ACCEPTED sn=23 from=1
[MPX][IN ] ACCEPTED sn=23 from=0
[MPX][IN ] PREPARE sn=22 from=1
[MPX][IN ] PREPARE sn=23 from=1
[MPX][IN ] PREPARE sn=24 from=1
[MPX][IN ] PREPARE sn=25 from=1
20:24:13.198 INF [REQ] ClientRequest received -> bucket bucketID=35 clientID=0 clientSn=1379
20:24:13.198 DBG [REQ] Bucket size after enqueue bucketID=35 bucketLenApprox=0
[MPX][IN ] PREPARE sn=25 from=2
[MPX][IN ] PREPARE sn=23 from=2
[MPX][IN ] PREPARE sn=26 from=2
[MPX][IN ] PREPARE sn=24 from=2
20:24:13.229 INF [REQ] ClientRequest received -> bucket bucketID=46 clientID=0 clientSn=1383
20:24:13.229 DBG [REQ] Bucket size after enqueue bucketID=46 bucketLenApprox=0
20:24:13.261 INF [REQ] ClientRequest received -> bucket bucketID=53 clientID=0 clientSn=1387
20:24:13.262 DBG [REQ] Bucket size after enqueue bucketID=53 bucketLenApprox=0
20:24:13.291 INF [REQ] ClientRequest received -> bucket bucketID=50 clientID=0 clientSn=1391
20:24:13.292 DBG [REQ] Bucket size after enqueue bucketID=50 bucketLenApprox=0
20:24:13.322 INF [REQ] ClientRequest received -> bucket bucketID=52 clientID=0 clientSn=1395
20:24:13.323 DBG [REQ] Bucket size after enqueue bucketID=52 bucketLenApprox=0
20:24:13.353 INF [REQ] ClientRequest received -> bucket bucketID=12 clientID=0 clientSn=1399
20:24:13.353 DBG [REQ] Bucket size after enqueue bucketID=12 bucketLenApprox=0
20:24:13.385 INF [REQ] ClientRequest received -> bucket bucketID=5 clientID=0 clientSn=1403
20:24:13.385 DBG [REQ] Bucket size after enqueue bucketID=5 bucketLenApprox=0
20:24:13.416 INF [REQ] ClientRequest received -> bucket bucketID=30 clientID=0 clientSn=1407
20:24:13.416 DBG [REQ] Bucket size after enqueue bucketID=30 bucketLenApprox=0
[MPX][IN ] ACCEPT sn=23 from=0 gid=23
[MPX][QUORUM] ACCEPT sn=23 acceptCount=4 quorum=3 digest=d5ac4f0bf3de9c2d
[MPX][NET] SKIP Accepted sn=23 (leader=self)
[MPX][IN ] ACCEPTED sn=23 from=0
[MPX][IN ] ACCEPTED sn=23 from=2
[MPX][IN ] ACCEPTED sn=23 from=1
20:24:13.447 INF [REQ] ClientRequest received -> bucket bucketID=18 clientID=0 clientSn=1411
20:24:13.447 DBG [REQ] Bucket size after enqueue bucketID=18 bucketLenApprox=0
20:24:13.478 INF [REQ] ClientRequest received -> bucket bucketID=41 clientID=0 clientSn=1415
20:24:13.478 DBG [REQ] Bucket size after enqueue bucketID=41 bucketLenApprox=0
20:24:13.510 INF [REQ] ClientRequest received -> bucket bucketID=46 clientID=0 clientSn=1419
20:24:13.510 DBG [REQ] Bucket size after enqueue bucketID=46 bucketLenApprox=0
20:24:13.541 INF [REQ] ClientRequest received -> bucket bucketID=15 clientID=0 clientSn=1423
20:24:13.541 DBG [REQ] Bucket size after enqueue bucketID=15 bucketLenApprox=0
20:24:13.572 INF [REQ] ClientRequest received -> bucket bucketID=34 clientID=0 clientSn=1427
20:24:13.572 DBG [REQ] Bucket size after enqueue bucketID=34 bucketLenApprox=0
20:24:13.604 INF [REQ] ClientRequest received -> bucket bucketID=60 clientID=0 clientSn=1431
20:24:13.604 DBG [REQ] Bucket size after enqueue bucketID=60 bucketLenApprox=0
20:24:13.634 INF [REQ] ClientRequest received -> bucket bucketID=0 clientID=0 clientSn=1435
20:24:13.635 DBG [REQ] Bucket size after enqueue bucketID=0 bucketLenApprox=0
20:24:13.667 INF [REQ] ClientRequest received -> bucket bucketID=40 clientID=0 clientSn=1439
20:24:13.667 DBG [REQ] Bucket size after enqueue bucketID=40 bucketLenApprox=0
20:24:13.697 INF [REQ] ClientRequest received -> bucket bucketID=55 clientID=0 clientSn=1443
20:24:13.697 DBG [REQ] Bucket size after enqueue bucketID=55 bucketLenApprox=1
20:24:13.728 INF [REQ] ClientRequest received -> bucket bucketID=5 clientID=0 clientSn=1447
20:24:13.728 DBG [REQ] Bucket size after enqueue bucketID=5 bucketLenApprox=0
20:24:13.760 INF [REQ] ClientRequest received -> bucket bucketID=16 clientID=0 clientSn=1451
20:24:13.760 DBG [REQ] Bucket size after enqueue bucketID=16 bucketLenApprox=0
20:24:13.792 INF [REQ] ClientRequest received -> bucket bucketID=61 clientID=0 clientSn=1455
20:24:13.792 DBG [REQ] Bucket size after enqueue bucketID=61 bucketLenApprox=0
20:24:13.822 INF [REQ] ClientRequest received -> bucket bucketID=63 clientID=0 clientSn=1459
20:24:13.822 DBG [REQ] Bucket size after enqueue bucketID=63 bucketLenApprox=1
20:24:13.854 INF [REQ] ClientRequest received -> bucket bucketID=34 clientID=0 clientSn=1463
20:24:13.854 DBG [REQ] Bucket size after enqueue bucketID=34 bucketLenApprox=0
20:24:13.885 INF [REQ] ClientRequest received -> bucket bucketID=21 clientID=0 clientSn=1467
20:24:13.885 DBG [REQ] Bucket size after enqueue bucketID=21 bucketLenApprox=0
20:24:13.916 INF [REQ] ClientRequest received -> bucket bucketID=7 clientID=0 clientSn=1471
20:24:13.917 DBG [REQ] Bucket size after enqueue bucketID=7 bucketLenApprox=1
20:24:13.948 INF [REQ] ClientRequest received -> bucket bucketID=27 clientID=0 clientSn=1475
20:24:13.948 DBG [REQ] Bucket size after enqueue bucketID=27 bucketLenApprox=1
20:24:13.978 INF [REQ] ClientRequest received -> bucket bucketID=21 clientID=0 clientSn=1479
20:24:13.978 DBG [REQ] Bucket size after enqueue bucketID=21 bucketLenApprox=0
20:24:14.010 INF [REQ] ClientRequest received -> bucket bucketID=39 clientID=0 clientSn=1483
20:24:14.011 DBG [REQ] Bucket size after enqueue bucketID=39 bucketLenApprox=2
20:24:14.041 INF [REQ] ClientRequest received -> bucket bucketID=56 clientID=0 clientSn=1487
20:24:14.041 DBG [REQ] Bucket size after enqueue bucketID=56 bucketLenApprox=0
20:24:14.072 INF [REQ] ClientRequest received -> bucket bucketID=41 clientID=0 clientSn=1491
20:24:14.072 DBG [REQ] Bucket size after enqueue bucketID=41 bucketLenApprox=0
20:24:14.103 INF [REQ] ClientRequest received -> bucket bucketID=37 clientID=0 clientSn=1495
20:24:14.103 DBG [REQ] Bucket size after enqueue bucketID=37 bucketLenApprox=0
20:24:14.135 INF [REQ] ClientRequest received -> bucket bucketID=28 clientID=0 clientSn=1499
20:24:14.135 DBG [REQ] Bucket size after enqueue bucketID=28 bucketLenApprox=0
20:24:14.166 INF [REQ] ClientRequest received -> bucket bucketID=24 clientID=0 clientSn=1503
20:24:14.166 DBG [REQ] Bucket size after enqueue bucketID=24 bucketLenApprox=0
20:24:14.197 INF [REQ] ClientRequest received -> bucket bucketID=19 clientID=0 clientSn=1507
20:24:14.197 DBG [REQ] Bucket size after enqueue bucketID=19 bucketLenApprox=2
20:24:14.228 INF [REQ] ClientRequest received -> bucket bucketID=59 clientID=0 clientSn=1511
20:24:14.229 DBG [REQ] Bucket size after enqueue bucketID=59 bucketLenApprox=2
20:24:14.259 INF [REQ] ClientRequest received -> bucket bucketID=18 clientID=0 clientSn=1515
20:24:14.259 DBG [REQ] Bucket size after enqueue bucketID=18 bucketLenApprox=0
20:24:14.291 INF [REQ] ClientRequest received -> bucket bucketID=18 clientID=0 clientSn=1519
20:24:14.291 DBG [REQ] Bucket size after enqueue bucketID=18 bucketLenApprox=0
20:24:14.322 INF [REQ] ClientRequest received -> bucket bucketID=44 clientID=0 clientSn=1523
20:24:14.322 DBG [REQ] Bucket size after enqueue bucketID=44 bucketLenApprox=0
20:24:14.353 INF [REQ] ClientRequest received -> bucket bucketID=31 clientID=0 clientSn=1527
20:24:14.353 DBG [REQ] Bucket size after enqueue bucketID=31 bucketLenApprox=3
20:24:14.384 INF [REQ] ClientRequest received -> bucket bucketID=15 clientID=0 clientSn=1531
20:24:14.385 DBG [REQ] Bucket size after enqueue bucketID=15 bucketLenApprox=2
20:24:14.417 INF [REQ] ClientRequest received -> bucket bucketID=35 clientID=0 clientSn=1535
20:24:14.417 DBG [REQ] Bucket size after enqueue bucketID=35 bucketLenApprox=3
20:24:14.447 INF [REQ] ClientRequest received -> bucket bucketID=6 clientID=0 clientSn=1539
20:24:14.447 DBG [REQ] Bucket size after enqueue bucketID=6 bucketLenApprox=0
20:24:14.478 INF [REQ] ClientRequest received -> bucket bucketID=35 clientID=0 clientSn=1543
20:24:14.479 DBG [REQ] Bucket size after enqueue bucketID=35 bucketLenApprox=3
20:24:14.510 INF [REQ] ClientRequest received -> bucket bucketID=19 clientID=0 clientSn=1547
20:24:14.510 DBG [REQ] Bucket size after enqueue bucketID=19 bucketLenApprox=2
20:24:14.540 INF [REQ] ClientRequest received -> bucket bucketID=61 clientID=0 clientSn=1551
20:24:14.540 DBG [REQ] Bucket size after enqueue bucketID=61 bucketLenApprox=0
20:24:14.572 INF [REQ] ClientRequest received -> bucket bucketID=28 clientID=0 clientSn=1555
20:24:14.572 DBG [REQ] Bucket size after enqueue bucketID=28 bucketLenApprox=0
20:24:14.603 INF [REQ] ClientRequest received -> bucket bucketID=4 clientID=0 clientSn=1559
20:24:14.603 DBG [REQ] Bucket size after enqueue bucketID=4 bucketLenApprox=0
20:24:14.635 INF [REQ] ClientRequest received -> bucket bucketID=44 clientID=0 clientSn=1563
20:24:14.635 DBG [REQ] Bucket size after enqueue bucketID=44 bucketLenApprox=0
20:24:14.666 INF [REQ] ClientRequest received -> bucket bucketID=24 clientID=0 clientSn=1567
20:24:14.666 DBG [REQ] Bucket size after enqueue bucketID=24 bucketLenApprox=0
20:24:14.697 INF [REQ] ClientRequest received -> bucket bucketID=0 clientID=0 clientSn=1571
20:24:14.698 DBG [REQ] Bucket size after enqueue bucketID=0 bucketLenApprox=0
20:24:14.728 INF [REQ] ClientRequest received -> bucket bucketID=58 clientID=0 clientSn=1575
20:24:14.729 DBG [REQ] Bucket size after enqueue bucketID=58 bucketLenApprox=0
20:24:14.760 INF [REQ] ClientRequest received -> bucket bucketID=14 clientID=0 clientSn=1579
20:24:14.760 DBG [REQ] Bucket size after enqueue bucketID=14 bucketLenApprox=0
20:24:14.791 INF [REQ] ClientRequest received -> bucket bucketID=63 clientID=0 clientSn=1583
20:24:14.791 DBG [REQ] Bucket size after enqueue bucketID=63 bucketLenApprox=3
20:24:14.822 INF [REQ] ClientRequest received -> bucket bucketID=63 clientID=0 clientSn=1587
20:24:14.822 DBG [REQ] Bucket size after enqueue bucketID=63 bucketLenApprox=3
20:24:14.853 INF [REQ] ClientRequest received -> bucket bucketID=56 clientID=0 clientSn=1591
20:24:14.853 DBG [REQ] Bucket size after enqueue bucketID=56 bucketLenApprox=0
20:24:14.884 INF [REQ] ClientRequest received -> bucket bucketID=14 clientID=0 clientSn=1595
20:24:14.885 DBG [REQ] Bucket size after enqueue bucketID=14 bucketLenApprox=0
20:24:14.916 INF [REQ] ClientRequest received -> bucket bucketID=34 clientID=0 clientSn=1599
20:24:14.916 DBG [REQ] Bucket size after enqueue bucketID=34 bucketLenApprox=0
20:24:14.947 INF [REQ] ClientRequest received -> bucket bucketID=46 clientID=0 clientSn=1603
20:24:14.948 DBG [REQ] Bucket size after enqueue bucketID=46 bucketLenApprox=0
20:24:14.978 INF [REQ] ClientRequest received -> bucket bucketID=57 clientID=0 clientSn=1607
20:24:14.979 DBG [REQ] Bucket size after enqueue bucketID=57 bucketLenApprox=0
20:24:15.009 INF [REQ] ClientRequest received -> bucket bucketID=29 clientID=0 clientSn=1611
20:24:15.010 DBG [REQ] Bucket size after enqueue bucketID=29 bucketLenApprox=0
20:24:15.041 INF [REQ] ClientRequest received -> bucket bucketID=13 clientID=0 clientSn=1615
20:24:15.041 DBG [REQ] Bucket size after enqueue bucketID=13 bucketLenApprox=0
20:24:15.072 INF [REQ] ClientRequest received -> bucket bucketID=27 clientID=0 clientSn=1619
20:24:15.073 DBG [REQ] Bucket size after enqueue bucketID=27 bucketLenApprox=3
20:24:15.104 INF [REQ] ClientRequest received -> bucket bucketID=50 clientID=0 clientSn=1623
20:24:15.104 DBG [REQ] Bucket size after enqueue bucketID=50 bucketLenApprox=0
20:24:15.135 INF [REQ] ClientRequest received -> bucket bucketID=4 clientID=0 clientSn=1627
20:24:15.135 DBG [REQ] Bucket size after enqueue bucketID=4 bucketLenApprox=0
20:24:15.162 DBG Batch cut. left=0 nBuckets=16 nReq=64 next=0
PROPOSE sn=27 size=64
[MPX][NET] SEND Accept sn=27 bytes=37372 gid=27 digest=428e6c694f5edebe
[MC][SEND] kind=Accept sn=27 gid=28 (group)
[MPX] PROPOSE sn=27 size=64
[MPX][NET] SEND Prepare sn=28
[MC][SEND] kind=Prepare sn=28 gid=0 dst=ALL
[MPX][IN ] PROMISE sn=27 from=2 members=[0 1 2 3]
20:24:15.163 DBG Batch cut. left=0 nBuckets=16 nReq=0 next=0
[MPX][IN ] PROMISE sn=27 from=0 members=[0 1 2 3]
[MPX][IN ] PROMISE sn=27 from=1 members=[0 1 2 3]
[MPX][NET] SEND Prepare sn=29
[MC][SEND] kind=Prepare sn=29 gid=0 dst=ALL
20:24:15.164 DBG Batch cut. left=0 nBuckets=16 nReq=0 next=0
[MPX][NET] SEND Prepare sn=30
[MC][SEND] kind=Prepare sn=30 gid=0 dst=ALL
20:24:15.164 DBG Batch cut. left=0 nBuckets=16 nReq=0 next=0
[MPX][NET] SEND Prepare sn=31
[MC][SEND] kind=Prepare sn=31 gid=0 dst=ALL
20:24:15.164 WRN MPX handles message from self. sn=28
[MPX][IN ] PREPARE sn=28 from=3
20:24:15.165 WRN MPX handles message from self. sn=29
[MPX][IN ] PREPARE sn=29 from=3
20:24:15.165 WRN MPX handles message from self. sn=30
[MPX][IN ] PREPARE sn=30 from=3
20:24:15.165 WRN MPX handles message from self. sn=31
[MPX][IN ] PREPARE sn=31 from=3
[MPX][IN ] PROMISE sn=29 from=1 members=[0 1 2 3]
[MPX][IN ] PROMISE sn=30 from=1 members=[0 1 2 3]
[MPX][IN ] PROMISE sn=30 from=0 members=[0 1 2 3]
[MPX][IN ] PROMISE sn=29 from=0 members=[0 1 2 3]
[MC][GROUP] sn=31 gid=32 members=[1 0 2]
[MC][GROUP] sn=29 gid=30 members=[0 2 1]
[MC][GROUP] sn=30 gid=31 members=[2 1 0]
[MPX][IN ] PROMISE sn=29 from=2 members=[0 1 2 3]
[MPX][IN ] PROMISE sn=30 from=2 members=[0 1 2 3]
[MPX][IN ] ACCEPTED sn=27 from=0
[MPX][QUORUM] ACCEPTED sn=27 count=2/3 digest=428e6c694f5edebe
[MPX][IN ] ACCEPTED sn=27 from=1
[MPX][QUORUM] ACCEPTED sn=27 count=3/3 digest=428e6c694f5edebe
[MPX][QUORUM] MAJORITY REACHED sn=27 → COMMIT digest=428e6c694f5edebe
[MPX][NET] SEND Commit sn=27 gid=27 digest=428e6c694f5edebe
20:24:15.169 INF [REQ] ClientRequest received -> bucket bucketID=16 clientID=0 clientSn=1631
[MC][SEND] kind=Commit sn=27 gid=28 (group)
[MPX][NET] GOSSIP Commit sn=27 gid=27 digest=428e6c694f5edebe
[MPX][IN ] PROMISE sn=28 from=2 members=[0 1 2 3]
[MC][SEND] kind=Commit sn=27 gid=28 (group)
20:24:15.169 DBG [REQ] Bucket size after enqueue bucketID=16 bucketLenApprox=0
[MPX][IN ] PROMISE sn=28 from=1 members=[0 1 2 3]
[MC][GROUP] sn=28 gid=29 members=[1 2 0]
[MPX][IN ] PROMISE sn=28 from=0 members=[0 1 2 3]
[MPX][CHK] ANNOUNCE sn=27 reqs=64
[MPX][IN ] PREPARE sn=25 from=0
[MPX][IN ] PREPARE sn=26 from=0
20:24:15.171 INF Committed entry. latency=0 nReq=64 sn=27
SB-DELIVER sn=27 size=64
COMMIT sn=27 size=64
DELIVER sn=27 delivered=64
[MPX] COMMIT  sn=27 size=64
[MPX][IN ] ACCEPTED sn=27 from=2
[MPX][QUORUM] ACCEPTED sn=27 count=4/3 digest=428e6c694f5edebe
[MPX][IN ] PREPARE sn=28 from=0
[MPX][IN ] PREPARE sn=27 from=0
[MPX][IN ] ACCEPTED sn=27 from=1
[MPX][IN ] ACCEPTED sn=27 from=2
[MPX][IN ] ACCEPTED sn=27 from=0
[MPX][IN ] PREPARE sn=26 from=1
[MPX][IN ] PREPARE sn=28 from=1
[MPX][IN ] PREPARE sn=27 from=1
[MPX][IN ] PREPARE sn=29 from=1
20:24:15.200 INF [REQ] ClientRequest received -> bucket bucketID=22 clientID=0 clientSn=1635
20:24:15.200 DBG [REQ] Bucket size after enqueue bucketID=22 bucketLenApprox=0
[MPX][IN ] PREPARE sn=30 from=2
[MPX][IN ] PREPARE sn=27 from=2
[MPX][IN ] PREPARE sn=29 from=2
[MPX][IN ] PREPARE sn=28 from=2
20:24:15.230 INF [REQ] ClientRequest received -> bucket bucketID=51 clientID=0 clientSn=1639
20:24:15.231 DBG [REQ] Bucket size after enqueue bucketID=51 bucketLenApprox=0
20:24:15.260 INF [REQ] ClientRequest received -> bucket bucketID=13 clientID=0 clientSn=1643
20:24:15.260 DBG [REQ] Bucket size after enqueue bucketID=13 bucketLenApprox=0
20:24:15.294 INF [REQ] ClientRequest received -> bucket bucketID=29 clientID=0 clientSn=1647
20:24:15.294 DBG [REQ] Bucket size after enqueue bucketID=29 bucketLenApprox=0
20:24:15.322 INF [REQ] ClientRequest received -> bucket bucketID=30 clientID=0 clientSn=1651
20:24:15.322 DBG [REQ] Bucket size after enqueue bucketID=30 bucketLenApprox=0
20:24:15.354 INF [REQ] ClientRequest received -> bucket bucketID=17 clientID=0 clientSn=1655
20:24:15.354 DBG [REQ] Bucket size after enqueue bucketID=17 bucketLenApprox=0
20:24:15.384 INF [REQ] ClientRequest received -> bucket bucketID=17 clientID=0 clientSn=1659
20:24:15.385 DBG [REQ] Bucket size after enqueue bucketID=17 bucketLenApprox=0
20:24:15.415 INF [REQ] ClientRequest received -> bucket bucketID=59 clientID=0 clientSn=1663
20:24:15.415 DBG [REQ] Bucket size after enqueue bucketID=59 bucketLenApprox=1
[MPX][IN ] ACCEPTED sn=27 from=0
[MPX][IN ] ACCEPT sn=27 from=0 gid=27
[MPX][QUORUM] ACCEPT sn=27 acceptCount=4 quorum=3 digest=428e6c694f5edebe
[MPX][NET] SKIP Accepted sn=27 (leader=self)
[MPX][IN ] ACCEPTED sn=27 from=1
[MPX][IN ] ACCEPTED sn=27 from=2
20:24:15.447 INF [REQ] ClientRequest received -> bucket bucketID=28 clientID=0 clientSn=1667
20:24:15.447 DBG [REQ] Bucket size after enqueue bucketID=28 bucketLenApprox=0
20:24:15.478 INF [REQ] ClientRequest received -> bucket bucketID=39 clientID=0 clientSn=1671
20:24:15.478 DBG [REQ] Bucket size after enqueue bucketID=39 bucketLenApprox=1
20:24:15.509 INF [REQ] ClientRequest received -> bucket bucketID=21 clientID=0 clientSn=1675
20:24:15.509 DBG [REQ] Bucket size after enqueue bucketID=21 bucketLenApprox=0
20:24:15.542 INF [REQ] ClientRequest received -> bucket bucketID=53 clientID=0 clientSn=1679
20:24:15.542 DBG [REQ] Bucket size after enqueue bucketID=53 bucketLenApprox=0
20:24:15.573 INF [REQ] ClientRequest received -> bucket bucketID=15 clientID=0 clientSn=1683
20:24:15.573 DBG [REQ] Bucket size after enqueue bucketID=15 bucketLenApprox=1
20:24:15.604 INF [REQ] ClientRequest received -> bucket bucketID=35 clientID=0 clientSn=1687
20:24:15.604 DBG [REQ] Bucket size after enqueue bucketID=35 bucketLenApprox=1
20:24:15.635 INF [REQ] ClientRequest received -> bucket bucketID=31 clientID=0 clientSn=1691
20:24:15.635 DBG [REQ] Bucket size after enqueue bucketID=31 bucketLenApprox=1
20:24:15.665 INF [REQ] ClientRequest received -> bucket bucketID=57 clientID=0 clientSn=1695
20:24:15.666 DBG [REQ] Bucket size after enqueue bucketID=57 bucketLenApprox=0
20:24:15.697 INF [REQ] ClientRequest received -> bucket bucketID=52 clientID=0 clientSn=1699
20:24:15.697 DBG [REQ] Bucket size after enqueue bucketID=52 bucketLenApprox=0
20:24:15.729 INF [REQ] ClientRequest received -> bucket bucketID=37 clientID=0 clientSn=1703
20:24:15.729 DBG [REQ] Bucket size after enqueue bucketID=37 bucketLenApprox=0
20:24:15.760 INF [REQ] ClientRequest received -> bucket bucketID=60 clientID=0 clientSn=1707
20:24:15.760 DBG [REQ] Bucket size after enqueue bucketID=60 bucketLenApprox=0
20:24:15.790 INF [REQ] ClientRequest received -> bucket bucketID=35 clientID=0 clientSn=1711
20:24:15.791 DBG [REQ] Bucket size after enqueue bucketID=35 bucketLenApprox=2
20:24:15.822 INF [REQ] ClientRequest received -> bucket bucketID=43 clientID=0 clientSn=1715
20:24:15.823 DBG [REQ] Bucket size after enqueue bucketID=43 bucketLenApprox=2
20:24:15.853 INF [REQ] ClientRequest received -> bucket bucketID=0 clientID=0 clientSn=1719
20:24:15.854 DBG [REQ] Bucket size after enqueue bucketID=0 bucketLenApprox=0
20:24:15.884 INF [REQ] ClientRequest received -> bucket bucketID=32 clientID=0 clientSn=1723
20:24:15.885 DBG [REQ] Bucket size after enqueue bucketID=32 bucketLenApprox=0
20:24:15.916 INF [REQ] ClientRequest received -> bucket bucketID=23 clientID=0 clientSn=1727
20:24:15.916 DBG [REQ] Bucket size after enqueue bucketID=23 bucketLenApprox=1
20:24:15.947 INF [REQ] ClientRequest received -> bucket bucketID=40 clientID=0 clientSn=1731
20:24:15.947 DBG [REQ] Bucket size after enqueue bucketID=40 bucketLenApprox=0
20:24:15.978 INF [REQ] ClientRequest received -> bucket bucketID=38 clientID=0 clientSn=1735
20:24:15.978 DBG [REQ] Bucket size after enqueue bucketID=38 bucketLenApprox=0
20:24:16.010 INF [REQ] ClientRequest received -> bucket bucketID=52 clientID=0 clientSn=1739
20:24:16.010 DBG [REQ] Bucket size after enqueue bucketID=52 bucketLenApprox=0
20:24:16.041 INF [REQ] ClientRequest received -> bucket bucketID=19 clientID=0 clientSn=1743
20:24:16.041 DBG [REQ] Bucket size after enqueue bucketID=19 bucketLenApprox=1
20:24:16.072 INF [REQ] ClientRequest received -> bucket bucketID=61 clientID=0 clientSn=1747
20:24:16.073 DBG [REQ] Bucket size after enqueue bucketID=61 bucketLenApprox=0
20:24:16.103 INF [REQ] ClientRequest received -> bucket bucketID=7 clientID=0 clientSn=1751
20:24:16.103 DBG [REQ] Bucket size after enqueue bucketID=7 bucketLenApprox=2
20:24:16.135 INF [REQ] ClientRequest received -> bucket bucketID=59 clientID=0 clientSn=1755
20:24:16.135 DBG [REQ] Bucket size after enqueue bucketID=59 bucketLenApprox=2
20:24:16.166 INF [REQ] ClientRequest received -> bucket bucketID=25 clientID=0 clientSn=1759
20:24:16.166 DBG [REQ] Bucket size after enqueue bucketID=25 bucketLenApprox=0
20:24:16.197 INF [REQ] ClientRequest received -> bucket bucketID=56 clientID=0 clientSn=1763
20:24:16.197 DBG [REQ] Bucket size after enqueue bucketID=56 bucketLenApprox=0
20:24:16.229 INF [REQ] ClientRequest received -> bucket bucketID=35 clientID=0 clientSn=1767
20:24:16.229 DBG [REQ] Bucket size after enqueue bucketID=35 bucketLenApprox=3
20:24:16.260 INF [REQ] ClientRequest received -> bucket bucketID=45 clientID=0 clientSn=1771
20:24:16.260 DBG [REQ] Bucket size after enqueue bucketID=45 bucketLenApprox=0
20:24:16.291 INF [REQ] ClientRequest received -> bucket bucketID=27 clientID=0 clientSn=1775
20:24:16.291 DBG [REQ] Bucket size after enqueue bucketID=27 bucketLenApprox=2
20:24:16.322 INF [REQ] ClientRequest received -> bucket bucketID=8 clientID=0 clientSn=1779
20:24:16.322 DBG [REQ] Bucket size after enqueue bucketID=8 bucketLenApprox=0
20:24:16.354 INF [REQ] ClientRequest received -> bucket bucketID=10 clientID=0 clientSn=1783
20:24:16.354 DBG [REQ] Bucket size after enqueue bucketID=10 bucketLenApprox=0
20:24:16.384 INF [REQ] ClientRequest received -> bucket bucketID=50 clientID=0 clientSn=1787
20:24:16.384 DBG [REQ] Bucket size after enqueue bucketID=50 bucketLenApprox=0
20:24:16.416 INF [REQ] ClientRequest received -> bucket bucketID=29 clientID=0 clientSn=1791
20:24:16.416 DBG [REQ] Bucket size after enqueue bucketID=29 bucketLenApprox=0
20:24:16.447 INF [REQ] ClientRequest received -> bucket bucketID=57 clientID=0 clientSn=1795
20:24:16.447 DBG [REQ] Bucket size after enqueue bucketID=57 bucketLenApprox=0
20:24:16.478 INF [REQ] ClientRequest received -> bucket bucketID=5 clientID=0 clientSn=1799
20:24:16.478 DBG [REQ] Bucket size after enqueue bucketID=5 bucketLenApprox=0
20:24:16.509 INF [REQ] ClientRequest received -> bucket bucketID=2 clientID=0 clientSn=1803
20:24:16.509 DBG [REQ] Bucket size after enqueue bucketID=2 bucketLenApprox=0
20:24:16.541 INF [REQ] ClientRequest received -> bucket bucketID=52 clientID=0 clientSn=1807
20:24:16.541 DBG [REQ] Bucket size after enqueue bucketID=52 bucketLenApprox=0
20:24:16.572 INF [REQ] ClientRequest received -> bucket bucketID=21 clientID=0 clientSn=1811
20:24:16.573 DBG [REQ] Bucket size after enqueue bucketID=21 bucketLenApprox=0
20:24:16.603 INF [REQ] ClientRequest received -> bucket bucketID=44 clientID=0 clientSn=1815
20:24:16.604 DBG [REQ] Bucket size after enqueue bucketID=44 bucketLenApprox=0
20:24:16.635 INF [REQ] ClientRequest received -> bucket bucketID=34 clientID=0 clientSn=1819
20:24:16.635 DBG [REQ] Bucket size after enqueue bucketID=34 bucketLenApprox=0
20:24:16.666 INF [REQ] ClientRequest received -> bucket bucketID=11 clientID=0 clientSn=1823
20:24:16.666 DBG [REQ] Bucket size after enqueue bucketID=11 bucketLenApprox=3
20:24:16.697 INF [REQ] ClientRequest received -> bucket bucketID=30 clientID=0 clientSn=1827
20:24:16.697 DBG [REQ] Bucket size after enqueue bucketID=30 bucketLenApprox=0
20:24:16.729 INF [REQ] ClientRequest received -> bucket bucketID=21 clientID=0 clientSn=1831
20:24:16.729 DBG [REQ] Bucket size after enqueue bucketID=21 bucketLenApprox=0
20:24:16.759 INF [REQ] ClientRequest received -> bucket bucketID=27 clientID=0 clientSn=1835
20:24:16.760 DBG [REQ] Bucket size after enqueue bucketID=27 bucketLenApprox=3
20:24:16.791 INF [REQ] ClientRequest received -> bucket bucketID=42 clientID=0 clientSn=1839
20:24:16.791 DBG [REQ] Bucket size after enqueue bucketID=42 bucketLenApprox=0
20:24:16.822 INF [REQ] ClientRequest received -> bucket bucketID=54 clientID=0 clientSn=1843
20:24:16.823 DBG [REQ] Bucket size after enqueue bucketID=54 bucketLenApprox=0
20:24:16.853 INF [REQ] ClientRequest received -> bucket bucketID=21 clientID=0 clientSn=1847
20:24:16.853 DBG [REQ] Bucket size after enqueue bucketID=21 bucketLenApprox=0
20:24:16.884 INF [REQ] ClientRequest received -> bucket bucketID=8 clientID=0 clientSn=1851
20:24:16.884 DBG [REQ] Bucket size after enqueue bucketID=8 bucketLenApprox=0
20:24:16.916 INF [REQ] ClientRequest received -> bucket bucketID=14 clientID=0 clientSn=1855
20:24:16.916 DBG [REQ] Bucket size after enqueue bucketID=14 bucketLenApprox=0
20:24:16.947 INF [REQ] ClientRequest received -> bucket bucketID=55 clientID=0 clientSn=1859
20:24:16.947 DBG [REQ] Bucket size after enqueue bucketID=55 bucketLenApprox=4
20:24:16.979 INF [REQ] ClientRequest received -> bucket bucketID=21 clientID=0 clientSn=1863
20:24:16.979 DBG [REQ] Bucket size after enqueue bucketID=21 bucketLenApprox=0
20:24:17.009 INF [REQ] ClientRequest received -> bucket bucketID=44 clientID=0 clientSn=1867
20:24:17.009 DBG [REQ] Bucket size after enqueue bucketID=44 bucketLenApprox=0
20:24:17.041 INF [REQ] ClientRequest received -> bucket bucketID=40 clientID=0 clientSn=1871
20:24:17.041 DBG [REQ] Bucket size after enqueue bucketID=40 bucketLenApprox=0
20:24:17.074 INF [REQ] ClientRequest received -> bucket bucketID=14 clientID=0 clientSn=1875
20:24:17.074 DBG [REQ] Bucket size after enqueue bucketID=14 bucketLenApprox=0
20:24:17.103 INF [REQ] ClientRequest received -> bucket bucketID=32 clientID=0 clientSn=1879
20:24:17.104 DBG [REQ] Bucket size after enqueue bucketID=32 bucketLenApprox=0
20:24:17.135 INF [REQ] ClientRequest received -> bucket bucketID=5 clientID=0 clientSn=1883
20:24:17.135 DBG [REQ] Bucket size after enqueue bucketID=5 bucketLenApprox=0
20:24:17.166 INF [REQ] ClientRequest received -> bucket bucketID=54 clientID=0 clientSn=1887
20:24:17.166 DBG Batch cut. left=0 nBuckets=16 nReq=64 next=0
PROPOSE sn=31 size=64
20:24:17.166 DBG [REQ] Bucket size after enqueue bucketID=54 bucketLenApprox=0
[MPX][NET] SEND Accept sn=31 bytes=37374 gid=31 digest=1d767c588fff0da0
[MC][SEND] kind=Accept sn=31 gid=32 (group)
[MPX] PROPOSE sn=31 size=64
[MPX][NET] SEND Prepare sn=32
[MC][SEND] kind=Prepare sn=32 gid=0 dst=ALL
[MPX][IN ] PROMISE sn=31 from=1 members=[0 1 2 3]
[MPX][IN ] PROMISE sn=31 from=0 members=[0 1 2 3]
[MPX][IN ] PROMISE sn=31 from=2 members=[0 1 2 3]
20:24:17.167 DBG Batch cut. left=0 nBuckets=16 nReq=0 next=0
[MPX][NET] SEND Prepare sn=33
[MC][SEND] kind=Prepare sn=33 gid=0 dst=ALL
20:24:17.167 DBG Batch cut. left=0 nBuckets=16 nReq=0 next=0
[MPX][NET] SEND Prepare sn=34
[MC][SEND] kind=Prepare sn=34 gid=0 dst=ALL
20:24:17.167 DBG Batch cut. left=0 nBuckets=16 nReq=0 next=0
[MPX][NET] SEND Prepare sn=35
[MC][SEND] kind=Prepare sn=35 gid=0 dst=ALL
20:24:17.169 WRN MPX handles message from self. sn=32
20:24:17.169 WRN MPX handles message from self. sn=33
20:24:17.169 WRN MPX handles message from self. sn=34
[MPX][IN ] PREPARE sn=32 from=3
[MPX][IN ] PREPARE sn=33 from=3
[MPX][IN ] PREPARE sn=34 from=3
20:24:17.169 WRN MPX handles message from self. sn=35
[MPX][IN ] PREPARE sn=35 from=3
[MPX][IN ] PROMISE sn=33 from=0 members=[0 1 2 3]
[MPX][IN ] PROMISE sn=32 from=0 members=[0 1 2 3]
[MPX][IN ] PROMISE sn=34 from=0 members=[0 1 2 3]
[MPX][IN ] ACCEPTED sn=31 from=1
[MPX][QUORUM] ACCEPTED sn=31 count=2/3 digest=1d767c588fff0da0
[MPX][IN ] PROMISE sn=32 from=2 members=[0 1 2 3]
[MPX][IN ] PROMISE sn=33 from=2 members=[0 1 2 3]
[MPX][IN ] PROMISE sn=34 from=2 members=[0 1 2 3]
[MPX][IN ] ACCEPTED sn=31 from=0
[MPX][QUORUM] ACCEPTED sn=31 count=3/3 digest=1d767c588fff0da0
[MPX][QUORUM] MAJORITY REACHED sn=31 → COMMIT digest=1d767c588fff0da0
[MPX][NET] SEND Commit sn=31 gid=31 digest=1d767c588fff0da0
[MC][SEND] kind=Commit sn=31 gid=32 (group)
[MPX][NET] GOSSIP Commit sn=31 gid=31 digest=1d767c588fff0da0
[MC][SEND] kind=Commit sn=31 gid=32 (group)
[MPX][CHK] ANNOUNCE sn=31 reqs=64
[MPX][IN ] PREPARE sn=30 from=0
[MPX][IN ] PREPARE sn=29 from=0
[MPX][IN ] PREPARE sn=32 from=0
20:24:17.180 INF Committed entry. latency=0 nReq=64 sn=31
SB-DELIVER sn=31 size=64
COMMIT sn=31 size=64
DELIVER sn=31 delivered=64
[MPX] COMMIT  sn=31 size=64
[MPX][IN ] ACCEPTED sn=31 from=2
[MPX][QUORUM] ACCEPTED sn=31 count=4/3 digest=1d767c588fff0da0
[MPX][IN ] PREPARE sn=31 from=0
[MPX][IN ] ACCEPTED sn=31 from=1
[MPX][IN ] ACCEPTED sn=31 from=0
[MPX][IN ] ACCEPTED sn=31 from=2
20:24:17.528 INF [REQ] ClientRequest received -> bucket bucketID=51 clientID=0 clientSn=1891
20:24:17.529 DBG [REQ] Bucket size after enqueue bucketID=51 bucketLenApprox=0
20:24:17.529 INF [REQ] ClientRequest received -> bucket bucketID=42 clientID=0 clientSn=1895
20:24:17.529 DBG [REQ] Bucket size after enqueue bucketID=42 bucketLenApprox=0
20:24:17.529 INF [REQ] ClientRequest received -> bucket bucketID=46 clientID=0 clientSn=1899
20:24:17.529 DBG [REQ] Bucket size after enqueue bucketID=46 bucketLenApprox=0
20:24:17.561 INF [REQ] ClientRequest received -> bucket bucketID=40 clientID=0 clientSn=1903
20:24:17.561 DBG [REQ] Bucket size after enqueue bucketID=40 bucketLenApprox=0
20:24:17.563 INF [REQ] ClientRequest received -> bucket bucketID=21 clientID=0 clientSn=1907
20:24:17.563 DBG [REQ] Bucket size after enqueue bucketID=21 bucketLenApprox=0
20:24:17.581 INF [REQ] ClientRequest received -> bucket bucketID=38 clientID=0 clientSn=1911
20:24:17.582 DBG [REQ] Bucket size after enqueue bucketID=38 bucketLenApprox=0
20:24:17.583 INF [REQ] ClientRequest received -> bucket bucketID=24 clientID=0 clientSn=1915
20:24:17.583 DBG [REQ] Bucket size after enqueue bucketID=24 bucketLenApprox=0
20:24:17.584 INF [REQ] ClientRequest received -> bucket bucketID=24 clientID=0 clientSn=1919
20:24:17.584 DBG [REQ] Bucket size after enqueue bucketID=24 bucketLenApprox=0
20:24:17.585 INF [REQ] ClientRequest received -> bucket bucketID=18 clientID=0 clientSn=1923
20:24:17.585 DBG [REQ] Bucket size after enqueue bucketID=18 bucketLenApprox=0
[MPX][IN ] PREPARE sn=33 from=1
[MPX][IN ] PREPARE sn=30 from=1
[MPX][IN ] PREPARE sn=31 from=1
[MPX][IN ] PREPARE sn=32 from=1
[MPX][IN ] ACCEPTED sn=31 from=0
20:24:18.271 INF [REQ] ClientRequest received -> bucket bucketID=16 clientID=0 clientSn=1927
20:24:18.271 DBG [REQ] Bucket size after enqueue bucketID=16 bucketLenApprox=0
[MPX][IN ] ACCEPT sn=31 from=0 gid=31
[MPX][QUORUM] ACCEPT sn=31 acceptCount=4 quorum=3 digest=1d767c588fff0da0
[MPX][NET] SKIP Accepted sn=31 (leader=self)
[MPX][IN ] ACCEPT sn=29 from=1 gid=29
[MPX][QUORUM] ACCEPT sn=29 acceptCount=1 quorum=3 digest=e16bb459ea1d85d9
[MPX][NET] SEND Accepted sn=29 → leader=1 (unicast)
[MPX][IN ] ACCEPT sn=31 from=1 gid=31
[MPX][QUORUM] ACCEPT sn=31 acceptCount=4 quorum=3 digest=1d767c588fff0da0
[MPX][NET] SEND Accepted sn=31 → leader=1 (unicast)
[MPX][IN ] PREPARE sn=32 from=2
[MPX][IN ] PREPARE sn=34 from=2
[MPX][IN ] PREPARE sn=33 from=2
[MPX][IN ] PREPARE sn=31 from=2
[MPX][IN ] ACCEPTED sn=31 from=1
20:24:18.558 INF [REQ] ClientRequest received -> bucket bucketID=52 clientID=0 clientSn=1931
20:24:18.558 DBG [REQ] Bucket size after enqueue bucketID=52 bucketLenApprox=0
20:24:18.564 INF [REQ] ClientRequest received -> bucket bucketID=19 clientID=0 clientSn=1935
20:24:18.564 DBG [REQ] Bucket size after enqueue bucketID=19 bucketLenApprox=0
20:24:18.634 INF [REQ] ClientRequest received -> bucket bucketID=24 clientID=0 clientSn=1939
20:24:18.634 DBG [REQ] Bucket size after enqueue bucketID=24 bucketLenApprox=0
20:24:18.636 INF [REQ] ClientRequest received -> bucket bucketID=36 clientID=0 clientSn=1943
20:24:18.636 DBG [REQ] Bucket size after enqueue bucketID=36 bucketLenApprox=0
20:24:18.637 INF [REQ] ClientRequest received -> bucket bucketID=48 clientID=0 clientSn=1947
20:24:18.637 DBG [REQ] Bucket size after enqueue bucketID=48 bucketLenApprox=0
20:24:18.639 INF [REQ] ClientRequest received -> bucket bucketID=5 clientID=0 clientSn=1951
20:24:18.640 DBG [REQ] Bucket size after enqueue bucketID=5 bucketLenApprox=0
[MPX][IN ] ACCEPTED sn=31 from=2
20:24:18.700 INF [REQ] ClientRequest received -> bucket bucketID=43 clientID=0 clientSn=1955
20:24:18.700 DBG [REQ] Bucket size after enqueue bucketID=43 bucketLenApprox=1
20:24:18.700 INF [REQ] ClientRequest received -> bucket bucketID=8 clientID=0 clientSn=1959
20:24:18.701 DBG [REQ] Bucket size after enqueue bucketID=8 bucketLenApprox=0
20:24:18.701 INF [REQ] ClientRequest received -> bucket bucketID=31 clientID=0 clientSn=1963
20:24:18.701 DBG [REQ] Bucket size after enqueue bucketID=31 bucketLenApprox=1
20:24:18.701 INF [REQ] ClientRequest received -> bucket bucketID=27 clientID=0 clientSn=1967
20:24:18.701 DBG [REQ] Bucket size after enqueue bucketID=27 bucketLenApprox=1
20:24:18.703 INF [REQ] ClientRequest received -> bucket bucketID=8 clientID=0 clientSn=1971
20:24:18.703 DBG [REQ] Bucket size after enqueue bucketID=8 bucketLenApprox=0
20:24:18.705 INF [REQ] ClientRequest received -> bucket bucketID=21 clientID=0 clientSn=1975
20:24:18.705 DBG [REQ] Bucket size after enqueue bucketID=21 bucketLenApprox=0
20:24:18.707 INF [REQ] ClientRequest received -> bucket bucketID=8 clientID=0 clientSn=1979
20:24:18.708 DBG [REQ] Bucket size after enqueue bucketID=8 bucketLenApprox=0
20:24:18.718 INF [REQ] ClientRequest received -> bucket bucketID=7 clientID=0 clientSn=1983
20:24:18.732 DBG [REQ] Bucket size after enqueue bucketID=7 bucketLenApprox=1
20:24:18.732 INF [REQ] ClientRequest received -> bucket bucketID=57 clientID=0 clientSn=1987
20:24:18.733 DBG [REQ] Bucket size after enqueue bucketID=57 bucketLenApprox=0
20:24:18.734 INF [REQ] ClientRequest received -> bucket bucketID=18 clientID=0 clientSn=1991
20:24:18.734 DBG [REQ] Bucket size after enqueue bucketID=18 bucketLenApprox=0
[MPX][IN ] ACCEPT sn=31 from=2 gid=31
[MPX][QUORUM] ACCEPT sn=31 acceptCount=4 quorum=3 digest=1d767c588fff0da0
[MPX][IN ] ACCEPT sn=30 from=2 gid=30
[MPX][NET] SEND Accepted sn=31 → leader=2 (unicast)
[MPX][QUORUM] ACCEPT sn=30 acceptCount=1 quorum=3 digest=f57bf45c593ee739
[MPX][NET] SEND Accepted sn=30 → leader=2 (unicast)
20:24:18.739 INF [REQ] ClientRequest received -> bucket bucketID=17 clientID=0 clientSn=1995
20:24:18.740 DBG [REQ] Bucket size after enqueue bucketID=17 bucketLenApprox=0
20:24:18.744 INF [REQ] ClientRequest received -> bucket bucketID=55 clientID=0 clientSn=1999
20:24:18.755 DBG [REQ] Bucket size after enqueue bucketID=55 bucketLenApprox=2
20:24:18.775 INF [REQ] ClientRequest received -> bucket bucketID=2 clientID=0 clientSn=2003
20:24:18.776 DBG [REQ] Bucket size after enqueue bucketID=2 bucketLenApprox=0
20:24:18.776 INF [REQ] ClientRequest received -> bucket bucketID=13 clientID=0 clientSn=2007
20:24:18.776 DBG [REQ] Bucket size after enqueue bucketID=13 bucketLenApprox=0
20:24:18.794 INF [REQ] ClientRequest received -> bucket bucketID=39 clientID=0 clientSn=2011
20:24:18.794 DBG [REQ] Bucket size after enqueue bucketID=39 bucketLenApprox=2
20:24:18.795 INF [REQ] ClientRequest received -> bucket bucketID=49 clientID=0 clientSn=2015
20:24:18.795 DBG [REQ] Bucket size after enqueue bucketID=49 bucketLenApprox=0
20:24:18.797 INF [REQ] ClientRequest received -> bucket bucketID=10 clientID=0 clientSn=2019
20:24:18.797 DBG [REQ] Bucket size after enqueue bucketID=10 bucketLenApprox=0
20:24:18.798 INF [REQ] ClientRequest received -> bucket bucketID=17 clientID=0 clientSn=2023
20:24:18.798 DBG [REQ] Bucket size after enqueue bucketID=17 bucketLenApprox=0
20:24:18.800 INF [REQ] ClientRequest received -> bucket bucketID=44 clientID=0 clientSn=2027
20:24:18.800 DBG [REQ] Bucket size after enqueue bucketID=44 bucketLenApprox=0
20:24:18.801 INF [REQ] ClientRequest received -> bucket bucketID=14 clientID=0 clientSn=2031
20:24:18.802 DBG [REQ] Bucket size after enqueue bucketID=14 bucketLenApprox=0
20:24:18.803 INF [REQ] ClientRequest received -> bucket bucketID=49 clientID=0 clientSn=2035
20:24:18.803 DBG [REQ] Bucket size after enqueue bucketID=49 bucketLenApprox=0
20:24:18.804 INF [REQ] ClientRequest received -> bucket bucketID=15 clientID=0 clientSn=2039
20:24:18.805 DBG [REQ] Bucket size after enqueue bucketID=15 bucketLenApprox=2
20:24:18.806 INF [REQ] ClientRequest received -> bucket bucketID=59 clientID=0 clientSn=2043
20:24:18.806 DBG [REQ] Bucket size after enqueue bucketID=59 bucketLenApprox=2
20:24:18.807 INF [REQ] ClientRequest received -> bucket bucketID=21 clientID=0 clientSn=2047
20:24:18.808 DBG [REQ] Bucket size after enqueue bucketID=21 bucketLenApprox=0
20:24:18.810 INF [REQ] ClientRequest received -> bucket bucketID=20 clientID=0 clientSn=2051
20:24:18.812 DBG [REQ] Bucket size after enqueue bucketID=20 bucketLenApprox=0
20:24:18.812 INF [REQ] ClientRequest received -> bucket bucketID=30 clientID=0 clientSn=2055
20:24:18.812 DBG [REQ] Bucket size after enqueue bucketID=30 bucketLenApprox=0
20:24:18.812 INF [REQ] ClientRequest received -> bucket bucketID=18 clientID=0 clientSn=2059
20:24:18.813 DBG [REQ] Bucket size after enqueue bucketID=18 bucketLenApprox=0
20:24:18.814 INF [REQ] ClientRequest received -> bucket bucketID=55 clientID=0 clientSn=2063
20:24:18.815 DBG [REQ] Bucket size after enqueue bucketID=55 bucketLenApprox=3
20:24:18.816 INF [REQ] ClientRequest received -> bucket bucketID=56 clientID=0 clientSn=2067
20:24:18.816 DBG [REQ] Bucket size after enqueue bucketID=56 bucketLenApprox=0
20:24:18.817 INF [REQ] ClientRequest received -> bucket bucketID=53 clientID=0 clientSn=2071
20:24:18.818 DBG [REQ] Bucket size after enqueue bucketID=53 bucketLenApprox=0
20:24:18.819 INF [REQ] ClientRequest received -> bucket bucketID=33 clientID=0 clientSn=2075
20:24:18.819 DBG [REQ] Bucket size after enqueue bucketID=33 bucketLenApprox=0
20:24:18.820 INF [REQ] ClientRequest received -> bucket bucketID=44 clientID=0 clientSn=2079
20:24:18.821 DBG [REQ] Bucket size after enqueue bucketID=44 bucketLenApprox=0
20:24:18.822 INF [REQ] ClientRequest received -> bucket bucketID=12 clientID=0 clientSn=2083
20:24:18.822 DBG [REQ] Bucket size after enqueue bucketID=12 bucketLenApprox=0
20:24:18.824 INF [REQ] ClientRequest received -> bucket bucketID=63 clientID=0 clientSn=2087
20:24:18.824 DBG [REQ] Bucket size after enqueue bucketID=63 bucketLenApprox=3
20:24:18.825 INF [REQ] ClientRequest received -> bucket bucketID=63 clientID=0 clientSn=2091
20:24:18.825 DBG [REQ] Bucket size after enqueue bucketID=63 bucketLenApprox=3
20:24:18.827 INF [REQ] ClientRequest received -> bucket bucketID=57 clientID=0 clientSn=2095
20:24:18.827 DBG [REQ] Bucket size after enqueue bucketID=57 bucketLenApprox=0
20:24:18.828 INF [REQ] ClientRequest received -> bucket bucketID=5 clientID=0 clientSn=2099
20:24:18.828 DBG [REQ] Bucket size after enqueue bucketID=5 bucketLenApprox=0
20:24:18.854 INF [REQ] ClientRequest received -> bucket bucketID=43 clientID=0 clientSn=2103
20:24:18.854 DBG [REQ] Bucket size after enqueue bucketID=43 bucketLenApprox=4
20:24:18.885 INF [REQ] ClientRequest received -> bucket bucketID=40 clientID=0 clientSn=2107
20:24:18.885 DBG [REQ] Bucket size after enqueue bucketID=40 bucketLenApprox=0
20:24:18.916 INF [REQ] ClientRequest received -> bucket bucketID=2 clientID=0 clientSn=2111
20:24:18.916 DBG [REQ] Bucket size after enqueue bucketID=2 bucketLenApprox=0
20:24:18.947 INF [REQ] ClientRequest received -> bucket bucketID=50 clientID=0 clientSn=2115
20:24:18.947 DBG [REQ] Bucket size after enqueue bucketID=50 bucketLenApprox=0
20:24:18.978 INF [REQ] ClientRequest received -> bucket bucketID=49 clientID=0 clientSn=2119
20:24:18.979 DBG [REQ] Bucket size after enqueue bucketID=49 bucketLenApprox=0
20:24:19.009 INF [REQ] ClientRequest received -> bucket bucketID=2 clientID=0 clientSn=2123
20:24:19.009 DBG [REQ] Bucket size after enqueue bucketID=2 bucketLenApprox=0
20:24:19.041 INF [REQ] ClientRequest received -> bucket bucketID=21 clientID=0 clientSn=2127
20:24:19.042 DBG [REQ] Bucket size after enqueue bucketID=21 bucketLenApprox=0
20:24:19.072 INF [REQ] ClientRequest received -> bucket bucketID=2 clientID=0 clientSn=2131
20:24:19.073 DBG [REQ] Bucket size after enqueue bucketID=2 bucketLenApprox=0
20:24:19.103 INF [REQ] ClientRequest received -> bucket bucketID=36 clientID=0 clientSn=2135
20:24:19.103 DBG [REQ] Bucket size after enqueue bucketID=36 bucketLenApprox=0
20:24:19.135 INF [REQ] ClientRequest received -> bucket bucketID=32 clientID=0 clientSn=2139
20:24:19.135 DBG [REQ] Bucket size after enqueue bucketID=32 bucketLenApprox=0
20:24:19.166 INF [REQ] ClientRequest received -> bucket bucketID=14 clientID=0 clientSn=2143
20:24:19.166 DBG [REQ] Bucket size after enqueue bucketID=14 bucketLenApprox=0
20:24:19.179 DBG Batch cut. left=0 nBuckets=16 nReq=65 next=0
PROPOSE sn=35 size=65
[MPX][NET] SEND Accept sn=35 bytes=37969 gid=35 digest=bf10a59ff1fde1b7
[MC][SEND] kind=Accept sn=35 gid=0 dst=ALL (fallback)
[MPX] PROPOSE sn=35 size=65
[MPX][NET] SEND Prepare sn=36
[MC][SEND] kind=Prepare sn=36 gid=0 dst=ALL
[MPX][IN ] PROMISE sn=35 from=2 members=[0 1 2 3]
[MPX][IN ] PROMISE sn=35 from=0 members=[0 1 2 3]
20:24:19.180 DBG Batch cut. left=0 nBuckets=16 nReq=0 next=0
[MPX][NET] SEND Prepare sn=37
[MC][SEND] kind=Prepare sn=37 gid=0 dst=ALL
20:24:19.181 DBG Batch cut. left=0 nBuckets=16 nReq=0 next=0
[MPX][NET] SEND Prepare sn=38
[MC][SEND] kind=Prepare sn=38 gid=0 dst=ALL
20:24:19.181 DBG Batch cut. left=0 nBuckets=16 nReq=0 next=0
[MPX][NET] SEND Prepare sn=39
[MC][SEND] kind=Prepare sn=39 gid=0 dst=ALL
20:24:19.182 WRN MPX handles message from self. sn=37
20:24:19.183 WRN MPX handles message from self. sn=38
20:24:19.183 WRN MPX handles message from self. sn=39
[MPX][IN ] PREPARE sn=37 from=3
[MPX][IN ] PREPARE sn=39 from=3
[MPX][IN ] PREPARE sn=38 from=3
20:24:19.184 WRN MPX handles message from self. sn=35
20:24:19.184 WRN MPX handles message from self. sn=36
[MPX][IN ] PREPARE sn=36 from=3
[MPX][IN ] ACCEPT sn=35 from=3 gid=35
[MPX][QUORUM] ACCEPT sn=35 acceptCount=1 quorum=3 digest=bf10a59ff1fde1b7
[MPX][NET] SKIP Accepted sn=35 (leader=self)
[MPX][IN ] PREPARE sn=36 from=0
[MPX][IN ] PREPARE sn=33 from=0
[MPX][IN ] PREPARE sn=34 from=0
[MPX][IN ] PREPARE sn=35 from=0
[MPX][IN ] ACCEPTED sn=35 from=0
[MPX][QUORUM] ACCEPTED sn=35 count=2/3 digest=bf10a59ff1fde1b7
[MPX][IN ] PROMISE sn=37 from=0 members=[0 1 2 3]
[MPX][IN ] PROMISE sn=38 from=0 members=[0 1 2 3]
[MPX][IN ] PROMISE sn=36 from=1 members=[0 1 2 3]
[MPX][IN ] PROMISE sn=38 from=1 members=[0 1 2 3]
[MPX][IN ] ACCEPTED sn=35 from=1
[MPX][QUORUM] ACCEPTED sn=35 count=3/3 digest=bf10a59ff1fde1b7
[MPX][QUORUM] MAJORITY REACHED sn=35 → COMMIT digest=bf10a59ff1fde1b7
[MPX][NET] SEND Commit sn=35 gid=35 digest=bf10a59ff1fde1b7
[MC][SEND] kind=Commit sn=35 gid=0 dst=ALL (fallback)
[MPX][NET] GOSSIP Commit sn=35 gid=35 digest=bf10a59ff1fde1b7
[MC][SEND] kind=Commit sn=35 gid=0 dst=ALL (fallback)
[MPX][IN ] PROMISE sn=37 from=1 members=[0 1 2 3]
[MPX][CHK] ANNOUNCE sn=35 reqs=65
[MPX][IN ] ACCEPT sn=32 from=0 gid=32
[MPX][QUORUM] ACCEPT sn=32 acceptCount=1 quorum=3 digest=09128afa12f6367f
[MPX][NET] SEND Accepted sn=32 → leader=0 (unicast)
20:24:19.187 INF Committed entry. latency=0 nReq=65 sn=35
SB-DELIVER sn=35 size=65
COMMIT sn=35 size=65
DELIVER sn=35 delivered=65
[MPX] COMMIT  sn=35 size=65
[MC][GROUP] sn=39 gid=40 members=[0 1 2]
[MC][GROUP] sn=37 gid=38 members=[0 1 2]
[MC][GROUP] sn=38 gid=39 members=[1 2 0]
[MPX][IN ] PROMISE sn=37 from=2 members=[0 1 2 3]
[MPX][IN ] ACCEPTED sn=35 from=2
[MPX][QUORUM] ACCEPTED sn=35 count=4/3 digest=bf10a59ff1fde1b7
[MPX][IN ] PROMISE sn=38 from=2 members=[0 1 2 3]
[MPX][IN ] PROMISE sn=36 from=2 members=[0 1 2 3]
20:24:19.193 WRN MPX handles message from self. sn=35
[MPX][IN ] COMMIT sn=35 from=3 gid=35
20:24:19.194 WRN MPX handles message from self. sn=35
[MPX][IN ] COMMIT sn=35 from=3 gid=35
20:24:19.198 INF [REQ] ClientRequest received -> bucket bucketID=15 clientID=0 clientSn=2147
[MPX][IN ] COMMIT sn=35 from=2 gid=35
20:24:19.198 DBG [REQ] Bucket size after enqueue bucketID=15 bucketLenApprox=0
[MPX][IN ] COMMIT sn=35 from=1 gid=35
[MPX][IN ] COMMIT sn=35 from=0 gid=35
[MPX][IN ] COMMIT sn=32 from=0 gid=32
[MPX][NET] GOSSIP Commit sn=32 gid=32 digest=09128afa12f6367f
[MC][SEND] kind=Commit sn=32 gid=0 dst=ALL (fallback)
[MPX][CHK] ANNOUNCE sn=32 reqs=64
20:24:19.212 INF Committed entry. latency=0 nReq=64 sn=32
SB-DELIVER sn=32 size=64
COMMIT sn=32 size=64
DELIVER sn=32 delivered=64
[MPX] COMMIT  sn=32 size=64
[MPX][IN ] COMMIT sn=32 from=0 gid=32
[MPX][IN ] COMMIT sn=32 from=1 gid=32
[MPX][IN ] COMMIT sn=32 from=2 gid=32
20:24:19.223 WRN MPX handles message from self. sn=32
[MPX][IN ] COMMIT sn=32 from=3 gid=32
20:24:19.228 INF [REQ] ClientRequest received -> bucket bucketID=12 clientID=0 clientSn=2151
20:24:19.229 DBG [REQ] Bucket size after enqueue bucketID=12 bucketLenApprox=0
20:24:19.260 INF [REQ] ClientRequest received -> bucket bucketID=44 clientID=0 clientSn=2155
20:24:19.260 DBG [REQ] Bucket size after enqueue bucketID=44 bucketLenApprox=0
20:24:19.290 INF [REQ] ClientRequest received -> bucket bucketID=38 clientID=0 clientSn=2159
20:24:19.291 DBG [REQ] Bucket size after enqueue bucketID=38 bucketLenApprox=0
20:24:19.322 INF [REQ] ClientRequest received -> bucket bucketID=50 clientID=0 clientSn=2163
20:24:19.322 DBG [REQ] Bucket size after enqueue bucketID=50 bucketLenApprox=0
20:24:19.353 INF [REQ] ClientRequest received -> bucket bucketID=26 clientID=0 clientSn=2167
20:24:19.353 DBG [REQ] Bucket size after enqueue bucketID=26 bucketLenApprox=0
20:24:19.385 INF [REQ] ClientRequest received -> bucket bucketID=21 clientID=0 clientSn=2171
20:24:19.385 DBG [REQ] Bucket size after enqueue bucketID=21 bucketLenApprox=0
20:24:19.416 INF [REQ] ClientRequest received -> bucket bucketID=22 clientID=0 clientSn=2175
20:24:19.416 DBG [REQ] Bucket size after enqueue bucketID=22 bucketLenApprox=0
20:24:19.447 INF [REQ] ClientRequest received -> bucket bucketID=36 clientID=0 clientSn=2179
20:24:19.447 DBG [REQ] Bucket size after enqueue bucketID=36 bucketLenApprox=0
20:24:19.478 INF [REQ] ClientRequest received -> bucket bucketID=0 clientID=0 clientSn=2183
20:24:19.478 DBG [REQ] Bucket size after enqueue bucketID=0 bucketLenApprox=0
20:24:19.509 INF [REQ] ClientRequest received -> bucket bucketID=35 clientID=0 clientSn=2187
20:24:19.509 DBG [REQ] Bucket size after enqueue bucketID=35 bucketLenApprox=1
20:24:19.541 INF [REQ] ClientRequest received -> bucket bucketID=45 clientID=0 clientSn=2191
20:24:19.541 DBG [REQ] Bucket size after enqueue bucketID=45 bucketLenApprox=0
[MPX][IN ] PREPARE sn=36 from=1
[MPX][IN ] ACCEPT sn=33 from=1 gid=33
[MPX][IN ] PREPARE sn=35 from=1
[MPX][IN ] ACCEPT sn=35 from=1 gid=35
[MPX][IN ] PREPARE sn=34 from=1
[MPX][IN ] PREPARE sn=37 from=1
[MPX][QUORUM] ACCEPT sn=33 acceptCount=1 quorum=3 digest=b2d4d7f623b12746
[MPX][QUORUM] ACCEPT sn=35 acceptCount=4 quorum=3 digest=bf10a59ff1fde1b7
[MPX][NET] SEND Accepted sn=35 → leader=1 (unicast)
[MPX][NET] SEND Accepted sn=33 → leader=1 (unicast)
[MPX][IN ] COMMIT sn=33 from=1 gid=33
[MPX][IN ] COMMIT sn=35 from=1 gid=35
[MPX][IN ] COMMIT sn=35 from=1 gid=35
[MPX][NET] GOSSIP Commit sn=33 gid=33 digest=b2d4d7f623b12746
[MC][SEND] kind=Commit sn=33 gid=0 dst=ALL (fallback)
[MPX][CHK] ANNOUNCE sn=33 reqs=76
20:24:19.571 INF Committed entry. latency=0 nReq=76 sn=33
SB-DELIVER sn=33 size=76
COMMIT sn=33 size=76
DELIVER sn=33 delivered=76
[MPX] COMMIT  sn=33 size=76
[MPX][IN ] COMMIT sn=33 from=1 gid=33
[MPX][IN ] COMMIT sn=33 from=0 gid=33
[MPX][IN ] COMMIT sn=33 from=2 gid=33
20:24:19.576 WRN MPX handles message from self. sn=33
[MPX][IN ] COMMIT sn=33 from=3 gid=33
20:24:19.578 INF [REQ] ClientRequest received -> bucket bucketID=17 clientID=0 clientSn=2195
20:24:19.578 DBG [REQ] Bucket size after enqueue bucketID=17 bucketLenApprox=0
20:24:19.603 INF [REQ] ClientRequest received -> bucket bucketID=30 clientID=0 clientSn=2199
20:24:19.603 DBG [REQ] Bucket size after enqueue bucketID=30 bucketLenApprox=0
20:24:19.635 INF [REQ] ClientRequest received -> bucket bucketID=17 clientID=0 clientSn=2203
20:24:19.635 DBG [REQ] Bucket size after enqueue bucketID=17 bucketLenApprox=0
20:24:19.666 INF [REQ] ClientRequest received -> bucket bucketID=48 clientID=0 clientSn=2207
20:24:19.666 DBG [REQ] Bucket size after enqueue bucketID=48 bucketLenApprox=0
20:24:19.697 INF [REQ] ClientRequest received -> bucket bucketID=13 clientID=0 clientSn=2211
20:24:19.697 DBG [REQ] Bucket size after enqueue bucketID=13 bucketLenApprox=0
20:24:19.728 INF [REQ] ClientRequest received -> bucket bucketID=28 clientID=0 clientSn=2215
20:24:19.729 DBG [REQ] Bucket size after enqueue bucketID=28 bucketLenApprox=0
20:24:19.760 INF [REQ] ClientRequest received -> bucket bucketID=4 clientID=0 clientSn=2219
20:24:19.760 DBG [REQ] Bucket size after enqueue bucketID=4 bucketLenApprox=0
20:24:19.791 INF [REQ] ClientRequest received -> bucket bucketID=30 clientID=0 clientSn=2223
20:24:19.791 DBG [REQ] Bucket size after enqueue bucketID=30 bucketLenApprox=0
20:24:19.822 INF [REQ] ClientRequest received -> bucket bucketID=12 clientID=0 clientSn=2227
20:24:19.822 DBG [REQ] Bucket size after enqueue bucketID=12 bucketLenApprox=0
20:24:19.853 INF [REQ] ClientRequest received -> bucket bucketID=3 clientID=0 clientSn=2231
20:24:19.853 DBG [REQ] Bucket size after enqueue bucketID=3 bucketLenApprox=1
20:24:19.885 INF [REQ] ClientRequest received -> bucket bucketID=63 clientID=0 clientSn=2235
20:24:19.885 DBG [REQ] Bucket size after enqueue bucketID=63 bucketLenApprox=1
20:24:19.916 INF [REQ] ClientRequest received -> bucket bucketID=32 clientID=0 clientSn=2239
20:24:19.916 DBG [REQ] Bucket size after enqueue bucketID=32 bucketLenApprox=0
20:24:19.947 INF [REQ] ClientRequest received -> bucket bucketID=62 clientID=0 clientSn=2243
20:24:19.947 DBG [REQ] Bucket size after enqueue bucketID=62 bucketLenApprox=0
20:24:19.978 INF [REQ] ClientRequest received -> bucket bucketID=41 clientID=0 clientSn=2247
20:24:19.979 DBG [REQ] Bucket size after enqueue bucketID=41 bucketLenApprox=0
20:24:20.009 INF [REQ] ClientRequest received -> bucket bucketID=59 clientID=0 clientSn=2251
20:24:20.009 DBG [REQ] Bucket size after enqueue bucketID=59 bucketLenApprox=2
20:24:20.041 INF [REQ] ClientRequest received -> bucket bucketID=54 clientID=0 clientSn=2255
20:24:20.042 DBG [REQ] Bucket size after enqueue bucketID=54 bucketLenApprox=0
20:24:20.071 INF [REQ] ClientRequest received -> bucket bucketID=40 clientID=0 clientSn=2259
20:24:20.072 DBG [REQ] Bucket size after enqueue bucketID=40 bucketLenApprox=0
20:24:20.103 INF [REQ] ClientRequest received -> bucket bucketID=6 clientID=0 clientSn=2263
20:24:20.103 DBG [REQ] Bucket size after enqueue bucketID=6 bucketLenApprox=0
20:24:20.134 INF [REQ] ClientRequest received -> bucket bucketID=35 clientID=0 clientSn=2267
20:24:20.135 DBG [REQ] Bucket size after enqueue bucketID=35 bucketLenApprox=2
20:24:20.166 INF [REQ] ClientRequest received -> bucket bucketID=14 clientID=0 clientSn=2271
20:24:20.166 DBG [REQ] Bucket size after enqueue bucketID=14 bucketLenApprox=0
20:24:20.197 INF [REQ] ClientRequest received -> bucket bucketID=28 clientID=0 clientSn=2275
20:24:20.197 DBG [REQ] Bucket size after enqueue bucketID=28 bucketLenApprox=0
20:24:20.228 INF [REQ] ClientRequest received -> bucket bucketID=29 clientID=0 clientSn=2279
20:24:20.229 DBG [REQ] Bucket size after enqueue bucketID=29 bucketLenApprox=0
20:24:20.259 INF [REQ] ClientRequest received -> bucket bucketID=41 clientID=0 clientSn=2283
20:24:20.259 DBG [REQ] Bucket size after enqueue bucketID=41 bucketLenApprox=0
20:24:20.290 INF [REQ] ClientRequest received -> bucket bucketID=34 clientID=0 clientSn=2287
20:24:20.290 DBG [REQ] Bucket size after enqueue bucketID=34 bucketLenApprox=0
20:24:20.322 INF [REQ] ClientRequest received -> bucket bucketID=25 clientID=0 clientSn=2291
20:24:20.322 DBG [REQ] Bucket size after enqueue bucketID=25 bucketLenApprox=0
20:24:20.352 INF [REQ] ClientRequest received -> bucket bucketID=1 clientID=0 clientSn=2295
20:24:20.353 DBG [REQ] Bucket size after enqueue bucketID=1 bucketLenApprox=0
20:24:20.384 INF [REQ] ClientRequest received -> bucket bucketID=40 clientID=0 clientSn=2299
20:24:20.384 DBG [REQ] Bucket size after enqueue bucketID=40 bucketLenApprox=0
[MPX][IN ] PREPARE sn=38 from=2
[MPX][IN ] PREPARE sn=36 from=2
[MPX][IN ] PREPARE sn=37 from=2
[MPX][IN ] ACCEPT sn=34 from=2 gid=34
[MPX][QUORUM] ACCEPT sn=34 acceptCount=1 quorum=3 digest=4ed60dceef17de3e
[MPX][NET] SEND Accepted sn=34 → leader=2 (unicast)
[MPX][IN ] PREPARE sn=35 from=2
[MPX][IN ] ACCEPT sn=35 from=2 gid=35
[MPX][QUORUM] ACCEPT sn=35 acceptCount=4 quorum=3 digest=bf10a59ff1fde1b7
[MPX][NET] SEND Accepted sn=35 → leader=2 (unicast)
[MPX][IN ] COMMIT sn=35 from=2 gid=35
[MPX][IN ] COMMIT sn=35 from=2 gid=35
[MPX][IN ] COMMIT sn=34 from=2 gid=34
[MPX][NET] GOSSIP Commit sn=34 gid=34 digest=4ed60dceef17de3e
[MC][SEND] kind=Commit sn=34 gid=0 dst=ALL (fallback)
[MPX][CHK] ANNOUNCE sn=34 reqs=103
20:24:20.404 INF Committed entry. latency=0 nReq=103 sn=34
SB-DELIVER sn=34 size=103
COMMIT sn=34 size=103
DELIVER sn=34 delivered=103
[MPX] COMMIT  sn=34 size=103
[MPX][IN ] COMMIT sn=34 from=2 gid=34
[MPX][IN ] COMMIT sn=34 from=0 gid=34
20:24:20.410 WRN MPX handles message from self. sn=34
[MPX][IN ] COMMIT sn=34 from=3 gid=34
[MPX][IN ] COMMIT sn=34 from=1 gid=34
20:24:20.416 INF [REQ] ClientRequest received -> bucket bucketID=45 clientID=0 clientSn=2303
20:24:20.416 DBG [REQ] Bucket size after enqueue bucketID=45 bucketLenApprox=0
20:24:20.455 INF [REQ] ClientRequest received -> bucket bucketID=12 clientID=0 clientSn=2307
20:24:20.456 DBG [REQ] Bucket size after enqueue bucketID=12 bucketLenApprox=0
20:24:20.478 INF [REQ] ClientRequest received -> bucket bucketID=23 clientID=0 clientSn=2311
20:24:20.479 DBG [REQ] Bucket size after enqueue bucketID=23 bucketLenApprox=2
20:24:20.509 INF [REQ] ClientRequest received -> bucket bucketID=17 clientID=0 clientSn=2315
20:24:20.509 DBG [REQ] Bucket size after enqueue bucketID=17 bucketLenApprox=0
20:24:20.541 INF [REQ] ClientRequest received -> bucket bucketID=38 clientID=0 clientSn=2319
20:24:20.542 DBG [REQ] Bucket size after enqueue bucketID=38 bucketLenApprox=0
20:24:20.572 INF [REQ] ClientRequest received -> bucket bucketID=42 clientID=0 clientSn=2323
20:24:20.572 DBG [REQ] Bucket size after enqueue bucketID=42 bucketLenApprox=0
20:24:20.603 INF [REQ] ClientRequest received -> bucket bucketID=49 clientID=0 clientSn=2327
20:24:20.603 DBG [REQ] Bucket size after enqueue bucketID=49 bucketLenApprox=0
20:24:20.634 INF [REQ] ClientRequest received -> bucket bucketID=61 clientID=0 clientSn=2331
20:24:20.635 DBG [REQ] Bucket size after enqueue bucketID=61 bucketLenApprox=0
20:24:20.666 INF [REQ] ClientRequest received -> bucket bucketID=12 clientID=0 clientSn=2335
20:24:20.666 DBG [REQ] Bucket size after enqueue bucketID=12 bucketLenApprox=0
20:24:20.697 INF [REQ] ClientRequest received -> bucket bucketID=7 clientID=0 clientSn=2339
20:24:20.697 DBG [REQ] Bucket size after enqueue bucketID=7 bucketLenApprox=3
20:24:20.728 INF [REQ] ClientRequest received -> bucket bucketID=42 clientID=0 clientSn=2343
20:24:20.729 DBG [REQ] Bucket size after enqueue bucketID=42 bucketLenApprox=0
20:24:20.760 INF [REQ] ClientRequest received -> bucket bucketID=12 clientID=0 clientSn=2347
20:24:20.760 DBG [REQ] Bucket size after enqueue bucketID=12 bucketLenApprox=0
20:24:20.792 INF [REQ] ClientRequest received -> bucket bucketID=51 clientID=0 clientSn=2351
20:24:20.792 DBG [REQ] Bucket size after enqueue bucketID=51 bucketLenApprox=3
20:24:20.822 INF [REQ] ClientRequest received -> bucket bucketID=53 clientID=0 clientSn=2355
20:24:20.822 DBG [REQ] Bucket size after enqueue bucketID=53 bucketLenApprox=0
20:24:20.853 INF [REQ] ClientRequest received -> bucket bucketID=18 clientID=0 clientSn=2359
20:24:20.854 DBG [REQ] Bucket size after enqueue bucketID=18 bucketLenApprox=0
20:24:20.885 INF [REQ] ClientRequest received -> bucket bucketID=46 clientID=0 clientSn=2363
20:24:20.885 DBG [REQ] Bucket size after enqueue bucketID=46 bucketLenApprox=0
20:24:20.915 INF [REQ] ClientRequest received -> bucket bucketID=24 clientID=0 clientSn=2367
20:24:20.916 DBG [REQ] Bucket size after enqueue bucketID=24 bucketLenApprox=0
20:24:20.947 INF [REQ] ClientRequest received -> bucket bucketID=45 clientID=0 clientSn=2371
20:24:20.947 DBG [REQ] Bucket size after enqueue bucketID=45 bucketLenApprox=0
20:24:20.978 INF [REQ] ClientRequest received -> bucket bucketID=36 clientID=0 clientSn=2375
20:24:20.978 DBG [REQ] Bucket size after enqueue bucketID=36 bucketLenApprox=0
20:24:21.010 INF [REQ] ClientRequest received -> bucket bucketID=62 clientID=0 clientSn=2379
20:24:21.010 DBG [REQ] Bucket size after enqueue bucketID=62 bucketLenApprox=0
20:24:21.041 INF [REQ] ClientRequest received -> bucket bucketID=37 clientID=0 clientSn=2383
20:24:21.041 DBG [REQ] Bucket size after enqueue bucketID=37 bucketLenApprox=0
20:24:21.072 INF [REQ] ClientRequest received -> bucket bucketID=3 clientID=0 clientSn=2387
20:24:21.072 DBG [REQ] Bucket size after enqueue bucketID=3 bucketLenApprox=4
20:24:21.103 INF [REQ] ClientRequest received -> bucket bucketID=41 clientID=0 clientSn=2391
20:24:21.103 DBG [REQ] Bucket size after enqueue bucketID=41 bucketLenApprox=0
20:24:21.134 INF [REQ] ClientRequest received -> bucket bucketID=43 clientID=0 clientSn=2395
20:24:21.134 DBG [REQ] Bucket size after enqueue bucketID=43 bucketLenApprox=4
20:24:21.166 INF [REQ] ClientRequest received -> bucket bucketID=44 clientID=0 clientSn=2399
20:24:21.166 DBG [REQ] Bucket size after enqueue bucketID=44 bucketLenApprox=0
20:24:21.183 DBG Batch cut. left=0 nBuckets=16 nReq=64 next=0
PROPOSE sn=39 size=64
[MPX][NET] SEND Accept sn=39 bytes=37378 gid=39 digest=04b6653b966b2fe5
[MC][SEND] kind=Accept sn=39 gid=40 (group)
[MPX] PROPOSE sn=39 size=64
[MPX][NET] SEND Prepare sn=40
[MC][SEND] kind=Prepare sn=40 gid=0 dst=ALL
[MPX][IN ] PROMISE sn=39 from=0 members=[0 1 2 3]
20:24:21.184 DBG Batch cut. left=0 nBuckets=16 nReq=0 next=0
[MPX][IN ] PROMISE sn=39 from=1 members=[0 1 2 3]
[MPX][IN ] PROMISE sn=39 from=2 members=[0 1 2 3]
[MPX][NET] SEND Prepare sn=41
[MC][SEND] kind=Prepare sn=41 gid=0 dst=ALL
20:24:21.184 DBG Batch cut. left=0 nBuckets=16 nReq=0 next=0
[MPX][NET] SEND Prepare sn=42
[MC][SEND] kind=Prepare sn=42 gid=0 dst=ALL
20:24:21.184 DBG Batch cut. left=0 nBuckets=16 nReq=0 next=0
[MPX][NET] SEND Prepare sn=43
[MC][SEND] kind=Prepare sn=43 gid=0 dst=ALL
20:24:21.184 WRN MPX handles message from self. sn=40
[MPX][IN ] PREPARE sn=40 from=3
20:24:21.186 WRN MPX handles message from self. sn=41
[MPX][IN ] PREPARE sn=41 from=3
20:24:21.186 WRN MPX handles message from self. sn=42
[MPX][IN ] PREPARE sn=42 from=3
20:24:21.186 WRN MPX handles message from self. sn=43
[MPX][IN ] PREPARE sn=43 from=3
[MPX][IN ] PROMISE sn=41 from=1 members=[0 1 2 3]
[MPX][IN ] PROMISE sn=42 from=1 members=[0 1 2 3]
[MPX][IN ] PREPARE sn=40 from=0
[MPX][IN ] ACCEPTED sn=39 from=0
[MPX][QUORUM] ACCEPTED sn=39 count=2/3 digest=04b6653b966b2fe5
[MPX][IN ] PROMISE sn=41 from=2 members=[0 1 2 3]
[MPX][IN ] PROMISE sn=42 from=2 members=[0 1 2 3]
[MPX][IN ] PROMISE sn=40 from=2 members=[0 1 2 3]
[MC][GROUP] sn=41 gid=42 members=[1 2 0]
[MPX][IN ] ACCEPTED sn=39 from=2
[MPX][QUORUM] ACCEPTED sn=39 count=3/3 digest=04b6653b966b2fe5
[MC][GROUP] sn=43 gid=44 members=[1 2 0]
[MPX][QUORUM] MAJORITY REACHED sn=39 → COMMIT digest=04b6653b966b2fe5
[MC][GROUP] sn=42 gid=43 members=[1 2 0]
[MPX][NET] SEND Commit sn=39 gid=39 digest=04b6653b966b2fe5
[MC][SEND] kind=Commit sn=39 gid=40 (group)
[MPX][IN ] ACCEPT sn=36 from=0 gid=36
[MPX][NET] GOSSIP Commit sn=39 gid=39 digest=04b6653b966b2fe5
[MC][SEND] kind=Commit sn=39 gid=40 (group)
[MPX][QUORUM] ACCEPT sn=36 acceptCount=1 quorum=3 digest=4dca09624fa2294d
[MPX][NET] SEND Accepted sn=36 → leader=0 (unicast)
[MPX][IN ] PROMISE sn=41 from=0 members=[0 1 2 3]
[MPX][IN ] PREPARE sn=38 from=0
[MPX][IN ] PROMISE sn=42 from=0 members=[0 1 2 3]
[MPX][IN ] PROMISE sn=40 from=1 members=[0 1 2 3]
[MPX][IN ] PREPARE sn=37 from=0
[MPX][CHK] ANNOUNCE sn=39 reqs=64
20:24:21.191 INF Committed entry. latency=0 nReq=64 sn=39
SB-DELIVER sn=39 size=64
COMMIT sn=39 size=64
DELIVER sn=39 delivered=64
[MPX] COMMIT  sn=39 size=64
[MPX][IN ] PREPARE sn=39 from=0
[MPX][IN ] ACCEPTED sn=39 from=1
[MPX][QUORUM] ACCEPTED sn=39 count=4/3 digest=04b6653b966b2fe5
20:24:21.200 INF [REQ] ClientRequest received -> bucket bucketID=29 clientID=0 clientSn=2403
20:24:21.201 DBG [REQ] Bucket size after enqueue bucketID=29 bucketLenApprox=0
[MPX][IN ] COMMIT sn=36 from=0 gid=36
[MPX][NET] GOSSIP Commit sn=36 gid=36 digest=4dca09624fa2294d
[MC][SEND] kind=Commit sn=36 gid=0 dst=ALL (fallback)
[MPX][CHK] ANNOUNCE sn=36 reqs=65
20:24:21.206 INF Committed entry. latency=0 nReq=65 sn=36
SB-DELIVER sn=36 size=65
COMMIT sn=36 size=65
DELIVER sn=36 delivered=65
[MPX] COMMIT  sn=36 size=65
[MPX][IN ] COMMIT sn=36 from=0 gid=36
20:24:21.211 WRN MPX handles message from self. sn=36
[MPX][IN ] COMMIT sn=36 from=3 gid=36
[MPX][IN ] COMMIT sn=36 from=2 gid=36
[MPX][IN ] COMMIT sn=36 from=1 gid=36
20:24:21.228 INF [REQ] ClientRequest received -> bucket bucketID=21 clientID=0 clientSn=2407
20:24:21.228 DBG [REQ] Bucket size after enqueue bucketID=21 bucketLenApprox=0
20:24:21.259 INF [REQ] ClientRequest received -> bucket bucketID=52 clientID=0 clientSn=2411
20:24:21.259 DBG [REQ] Bucket size after enqueue bucketID=52 bucketLenApprox=0
20:24:21.290 INF [REQ] ClientRequest received -> bucket bucketID=40 clientID=0 clientSn=2415
20:24:21.291 DBG [REQ] Bucket size after enqueue bucketID=40 bucketLenApprox=0
20:24:21.321 INF [REQ] ClientRequest received -> bucket bucketID=46 clientID=0 clientSn=2419
20:24:21.321 DBG [REQ] Bucket size after enqueue bucketID=46 bucketLenApprox=0
20:24:21.353 INF [REQ] ClientRequest received -> bucket bucketID=0 clientID=0 clientSn=2423
20:24:21.353 DBG [REQ] Bucket size after enqueue bucketID=0 bucketLenApprox=0
20:24:21.383 INF [REQ] ClientRequest received -> bucket bucketID=17 clientID=0 clientSn=2427
20:24:21.384 DBG [REQ] Bucket size after enqueue bucketID=17 bucketLenApprox=0
20:24:21.416 INF [REQ] ClientRequest received -> bucket bucketID=10 clientID=0 clientSn=2431
20:24:21.416 DBG [REQ] Bucket size after enqueue bucketID=10 bucketLenApprox=0
20:24:21.446 INF [REQ] ClientRequest received -> bucket bucketID=54 clientID=0 clientSn=2435
20:24:21.447 DBG [REQ] Bucket size after enqueue bucketID=54 bucketLenApprox=0
20:24:21.478 INF [REQ] ClientRequest received -> bucket bucketID=62 clientID=0 clientSn=2439
20:24:21.478 DBG [REQ] Bucket size after enqueue bucketID=62 bucketLenApprox=0
20:24:21.509 INF [REQ] ClientRequest received -> bucket bucketID=50 clientID=0 clientSn=2443
20:24:21.509 DBG [REQ] Bucket size after enqueue bucketID=50 bucketLenApprox=0
20:24:21.540 INF [REQ] ClientRequest received -> bucket bucketID=60 clientID=0 clientSn=2447
20:24:21.540 DBG [REQ] Bucket size after enqueue bucketID=60 bucketLenApprox=0
[MPX][IN ] PREPARE sn=39 from=1
[MPX][IN ] PREPARE sn=41 from=1
[MPX][IN ] PREPARE sn=38 from=1
[MPX][IN ] PREPARE sn=40 from=1
20:24:21.573 INF [REQ] ClientRequest received -> bucket bucketID=29 clientID=0 clientSn=2451
20:24:21.573 DBG [REQ] Bucket size after enqueue bucketID=29 bucketLenApprox=0
20:24:21.604 INF [REQ] ClientRequest received -> bucket bucketID=63 clientID=0 clientSn=2455
20:24:21.604 DBG [REQ] Bucket size after enqueue bucketID=63 bucketLenApprox=1
20:24:21.635 INF [REQ] ClientRequest received -> bucket bucketID=20 clientID=0 clientSn=2459
20:24:21.635 DBG [REQ] Bucket size after enqueue bucketID=20 bucketLenApprox=0
20:24:21.665 INF [REQ] ClientRequest received -> bucket bucketID=27 clientID=0 clientSn=2463
20:24:21.666 DBG [REQ] Bucket size after enqueue bucketID=27 bucketLenApprox=1
20:24:21.697 INF [REQ] ClientRequest received -> bucket bucketID=22 clientID=0 clientSn=2467
20:24:21.697 DBG [REQ] Bucket size after enqueue bucketID=22 bucketLenApprox=0
20:24:21.728 INF [REQ] ClientRequest received -> bucket bucketID=21 clientID=0 clientSn=2471
20:24:21.728 DBG [REQ] Bucket size after enqueue bucketID=21 bucketLenApprox=0
20:24:21.760 INF [REQ] ClientRequest received -> bucket bucketID=56 clientID=0 clientSn=2475
20:24:21.760 DBG [REQ] Bucket size after enqueue bucketID=56 bucketLenApprox=0
20:24:21.791 INF [REQ] ClientRequest received -> bucket bucketID=28 clientID=0 clientSn=2479
20:24:21.791 DBG [REQ] Bucket size after enqueue bucketID=28 bucketLenApprox=0
20:24:21.822 INF [REQ] ClientRequest received -> bucket bucketID=52 clientID=0 clientSn=2483
20:24:21.822 DBG [REQ] Bucket size after enqueue bucketID=52 bucketLenApprox=0
20:24:21.853 INF [REQ] ClientRequest received -> bucket bucketID=57 clientID=0 clientSn=2487
20:24:21.853 DBG [REQ] Bucket size after enqueue bucketID=57 bucketLenApprox=0
20:24:21.884 INF [REQ] ClientRequest received -> bucket bucketID=9 clientID=0 clientSn=2491
20:24:21.884 DBG [REQ] Bucket size after enqueue bucketID=9 bucketLenApprox=0
20:24:21.915 INF [REQ] ClientRequest received -> bucket bucketID=10 clientID=0 clientSn=2495
20:24:21.915 DBG [REQ] Bucket size after enqueue bucketID=10 bucketLenApprox=0
20:24:21.947 INF [REQ] ClientRequest received -> bucket bucketID=5 clientID=0 clientSn=2499
20:24:21.947 DBG [REQ] Bucket size after enqueue bucketID=5 bucketLenApprox=0
20:24:21.977 INF [REQ] ClientRequest received -> bucket bucketID=37 clientID=0 clientSn=2503
20:24:21.978 DBG [REQ] Bucket size after enqueue bucketID=37 bucketLenApprox=0
20:24:22.010 INF [REQ] ClientRequest received -> bucket bucketID=42 clientID=0 clientSn=2507
20:24:22.010 DBG [REQ] Bucket size after enqueue bucketID=42 bucketLenApprox=0
20:24:22.040 INF [REQ] ClientRequest received -> bucket bucketID=41 clientID=0 clientSn=2511
20:24:22.040 DBG [REQ] Bucket size after enqueue bucketID=41 bucketLenApprox=0
20:24:22.072 INF [REQ] ClientRequest received -> bucket bucketID=26 clientID=0 clientSn=2515
20:24:22.072 DBG [REQ] Bucket size after enqueue bucketID=26 bucketLenApprox=0
20:24:22.103 INF [REQ] ClientRequest received -> bucket bucketID=45 clientID=0 clientSn=2519
20:24:22.104 DBG [REQ] Bucket size after enqueue bucketID=45 bucketLenApprox=0
20:24:22.134 INF [REQ] ClientRequest received -> bucket bucketID=56 clientID=0 clientSn=2523
20:24:22.134 DBG [REQ] Bucket size after enqueue bucketID=56 bucketLenApprox=0
20:24:22.166 INF [REQ] ClientRequest received -> bucket bucketID=40 clientID=0 clientSn=2527
20:24:22.166 DBG [REQ] Bucket size after enqueue bucketID=40 bucketLenApprox=0
20:24:22.197 INF [REQ] ClientRequest received -> bucket bucketID=11 clientID=0 clientSn=2531
20:24:22.198 DBG [REQ] Bucket size after enqueue bucketID=11 bucketLenApprox=2
20:24:22.228 INF [REQ] ClientRequest received -> bucket bucketID=45 clientID=0 clientSn=2535
20:24:22.228 DBG [REQ] Bucket size after enqueue bucketID=45 bucketLenApprox=0
20:24:22.259 INF [REQ] ClientRequest received -> bucket bucketID=21 clientID=0 clientSn=2539
20:24:22.259 DBG [REQ] Bucket size after enqueue bucketID=21 bucketLenApprox=0
20:24:22.291 INF [REQ] ClientRequest received -> bucket bucketID=5 clientID=0 clientSn=2543
20:24:22.291 DBG [REQ] Bucket size after enqueue bucketID=5 bucketLenApprox=0
20:24:22.322 INF [REQ] ClientRequest received -> bucket bucketID=18 clientID=0 clientSn=2547
20:24:22.322 DBG [REQ] Bucket size after enqueue bucketID=18 bucketLenApprox=0
20:24:22.353 INF [REQ] ClientRequest received -> bucket bucketID=46 clientID=0 clientSn=2551
20:24:22.353 DBG [REQ] Bucket size after enqueue bucketID=46 bucketLenApprox=0
20:24:22.384 INF [REQ] ClientRequest received -> bucket bucketID=21 clientID=0 clientSn=2555
20:24:22.384 DBG [REQ] Bucket size after enqueue bucketID=21 bucketLenApprox=0
[MPX][IN ] PREPARE sn=41 from=2
[MPX][IN ] PREPARE sn=40 from=2
[MPX][IN ] PREPARE sn=39 from=2
[MPX][IN ] PREPARE sn=42 from=2
20:24:22.415 INF [REQ] ClientRequest received -> bucket bucketID=13 clientID=0 clientSn=2559
20:24:22.415 DBG [REQ] Bucket size after enqueue bucketID=13 bucketLenApprox=0
20:24:22.451 INF [REQ] ClientRequest received -> bucket bucketID=4 clientID=0 clientSn=2563
20:24:22.452 DBG [REQ] Bucket size after enqueue bucketID=4 bucketLenApprox=0
20:24:22.477 INF [REQ] ClientRequest received -> bucket bucketID=39 clientID=0 clientSn=2567
20:24:22.478 DBG [REQ] Bucket size after enqueue bucketID=39 bucketLenApprox=3
20:24:22.509 INF [REQ] ClientRequest received -> bucket bucketID=19 clientID=0 clientSn=2571
20:24:22.509 DBG [REQ] Bucket size after enqueue bucketID=19 bucketLenApprox=2
20:24:22.541 INF [REQ] ClientRequest received -> bucket bucketID=40 clientID=0 clientSn=2575
20:24:22.541 DBG [REQ] Bucket size after enqueue bucketID=40 bucketLenApprox=0
20:24:22.572 INF [REQ] ClientRequest received -> bucket bucketID=26 clientID=0 clientSn=2579
20:24:22.572 DBG [REQ] Bucket size after enqueue bucketID=26 bucketLenApprox=0
20:24:22.604 INF [REQ] ClientRequest received -> bucket bucketID=37 clientID=0 clientSn=2583
20:24:22.604 DBG [REQ] Bucket size after enqueue bucketID=37 bucketLenApprox=0
20:24:22.634 INF [REQ] ClientRequest received -> bucket bucketID=46 clientID=0 clientSn=2587
20:24:22.634 DBG [REQ] Bucket size after enqueue bucketID=46 bucketLenApprox=0
20:24:22.665 INF [REQ] ClientRequest received -> bucket bucketID=43 clientID=0 clientSn=2591
20:24:22.666 DBG [REQ] Bucket size after enqueue bucketID=43 bucketLenApprox=3
20:24:22.696 INF [REQ] ClientRequest received -> bucket bucketID=36 clientID=0 clientSn=2595
20:24:22.696 DBG [REQ] Bucket size after enqueue bucketID=36 bucketLenApprox=0
20:24:22.728 INF [REQ] ClientRequest received -> bucket bucketID=34 clientID=0 clientSn=2599
20:24:22.729 DBG [REQ] Bucket size after enqueue bucketID=34 bucketLenApprox=0
20:24:22.759 INF [REQ] ClientRequest received -> bucket bucketID=49 clientID=0 clientSn=2603
20:24:22.759 DBG [REQ] Bucket size after enqueue bucketID=49 bucketLenApprox=0
20:24:22.790 INF [REQ] ClientRequest received -> bucket bucketID=62 clientID=0 clientSn=2607
20:24:22.790 DBG [REQ] Bucket size after enqueue bucketID=62 bucketLenApprox=0
20:24:22.822 INF [REQ] ClientRequest received -> bucket bucketID=30 clientID=0 clientSn=2611
20:24:22.822 DBG [REQ] Bucket size after enqueue bucketID=30 bucketLenApprox=0
20:24:22.853 INF [REQ] ClientRequest received -> bucket bucketID=10 clientID=0 clientSn=2615
20:24:22.853 DBG [REQ] Bucket size after enqueue bucketID=10 bucketLenApprox=0
20:24:22.884 INF [REQ] ClientRequest received -> bucket bucketID=35 clientID=0 clientSn=2619
20:24:22.884 DBG [REQ] Bucket size after enqueue bucketID=35 bucketLenApprox=4
20:24:22.916 INF [REQ] ClientRequest received -> bucket bucketID=36 clientID=0 clientSn=2623
20:24:22.916 DBG [REQ] Bucket size after enqueue bucketID=36 bucketLenApprox=0
20:24:22.947 INF [REQ] ClientRequest received -> bucket bucketID=6 clientID=0 clientSn=2627
20:24:22.947 DBG [REQ] Bucket size after enqueue bucketID=6 bucketLenApprox=0
20:24:22.978 INF [REQ] ClientRequest received -> bucket bucketID=38 clientID=0 clientSn=2631
20:24:22.978 DBG [REQ] Bucket size after enqueue bucketID=38 bucketLenApprox=0
20:24:23.009 INF [REQ] ClientRequest received -> bucket bucketID=11 clientID=0 clientSn=2635
20:24:23.009 DBG [REQ] Bucket size after enqueue bucketID=11 bucketLenApprox=3
20:24:23.040 INF [REQ] ClientRequest received -> bucket bucketID=53 clientID=0 clientSn=2639
20:24:23.040 DBG [REQ] Bucket size after enqueue bucketID=53 bucketLenApprox=0
20:24:23.071 INF [REQ] ClientRequest received -> bucket bucketID=34 clientID=0 clientSn=2643
20:24:23.071 DBG [REQ] Bucket size after enqueue bucketID=34 bucketLenApprox=0
20:24:23.103 INF [REQ] ClientRequest received -> bucket bucketID=50 clientID=0 clientSn=2647
20:24:23.104 DBG [REQ] Bucket size after enqueue bucketID=50 bucketLenApprox=0
20:24:23.134 INF [REQ] ClientRequest received -> bucket bucketID=41 clientID=0 clientSn=2651
20:24:23.134 DBG [REQ] Bucket size after enqueue bucketID=41 bucketLenApprox=0
20:24:23.166 INF [REQ] ClientRequest received -> bucket bucketID=39 clientID=0 clientSn=2655
20:24:23.166 DBG [REQ] Bucket size after enqueue bucketID=39 bucketLenApprox=4
20:24:23.185 DBG Batch cut. left=0 nBuckets=16 nReq=64 next=0
PROPOSE sn=43 size=64
[MPX][NET] SEND Accept sn=43 bytes=37385 gid=43 digest=412b0f98854bba0e
[MC][SEND] kind=Accept sn=43 gid=44 (group)
[MPX] PROPOSE sn=43 size=64
[MPX][NET] SEND Prepare sn=44
[MC][SEND] kind=Prepare sn=44 gid=0 dst=ALL
[MPX][IN ] PROMISE sn=43 from=1 members=[0 1 2 3]
20:24:23.186 DBG Batch cut. left=0 nBuckets=16 nReq=0 next=0
[MPX][IN ] PROMISE sn=43 from=2 members=[0 1 2 3]
[MPX][NET] SEND Prepare sn=45
[MC][SEND] kind=Prepare sn=45 gid=0 dst=ALL
[MPX][IN ] PROMISE sn=43 from=0 members=[0 1 2 3]
20:24:23.187 DBG Batch cut. left=0 nBuckets=16 nReq=0 next=0
[MPX][NET] SEND Prepare sn=46
[MC][SEND] kind=Prepare sn=46 gid=0 dst=ALL
20:24:23.187 DBG Batch cut. left=0 nBuckets=16 nReq=0 next=0
[MPX][NET] SEND Prepare sn=47
[MC][SEND] kind=Prepare sn=47 gid=0 dst=ALL
20:24:23.188 WRN MPX handles message from self. sn=44
20:24:23.188 WRN MPX handles message from self. sn=45
20:24:23.188 WRN MPX handles message from self. sn=46
[MPX][IN ] PREPARE sn=44 from=3
[MPX][IN ] PREPARE sn=45 from=3
[MPX][IN ] PREPARE sn=46 from=3
20:24:23.188 WRN MPX handles message from self. sn=47
[MPX][IN ] PREPARE sn=47 from=3
[MPX][IN ] ACCEPTED sn=43 from=1
[MPX][QUORUM] ACCEPTED sn=43 count=2/3 digest=412b0f98854bba0e
[MPX][IN ] PROMISE sn=44 from=1 members=[0 1 2 3]
[MPX][IN ] PROMISE sn=46 from=1 members=[0 1 2 3]
[MPX][IN ] PROMISE sn=45 from=1 members=[0 1 2 3]
[MPX][IN ] ACCEPTED sn=43 from=2
[MPX][QUORUM] ACCEPTED sn=43 count=3/3 digest=412b0f98854bba0e
[MPX][QUORUM] MAJORITY REACHED sn=43 → COMMIT digest=412b0f98854bba0e
[MPX][NET] SEND Commit sn=43 gid=43 digest=412b0f98854bba0e
[MC][SEND] kind=Commit sn=43 gid=44 (group)
[MPX][NET] GOSSIP Commit sn=43 gid=43 digest=412b0f98854bba0e
[MC][SEND] kind=Commit sn=43 gid=44 (group)
[MPX][IN ] PROMISE sn=45 from=2 members=[0 1 2 3]
[MPX][IN ] PROMISE sn=46 from=2 members=[0 1 2 3]
[MC][GROUP] sn=44 gid=45 members=[1 2 0]
[MC][GROUP] sn=46 gid=47 members=[1 2 0]
[MC][GROUP] sn=47 gid=48 members=[2 0 1]
[MPX][IN ] PROMISE sn=46 from=0 members=[0 1 2 3]
[MPX][CHK] ANNOUNCE sn=43 reqs=64
[MC][GROUP] sn=45 gid=46 members=[1 2 0]
[MPX][IN ] PROMISE sn=45 from=0 members=[0 1 2 3]
20:24:23.193 INF Committed entry. latency=0 nReq=64 sn=43
SB-DELIVER sn=43 size=64
COMMIT sn=43 size=64
DELIVER sn=43 delivered=64
[MPX] COMMIT  sn=43 size=64
[MPX][IN ] ACCEPTED sn=43 from=0
[MPX][QUORUM] ACCEPTED sn=43 count=4/3 digest=412b0f98854bba0e
[MPX][IN ] PROMISE sn=44 from=2 members=[0 1 2 3]
[MPX][IN ] PROMISE sn=44 from=0 members=[0 1 2 3]
[MPX][IN ] PREPARE sn=44 from=0
[MPX][IN ] PREPARE sn=43 from=0
[MPX][IN ] ACCEPT sn=40 from=0 gid=40
[MPX][IN ] PREPARE sn=42 from=0
[MPX][IN ] PREPARE sn=41 from=0
[MPX][QUORUM] ACCEPT sn=40 acceptCount=1 quorum=3 digest=c9101e0314f0b9ed
[MPX][NET] SEND Accepted sn=40 → leader=0 (unicast)
[MPX][IN ] ACCEPTED sn=43 from=0
[MPX][IN ] ACCEPTED sn=43 from=2
[MPX][IN ] ACCEPTED sn=43 from=1
20:24:23.201 INF [REQ] ClientRequest received -> bucket bucketID=63 clientID=0 clientSn=2659
20:24:23.202 DBG [REQ] Bucket size after enqueue bucketID=63 bucketLenApprox=0
[MPX][IN ] COMMIT sn=40 from=0 gid=40
[MPX][NET] GOSSIP Commit sn=40 gid=40 digest=c9101e0314f0b9ed
[MC][SEND] kind=Commit sn=40 gid=0 dst=ALL (fallback)
[MPX][CHK] ANNOUNCE sn=40 reqs=64
20:24:23.210 INF Committed entry. latency=0 nReq=64 sn=40
SB-DELIVER sn=40 size=64
COMMIT sn=40 size=64
DELIVER sn=40 delivered=64
[MPX] COMMIT  sn=40 size=64
[MPX][IN ] COMMIT sn=40 from=0 gid=40
[MPX][IN ] COMMIT sn=40 from=2 gid=40
20:24:23.216 WRN MPX handles message from self. sn=40
[MPX][IN ] COMMIT sn=40 from=3 gid=40
[MPX][IN ] COMMIT sn=40 from=1 gid=40
20:24:23.228 INF [REQ] ClientRequest received -> bucket bucketID=44 clientID=0 clientSn=2663
20:24:23.228 DBG [REQ] Bucket size after enqueue bucketID=44 bucketLenApprox=0
20:24:23.259 INF [REQ] ClientRequest received -> bucket bucketID=6 clientID=0 clientSn=2667
20:24:23.259 DBG [REQ] Bucket size after enqueue bucketID=6 bucketLenApprox=0
20:24:23.290 INF [REQ] ClientRequest received -> bucket bucketID=19 clientID=0 clientSn=2671
20:24:23.290 DBG [REQ] Bucket size after enqueue bucketID=19 bucketLenApprox=0
20:24:23.321 INF [REQ] ClientRequest received -> bucket bucketID=45 clientID=0 clientSn=2675
20:24:23.321 DBG [REQ] Bucket size after enqueue bucketID=45 bucketLenApprox=0
20:24:23.352 INF [REQ] ClientRequest received -> bucket bucketID=38 clientID=0 clientSn=2679
20:24:23.352 DBG [REQ] Bucket size after enqueue bucketID=38 bucketLenApprox=0
20:24:23.384 INF [REQ] ClientRequest received -> bucket bucketID=35 clientID=0 clientSn=2683
20:24:23.385 DBG [REQ] Bucket size after enqueue bucketID=35 bucketLenApprox=1
20:24:23.416 INF [REQ] ClientRequest received -> bucket bucketID=5 clientID=0 clientSn=2687
20:24:23.416 DBG [REQ] Bucket size after enqueue bucketID=5 bucketLenApprox=0
[MPX][IN ] ACCEPT sn=43 from=0 gid=43
[MPX][QUORUM] ACCEPT sn=43 acceptCount=4 quorum=3 digest=412b0f98854bba0e
[MPX][NET] SKIP Accepted sn=43 (leader=self)
[MPX][IN ] ACCEPTED sn=43 from=2
[MPX][IN ] ACCEPTED sn=43 from=1
20:24:23.447 INF [REQ] ClientRequest received -> bucket bucketID=35 clientID=0 clientSn=2691
20:24:23.447 DBG [REQ] Bucket size after enqueue bucketID=35 bucketLenApprox=1
[MPX][IN ] ACCEPTED sn=43 from=0
20:24:23.478 INF [REQ] ClientRequest received -> bucket bucketID=15 clientID=0 clientSn=2695
20:24:23.478 DBG [REQ] Bucket size after enqueue bucketID=15 bucketLenApprox=0
20:24:23.509 INF [REQ] ClientRequest received -> bucket bucketID=30 clientID=0 clientSn=2699
20:24:23.509 DBG [REQ] Bucket size after enqueue bucketID=30 bucketLenApprox=0
20:24:23.540 INF [REQ] ClientRequest received -> bucket bucketID=36 clientID=0 clientSn=2703
20:24:23.540 DBG [REQ] Bucket size after enqueue bucketID=36 bucketLenApprox=0
[MPX][IN ] PREPARE sn=43 from=1
[MPX][IN ] PREPARE sn=42 from=1
[MPX][IN ] PREPARE sn=45 from=1
[MPX][IN ] PREPARE sn=44 from=1
20:24:23.571 INF [REQ] ClientRequest received -> bucket bucketID=53 clientID=0 clientSn=2707
20:24:23.571 DBG [REQ] Bucket size after enqueue bucketID=53 bucketLenApprox=0
20:24:23.603 INF [REQ] ClientRequest received -> bucket bucketID=9 clientID=0 clientSn=2711
20:24:23.604 DBG [REQ] Bucket size after enqueue bucketID=9 bucketLenApprox=0
20:24:23.635 INF [REQ] ClientRequest received -> bucket bucketID=8 clientID=0 clientSn=2715
20:24:23.635 DBG [REQ] Bucket size after enqueue bucketID=8 bucketLenApprox=0
20:24:23.666 INF [REQ] ClientRequest received -> bucket bucketID=11 clientID=0 clientSn=2719
20:24:23.666 DBG [REQ] Bucket size after enqueue bucketID=11 bucketLenApprox=1
20:24:23.697 INF [REQ] ClientRequest received -> bucket bucketID=24 clientID=0 clientSn=2723
20:24:23.697 DBG [REQ] Bucket size after enqueue bucketID=24 bucketLenApprox=0
20:24:23.728 INF [REQ] ClientRequest received -> bucket bucketID=35 clientID=0 clientSn=2727
20:24:23.728 DBG [REQ] Bucket size after enqueue bucketID=35 bucketLenApprox=2
20:24:23.759 INF [REQ] ClientRequest received -> bucket bucketID=23 clientID=0 clientSn=2731
20:24:23.760 DBG [REQ] Bucket size after enqueue bucketID=23 bucketLenApprox=1
20:24:23.790 INF [REQ] ClientRequest received -> bucket bucketID=43 clientID=0 clientSn=2735
20:24:23.790 DBG [REQ] Bucket size after enqueue bucketID=43 bucketLenApprox=2
20:24:23.822 INF [REQ] ClientRequest received -> bucket bucketID=36 clientID=0 clientSn=2739
20:24:23.822 DBG [REQ] Bucket size after enqueue bucketID=36 bucketLenApprox=0
20:24:23.853 INF [REQ] ClientRequest received -> bucket bucketID=3 clientID=0 clientSn=2743
20:24:23.853 DBG [REQ] Bucket size after enqueue bucketID=3 bucketLenApprox=1
20:24:23.884 INF [REQ] ClientRequest received -> bucket bucketID=12 clientID=0 clientSn=2747
20:24:23.885 DBG [REQ] Bucket size after enqueue bucketID=12 bucketLenApprox=0
20:24:23.915 INF [REQ] ClientRequest received -> bucket bucketID=58 clientID=0 clientSn=2751
20:24:23.915 DBG [REQ] Bucket size after enqueue bucketID=58 bucketLenApprox=0
20:24:23.946 INF [REQ] ClientRequest received -> bucket bucketID=34 clientID=0 clientSn=2755
20:24:23.947 DBG [REQ] Bucket size after enqueue bucketID=34 bucketLenApprox=0
20:24:23.978 INF [REQ] ClientRequest received -> bucket bucketID=33 clientID=0 clientSn=2759
20:24:23.978 DBG [REQ] Bucket size after enqueue bucketID=33 bucketLenApprox=0
20:24:24.009 INF [REQ] ClientRequest received -> bucket bucketID=61 clientID=0 clientSn=2763
20:24:24.009 DBG [REQ] Bucket size after enqueue bucketID=61 bucketLenApprox=0
20:24:24.041 INF [REQ] ClientRequest received -> bucket bucketID=54 clientID=0 clientSn=2767
20:24:24.041 DBG [REQ] Bucket size after enqueue bucketID=54 bucketLenApprox=0
20:24:24.072 INF [REQ] ClientRequest received -> bucket bucketID=20 clientID=0 clientSn=2771
20:24:24.072 DBG [REQ] Bucket size after enqueue bucketID=20 bucketLenApprox=0
20:24:24.104 INF [REQ] ClientRequest received -> bucket bucketID=43 clientID=0 clientSn=2775
20:24:24.104 DBG [REQ] Bucket size after enqueue bucketID=43 bucketLenApprox=2
20:24:24.134 INF [REQ] ClientRequest received -> bucket bucketID=16 clientID=0 clientSn=2779
20:24:24.134 DBG [REQ] Bucket size after enqueue bucketID=16 bucketLenApprox=0
20:24:24.166 INF [REQ] ClientRequest received -> bucket bucketID=11 clientID=0 clientSn=2783
20:24:24.166 DBG [REQ] Bucket size after enqueue bucketID=11 bucketLenApprox=2
20:24:24.197 INF [REQ] ClientRequest received -> bucket bucketID=21 clientID=0 clientSn=2787
20:24:24.197 DBG [REQ] Bucket size after enqueue bucketID=21 bucketLenApprox=0
20:24:24.227 INF [REQ] ClientRequest received -> bucket bucketID=53 clientID=0 clientSn=2791
20:24:24.228 DBG [REQ] Bucket size after enqueue bucketID=53 bucketLenApprox=0
20:24:24.259 INF [REQ] ClientRequest received -> bucket bucketID=23 clientID=0 clientSn=2795
20:24:24.260 DBG [REQ] Bucket size after enqueue bucketID=23 bucketLenApprox=2
20:24:24.290 INF [REQ] ClientRequest received -> bucket bucketID=29 clientID=0 clientSn=2799
20:24:24.291 DBG [REQ] Bucket size after enqueue bucketID=29 bucketLenApprox=0
20:24:24.322 INF [REQ] ClientRequest received -> bucket bucketID=55 clientID=0 clientSn=2803
20:24:24.322 DBG [REQ] Bucket size after enqueue bucketID=55 bucketLenApprox=2
20:24:24.353 INF [REQ] ClientRequest received -> bucket bucketID=57 clientID=0 clientSn=2807
20:24:24.353 DBG [REQ] Bucket size after enqueue bucketID=57 bucketLenApprox=0
20:24:24.385 INF [REQ] ClientRequest received -> bucket bucketID=32 clientID=0 clientSn=2811
20:24:24.385 DBG [REQ] Bucket size after enqueue bucketID=32 bucketLenApprox=0
[MPX][IN ] PREPARE sn=43 from=2
[MPX][IN ] PREPARE sn=46 from=2
[MPX][IN ] PREPARE sn=44 from=2
[MPX][IN ] PREPARE sn=45 from=2
20:24:24.416 INF [REQ] ClientRequest received -> bucket bucketID=20 clientID=0 clientSn=2815
20:24:24.416 DBG [REQ] Bucket size after enqueue bucketID=20 bucketLenApprox=0
20:24:24.452 INF [REQ] ClientRequest received -> bucket bucketID=2 clientID=0 clientSn=2819
20:24:24.452 DBG [REQ] Bucket size after enqueue bucketID=2 bucketLenApprox=0
20:24:24.478 INF [REQ] ClientRequest received -> bucket bucketID=34 clientID=0 clientSn=2823
20:24:24.479 DBG [REQ] Bucket size after enqueue bucketID=34 bucketLenApprox=0
20:24:24.510 INF [REQ] ClientRequest received -> bucket bucketID=29 clientID=0 clientSn=2827
20:24:24.510 DBG [REQ] Bucket size after enqueue bucketID=29 bucketLenApprox=0
20:24:24.540 INF [REQ] ClientRequest received -> bucket bucketID=19 clientID=0 clientSn=2831
20:24:24.540 DBG [REQ] Bucket size after enqueue bucketID=19 bucketLenApprox=2
20:24:24.572 INF [REQ] ClientRequest received -> bucket bucketID=13 clientID=0 clientSn=2835
20:24:24.572 DBG [REQ] Bucket size after enqueue bucketID=13 bucketLenApprox=0
20:24:24.603 INF [REQ] ClientRequest received -> bucket bucketID=62 clientID=0 clientSn=2839
20:24:24.604 DBG [REQ] Bucket size after enqueue bucketID=62 bucketLenApprox=0
20:24:24.634 INF [REQ] ClientRequest received -> bucket bucketID=40 clientID=0 clientSn=2843
20:24:24.634 DBG [REQ] Bucket size after enqueue bucketID=40 bucketLenApprox=0
20:24:24.665 INF [REQ] ClientRequest received -> bucket bucketID=50 clientID=0 clientSn=2847
20:24:24.665 DBG [REQ] Bucket size after enqueue bucketID=50 bucketLenApprox=0
20:24:24.696 INF [REQ] ClientRequest received -> bucket bucketID=1 clientID=0 clientSn=2851
20:24:24.697 DBG [REQ] Bucket size after enqueue bucketID=1 bucketLenApprox=0
20:24:24.727 INF [REQ] ClientRequest received -> bucket bucketID=63 clientID=0 clientSn=2855
20:24:24.728 DBG [REQ] Bucket size after enqueue bucketID=63 bucketLenApprox=3
20:24:24.759 INF [REQ] ClientRequest received -> bucket bucketID=35 clientID=0 clientSn=2859
20:24:24.759 DBG [REQ] Bucket size after enqueue bucketID=35 bucketLenApprox=4
20:24:24.791 INF [REQ] ClientRequest received -> bucket bucketID=18 clientID=0 clientSn=2863
20:24:24.791 DBG [REQ] Bucket size after enqueue bucketID=18 bucketLenApprox=0
20:24:24.822 INF [REQ] ClientRequest received -> bucket bucketID=30 clientID=0 clientSn=2867
20:24:24.822 DBG [REQ] Bucket size after enqueue bucketID=30 bucketLenApprox=0
20:24:24.853 INF [REQ] ClientRequest received -> bucket bucketID=44 clientID=0 clientSn=2871
20:24:24.853 DBG [REQ] Bucket size after enqueue bucketID=44 bucketLenApprox=0
20:24:24.884 INF [REQ] ClientRequest received -> bucket bucketID=16 clientID=0 clientSn=2875
20:24:24.884 DBG [REQ] Bucket size after enqueue bucketID=16 bucketLenApprox=0
20:24:24.916 INF [REQ] ClientRequest received -> bucket bucketID=2 clientID=0 clientSn=2879
20:24:24.916 DBG [REQ] Bucket size after enqueue bucketID=2 bucketLenApprox=0
20:24:24.947 INF [REQ] ClientRequest received -> bucket bucketID=60 clientID=0 clientSn=2883
20:24:24.947 DBG [REQ] Bucket size after enqueue bucketID=60 bucketLenApprox=0
20:24:24.979 INF [REQ] ClientRequest received -> bucket bucketID=58 clientID=0 clientSn=2887
20:24:24.979 DBG [REQ] Bucket size after enqueue bucketID=58 bucketLenApprox=0
20:24:25.009 INF [REQ] ClientRequest received -> bucket bucketID=61 clientID=0 clientSn=2891
20:24:25.009 DBG [REQ] Bucket size after enqueue bucketID=61 bucketLenApprox=0
20:24:25.040 INF [REQ] ClientRequest received -> bucket bucketID=60 clientID=0 clientSn=2895
20:24:25.040 DBG [REQ] Bucket size after enqueue bucketID=60 bucketLenApprox=0
20:24:25.072 INF [REQ] ClientRequest received -> bucket bucketID=46 clientID=0 clientSn=2899
20:24:25.072 DBG [REQ] Bucket size after enqueue bucketID=46 bucketLenApprox=0
20:24:25.103 INF [REQ] ClientRequest received -> bucket bucketID=34 clientID=0 clientSn=2903
20:24:25.103 DBG [REQ] Bucket size after enqueue bucketID=34 bucketLenApprox=0
20:24:25.135 INF [REQ] ClientRequest received -> bucket bucketID=15 clientID=0 clientSn=2907
20:24:25.135 DBG [REQ] Bucket size after enqueue bucketID=15 bucketLenApprox=4
20:24:25.166 INF [REQ] ClientRequest received -> bucket bucketID=35 clientID=0 clientSn=2911
20:24:25.166 DBG [REQ] Bucket size after enqueue bucketID=35 bucketLenApprox=4
==================
WARNING: DATA RACE
Write at 0x00c00026d0a0 by goroutine 614:
  github.com/hyperledger-labs/mirbft/request.(*Bucket).removeNoLock()
      /opt/gopath/src/github.com/hyperledger-labs/ISS_com_Multipaxos/mirbft/request/bucket.go:400 +0x5a4
  github.com/hyperledger-labs/mirbft/request.(*Bucket).RemoveFirst()
      /opt/gopath/src/github.com/hyperledger-labs/ISS_com_Multipaxos/mirbft/request/bucket.go:333 +0x8c
  github.com/hyperledger-labs/mirbft/request.(*BucketGroup).CutBatch()
      /opt/gopath/src/github.com/hyperledger-labs/ISS_com_Multipaxos/mirbft/request/bucketgroup.go:117 +0x3e5
  github.com/hyperledger-labs/mirbft/orderer.(*mpxInstance).cutReqBatch()
      /opt/gopath/src/github.com/hyperledger-labs/ISS_com_Multipaxos/mirbft/orderer/multipaxosinstance.go:556 +0xea
  github.com/hyperledger-labs/mirbft/orderer.(*mpxInstance).ProposeIfDue()
      /opt/gopath/src/github.com/hyperledger-labs/ISS_com_Multipaxos/mirbft/orderer/multipaxosinstance.go:436 +0x7f5
  github.com/hyperledger-labs/mirbft/orderer.(*MultiPaxosOrderer).runSegment.func1()
      /opt/gopath/src/github.com/hyperledger-labs/ISS_com_Multipaxos/mirbft/orderer/multipaxosorderer.go:287 +0x37b

Previous read at 0x00c00026d0a0 by goroutine 823:
  github.com/hyperledger-labs/mirbft/request.(*Bucket).Len()
      /opt/gopath/src/github.com/hyperledger-labs/ISS_com_Multipaxos/mirbft/request/bucket.go:82 +0x38a
  github.com/hyperledger-labs/mirbft/request.HandleRequest()
      /opt/gopath/src/github.com/hyperledger-labs/ISS_com_Multipaxos/mirbft/request/requesthandler.go:67 +0x394
  github.com/hyperledger-labs/mirbft/messenger.(*messengerServer).Request()
      /opt/gopath/src/github.com/hyperledger-labs/ISS_com_Multipaxos/mirbft/messenger/clients.go:77 +0x19d
  github.com/hyperledger-labs/mirbft/protobufs._Messenger_Request_Handler()
      /opt/gopath/src/github.com/hyperledger-labs/ISS_com_Multipaxos/mirbft/protobufs/messenger_grpc.pb.go:138 +0xe5
  google.golang.org/grpc.(*Server).processStreamingRPC()
      /root/go/pkg/mod/google.golang.org/grpc@v1.66.2/server.go:1688 +0x1fd9
  google.golang.org/grpc.(*Server).handleStream()
      /root/go/pkg/mod/google.golang.org/grpc@v1.66.2/server.go:1809 +0x17c4
  google.golang.org/grpc.(*Server).serveStreams.func2.1()
      /root/go/pkg/mod/google.golang.org/grpc@v1.66.2/server.go:1029 +0x158

Goroutine 614 (running) created at:
  github.com/hyperledger-labs/mirbft/orderer.(*MultiPaxosOrderer).runSegment()
      /opt/gopath/src/github.com/hyperledger-labs/ISS_com_Multipaxos/mirbft/orderer/multipaxosorderer.go:273 +0x3d3
  github.com/hyperledger-labs/mirbft/orderer.(*MultiPaxosMulticastOrderer).Start.(*MultiPaxosOrderer).Start.func1.1()
      /opt/gopath/src/github.com/hyperledger-labs/ISS_com_Multipaxos/mirbft/orderer/multipaxosorderer.go:208 +0x24f

Goroutine 823 (running) created at:
  google.golang.org/grpc.(*Server).serveStreams.func2()
      /root/go/pkg/mod/google.golang.org/grpc@v1.66.2/server.go:1040 +0x224
  google.golang.org/grpc/internal/transport.(*http2Server).operateHeaders()
      /root/go/pkg/mod/google.golang.org/grpc@v1.66.2/internal/transport/http2_server.go:630 +0x3881
  google.golang.org/grpc/internal/transport.(*http2Server).HandleStreams()
      /root/go/pkg/mod/google.golang.org/grpc@v1.66.2/internal/transport/http2_server.go:671 +0x415
  google.golang.org/grpc.(*Server).serveStreams()
      /root/go/pkg/mod/google.golang.org/grpc@v1.66.2/server.go:1023 +0x69b
  google.golang.org/grpc.(*Server).handleRawConn.func1()
      /root/go/pkg/mod/google.golang.org/grpc@v1.66.2/server.go:958 +0x86
==================
20:24:25.189 DBG Batch cut. left=0 nBuckets=16 nReq=64 next=0
PROPOSE sn=47 size=64
[MPX][NET] SEND Accept sn=47 bytes=37373 gid=47 digest=3402588a9bc2e487
[MC][SEND] kind=Accept sn=47 gid=48 (group)
[MPX] PROPOSE sn=47 size=64
[MPX][NET] SEND Prepare sn=48
[MC][SEND] kind=Prepare sn=48 gid=0 dst=ALL
[MPX][IN ] PROMISE sn=47 from=1 members=[0 1 2 3]
[MPX][IN ] PROMISE sn=47 from=2 members=[0 1 2 3]
[MPX][IN ] PROMISE sn=47 from=0 members=[0 1 2 3]
20:24:25.190 DBG Batch cut. left=0 nBuckets=16 nReq=0 next=0
[MPX][NET] SEND Prepare sn=49
[MC][SEND] kind=Prepare sn=49 gid=0 dst=ALL
20:24:25.191 DBG Batch cut. left=0 nBuckets=16 nReq=0 next=0
[MPX][NET] SEND Prepare sn=50
[MC][SEND] kind=Prepare sn=50 gid=0 dst=ALL
20:24:25.191 DBG Batch cut. left=0 nBuckets=16 nReq=0 next=0
[MPX][NET] SEND Prepare sn=51
[MC][SEND] kind=Prepare sn=51 gid=0 dst=ALL
20:24:25.193 WRN MPX handles message from self. sn=48
[MPX][IN ] PREPARE sn=48 from=3
20:24:25.193 WRN MPX handles message from self. sn=49
20:24:25.194 WRN MPX handles message from self. sn=50
[MPX][IN ] PREPARE sn=49 from=3
[MPX][IN ] PREPARE sn=50 from=3
20:24:25.194 WRN MPX handles message from self. sn=51
[MPX][IN ] PREPARE sn=51 from=3
[MPX][IN ] ACCEPTED sn=47 from=2
[MPX][QUORUM] ACCEPTED sn=47 count=2/3 digest=3402588a9bc2e487
[MPX][IN ] PROMISE sn=48 from=1 members=[0 1 2 3]
[MPX][IN ] ACCEPTED sn=47 from=1
[MPX][QUORUM] ACCEPTED sn=47 count=3/3 digest=3402588a9bc2e487
[MPX][QUORUM] MAJORITY REACHED sn=47 → COMMIT digest=3402588a9bc2e487
[MPX][NET] SEND Commit sn=47 gid=47 digest=3402588a9bc2e487
[MC][SEND] kind=Commit sn=47 gid=48 (group)
[MPX][NET] GOSSIP Commit sn=47 gid=47 digest=3402588a9bc2e487
[MC][SEND] kind=Commit sn=47 gid=48 (group)
[MPX][CHK] ANNOUNCE sn=47 reqs=64
[MPX][IN ] PROMISE sn=49 from=1 members=[0 1 2 3]
[MPX][IN ] PROMISE sn=48 from=2 members=[0 1 2 3]
[MPX][IN ] PROMISE sn=49 from=2 members=[0 1 2 3]
20:24:25.196 INF Committed entry. latency=0 nReq=64 sn=47
SB-DELIVER sn=47 size=64
COMMIT sn=47 size=64
DELIVER sn=47 delivered=64
[MPX] COMMIT  sn=47 size=64
[MPX][IN ] PROMISE sn=50 from=2 members=[0 1 2 3]
[MPX][IN ] PROMISE sn=50 from=1 members=[0 1 2 3]
[MC][GROUP] sn=50 gid=51 members=[2 1 0]
[MPX][IN ] ACCEPTED sn=47 from=0
[MPX][QUORUM] ACCEPTED sn=47 count=4/3 digest=3402588a9bc2e487
[MC][GROUP] sn=49 gid=50 members=[1 2 0]
[MC][GROUP] sn=51 gid=52 members=[0 2 1]
[MC][GROUP] sn=48 gid=49 members=[1 2 0]
[MPX][IN ] PROMISE sn=50 from=0 members=[0 1 2 3]
[MPX][IN ] PROMISE sn=49 from=0 members=[0 1 2 3]
[MPX][IN ] PROMISE sn=48 from=0 members=[0 1 2 3]
20:24:25.198 INF [REQ] ClientRequest received -> bucket bucketID=58 clientID=0 clientSn=2915
20:24:25.198 DBG [REQ] Bucket size after enqueue bucketID=58 bucketLenApprox=0
[MPX][IN ] PREPARE sn=45 from=0
[MPX][IN ] PREPARE sn=47 from=0
[MPX][IN ] PREPARE sn=46 from=0
[MPX][IN ] PREPARE sn=48 from=0
[MPX][IN ] ACCEPTED sn=47 from=0
[MPX][IN ] ACCEPTED sn=47 from=2
[MPX][IN ] ACCEPTED sn=47 from=1
20:24:25.227 INF [REQ] ClientRequest received -> bucket bucketID=46 clientID=0 clientSn=2919
20:24:25.228 DBG [REQ] Bucket size after enqueue bucketID=46 bucketLenApprox=0
20:24:25.259 INF [REQ] ClientRequest received -> bucket bucketID=22 clientID=0 clientSn=2923
20:24:25.259 DBG [REQ] Bucket size after enqueue bucketID=22 bucketLenApprox=0
20:24:25.290 INF [REQ] ClientRequest received -> bucket bucketID=28 clientID=0 clientSn=2927
20:24:25.290 DBG [REQ] Bucket size after enqueue bucketID=28 bucketLenApprox=0
20:24:25.322 INF [REQ] ClientRequest received -> bucket bucketID=27 clientID=0 clientSn=2931
20:24:25.322 DBG [REQ] Bucket size after enqueue bucketID=27 bucketLenApprox=0
20:24:25.353 INF [REQ] ClientRequest received -> bucket bucketID=38 clientID=0 clientSn=2935
20:24:25.353 DBG [REQ] Bucket size after enqueue bucketID=38 bucketLenApprox=0
20:24:25.384 INF [REQ] ClientRequest received -> bucket bucketID=9 clientID=0 clientSn=2939
20:24:25.384 DBG [REQ] Bucket size after enqueue bucketID=9 bucketLenApprox=0
20:24:25.416 INF [REQ] ClientRequest received -> bucket bucketID=50 clientID=0 clientSn=2943
20:24:25.416 DBG [REQ] Bucket size after enqueue bucketID=50 bucketLenApprox=0
20:24:25.446 INF [REQ] ClientRequest received -> bucket bucketID=49 clientID=0 clientSn=2947
20:24:25.446 DBG [REQ] Bucket size after enqueue bucketID=49 bucketLenApprox=0
[MPX][IN ] ACCEPT sn=47 from=0 gid=47
[MPX][QUORUM] ACCEPT sn=47 acceptCount=4 quorum=3 digest=3402588a9bc2e487
[MPX][NET] SKIP Accepted sn=47 (leader=self)
[MPX][IN ] ACCEPTED sn=47 from=1
[MPX][IN ] ACCEPTED sn=47 from=0
[MPX][IN ] ACCEPTED sn=47 from=2
20:24:25.478 INF [REQ] ClientRequest received -> bucket bucketID=41 clientID=0 clientSn=2951
20:24:25.478 DBG [REQ] Bucket size after enqueue bucketID=41 bucketLenApprox=0
20:24:25.509 INF [REQ] ClientRequest received -> bucket bucketID=14 clientID=0 clientSn=2955
20:24:25.509 DBG [REQ] Bucket size after enqueue bucketID=14 bucketLenApprox=0
20:24:25.540 INF [REQ] ClientRequest received -> bucket bucketID=31 clientID=0 clientSn=2959
20:24:25.540 DBG [REQ] Bucket size after enqueue bucketID=31 bucketLenApprox=0
[MPX][IN ] PREPARE sn=49 from=1
[MPX][IN ] PREPARE sn=46 from=1
[MPX][IN ] PREPARE sn=47 from=1
[MPX][IN ] PREPARE sn=48 from=1
20:24:25.572 INF [REQ] ClientRequest received -> bucket bucketID=29 clientID=0 clientSn=2963
20:24:25.572 DBG [REQ] Bucket size after enqueue bucketID=29 bucketLenApprox=0
20:24:25.603 INF [REQ] ClientRequest received -> bucket bucketID=62 clientID=0 clientSn=2967
20:24:25.603 DBG [REQ] Bucket size after enqueue bucketID=62 bucketLenApprox=0
20:24:25.633 INF [REQ] ClientRequest received -> bucket bucketID=9 clientID=0 clientSn=2971
20:24:25.634 DBG [REQ] Bucket size after enqueue bucketID=9 bucketLenApprox=0
20:24:25.665 INF [REQ] ClientRequest received -> bucket bucketID=55 clientID=0 clientSn=2975
20:24:25.666 DBG [REQ] Bucket size after enqueue bucketID=55 bucketLenApprox=1
20:24:25.696 INF [REQ] ClientRequest received -> bucket bucketID=60 clientID=0 clientSn=2979
20:24:25.697 DBG [REQ] Bucket size after enqueue bucketID=60 bucketLenApprox=0
20:24:25.727 INF [REQ] ClientRequest received -> bucket bucketID=54 clientID=0 clientSn=2983
20:24:25.727 DBG [REQ] Bucket size after enqueue bucketID=54 bucketLenApprox=0
20:24:25.759 INF [REQ] ClientRequest received -> bucket bucketID=30 clientID=0 clientSn=2987
20:24:25.759 DBG [REQ] Bucket size after enqueue bucketID=30 bucketLenApprox=0
20:24:25.790 INF [REQ] ClientRequest received -> bucket bucketID=39 clientID=0 clientSn=2991
20:24:25.790 DBG [REQ] Bucket size after enqueue bucketID=39 bucketLenApprox=2
20:24:25.822 INF [REQ] ClientRequest received -> bucket bucketID=53 clientID=0 clientSn=2995
20:24:25.822 DBG [REQ] Bucket size after enqueue bucketID=53 bucketLenApprox=0
20:24:25.853 INF [REQ] ClientRequest received -> bucket bucketID=5 clientID=0 clientSn=2999
20:24:25.853 DBG [REQ] Bucket size after enqueue bucketID=5 bucketLenApprox=0
20:24:25.884 INF [REQ] ClientRequest received -> bucket bucketID=61 clientID=0 clientSn=3003
20:24:25.884 DBG [REQ] Bucket size after enqueue bucketID=61 bucketLenApprox=0
20:24:25.916 INF [REQ] ClientRequest received -> bucket bucketID=58 clientID=0 clientSn=3007
20:24:25.916 DBG [REQ] Bucket size after enqueue bucketID=58 bucketLenApprox=0
20:24:25.946 INF [REQ] ClientRequest received -> bucket bucketID=28 clientID=0 clientSn=3011
20:24:25.946 DBG [REQ] Bucket size after enqueue bucketID=28 bucketLenApprox=0
20:24:25.977 INF [REQ] ClientRequest received -> bucket bucketID=49 clientID=0 clientSn=3015
20:24:25.978 DBG [REQ] Bucket size after enqueue bucketID=49 bucketLenApprox=0
20:24:26.009 INF [REQ] ClientRequest received -> bucket bucketID=63 clientID=0 clientSn=3019
20:24:26.009 DBG [REQ] Bucket size after enqueue bucketID=63 bucketLenApprox=2
20:24:26.040 INF [REQ] ClientRequest received -> bucket bucketID=21 clientID=0 clientSn=3023
20:24:26.040 DBG [REQ] Bucket size after enqueue bucketID=21 bucketLenApprox=0
20:24:26.072 INF [REQ] ClientRequest received -> bucket bucketID=62 clientID=0 clientSn=3027
20:24:26.072 DBG [REQ] Bucket size after enqueue bucketID=62 bucketLenApprox=0
20:24:26.102 INF [REQ] ClientRequest received -> bucket bucketID=43 clientID=0 clientSn=3031
20:24:26.103 DBG [REQ] Bucket size after enqueue bucketID=43 bucketLenApprox=2
20:24:26.134 INF [REQ] ClientRequest received -> bucket bucketID=6 clientID=0 clientSn=3035
20:24:26.134 DBG [REQ] Bucket size after enqueue bucketID=6 bucketLenApprox=0
20:24:26.165 INF [REQ] ClientRequest received -> bucket bucketID=22 clientID=0 clientSn=3039
20:24:26.166 DBG [REQ] Bucket size after enqueue bucketID=22 bucketLenApprox=0
20:24:26.196 INF [REQ] ClientRequest received -> bucket bucketID=10 clientID=0 clientSn=3043
20:24:26.196 DBG [REQ] Bucket size after enqueue bucketID=10 bucketLenApprox=0
20:24:26.228 INF [REQ] ClientRequest received -> bucket bucketID=9 clientID=0 clientSn=3047
20:24:26.228 DBG [REQ] Bucket size after enqueue bucketID=9 bucketLenApprox=0
20:24:26.259 INF [REQ] ClientRequest received -> bucket bucketID=0 clientID=0 clientSn=3051
20:24:26.260 DBG [REQ] Bucket size after enqueue bucketID=0 bucketLenApprox=0
20:24:26.291 INF [REQ] ClientRequest received -> bucket bucketID=31 clientID=0 clientSn=3055
20:24:26.291 DBG [REQ] Bucket size after enqueue bucketID=31 bucketLenApprox=2
20:24:26.322 INF [REQ] ClientRequest received -> bucket bucketID=59 clientID=0 clientSn=3059
20:24:26.322 DBG [REQ] Bucket size after enqueue bucketID=59 bucketLenApprox=2
20:24:26.353 INF [REQ] ClientRequest received -> bucket bucketID=4 clientID=0 clientSn=3063
20:24:26.353 DBG [REQ] Bucket size after enqueue bucketID=4 bucketLenApprox=0
20:24:26.383 INF [REQ] ClientRequest received -> bucket bucketID=16 clientID=0 clientSn=3067
20:24:26.384 DBG [REQ] Bucket size after enqueue bucketID=16 bucketLenApprox=0
[MPX][IN ] PREPARE sn=50 from=2
[MPX][IN ] PREPARE sn=47 from=2
[MPX][IN ] PREPARE sn=49 from=2
[MPX][IN ] PREPARE sn=48 from=2
20:24:26.415 INF [REQ] ClientRequest received -> bucket bucketID=5 clientID=0 clientSn=3071
20:24:26.416 DBG [REQ] Bucket size after enqueue bucketID=5 bucketLenApprox=0
20:24:26.453 INF [REQ] ClientRequest received -> bucket bucketID=28 clientID=0 clientSn=3075
20:24:26.454 DBG [REQ] Bucket size after enqueue bucketID=28 bucketLenApprox=0
20:24:26.477 INF [REQ] ClientRequest received -> bucket bucketID=19 clientID=0 clientSn=3079
20:24:26.478 DBG [REQ] Bucket size after enqueue bucketID=19 bucketLenApprox=2
20:24:26.509 INF [REQ] ClientRequest received -> bucket bucketID=34 clientID=0 clientSn=3083
20:24:26.509 DBG [REQ] Bucket size after enqueue bucketID=34 bucketLenApprox=0
20:24:26.540 INF [REQ] ClientRequest received -> bucket bucketID=26 clientID=0 clientSn=3087
20:24:26.540 DBG [REQ] Bucket size after enqueue bucketID=26 bucketLenApprox=0
20:24:26.571 INF [REQ] ClientRequest received -> bucket bucketID=15 clientID=0 clientSn=3091
20:24:26.571 DBG [REQ] Bucket size after enqueue bucketID=15 bucketLenApprox=3
20:24:26.603 INF [REQ] ClientRequest received -> bucket bucketID=9 clientID=0 clientSn=3095
20:24:26.603 DBG [REQ] Bucket size after enqueue bucketID=9 bucketLenApprox=0
20:24:26.634 INF [REQ] ClientRequest received -> bucket bucketID=45 clientID=0 clientSn=3099
20:24:26.635 DBG [REQ] Bucket size after enqueue bucketID=45 bucketLenApprox=0
20:24:26.665 INF [REQ] ClientRequest received -> bucket bucketID=10 clientID=0 clientSn=3103
20:24:26.665 DBG [REQ] Bucket size after enqueue bucketID=10 bucketLenApprox=0
20:24:26.696 INF [REQ] ClientRequest received -> bucket bucketID=28 clientID=0 clientSn=3107
20:24:26.697 DBG [REQ] Bucket size after enqueue bucketID=28 bucketLenApprox=0
20:24:26.728 INF [REQ] ClientRequest received -> bucket bucketID=39 clientID=0 clientSn=3111
20:24:26.728 DBG [REQ] Bucket size after enqueue bucketID=39 bucketLenApprox=3
20:24:26.759 INF [REQ] ClientRequest received -> bucket bucketID=21 clientID=0 clientSn=3115
20:24:26.759 DBG [REQ] Bucket size after enqueue bucketID=21 bucketLenApprox=0
20:24:26.790 INF [REQ] ClientRequest received -> bucket bucketID=31 clientID=0 clientSn=3119
20:24:26.790 DBG [REQ] Bucket size after enqueue bucketID=31 bucketLenApprox=3
20:24:26.822 INF [REQ] ClientRequest received -> bucket bucketID=32 clientID=0 clientSn=3123
20:24:26.822 DBG [REQ] Bucket size after enqueue bucketID=32 bucketLenApprox=0
20:24:26.852 INF [REQ] ClientRequest received -> bucket bucketID=23 clientID=0 clientSn=3127
20:24:26.853 DBG [REQ] Bucket size after enqueue bucketID=23 bucketLenApprox=3
20:24:26.884 INF [REQ] ClientRequest received -> bucket bucketID=33 clientID=0 clientSn=3131
20:24:26.884 DBG [REQ] Bucket size after enqueue bucketID=33 bucketLenApprox=0
20:24:26.915 INF [REQ] ClientRequest received -> bucket bucketID=59 clientID=0 clientSn=3135
20:24:26.915 DBG [REQ] Bucket size after enqueue bucketID=59 bucketLenApprox=4
20:24:26.946 INF [REQ] ClientRequest received -> bucket bucketID=58 clientID=0 clientSn=3139
20:24:26.947 DBG [REQ] Bucket size after enqueue bucketID=58 bucketLenApprox=0
20:24:26.977 INF [REQ] ClientRequest received -> bucket bucketID=0 clientID=0 clientSn=3143
20:24:26.978 DBG [REQ] Bucket size after enqueue bucketID=0 bucketLenApprox=0
20:24:27.009 INF [REQ] ClientRequest received -> bucket bucketID=63 clientID=0 clientSn=3147
20:24:27.010 DBG [REQ] Bucket size after enqueue bucketID=63 bucketLenApprox=4
20:24:27.041 INF [REQ] ClientRequest received -> bucket bucketID=42 clientID=0 clientSn=3151
20:24:27.041 DBG [REQ] Bucket size after enqueue bucketID=42 bucketLenApprox=0
20:24:27.072 INF [REQ] ClientRequest received -> bucket bucketID=57 clientID=0 clientSn=3155
20:24:27.072 DBG [REQ] Bucket size after enqueue bucketID=57 bucketLenApprox=0
20:24:27.103 INF [REQ] ClientRequest received -> bucket bucketID=18 clientID=0 clientSn=3159
20:24:27.103 DBG [REQ] Bucket size after enqueue bucketID=18 bucketLenApprox=0
20:24:27.133 INF [REQ] ClientRequest received -> bucket bucketID=11 clientID=0 clientSn=3163
20:24:27.134 DBG [REQ] Bucket size after enqueue bucketID=11 bucketLenApprox=4
20:24:27.165 INF [REQ] ClientRequest received -> bucket bucketID=2 clientID=0 clientSn=3167
20:24:27.165 DBG [REQ] Bucket size after enqueue bucketID=2 bucketLenApprox=0
20:24:27.193 DBG Batch cut. left=0 nBuckets=16 nReq=64 next=0
PROPOSE sn=51 size=64
[MPX][NET] SEND Accept sn=51 bytes=37380 gid=51 digest=ac3ee36a56dbc30a
[MC][SEND] kind=Accept sn=51 gid=52 (group)
[MPX] PROPOSE sn=51 size=64
[MPX][NET] SEND Prepare sn=52
[MC][SEND] kind=Prepare sn=52 gid=0 dst=ALL
[MPX][IN ] PROMISE sn=51 from=2 members=[0 1 2 3]
[MPX][IN ] PROMISE sn=51 from=1 members=[0 1 2 3]
[MPX][IN ] PROMISE sn=51 from=0 members=[0 1 2 3]
20:24:27.193 DBG Batch cut. left=0 nBuckets=16 nReq=0 next=0
[MPX][NET] SEND Prepare sn=53
[MC][SEND] kind=Prepare sn=53 gid=0 dst=ALL
20:24:27.194 DBG Batch cut. left=0 nBuckets=16 nReq=0 next=0
[MPX][NET] SEND Prepare sn=54
[MC][SEND] kind=Prepare sn=54 gid=0 dst=ALL
20:24:27.194 DBG Batch cut. left=0 nBuckets=16 nReq=0 next=0
[MPX][NET] SEND Prepare sn=55
[MC][SEND] kind=Prepare sn=55 gid=0 dst=ALL
20:24:27.194 WRN MPX handles message from self. sn=52
[MPX][IN ] PREPARE sn=52 from=3
20:24:27.196 WRN MPX handles message from self. sn=53
[MPX][IN ] PREPARE sn=53 from=3
20:24:27.196 WRN MPX handles message from self. sn=54
[MPX][IN ] PREPARE sn=54 from=3
20:24:27.196 WRN MPX handles message from self. sn=55
[MPX][IN ] PREPARE sn=55 from=3
20:24:27.197 INF [REQ] ClientRequest received -> bucket bucketID=30 clientID=0 clientSn=3171
20:24:27.197 DBG [REQ] Bucket size after enqueue bucketID=30 bucketLenApprox=0
[MPX][IN ] PROMISE sn=53 from=0 members=[0 1 2 3]
[MPX][IN ] PROMISE sn=54 from=0 members=[0 1 2 3]
[MPX][IN ] PROMISE sn=52 from=0 members=[0 1 2 3]
[MC][GROUP] sn=53 gid=54 members=[0 2 1]
[MPX][IN ] ACCEPTED sn=51 from=2
[MPX][QUORUM] ACCEPTED sn=51 count=2/3 digest=ac3ee36a56dbc30a
[MPX][IN ] ACCEPTED sn=51 from=1
[MPX][IN ] PROMISE sn=53 from=2 members=[0 1 2 3]
[MPX][IN ] PROMISE sn=54 from=1 members=[0 1 2 3]
[MPX][IN ] PROMISE sn=53 from=1 members=[0 1 2 3]
[MPX][IN ] PROMISE sn=52 from=1 members=[0 1 2 3]
[MC][GROUP] sn=52 gid=53 members=[1 2 0]
[MPX][QUORUM] ACCEPTED sn=51 count=3/3 digest=ac3ee36a56dbc30a
[MC][GROUP] sn=55 gid=56 members=[2 0 1]
[MPX][QUORUM] MAJORITY REACHED sn=51 → COMMIT digest=ac3ee36a56dbc30a
[MC][GROUP] sn=54 gid=55 members=[2 0 1]
[MPX][NET] SEND Commit sn=51 gid=51 digest=ac3ee36a56dbc30a
[MPX][IN ] PROMISE sn=52 from=2 members=[0 1 2 3]
[MPX][IN ] PROMISE sn=54 from=2 members=[0 1 2 3]
[MC][SEND] kind=Commit sn=51 gid=52 (group)
[MPX][NET] GOSSIP Commit sn=51 gid=51 digest=ac3ee36a56dbc30a
[MC][SEND] kind=Commit sn=51 gid=52 (group)
[MPX][CHK] ANNOUNCE sn=51 reqs=64
20:24:27.199 INF Committed entry. latency=0 nReq=64 sn=51
SB-DELIVER sn=51 size=64
COMMIT sn=51 size=64
DELIVER sn=51 delivered=64
[MPX] COMMIT  sn=51 size=64
[MPX][IN ] ACCEPTED sn=51 from=0
[MPX][QUORUM] ACCEPTED sn=51 count=4/3 digest=ac3ee36a56dbc30a
[MPX][IN ] PREPARE sn=50 from=0
[MPX][IN ] PREPARE sn=49 from=0
[MPX][IN ] PREPARE sn=51 from=0
[MPX][IN ] PREPARE sn=52 from=0
[MPX][IN ] ACCEPTED sn=51 from=0
[MPX][IN ] ACCEPTED sn=51 from=2
[MPX][IN ] ACCEPTED sn=51 from=1
20:24:27.227 INF [REQ] ClientRequest received -> bucket bucketID=43 clientID=0 clientSn=3175
20:24:27.227 DBG [REQ] Bucket size after enqueue bucketID=43 bucketLenApprox=0
20:24:27.259 INF [REQ] ClientRequest received -> bucket bucketID=31 clientID=0 clientSn=3179
20:24:27.259 DBG [REQ] Bucket size after enqueue bucketID=31 bucketLenApprox=0
20:24:27.290 INF [REQ] ClientRequest received -> bucket bucketID=34 clientID=0 clientSn=3183
20:24:27.290 DBG [REQ] Bucket size after enqueue bucketID=34 bucketLenApprox=0
20:24:27.321 INF [REQ] ClientRequest received -> bucket bucketID=56 clientID=0 clientSn=3187
20:24:27.322 DBG [REQ] Bucket size after enqueue bucketID=56 bucketLenApprox=0
20:24:27.352 INF [REQ] ClientRequest received -> bucket bucketID=26 clientID=0 clientSn=3191
20:24:27.352 DBG [REQ] Bucket size after enqueue bucketID=26 bucketLenApprox=0
20:24:27.384 INF [REQ] ClientRequest received -> bucket bucketID=16 clientID=0 clientSn=3195
20:24:27.384 DBG [REQ] Bucket size after enqueue bucketID=16 bucketLenApprox=0
20:24:27.415 INF [REQ] ClientRequest received -> bucket bucketID=54 clientID=0 clientSn=3199
20:24:27.416 DBG [REQ] Bucket size after enqueue bucketID=54 bucketLenApprox=0
20:24:27.447 INF [REQ] ClientRequest received -> bucket bucketID=60 clientID=0 clientSn=3203
20:24:27.447 DBG [REQ] Bucket size after enqueue bucketID=60 bucketLenApprox=0
[MPX][IN ] ACCEPT sn=51 from=0 gid=51
[MPX][QUORUM] ACCEPT sn=51 acceptCount=4 quorum=3 digest=ac3ee36a56dbc30a
[MPX][NET] SKIP Accepted sn=51 (leader=self)
[MPX][IN ] ACCEPTED sn=51 from=1
[MPX][IN ] ACCEPTED sn=51 from=2
[MPX][IN ] ACCEPTED sn=51 from=0
20:24:27.478 INF [REQ] ClientRequest received -> bucket bucketID=53 clientID=0 clientSn=3207
20:24:27.478 DBG [REQ] Bucket size after enqueue bucketID=53 bucketLenApprox=0
20:24:27.509 INF [REQ] ClientRequest received -> bucket bucketID=42 clientID=0 clientSn=3211
20:24:27.509 DBG [REQ] Bucket size after enqueue bucketID=42 bucketLenApprox=0
20:24:27.540 INF [REQ] ClientRequest received -> bucket bucketID=27 clientID=0 clientSn=3215
20:24:27.540 DBG [REQ] Bucket size after enqueue bucketID=27 bucketLenApprox=0
[MPX][IN ] PREPARE sn=50 from=1
[MPX][IN ] PREPARE sn=51 from=1
20:24:27.572 INF [REQ] ClientRequest received -> bucket bucketID=50 clientID=0 clientSn=3219
20:24:27.572 DBG [REQ] Bucket size after enqueue bucketID=50 bucketLenApprox=0
[MPX][IN ] PREPARE sn=53 from=1
[MPX][IN ] PREPARE sn=52 from=1
20:24:27.602 INF [REQ] ClientRequest received -> bucket bucketID=10 clientID=0 clientSn=3223
20:24:27.602 DBG [REQ] Bucket size after enqueue bucketID=10 bucketLenApprox=0
20:24:27.634 INF [REQ] ClientRequest received -> bucket bucketID=37 clientID=0 clientSn=3227
20:24:27.634 DBG [REQ] Bucket size after enqueue bucketID=37 bucketLenApprox=0
20:24:27.665 INF [REQ] ClientRequest received -> bucket bucketID=12 clientID=0 clientSn=3231
20:24:27.665 DBG [REQ] Bucket size after enqueue bucketID=12 bucketLenApprox=0
20:24:27.696 INF [REQ] ClientRequest received -> bucket bucketID=38 clientID=0 clientSn=3235
20:24:27.697 DBG [REQ] Bucket size after enqueue bucketID=38 bucketLenApprox=0
20:24:27.728 INF [REQ] ClientRequest received -> bucket bucketID=31 clientID=0 clientSn=3239
20:24:27.728 DBG [REQ] Bucket size after enqueue bucketID=31 bucketLenApprox=1
20:24:27.758 INF [REQ] ClientRequest received -> bucket bucketID=9 clientID=0 clientSn=3243
20:24:27.758 DBG [REQ] Bucket size after enqueue bucketID=9 bucketLenApprox=0
20:24:27.790 INF [REQ] ClientRequest received -> bucket bucketID=35 clientID=0 clientSn=3247
20:24:27.791 DBG [REQ] Bucket size after enqueue bucketID=35 bucketLenApprox=2
20:24:27.821 INF [REQ] ClientRequest received -> bucket bucketID=29 clientID=0 clientSn=3251
20:24:27.821 DBG [REQ] Bucket size after enqueue bucketID=29 bucketLenApprox=0
20:24:27.852 INF [REQ] ClientRequest received -> bucket bucketID=14 clientID=0 clientSn=3255
20:24:27.852 DBG [REQ] Bucket size after enqueue bucketID=14 bucketLenApprox=0
20:24:27.884 INF [REQ] ClientRequest received -> bucket bucketID=63 clientID=0 clientSn=3259
20:24:27.884 DBG [REQ] Bucket size after enqueue bucketID=63 bucketLenApprox=1
20:24:27.915 INF [REQ] ClientRequest received -> bucket bucketID=39 clientID=0 clientSn=3263
20:24:27.916 DBG [REQ] Bucket size after enqueue bucketID=39 bucketLenApprox=2
20:24:27.946 INF [REQ] ClientRequest received -> bucket bucketID=1 clientID=0 clientSn=3267
20:24:27.946 DBG [REQ] Bucket size after enqueue bucketID=1 bucketLenApprox=0
20:24:27.978 INF [REQ] ClientRequest received -> bucket bucketID=36 clientID=0 clientSn=3271
20:24:27.978 DBG [REQ] Bucket size after enqueue bucketID=36 bucketLenApprox=0
20:24:28.009 INF [REQ] ClientRequest received -> bucket bucketID=0 clientID=0 clientSn=3275
20:24:28.009 DBG [REQ] Bucket size after enqueue bucketID=0 bucketLenApprox=0
20:24:28.040 INF [REQ] ClientRequest received -> bucket bucketID=12 clientID=0 clientSn=3279
20:24:28.040 DBG [REQ] Bucket size after enqueue bucketID=12 bucketLenApprox=0
20:24:28.071 INF [REQ] ClientRequest received -> bucket bucketID=48 clientID=0 clientSn=3283
20:24:28.072 DBG [REQ] Bucket size after enqueue bucketID=48 bucketLenApprox=0
20:24:28.103 INF [REQ] ClientRequest received -> bucket bucketID=32 clientID=0 clientSn=3287
20:24:28.103 DBG [REQ] Bucket size after enqueue bucketID=32 bucketLenApprox=0
20:24:28.134 INF [REQ] ClientRequest received -> bucket bucketID=19 clientID=0 clientSn=3291
20:24:28.134 DBG [REQ] Bucket size after enqueue bucketID=19 bucketLenApprox=2
20:24:28.165 INF [REQ] ClientRequest received -> bucket bucketID=29 clientID=0 clientSn=3295
20:24:28.165 DBG [REQ] Bucket size after enqueue bucketID=29 bucketLenApprox=0
20:24:28.196 INF [REQ] ClientRequest received -> bucket bucketID=60 clientID=0 clientSn=3299
20:24:28.196 DBG [REQ] Bucket size after enqueue bucketID=60 bucketLenApprox=0
20:24:28.228 INF [REQ] ClientRequest received -> bucket bucketID=22 clientID=0 clientSn=3303
20:24:28.228 DBG [REQ] Bucket size after enqueue bucketID=22 bucketLenApprox=0
20:24:28.259 INF [REQ] ClientRequest received -> bucket bucketID=55 clientID=0 clientSn=3307
20:24:28.259 DBG [REQ] Bucket size after enqueue bucketID=55 bucketLenApprox=2
20:24:28.290 INF [REQ] ClientRequest received -> bucket bucketID=46 clientID=0 clientSn=3311
20:24:28.290 DBG [REQ] Bucket size after enqueue bucketID=46 bucketLenApprox=0
20:24:28.321 INF [REQ] ClientRequest received -> bucket bucketID=19 clientID=0 clientSn=3315
20:24:28.321 DBG [REQ] Bucket size after enqueue bucketID=19 bucketLenApprox=2
20:24:28.352 INF [REQ] ClientRequest received -> bucket bucketID=29 clientID=0 clientSn=3319
20:24:28.352 DBG [REQ] Bucket size after enqueue bucketID=29 bucketLenApprox=0
20:24:28.383 INF [REQ] ClientRequest received -> bucket bucketID=18 clientID=0 clientSn=3323
20:24:28.384 DBG [REQ] Bucket size after enqueue bucketID=18 bucketLenApprox=0
[MPX][IN ] PREPARE sn=52 from=2
[MPX][IN ] PREPARE sn=54 from=2
[MPX][IN ] PREPARE sn=51 from=2
[MPX][IN ] PREPARE sn=53 from=2
20:24:28.416 INF [REQ] ClientRequest received -> bucket bucketID=19 clientID=0 clientSn=3327
20:24:28.417 DBG [REQ] Bucket size after enqueue bucketID=19 bucketLenApprox=2
20:24:28.456 INF [REQ] ClientRequest received -> bucket bucketID=63 clientID=0 clientSn=3331
20:24:28.456 DBG [REQ] Bucket size after enqueue bucketID=63 bucketLenApprox=3
20:24:28.477 INF [REQ] ClientRequest received -> bucket bucketID=47 clientID=0 clientSn=3335
20:24:28.478 DBG [REQ] Bucket size after enqueue bucketID=47 bucketLenApprox=3
20:24:28.509 INF [REQ] ClientRequest received -> bucket bucketID=2 clientID=0 clientSn=3339
20:24:28.509 DBG [REQ] Bucket size after enqueue bucketID=2 bucketLenApprox=0
20:24:28.540 INF [REQ] ClientRequest received -> bucket bucketID=44 clientID=0 clientSn=3343
20:24:28.540 DBG [REQ] Bucket size after enqueue bucketID=44 bucketLenApprox=0
20:24:28.571 INF [REQ] ClientRequest received -> bucket bucketID=28 clientID=0 clientSn=3347
20:24:28.571 DBG [REQ] Bucket size after enqueue bucketID=28 bucketLenApprox=0
20:24:28.602 INF [REQ] ClientRequest received -> bucket bucketID=59 clientID=0 clientSn=3351
20:24:28.603 DBG [REQ] Bucket size after enqueue bucketID=59 bucketLenApprox=3
20:24:28.633 INF [REQ] ClientRequest received -> bucket bucketID=40 clientID=0 clientSn=3355
20:24:28.634 DBG [REQ] Bucket size after enqueue bucketID=40 bucketLenApprox=0
20:24:28.665 INF [REQ] ClientRequest received -> bucket bucketID=57 clientID=0 clientSn=3359
20:24:28.665 DBG [REQ] Bucket size after enqueue bucketID=57 bucketLenApprox=0
20:24:28.696 INF [REQ] ClientRequest received -> bucket bucketID=8 clientID=0 clientSn=3363
20:24:28.696 DBG [REQ] Bucket size after enqueue bucketID=8 bucketLenApprox=0
20:24:28.727 INF [REQ] ClientRequest received -> bucket bucketID=45 clientID=0 clientSn=3367
20:24:28.727 DBG [REQ] Bucket size after enqueue bucketID=45 bucketLenApprox=0
20:24:28.758 INF [REQ] ClientRequest received -> bucket bucketID=20 clientID=0 clientSn=3371
20:24:28.759 DBG [REQ] Bucket size after enqueue bucketID=20 bucketLenApprox=0
20:24:28.790 INF [REQ] ClientRequest received -> bucket bucketID=32 clientID=0 clientSn=3375
20:24:28.790 DBG [REQ] Bucket size after enqueue bucketID=32 bucketLenApprox=0
20:24:28.821 INF [REQ] ClientRequest received -> bucket bucketID=41 clientID=0 clientSn=3379
20:24:28.821 DBG [REQ] Bucket size after enqueue bucketID=41 bucketLenApprox=0
20:24:28.853 INF [REQ] ClientRequest received -> bucket bucketID=19 clientID=0 clientSn=3383
20:24:28.853 DBG [REQ] Bucket size after enqueue bucketID=19 bucketLenApprox=3
20:24:28.884 INF [REQ] ClientRequest received -> bucket bucketID=27 clientID=0 clientSn=3387
20:24:28.884 DBG [REQ] Bucket size after enqueue bucketID=27 bucketLenApprox=3
20:24:28.915 INF [REQ] ClientRequest received -> bucket bucketID=12 clientID=0 clientSn=3391
20:24:28.916 DBG [REQ] Bucket size after enqueue bucketID=12 bucketLenApprox=0
20:24:28.947 INF [REQ] ClientRequest received -> bucket bucketID=57 clientID=0 clientSn=3395
20:24:28.947 DBG [REQ] Bucket size after enqueue bucketID=57 bucketLenApprox=0
20:24:28.977 INF [REQ] ClientRequest received -> bucket bucketID=16 clientID=0 clientSn=3399
20:24:28.977 DBG [REQ] Bucket size after enqueue bucketID=16 bucketLenApprox=0
20:24:29.008 INF [REQ] ClientRequest received -> bucket bucketID=3 clientID=0 clientSn=3403
20:24:29.009 DBG [REQ] Bucket size after enqueue bucketID=3 bucketLenApprox=4
20:24:29.040 INF [REQ] ClientRequest received -> bucket bucketID=9 clientID=0 clientSn=3407
20:24:29.040 DBG [REQ] Bucket size after enqueue bucketID=9 bucketLenApprox=0
20:24:29.071 INF [REQ] ClientRequest received -> bucket bucketID=2 clientID=0 clientSn=3411
20:24:29.071 DBG [REQ] Bucket size after enqueue bucketID=2 bucketLenApprox=0
20:24:29.103 INF [REQ] ClientRequest received -> bucket bucketID=50 clientID=0 clientSn=3415
20:24:29.103 DBG [REQ] Bucket size after enqueue bucketID=50 bucketLenApprox=0
20:24:29.134 INF [REQ] ClientRequest received -> bucket bucketID=11 clientID=0 clientSn=3419
20:24:29.134 DBG [REQ] Bucket size after enqueue bucketID=11 bucketLenApprox=4
20:24:29.165 INF [REQ] ClientRequest received -> bucket bucketID=57 clientID=0 clientSn=3423
20:24:29.165 DBG [REQ] Bucket size after enqueue bucketID=57 bucketLenApprox=0
20:24:29.195 DBG Batch cut. left=0 nBuckets=16 nReq=64 next=0
PROPOSE sn=55 size=64
[MPX][NET] SEND Accept sn=55 bytes=37373 gid=55 digest=00c31d27338b05ba
[MC][SEND] kind=Accept sn=55 gid=56 (group)
[MPX] PROPOSE sn=55 size=64
[MPX][NET] SEND Prepare sn=56
[MC][SEND] kind=Prepare sn=56 gid=0 dst=ALL
[MPX][IN ] PROMISE sn=55 from=0 members=[0 1 2 3]
20:24:29.196 DBG Batch cut. left=0 nBuckets=16 nReq=0 next=0
[MPX][IN ] PROMISE sn=55 from=1 members=[0 1 2 3]
[MPX][IN ] PROMISE sn=55 from=2 members=[0 1 2 3]
[MPX][NET] SEND Prepare sn=57
[MC][SEND] kind=Prepare sn=57 gid=0 dst=ALL
20:24:29.196 DBG Batch cut. left=0 nBuckets=16 nReq=0 next=0
[MPX][NET] SEND Prepare sn=58
[MC][SEND] kind=Prepare sn=58 gid=0 dst=ALL
20:24:29.196 DBG Batch cut. left=0 nBuckets=16 nReq=0 next=0
[MPX][NET] SEND Prepare sn=59
[MC][SEND] kind=Prepare sn=59 gid=0 dst=ALL
20:24:29.197 WRN MPX handles message from self. sn=56
[MPX][IN ] PREPARE sn=56 from=3
20:24:29.197 INF [REQ] ClientRequest received -> bucket bucketID=59 clientID=0 clientSn=3427
20:24:29.197 DBG [REQ] Bucket size after enqueue bucketID=59 bucketLenApprox=0
20:24:29.198 WRN MPX handles message from self. sn=57
20:24:29.198 WRN MPX handles message from self. sn=58
20:24:29.198 WRN MPX handles message from self. sn=59
[MPX][IN ] PREPARE sn=59 from=3
[MPX][IN ] PREPARE sn=58 from=3
[MPX][IN ] PREPARE sn=57 from=3
[MPX][IN ] PROMISE sn=57 from=1 members=[0 1 2 3]
[MPX][IN ] PROMISE sn=57 from=0 members=[0 1 2 3]
[MPX][IN ] PROMISE sn=56 from=1 members=[0 1 2 3]
[MPX][IN ] PROMISE sn=58 from=1 members=[0 1 2 3]
[MPX][IN ] PROMISE sn=58 from=0 members=[0 1 2 3]
[MPX][IN ] ACCEPTED sn=55 from=1
[MPX][QUORUM] ACCEPTED sn=55 count=2/3 digest=00c31d27338b05ba
[MPX][IN ] ACCEPTED sn=55 from=0
[MC][GROUP] sn=57 gid=58 members=[0 2 1]
[MPX][QUORUM] ACCEPTED sn=55 count=3/3 digest=00c31d27338b05ba
[MPX][QUORUM] MAJORITY REACHED sn=55 → COMMIT digest=00c31d27338b05ba
[MC][GROUP] sn=58 gid=59 members=[0 1 2]
[MPX][IN ] PROMISE sn=56 from=0 members=[0 1 2 3]
[MPX][NET] SEND Commit sn=55 gid=55 digest=00c31d27338b05ba
[MC][GROUP] sn=59 gid=60 members=[1 0 2]
[MPX][IN ] PROMISE sn=58 from=2 members=[0 1 2 3]
[MPX][IN ] PROMISE sn=57 from=2 members=[0 1 2 3]
[MC][SEND] kind=Commit sn=55 gid=56 (group)
[MPX][NET] GOSSIP Commit sn=55 gid=55 digest=00c31d27338b05ba
[MC][GROUP] sn=56 gid=57 members=[1 0 2]
[MC][SEND] kind=Commit sn=55 gid=56 (group)
[MPX][IN ] PROMISE sn=56 from=2 members=[0 1 2 3]
[MPX][CHK] ANNOUNCE sn=55 reqs=64
20:24:29.201 INF Committed entry. latency=0 nReq=64 sn=55
SB-DELIVER sn=55 size=64
COMMIT sn=55 size=64
DELIVER sn=55 delivered=64
[MPX] COMMIT  sn=55 size=64
[MPX][IN ] ACCEPTED sn=55 from=2
[MPX][QUORUM] ACCEPTED sn=55 count=4/3 digest=00c31d27338b05ba
[MPX][IN ] PREPARE sn=53 from=0
[MPX][IN ] PREPARE sn=55 from=0
[MPX][IN ] PREPARE sn=54 from=0
[MPX][IN ] PREPARE sn=56 from=0
[MPX][IN ] ACCEPTED sn=55 from=2
[MPX][IN ] ACCEPTED sn=55 from=0
[MPX][IN ] ACCEPTED sn=55 from=1
20:24:29.229 INF [REQ] ClientRequest received -> bucket bucketID=31 clientID=0 clientSn=3431
20:24:29.229 DBG [REQ] Bucket size after enqueue bucketID=31 bucketLenApprox=0
20:24:29.259 INF [REQ] ClientRequest received -> bucket bucketID=54 clientID=0 clientSn=3435
20:24:29.259 DBG [REQ] Bucket size after enqueue bucketID=54 bucketLenApprox=0
20:24:29.290 INF [REQ] ClientRequest received -> bucket bucketID=41 clientID=0 clientSn=3439
20:24:29.290 DBG [REQ] Bucket size after enqueue bucketID=41 bucketLenApprox=0
20:24:29.322 INF [REQ] ClientRequest received -> bucket bucketID=18 clientID=0 clientSn=3443
20:24:29.322 DBG [REQ] Bucket size after enqueue bucketID=18 bucketLenApprox=0
20:24:29.353 INF [REQ] ClientRequest received -> bucket bucketID=33 clientID=0 clientSn=3447
20:24:29.353 DBG [REQ] Bucket size after enqueue bucketID=33 bucketLenApprox=0
20:24:29.383 INF [REQ] ClientRequest received -> bucket bucketID=53 clientID=0 clientSn=3451
20:24:29.384 DBG [REQ] Bucket size after enqueue bucketID=53 bucketLenApprox=0
20:24:29.416 INF [REQ] ClientRequest received -> bucket bucketID=4 clientID=0 clientSn=3455
20:24:29.416 DBG [REQ] Bucket size after enqueue bucketID=4 bucketLenApprox=0
20:24:29.447 INF [REQ] ClientRequest received -> bucket bucketID=11 clientID=0 clientSn=3459
20:24:29.447 DBG [REQ] Bucket size after enqueue bucketID=11 bucketLenApprox=0
[MPX][IN ] ACCEPT sn=55 from=0 gid=55
[MPX][QUORUM] ACCEPT sn=55 acceptCount=4 quorum=3 digest=00c31d27338b05ba
[MPX][NET] SKIP Accepted sn=55 (leader=self)
[MPX][IN ] ACCEPTED sn=55 from=2
[MPX][IN ] ACCEPTED sn=55 from=0
[MPX][IN ] ACCEPTED sn=55 from=1
20:24:29.477 INF [REQ] ClientRequest received -> bucket bucketID=15 clientID=0 clientSn=3463
20:24:29.478 DBG [REQ] Bucket size after enqueue bucketID=15 bucketLenApprox=0
20:24:29.509 INF [REQ] ClientRequest received -> bucket bucketID=13 clientID=0 clientSn=3467
20:24:29.509 DBG [REQ] Bucket size after enqueue bucketID=13 bucketLenApprox=0
20:24:29.541 INF [REQ] ClientRequest received -> bucket bucketID=15 clientID=0 clientSn=3471
20:24:29.541 DBG [REQ] Bucket size after enqueue bucketID=15 bucketLenApprox=0
20:24:29.571 INF [REQ] ClientRequest received -> bucket bucketID=3 clientID=0 clientSn=3475
20:24:29.571 DBG [REQ] Bucket size after enqueue bucketID=3 bucketLenApprox=1
[MPX][IN ] PREPARE sn=54 from=1
[MPX][IN ] PREPARE sn=56 from=1
[MPX][IN ] PREPARE sn=55 from=1
[MPX][IN ] PREPARE sn=57 from=1
20:24:29.602 INF [REQ] ClientRequest received -> bucket bucketID=45 clientID=0 clientSn=3479
20:24:29.602 DBG [REQ] Bucket size after enqueue bucketID=45 bucketLenApprox=0
20:24:29.633 INF [REQ] ClientRequest received -> bucket bucketID=0 clientID=0 clientSn=3483
20:24:29.633 DBG [REQ] Bucket size after enqueue bucketID=0 bucketLenApprox=0
20:24:29.665 INF [REQ] ClientRequest received -> bucket bucketID=26 clientID=0 clientSn=3487
20:24:29.665 DBG [REQ] Bucket size after enqueue bucketID=26 bucketLenApprox=0
20:24:29.696 INF [REQ] ClientRequest received -> bucket bucketID=26 clientID=0 clientSn=3491
20:24:29.696 DBG [REQ] Bucket size after enqueue bucketID=26 bucketLenApprox=0
20:24:29.727 INF [REQ] ClientRequest received -> bucket bucketID=33 clientID=0 clientSn=3495
20:24:29.727 DBG [REQ] Bucket size after enqueue bucketID=33 bucketLenApprox=0
20:24:29.759 INF [REQ] ClientRequest received -> bucket bucketID=5 clientID=0 clientSn=3499
20:24:29.759 DBG [REQ] Bucket size after enqueue bucketID=5 bucketLenApprox=0
20:24:29.790 INF [REQ] ClientRequest received -> bucket bucketID=61 clientID=0 clientSn=3503
20:24:29.790 DBG [REQ] Bucket size after enqueue bucketID=61 bucketLenApprox=0
20:24:29.821 INF [REQ] ClientRequest received -> bucket bucketID=40 clientID=0 clientSn=3507
20:24:29.822 DBG [REQ] Bucket size after enqueue bucketID=40 bucketLenApprox=0
20:24:29.853 INF [REQ] ClientRequest received -> bucket bucketID=10 clientID=0 clientSn=3511
20:24:29.853 DBG [REQ] Bucket size after enqueue bucketID=10 bucketLenApprox=0
20:24:29.883 INF [REQ] ClientRequest received -> bucket bucketID=37 clientID=0 clientSn=3515
20:24:29.884 DBG [REQ] Bucket size after enqueue bucketID=37 bucketLenApprox=0
20:24:29.915 INF [REQ] ClientRequest received -> bucket bucketID=10 clientID=0 clientSn=3519
20:24:29.915 DBG [REQ] Bucket size after enqueue bucketID=10 bucketLenApprox=0
20:24:29.947 INF [REQ] ClientRequest received -> bucket bucketID=56 clientID=0 clientSn=3523
20:24:29.947 DBG [REQ] Bucket size after enqueue bucketID=56 bucketLenApprox=0
20:24:29.978 INF [REQ] ClientRequest received -> bucket bucketID=61 clientID=0 clientSn=3527
20:24:29.978 DBG [REQ] Bucket size after enqueue bucketID=61 bucketLenApprox=0
20:24:30.009 INF [REQ] ClientRequest received -> bucket bucketID=61 clientID=0 clientSn=3531
20:24:30.009 DBG [REQ] Bucket size after enqueue bucketID=61 bucketLenApprox=0
20:24:30.040 INF [REQ] ClientRequest received -> bucket bucketID=40 clientID=0 clientSn=3535
20:24:30.040 DBG [REQ] Bucket size after enqueue bucketID=40 bucketLenApprox=0
20:24:30.071 INF [REQ] ClientRequest received -> bucket bucketID=35 clientID=0 clientSn=3539
20:24:30.072 DBG [REQ] Bucket size after enqueue bucketID=35 bucketLenApprox=2
20:24:30.102 INF [REQ] ClientRequest received -> bucket bucketID=24 clientID=0 clientSn=3543
20:24:30.102 DBG [REQ] Bucket size after enqueue bucketID=24 bucketLenApprox=0
20:24:30.134 INF [REQ] ClientRequest received -> bucket bucketID=62 clientID=0 clientSn=3547
20:24:30.134 DBG [REQ] Bucket size after enqueue bucketID=62 bucketLenApprox=0
20:24:30.165 INF [REQ] ClientRequest received -> bucket bucketID=40 clientID=0 clientSn=3551
20:24:30.165 DBG [REQ] Bucket size after enqueue bucketID=40 bucketLenApprox=0
20:24:30.197 INF [REQ] ClientRequest received -> bucket bucketID=43 clientID=0 clientSn=3555
20:24:30.197 DBG [REQ] Bucket size after enqueue bucketID=43 bucketLenApprox=2
20:24:30.228 INF [REQ] ClientRequest received -> bucket bucketID=29 clientID=0 clientSn=3559
20:24:30.228 DBG [REQ] Bucket size after enqueue bucketID=29 bucketLenApprox=0
20:24:30.259 INF [REQ] ClientRequest received -> bucket bucketID=44 clientID=0 clientSn=3563
20:24:30.259 DBG [REQ] Bucket size after enqueue bucketID=44 bucketLenApprox=0
20:24:30.290 INF [REQ] ClientRequest received -> bucket bucketID=20 clientID=0 clientSn=3567
20:24:30.290 DBG [REQ] Bucket size after enqueue bucketID=20 bucketLenApprox=0
20:24:30.321 INF [REQ] ClientRequest received -> bucket bucketID=32 clientID=0 clientSn=3571
20:24:30.321 DBG [REQ] Bucket size after enqueue bucketID=32 bucketLenApprox=0
20:24:30.352 INF [REQ] ClientRequest received -> bucket bucketID=19 clientID=0 clientSn=3575
20:24:30.353 DBG [REQ] Bucket size after enqueue bucketID=19 bucketLenApprox=2
20:24:30.384 INF [REQ] ClientRequest received -> bucket bucketID=34 clientID=0 clientSn=3579
20:24:30.384 DBG [REQ] Bucket size after enqueue bucketID=34 bucketLenApprox=0
[MPX][IN ] PREPARE sn=56 from=2
[MPX][IN ] PREPARE sn=55 from=2
[MPX][IN ] PREPARE sn=57 from=2
[MPX][IN ] PREPARE sn=58 from=2
20:24:30.415 INF [REQ] ClientRequest received -> bucket bucketID=39 clientID=0 clientSn=3583
20:24:30.415 DBG [REQ] Bucket size after enqueue bucketID=39 bucketLenApprox=3
20:24:30.455 INF [REQ] ClientRequest received -> bucket bucketID=2 clientID=0 clientSn=3587
20:24:30.455 DBG [REQ] Bucket size after enqueue bucketID=2 bucketLenApprox=0
20:24:30.477 INF [REQ] ClientRequest received -> bucket bucketID=9 clientID=0 clientSn=3591
20:24:30.478 DBG [REQ] Bucket size after enqueue bucketID=9 bucketLenApprox=0
20:24:30.509 INF [REQ] ClientRequest received -> bucket bucketID=17 clientID=0 clientSn=3595
20:24:30.509 DBG [REQ] Bucket size after enqueue bucketID=17 bucketLenApprox=0
20:24:30.540 INF [REQ] ClientRequest received -> bucket bucketID=39 clientID=0 clientSn=3599
20:24:30.540 DBG [REQ] Bucket size after enqueue bucketID=39 bucketLenApprox=3
20:24:30.571 INF [REQ] ClientRequest received -> bucket bucketID=60 clientID=0 clientSn=3603
20:24:30.572 DBG [REQ] Bucket size after enqueue bucketID=60 bucketLenApprox=0
20:24:30.602 INF [REQ] ClientRequest received -> bucket bucketID=49 clientID=0 clientSn=3607
20:24:30.602 DBG [REQ] Bucket size after enqueue bucketID=49 bucketLenApprox=0
20:24:30.634 INF [REQ] ClientRequest received -> bucket bucketID=41 clientID=0 clientSn=3611
20:24:30.634 DBG [REQ] Bucket size after enqueue bucketID=41 bucketLenApprox=0
20:24:30.665 INF [REQ] ClientRequest received -> bucket bucketID=9 clientID=0 clientSn=3615
20:24:30.665 DBG [REQ] Bucket size after enqueue bucketID=9 bucketLenApprox=0
20:24:30.696 INF [REQ] ClientRequest received -> bucket bucketID=21 clientID=0 clientSn=3619
20:24:30.696 DBG [REQ] Bucket size after enqueue bucketID=21 bucketLenApprox=0
20:24:30.728 INF [REQ] ClientRequest received -> bucket bucketID=10 clientID=0 clientSn=3623
20:24:30.728 DBG [REQ] Bucket size after enqueue bucketID=10 bucketLenApprox=0
20:24:30.759 INF [REQ] ClientRequest received -> bucket bucketID=61 clientID=0 clientSn=3627
20:24:30.759 DBG [REQ] Bucket size after enqueue bucketID=61 bucketLenApprox=0
20:24:30.790 INF [REQ] ClientRequest received -> bucket bucketID=32 clientID=0 clientSn=3631
20:24:30.791 DBG [REQ] Bucket size after enqueue bucketID=32 bucketLenApprox=0
20:24:30.821 INF [REQ] ClientRequest received -> bucket bucketID=30 clientID=0 clientSn=3635
20:24:30.822 DBG [REQ] Bucket size after enqueue bucketID=30 bucketLenApprox=0
20:24:30.852 INF [REQ] ClientRequest received -> bucket bucketID=44 clientID=0 clientSn=3639
20:24:30.852 DBG [REQ] Bucket size after enqueue bucketID=44 bucketLenApprox=0
20:24:30.883 INF [REQ] ClientRequest received -> bucket bucketID=4 clientID=0 clientSn=3643
20:24:30.884 DBG [REQ] Bucket size after enqueue bucketID=4 bucketLenApprox=0
20:24:30.915 INF [REQ] ClientRequest received -> bucket bucketID=43 clientID=0 clientSn=3647
20:24:30.915 DBG [REQ] Bucket size after enqueue bucketID=43 bucketLenApprox=4
20:24:30.946 INF [REQ] ClientRequest received -> bucket bucketID=54 clientID=0 clientSn=3651
20:24:30.947 DBG [REQ] Bucket size after enqueue bucketID=54 bucketLenApprox=0
20:24:30.978 INF [REQ] ClientRequest received -> bucket bucketID=26 clientID=0 clientSn=3655
20:24:30.978 DBG [REQ] Bucket size after enqueue bucketID=26 bucketLenApprox=0
20:24:31.009 INF [REQ] ClientRequest received -> bucket bucketID=16 clientID=0 clientSn=3659
20:24:31.009 DBG [REQ] Bucket size after enqueue bucketID=16 bucketLenApprox=0
20:24:31.040 INF [REQ] ClientRequest received -> bucket bucketID=9 clientID=0 clientSn=3663
20:24:31.040 DBG [REQ] Bucket size after enqueue bucketID=9 bucketLenApprox=0
20:24:31.071 INF [REQ] ClientRequest received -> bucket bucketID=32 clientID=0 clientSn=3667
20:24:31.071 DBG [REQ] Bucket size after enqueue bucketID=32 bucketLenApprox=0
20:24:31.103 INF [REQ] ClientRequest received -> bucket bucketID=0 clientID=0 clientSn=3671
20:24:31.103 DBG [REQ] Bucket size after enqueue bucketID=0 bucketLenApprox=0
20:24:31.134 INF [REQ] ClientRequest received -> bucket bucketID=9 clientID=0 clientSn=3675
20:24:31.134 DBG [REQ] Bucket size after enqueue bucketID=9 bucketLenApprox=0
20:24:31.165 INF [REQ] ClientRequest received -> bucket bucketID=41 clientID=0 clientSn=3679
20:24:31.165 DBG [REQ] Bucket size after enqueue bucketID=41 bucketLenApprox=0
20:24:31.196 INF [REQ] ClientRequest received -> bucket bucketID=52 clientID=0 clientSn=3683
20:24:31.197 DBG [REQ] Bucket size after enqueue bucketID=52 bucketLenApprox=0
20:24:31.197 DBG Batch cut. left=0 nBuckets=16 nReq=64 next=0
PROPOSE sn=59 size=64
[MPX][NET] SEND Accept sn=59 bytes=37379 gid=59 digest=444bf0133e69c18e
[MC][SEND] kind=Accept sn=59 gid=60 (group)
[MPX] PROPOSE sn=59 size=64
[MPX][NET] SEND Prepare sn=60
[MC][SEND] kind=Prepare sn=60 gid=0 dst=ALL
[MPX][IN ] PROMISE sn=59 from=1 members=[0 1 2 3]
[MPX][IN ] PROMISE sn=59 from=0 members=[0 1 2 3]
[MPX][IN ] PROMISE sn=59 from=2 members=[0 1 2 3]
20:24:31.198 DBG Batch cut. left=0 nBuckets=16 nReq=0 next=0
[MPX][NET] SEND Prepare sn=61
[MC][SEND] kind=Prepare sn=61 gid=0 dst=ALL
20:24:31.199 DBG Batch cut. left=0 nBuckets=16 nReq=0 next=0
[MPX][NET] SEND Prepare sn=62
[MC][SEND] kind=Prepare sn=62 gid=0 dst=ALL
20:24:31.199 DBG Batch cut. left=0 nBuckets=16 nReq=0 next=0
[MPX][NET] SEND Prepare sn=63
[MC][SEND] kind=Prepare sn=63 gid=0 dst=ALL
20:24:31.199 WRN MPX handles message from self. sn=60
20:24:31.200 WRN MPX handles message from self. sn=61
[MPX][IN ] PREPARE sn=60 from=3
[MPX][IN ] PREPARE sn=61 from=3
20:24:31.201 WRN MPX handles message from self. sn=62
[MPX][IN ] PREPARE sn=62 from=3
20:24:31.201 WRN MPX handles message from self. sn=63
[MPX][IN ] PREPARE sn=63 from=3
[MPX][IN ] PROMISE sn=62 from=1 members=[0 1 2 3]
[MPX][IN ] PROMISE sn=61 from=0 members=[0 1 2 3]
[MPX][IN ] PROMISE sn=62 from=0 members=[0 1 2 3]
[MC][GROUP] sn=62 gid=63 members=[1 0 2]
[MC][GROUP] sn=63 gid=64 members=[1 0 2]
[MPX][IN ] PROMISE sn=62 from=2 members=[0 1 2 3]
[MPX][IN ] PROMISE sn=60 from=0 members=[0 1 2 3]
[MPX][IN ] ACCEPTED sn=59 from=0
[MPX][QUORUM] ACCEPTED sn=59 count=2/3 digest=444bf0133e69c18e
[MPX][IN ] ACCEPTED sn=59 from=1
[MPX][QUORUM] ACCEPTED sn=59 count=3/3 digest=444bf0133e69c18e
[MPX][QUORUM] MAJORITY REACHED sn=59 → COMMIT digest=444bf0133e69c18e
[MPX][NET] SEND Commit sn=59 gid=59 digest=444bf0133e69c18e
[MC][SEND] kind=Commit sn=59 gid=60 (group)
[MPX][NET] GOSSIP Commit sn=59 gid=59 digest=444bf0133e69c18e
[MC][SEND] kind=Commit sn=59 gid=60 (group)
[MPX][CHK] ANNOUNCE sn=59 reqs=64
20:24:31.205 INF Committed entry. latency=0 nReq=64 sn=59
SB-DELIVER sn=59 size=64
COMMIT sn=59 size=64
DELIVER sn=59 delivered=64
[MPX] COMMIT  sn=59 size=64
[MPX][IN ] ACCEPTED sn=59 from=2
[MPX][QUORUM] ACCEPTED sn=59 count=4/3 digest=444bf0133e69c18e
[MPX][IN ] PREPARE sn=57 from=0
[MPX][IN ] PREPARE sn=58 from=0
[MPX][IN ] PREPARE sn=59 from=0
[MPX][IN ] PREPARE sn=60 from=0
20:24:31.228 INF [REQ] ClientRequest received -> bucket bucketID=7 clientID=0 clientSn=3687
20:24:31.228 DBG [REQ] Bucket size after enqueue bucketID=7 bucketLenApprox=0
[MPX][IN ] ACCEPTED sn=59 from=1
[MPX][IN ] ACCEPTED sn=59 from=0
[MPX][IN ] ACCEPTED sn=59 from=2
20:24:31.258 INF [REQ] ClientRequest received -> bucket bucketID=56 clientID=0 clientSn=3691
20:24:31.258 DBG [REQ] Bucket size after enqueue bucketID=56 bucketLenApprox=0
20:24:31.290 INF [REQ] ClientRequest received -> bucket bucketID=55 clientID=0 clientSn=3695
20:24:31.290 DBG [REQ] Bucket size after enqueue bucketID=55 bucketLenApprox=0
20:24:31.321 INF [REQ] ClientRequest received -> bucket bucketID=6 clientID=0 clientSn=3699
20:24:31.321 DBG [REQ] Bucket size after enqueue bucketID=6 bucketLenApprox=0
20:24:31.352 INF [REQ] ClientRequest received -> bucket bucketID=22 clientID=0 clientSn=3703
20:24:31.352 DBG [REQ] Bucket size after enqueue bucketID=22 bucketLenApprox=0
20:24:31.384 INF [REQ] ClientRequest received -> bucket bucketID=12 clientID=0 clientSn=3707
20:24:31.385 DBG [REQ] Bucket size after enqueue bucketID=12 bucketLenApprox=0
20:24:31.415 INF [REQ] ClientRequest received -> bucket bucketID=55 clientID=0 clientSn=3711
20:24:31.415 DBG [REQ] Bucket size after enqueue bucketID=55 bucketLenApprox=1
20:24:31.446 INF [REQ] ClientRequest received -> bucket bucketID=18 clientID=0 clientSn=3715
20:24:31.446 DBG [REQ] Bucket size after enqueue bucketID=18 bucketLenApprox=0
20:24:31.477 INF [REQ] ClientRequest received -> bucket bucketID=16 clientID=0 clientSn=3719
20:24:31.477 DBG [REQ] Bucket size after enqueue bucketID=16 bucketLenApprox=0
[MPX][IN ] ACCEPT sn=59 from=0 gid=59
[MPX][QUORUM] ACCEPT sn=59 acceptCount=4 quorum=3 digest=444bf0133e69c18e
[MPX][NET] SKIP Accepted sn=59 (leader=self)
[MPX][IN ] ACCEPTED sn=59 from=1
[MPX][IN ] ACCEPTED sn=59 from=0
[MPX][IN ] ACCEPTED sn=59 from=2
20:24:31.508 INF [REQ] ClientRequest received -> bucket bucketID=17 clientID=0 clientSn=3723
20:24:31.509 DBG [REQ] Bucket size after enqueue bucketID=17 bucketLenApprox=0
20:24:31.540 INF [REQ] ClientRequest received -> bucket bucketID=20 clientID=0 clientSn=3727
20:24:31.540 DBG [REQ] Bucket size after enqueue bucketID=20 bucketLenApprox=0
20:24:31.571 INF [REQ] ClientRequest received -> bucket bucketID=45 clientID=0 clientSn=3731
20:24:31.571 DBG [REQ] Bucket size after enqueue bucketID=45 bucketLenApprox=0
[MPX][IN ] PREPARE sn=58 from=1
[MPX][IN ] PREPARE sn=61 from=1
[MPX][IN ] PREPARE sn=59 from=1
[MPX][IN ] PREPARE sn=60 from=1
20:24:31.602 INF [REQ] ClientRequest received -> bucket bucketID=8 clientID=0 clientSn=3735
20:24:31.602 DBG [REQ] Bucket size after enqueue bucketID=8 bucketLenApprox=0
20:24:31.633 INF [REQ] ClientRequest received -> bucket bucketID=43 clientID=0 clientSn=3739
20:24:31.633 DBG [REQ] Bucket size after enqueue bucketID=43 bucketLenApprox=1
20:24:31.665 INF [REQ] ClientRequest received -> bucket bucketID=36 clientID=0 clientSn=3743
20:24:31.665 DBG [REQ] Bucket size after enqueue bucketID=36 bucketLenApprox=0
20:24:31.697 INF [REQ] ClientRequest received -> bucket bucketID=23 clientID=0 clientSn=3747
20:24:31.697 DBG [REQ] Bucket size after enqueue bucketID=23 bucketLenApprox=1
20:24:31.728 INF [REQ] ClientRequest received -> bucket bucketID=27 clientID=0 clientSn=3751
20:24:31.728 DBG [REQ] Bucket size after enqueue bucketID=27 bucketLenApprox=1
20:24:31.758 INF [REQ] ClientRequest received -> bucket bucketID=37 clientID=0 clientSn=3755
20:24:31.759 DBG [REQ] Bucket size after enqueue bucketID=37 bucketLenApprox=0
20:24:31.790 INF [REQ] ClientRequest received -> bucket bucketID=37 clientID=0 clientSn=3759
20:24:31.791 DBG [REQ] Bucket size after enqueue bucketID=37 bucketLenApprox=0
20:24:31.821 INF [REQ] ClientRequest received -> bucket bucketID=57 clientID=0 clientSn=3763
20:24:31.821 DBG [REQ] Bucket size after enqueue bucketID=57 bucketLenApprox=0
20:24:31.853 INF [REQ] ClientRequest received -> bucket bucketID=10 clientID=0 clientSn=3767
20:24:31.853 DBG [REQ] Bucket size after enqueue bucketID=10 bucketLenApprox=0
20:24:31.884 INF [REQ] ClientRequest received -> bucket bucketID=54 clientID=0 clientSn=3771
20:24:31.884 DBG [REQ] Bucket size after enqueue bucketID=54 bucketLenApprox=0
20:24:31.915 INF [REQ] ClientRequest received -> bucket bucketID=49 clientID=0 clientSn=3775
20:24:31.915 DBG [REQ] Bucket size after enqueue bucketID=49 bucketLenApprox=0
20:24:31.946 INF [REQ] ClientRequest received -> bucket bucketID=37 clientID=0 clientSn=3779
20:24:31.946 DBG [REQ] Bucket size after enqueue bucketID=37 bucketLenApprox=0
20:24:31.977 INF [REQ] ClientRequest received -> bucket bucketID=57 clientID=0 clientSn=3783
20:24:31.977 DBG [REQ] Bucket size after enqueue bucketID=57 bucketLenApprox=0
20:24:32.009 INF [REQ] ClientRequest received -> bucket bucketID=10 clientID=0 clientSn=3787
20:24:32.009 DBG [REQ] Bucket size after enqueue bucketID=10 bucketLenApprox=0
20:24:32.040 INF [REQ] ClientRequest received -> bucket bucketID=41 clientID=0 clientSn=3791
20:24:32.040 DBG [REQ] Bucket size after enqueue bucketID=41 bucketLenApprox=0
20:24:32.071 INF [REQ] ClientRequest received -> bucket bucketID=8 clientID=0 clientSn=3795
20:24:32.071 DBG [REQ] Bucket size after enqueue bucketID=8 bucketLenApprox=0
20:24:32.102 INF [REQ] ClientRequest received -> bucket bucketID=60 clientID=0 clientSn=3799
20:24:32.102 DBG [REQ] Bucket size after enqueue bucketID=60 bucketLenApprox=0
20:24:32.134 INF [REQ] ClientRequest received -> bucket bucketID=13 clientID=0 clientSn=3803
20:24:32.135 DBG [REQ] Bucket size after enqueue bucketID=13 bucketLenApprox=0
20:24:32.165 INF [REQ] ClientRequest received -> bucket bucketID=42 clientID=0 clientSn=3807
20:24:32.165 DBG [REQ] Bucket size after enqueue bucketID=42 bucketLenApprox=0
20:24:32.196 INF [REQ] ClientRequest received -> bucket bucketID=29 clientID=0 clientSn=3811
20:24:32.197 DBG [REQ] Bucket size after enqueue bucketID=29 bucketLenApprox=0
20:24:32.227 INF [REQ] ClientRequest received -> bucket bucketID=34 clientID=0 clientSn=3815
20:24:32.227 DBG [REQ] Bucket size after enqueue bucketID=34 bucketLenApprox=0
20:24:32.259 INF [REQ] ClientRequest received -> bucket bucketID=10 clientID=0 clientSn=3819
20:24:32.259 DBG [REQ] Bucket size after enqueue bucketID=10 bucketLenApprox=0
20:24:32.290 INF [REQ] ClientRequest received -> bucket bucketID=40 clientID=0 clientSn=3823
20:24:32.291 DBG [REQ] Bucket size after enqueue bucketID=40 bucketLenApprox=0
20:24:32.322 INF [REQ] ClientRequest received -> bucket bucketID=48 clientID=0 clientSn=3827
20:24:32.322 DBG [REQ] Bucket size after enqueue bucketID=48 bucketLenApprox=0
20:24:32.352 INF [REQ] ClientRequest received -> bucket bucketID=44 clientID=0 clientSn=3831
20:24:32.352 DBG [REQ] Bucket size after enqueue bucketID=44 bucketLenApprox=0
20:24:32.384 INF [REQ] ClientRequest received -> bucket bucketID=21 clientID=0 clientSn=3835
20:24:32.384 DBG [REQ] Bucket size after enqueue bucketID=21 bucketLenApprox=0
[MPX][IN ] PREPARE sn=59 from=2
[MPX][IN ] PREPARE sn=60 from=2
[MPX][IN ] PREPARE sn=61 from=2
[MPX][IN ] PREPARE sn=62 from=2
20:24:32.415 INF [REQ] ClientRequest received -> bucket bucketID=35 clientID=0 clientSn=3839
20:24:32.415 DBG [REQ] Bucket size after enqueue bucketID=35 bucketLenApprox=3
20:24:33.201 DBG Batch cut. left=0 nBuckets=16 nReq=40 next=0
PROPOSE sn=63 size=40
[MPX][NET] SEND Accept sn=63 bytes=23356 gid=63 digest=0c8fca99d7e75ca8
[MC][SEND] kind=Accept sn=63 gid=64 (group)
[MPX] PROPOSE sn=63 size=40
[MPX][NET] SEND Prepare sn=64
[MC][SEND] kind=Prepare sn=64 gid=0 dst=ALL
20:24:33.202 DBG Batch cut. left=0 nBuckets=16 nReq=0 next=0
[MPX][NET] SEND Prepare sn=65
[MC][SEND] kind=Prepare sn=65 gid=0 dst=ALL
20:24:33.202 DBG Batch cut. left=0 nBuckets=16 nReq=0 next=0
[MPX][NET] SEND Prepare sn=66
[MC][SEND] kind=Prepare sn=66 gid=0 dst=ALL
20:24:33.202 DBG Batch cut. left=0 nBuckets=16 nReq=0 next=0
[MPX][NET] SEND Prepare sn=67
[MC][SEND] kind=Prepare sn=67 gid=0 dst=ALL
[MPX][IN ] PROMISE sn=63 from=1 members=[0 1 2 3]
[MPX][IN ] PROMISE sn=63 from=0 members=[0 1 2 3]
[MPX][IN ] PROMISE sn=63 from=2 members=[0 1 2 3]
20:24:33.202 WRN MPX handles message from self. sn=64
[MPX][IN ] PREPARE sn=64 from=3
20:24:33.203 WRN MPX handles message from self. sn=65
[MPX][IN ] PREPARE sn=65 from=3
20:24:33.203 WRN MPX handles message from self. sn=66
[MPX][IN ] PREPARE sn=66 from=3
20:24:33.204 WRN MPX handles message from self. sn=67
[MPX][IN ] PREPARE sn=67 from=3
[MPX][IN ] PROMISE sn=66 from=0 members=[0 1 2 3]
[MPX][IN ] PROMISE sn=66 from=1 members=[0 1 2 3]
[MPX][IN ] ACCEPTED sn=63 from=0
[MPX][QUORUM] ACCEPTED sn=63 count=2/3 digest=0c8fca99d7e75ca8
[MC][GROUP] sn=67 gid=68 members=[0 1 2]
[MC][GROUP] sn=66 gid=67 members=[2 0 1]
[MPX][IN ] ACCEPTED sn=63 from=2
[MPX][QUORUM] ACCEPTED sn=63 count=3/3 digest=0c8fca99d7e75ca8
[MPX][IN ] PROMISE sn=66 from=2 members=[0 1 2 3]
[MPX][IN ] PROMISE sn=65 from=2 members=[0 1 2 3]
[MPX][IN ] PROMISE sn=64 from=2 members=[0 1 2 3]
[MPX][QUORUM] MAJORITY REACHED sn=63 → COMMIT digest=0c8fca99d7e75ca8
[MPX][NET] SEND Commit sn=63 gid=63 digest=0c8fca99d7e75ca8
[MC][SEND] kind=Commit sn=63 gid=64 (group)
[MPX][IN ] PROMISE sn=64 from=0 members=[0 1 2 3]
[MPX][IN ] PROMISE sn=65 from=0 members=[0 1 2 3]
[MPX][NET] GOSSIP Commit sn=63 gid=63 digest=0c8fca99d7e75ca8
[MC][SEND] kind=Commit sn=63 gid=64 (group)
[MPX][CHK] ANNOUNCE sn=63 reqs=40
20:24:33.213 INF Committed entry. latency=0 nReq=40 sn=63
SB-DELIVER sn=63 size=40
COMMIT sn=63 size=40
DELIVER sn=63 delivered=40
[MPX] COMMIT  sn=63 size=40
[MPX][IN ] ACCEPTED sn=63 from=1
[MPX][QUORUM] ACCEPTED sn=63 count=4/3 digest=0c8fca99d7e75ca8
[MPX][IN ] PREPARE sn=63 from=0
[MPX][IN ] PREPARE sn=64 from=0
[MPX][IN ] ACCEPTED sn=63 from=0
[MPX][IN ] COMMIT sn=60 from=0 gid=60
[MPX][NET] GOSSIP Commit sn=60 gid=60 digest=2677226eef9ae3b3
[MC][SEND] kind=Commit sn=60 gid=0 dst=ALL (fallback)
[MPX][CHK] ANNOUNCE sn=60 reqs=39
[MPX][IN ] PREPARE sn=62 from=0
[MPX][IN ] PREPARE sn=61 from=0
20:24:33.233 INF Committed entry. latency=0 nReq=39 sn=60
SB-DELIVER sn=60 size=39
COMMIT sn=60 size=39
DELIVER sn=60 delivered=39
[MPX] COMMIT  sn=60 size=39
[MPX][IN ] COMMIT sn=60 from=0 gid=60
[MPX][IN ] ACCEPT sn=60 from=0 gid=60
[MPX][QUORUM] ACCEPT sn=60 acceptCount=1 quorum=3 digest=2677226eef9ae3b3
[MPX][NET] SEND Accepted sn=60 → leader=0 (unicast)
20:24:33.235 WRN MPX handles message from self. sn=60
[MPX][IN ] COMMIT sn=60 from=3 gid=60
[MPX][IN ] COMMIT sn=60 from=2 gid=60
[MPX][IN ] ACCEPTED sn=63 from=1
[MPX][IN ] ACCEPTED sn=63 from=2
[MPX][IN ] COMMIT sn=60 from=1 gid=60
[MPX][IN ] ACCEPTED sn=63 from=0
[MPX][IN ] ACCEPT sn=63 from=0 gid=63
[MPX][QUORUM] ACCEPT sn=63 acceptCount=4 quorum=3 digest=0c8fca99d7e75ca8
[MPX][NET] SKIP Accepted sn=63 (leader=self)
[MPX][IN ] ACCEPTED sn=63 from=1
[MPX][IN ] ACCEPTED sn=63 from=2
[MPX][IN ] PREPARE sn=64 from=1
[MPX][IN ] PREPARE sn=65 from=1
[MPX][IN ] PREPARE sn=63 from=1
[MPX][IN ] ACCEPT sn=61 from=1 gid=61
[MPX][QUORUM] ACCEPT sn=61 acceptCount=1 quorum=3 digest=352371ee66cec62a
[MPX][NET] SEND Accepted sn=61 → leader=1 (unicast)
[MPX][IN ] PREPARE sn=62 from=1
[MPX][IN ] COMMIT sn=61 from=1 gid=61
[MPX][NET] GOSSIP Commit sn=61 gid=61 digest=352371ee66cec62a
[MC][SEND] kind=Commit sn=61 gid=0 dst=ALL (fallback)
[MPX][CHK] ANNOUNCE sn=61 reqs=28
20:24:33.592 INF Committed entry. latency=0 nReq=28 sn=61
SB-DELIVER sn=61 size=28
COMMIT sn=61 size=28
DELIVER sn=61 delivered=28
[MPX] COMMIT  sn=61 size=28
[MPX][IN ] COMMIT sn=61 from=1 gid=61
[MPX][IN ] COMMIT sn=61 from=0 gid=61
20:24:33.595 WRN MPX handles message from self. sn=61
[MPX][IN ] COMMIT sn=61 from=3 gid=61
[MPX][IN ] COMMIT sn=61 from=2 gid=61
[MPX][IN ] PREPARE sn=63 from=2
[MPX][IN ] PREPARE sn=64 from=2
[MPX][IN ] PREPARE sn=65 from=2
[MPX][IN ] PREPARE sn=66 from=2
20:24:35.203 DBG Batch cut. left=0 nBuckets=16 nReq=0 next=0
[MPX][NET] SEND Prepare sn=68
[MC][SEND] kind=Prepare sn=68 gid=0 dst=ALL
20:24:35.204 DBG Batch cut. left=0 nBuckets=16 nReq=0 next=0
[MPX][IN ] PROMISE sn=67 from=0 members=[0 1 2 3]
[MPX][NET] SEND Prepare sn=69
[MPX][IN ] PROMISE sn=67 from=1 members=[0 1 2 3]
[MC][SEND] kind=Prepare sn=69 gid=0 dst=ALL
[MPX][IN ] PROMISE sn=67 from=2 members=[0 1 2 3]
20:24:35.204 DBG Batch cut. left=0 nBuckets=16 nReq=0 next=0
[MPX][NET] SEND Prepare sn=70
[MC][SEND] kind=Prepare sn=70 gid=0 dst=ALL
20:24:35.204 DBG Batch cut. left=0 nBuckets=16 nReq=0 next=0
[MPX][NET] SEND Prepare sn=71
[MC][SEND] kind=Prepare sn=71 gid=0 dst=ALL
20:24:35.204 WRN MPX handles message from self. sn=68
[MPX][IN ] PREPARE sn=68 from=3
20:24:35.205 WRN MPX handles message from self. sn=69
20:24:35.205 WRN MPX handles message from self. sn=70
20:24:35.205 WRN MPX handles message from self. sn=71
[MPX][IN ] PREPARE sn=69 from=3
[MPX][IN ] PREPARE sn=71 from=3
[MPX][IN ] PREPARE sn=70 from=3
[MPX][IN ] PROMISE sn=69 from=1 members=[0 1 2 3]
[MPX][IN ] PROMISE sn=68 from=1 members=[0 1 2 3]
[MPX][IN ] PROMISE sn=69 from=2 members=[0 1 2 3]
[MC][GROUP] sn=69 gid=70 members=[1 2 0]
[MPX][IN ] PROMISE sn=68 from=0 members=[0 1 2 3]
[MPX][IN ] PROMISE sn=69 from=0 members=[0 1 2 3]
[MPX][IN ] PROMISE sn=70 from=0 members=[0 1 2 3]
[MPX][IN ] PROMISE sn=70 from=1 members=[0 1 2 3]
[MC][GROUP] sn=70 gid=71 members=[0 1 2]
[MC][GROUP] sn=71 gid=72 members=[0 1 2]
[MC][GROUP] sn=68 gid=69 members=[1 0 2]
[MPX][IN ] PROMISE sn=70 from=2 members=[0 1 2 3]
[MPX][IN ] PROMISE sn=68 from=2 members=[0 1 2 3]
[MPX][IN ] PREPARE sn=68 from=0
[MPX][IN ] PREPARE sn=65 from=0
[MPX][IN ] PREPARE sn=67 from=0
[MPX][IN ] PREPARE sn=66 from=0
20:24:35.438 INF Finished sending bucket assignments to client. clId=0
20:24:35.452 INF Connection terminated. error="rpc error: code = Canceled desc = context canceled" address=127.0.0.1:42280
[MPX][IN ] PREPARE sn=69 from=1
[MPX][IN ] PREPARE sn=66 from=1
[MPX][IN ] PREPARE sn=68 from=1
[MPX][IN ] PREPARE sn=67 from=1
[MPX][IN ] PREPARE sn=68 from=2
[MPX][IN ] PREPARE sn=67 from=2
[MPX][IN ] PREPARE sn=69 from=2
[MPX][IN ] PREPARE sn=70 from=2
20:24:37.061 INF Stopping profiler.
20:24:37.067 INF Stopping Tracer. events=1229 fileName=experiment-output/0000/slave-001/peer.trc
==================
WARNING: DATA RACE
Read at 0x00c00082ffe0 by goroutine 98:
  github.com/hyperledger-labs/mirbft/tracing.(*BufferedTrace).Stop()
      /opt/gopath/src/github.com/hyperledger-labs/ISS_com_Multipaxos/mirbft/tracing/bufferedtrace.go:237 +0x35c
  github.com/hyperledger-labs/mirbft/tracing.(*BufferedTrace).StopOnSignal.func1()
      /opt/gopath/src/github.com/hyperledger-labs/ISS_com_Multipaxos/mirbft/tracing/bufferedtrace.go:298 +0x47

Previous write at 0x00c00082ffe0 by goroutine 97:
  github.com/hyperledger-labs/mirbft/tracing.(*BufferedTrace).Event()
      /opt/gopath/src/github.com/hyperledger-labs/ISS_com_Multipaxos/mirbft/tracing/bufferedtrace.go:105 +0x2b3
  github.com/hyperledger-labs/mirbft/profiling.StartCPUTracing.func1()
      /opt/gopath/src/github.com/hyperledger-labs/ISS_com_Multipaxos/mirbft/profiling/cpuusage.go:31 +0xa1

Goroutine 98 (running) created at:
  github.com/hyperledger-labs/mirbft/tracing.(*BufferedTrace).StopOnSignal()
      /opt/gopath/src/github.com/hyperledger-labs/ISS_com_Multipaxos/mirbft/tracing/bufferedtrace.go:292 +0x185
  main.setUpTracing()
      /opt/gopath/src/github.com/hyperledger-labs/ISS_com_Multipaxos/mirbft/cmd/orderingpeer/main.go:209 +0xee
  main.main()
      /opt/gopath/src/github.com/hyperledger-labs/ISS_com_Multipaxos/mirbft/cmd/orderingpeer/main.go:104 +0xac4

Goroutine 97 (running) created at:
  github.com/hyperledger-labs/mirbft/profiling.StartCPUTracing()
      /opt/gopath/src/github.com/hyperledger-labs/ISS_com_Multipaxos/mirbft/profiling/cpuusage.go:28 +0xbd
  main.setUpTracing()
      /opt/gopath/src/github.com/hyperledger-labs/ISS_com_Multipaxos/mirbft/cmd/orderingpeer/main.go:201 +0x7e
  main.main()
      /opt/gopath/src/github.com/hyperledger-labs/ISS_com_Multipaxos/mirbft/cmd/orderingpeer/main.go:104 +0xac4
==================
20:24:37.082 INF Trace data written.
20:24:37.188 INF Profile data written. filename=experiment-output/0000/slave-001/prof.cpu name=cpu
20:24:37.206 DBG Batch cut. left=0 nBuckets=16 nReq=0 next=0
[MPX][NET] SEND Prepare sn=72
[MC][SEND] kind=Prepare sn=72 gid=0 dst=ALL
[MPX][IN ] PROMISE sn=71 from=0 members=[0 1 2 3]
[MPX][IN ] PROMISE sn=71 from=1 members=[0 1 2 3]
20:24:37.206 DBG Batch cut. left=0 nBuckets=16 nReq=0 next=0
[MPX][IN ] PROMISE sn=71 from=2 members=[0 1 2 3]
[MPX][NET] SEND Prepare sn=73
[MC][SEND] kind=Prepare sn=73 gid=0 dst=ALL
20:24:37.206 DBG Batch cut. left=0 nBuckets=16 nReq=0 next=0
[MPX][NET] SEND Prepare sn=74
[MC][SEND] kind=Prepare sn=74 gid=0 dst=ALL
20:24:37.206 DBG Batch cut. left=0 nBuckets=16 nReq=0 next=0
[MPX][NET] SEND Prepare sn=75
[MC][SEND] kind=Prepare sn=75 gid=0 dst=ALL
20:24:37.208 WRN MPX handles message from self. sn=72
[MPX][IN ] PREPARE sn=72 from=3
20:24:37.208 WRN MPX handles message from self. sn=73
[MPX][IN ] PREPARE sn=73 from=3
20:24:37.208 WRN MPX handles message from self. sn=74
[MPX][IN ] PREPARE sn=74 from=3
20:24:37.208 WRN MPX handles message from self. sn=75
[MPX][IN ] PREPARE sn=75 from=3
[MPX][IN ] PROMISE sn=73 from=1 members=[0 1 2 3]
[MPX][IN ] PROMISE sn=72 from=1 members=[0 1 2 3]
[MPX][IN ] PROMISE sn=72 from=2 members=[0 1 2 3]
[MPX][IN ] PROMISE sn=73 from=2 members=[0 1 2 3]
[MPX][IN ] PROMISE sn=74 from=2 members=[0 1 2 3]
[MPX][IN ] PROMISE sn=74 from=1 members=[0 1 2 3]
20:24:37.229 INF Profile data written. filename=experiment-output/0000/slave-001/prof.block name=block
20:24:37.248 INF Profile data written. filename=experiment-output/0000/slave-001/prof.mutex name=mutex
