[BIN] orderingpeer exe=/root/go/bin/orderingpeer
{"level":"debug","Logging":"debug","time":"2025-09-27T21:01:11-03:00","message":"Config"}
{"level":"debug","UseTLS":true,"time":"2025-09-27T21:01:11-03:00","message":"Config"}
{"level":"debug","CACertFile":"tls-data/ca.pem","time":"2025-09-27T21:01:11-03:00","message":"Config"}
{"level":"debug","KeyFile":"tls-data/auth.key","time":"2025-09-27T21:01:11-03:00","message":"Config"}
{"level":"debug","CertFile":"tls-data/auth.pem","time":"2025-09-27T21:01:11-03:00","message":"Config"}
{"level":"debug","PriorityConnections":2,"time":"2025-09-27T21:01:11-03:00","message":"Config"}
{"level":"debug","BasicConnections":4,"time":"2025-09-27T21:01:11-03:00","message":"Config"}
{"level":"debug","TestConnections":false,"time":"2025-09-27T21:01:11-03:00","message":"Config"}
{"level":"debug","ExcessConnections":1,"time":"2025-09-27T21:01:11-03:00","message":"Config"}
{"level":"debug","ConnectionTestMsgs":4,"time":"2025-09-27T21:01:11-03:00","message":"Config"}
{"level":"debug","ConnectionTestPayload":131072,"time":"2025-09-27T21:01:11-03:00","message":"Config"}
{"level":"debug","OutMessageBufsize":1024,"time":"2025-09-27T21:01:11-03:00","message":"Config"}
{"level":"debug","OutMessageBufsize":1,"time":"2025-09-27T21:01:11-03:00","message":"Config"}
{"level":"debug","ThroughputCap":131072000,"time":"2025-09-27T21:01:11-03:00","message":"Config"}
{"level":"debug","StragglerTolerance":1000,"time":"2025-09-27T21:01:11-03:00","message":"Config"}
{"level":"debug","BatchSizeIncrement":256,"time":"2025-09-27T21:01:11-03:00","message":"Config"}
{"level":"debug","Orderer":"Pbft","time":"2025-09-27T21:01:11-03:00","message":"Config"}
{"level":"debug","Manager":"Mir","time":"2025-09-27T21:01:11-03:00","message":"Config"}
{"level":"debug","Failures":0,"time":"2025-09-27T21:01:11-03:00","message":"Config"}
{"level":"debug","CrashTiming":"EpochStart","time":"2025-09-27T21:01:11-03:00","message":"Config"}
{"level":"debug","CheckpointInterval":256,"time":"2025-09-27T21:01:11-03:00","message":"Config"}
{"level":"debug","WatermarkWindowSize":256,"time":"2025-09-27T21:01:11-03:00","message":"Config"}
{"level":"debug","EpochLength":256,"time":"2025-09-27T21:01:11-03:00","message":"Config"}
{"level":"debug","SegmentLength":64,"time":"2025-09-27T21:01:11-03:00","message":"Config"}
{"level":"debug","WaitForCheckpoints":true,"time":"2025-09-27T21:01:11-03:00","message":"Config"}
{"level":"debug","ClientWatermarkWindowSize":4194304,"time":"2025-09-27T21:01:11-03:00","message":"Config"}
{"level":"debug","ClientRequestBacklogSize":4194304,"time":"2025-09-27T21:01:11-03:00","message":"Config"}
{"level":"debug","RandomSeed":20027,"time":"2025-09-27T21:01:11-03:00","message":"Config"}
{"level":"debug","NodeToLeaderRatio":1,"time":"2025-09-27T21:01:11-03:00","message":"Config"}
{"level":"debug","LeaderPolicy":"Simple","time":"2025-09-27T21:01:11-03:00","message":"Config"}
{"level":"debug","DefaultLeaderBan":2,"time":"2025-09-27T21:01:11-03:00","message":"Config"}
{"level":"debug","NumBuckets":64,"time":"2025-09-27T21:01:11-03:00","message":"Config"}
{"level":"debug","BatchSize":1000,"time":"2025-09-27T21:01:11-03:00","message":"Config"}
{"level":"debug","DisabledViewChange":false,"time":"2025-09-27T21:01:11-03:00","message":"Config"}
{"level":"debug","ViewChangeTimeout":60000,"time":"2025-09-27T21:01:11-03:00","message":"Config"}
{"level":"debug","ClientTraceSampling":10,"time":"2025-09-27T21:01:11-03:00","message":"Config"}
{"level":"debug","EventBufferSize":2097152,"time":"2025-09-27T21:01:11-03:00","message":"Config"}
{"level":"debug","TraceSampling":1,"time":"2025-09-27T21:01:11-03:00","message":"Config"}
{"level":"debug","ClientsPerProcess":1,"time":"2025-09-27T21:01:11-03:00","message":"Config"}
{"level":"debug","RequestsPerClient":7680,"time":"2025-09-27T21:01:11-03:00","message":"Config"}
{"level":"debug","ClientRunTime":30000,"time":"2025-09-27T21:01:11-03:00","message":"Config"}
{"level":"debug","RequestRate":128,"time":"2025-09-27T21:01:11-03:00","message":"Config"}
{"level":"debug","HardRequestRateLimit":false,"time":"2025-09-27T21:01:11-03:00","message":"Config"}
{"level":"debug","RequestPayloadSize":500,"time":"2025-09-27T21:01:11-03:00","message":"Config"}
{"level":"debug","SignRequests":true,"time":"2025-09-27T21:01:11-03:00","message":"Config"}
{"level":"debug","ClientPrivKeyFile":"tls-data/client-ecdsa-256.key","time":"2025-09-27T21:01:11-03:00","message":"Config"}
{"level":"debug","ClientPubKeyFile":"tls-data/client-ecdsa-256.pem","time":"2025-09-27T21:01:11-03:00","message":"Config"}
{"level":"debug","PrecomputeRequests":false,"time":"2025-09-27T21:01:11-03:00","message":"Config"}
{"level":"debug","RequestHandlerThreads":32,"time":"2025-09-27T21:01:11-03:00","message":"Config"}
{"level":"debug","RequestInputChannelBuffer":8192,"time":"2025-09-27T21:01:11-03:00","message":"Config"}
{"level":"debug","BatchVerifier":"external","time":"2025-09-27T21:01:11-03:00","message":"Config"}
21:01:11.377 INF Registered with discovery server. numPeers=4 ownID=2
21:01:11.378 INF Profiling enabled.
21:01:11.378 INF Setting up profiling.
21:01:11.378 INF Started Profiler: CPU
21:01:11.378 INF Started Profiler: BLOCK
21:01:11.379 INF Started Profiler: MUTEX
21:01:11.379 INF Profiler will stop on signal. exit=true
21:01:11.379 INF Tracing will stop on signal. exit=false
21:01:11.380 INF Started tracing. traceFile=experiment-output/0000/slave-003/peer.trc
[RESPONDER][VER] RESPONDER+SEND-LOGS-v1.1-2025-09-22 started at 2025-09-27T21:01:11.382227004-03:00
21:01:11.383 DBG Starting backlog.
21:01:11.383 INF Listening for connections. port=10022 useTLS=true
21:01:11.386 INF Connecting to peer. addr=127.0.0.1:10011 basicConns=4 priorityConns=2
21:01:11.386 INF Connecting to peer. addr=127.0.0.1:10022 basicConns=4 priorityConns=2
21:01:11.386 INF Connecting to peer. addr=127.0.0.1:10033 basicConns=4 priorityConns=2
21:01:11.391 INF Connecting to peer. addr=127.0.0.1:10000 basicConns=4 priorityConns=2
21:01:11.819 INF Incoming connection for protocol messages. addr=127.0.0.1:60498
21:01:11.873 INF Incoming connection for protocol messages. addr=127.0.0.1:60560
21:01:11.937 INF Incoming connection for protocol messages. addr=127.0.0.1:60466
21:01:11.966 INF Incoming connection for protocol messages. addr=127.0.0.1:60546
21:01:11.983 INF Incoming connection for protocol messages. addr=127.0.0.1:60474
21:01:12.213 INF Incoming connection for protocol messages. addr=127.0.0.1:60536
21:01:12.250 DBG Connected. peerID=2
21:01:12.252 INF Incoming connection for protocol messages. addr=127.0.0.1:60452
21:01:12.282 INF Incoming connection for protocol messages. addr=127.0.0.1:60538
21:01:12.315 INF Incoming connection for protocol messages. addr=127.0.0.1:60456
21:01:12.316 INF Incoming connection for protocol messages. addr=127.0.0.1:60518
21:01:12.344 INF Incoming connection for protocol messages. addr=127.0.0.1:60548
21:01:12.350 INF Incoming connection for protocol messages. addr=127.0.0.1:60522
21:01:12.368 INF Incoming connection for protocol messages. addr=127.0.0.1:60508
21:01:12.422 INF Incoming connection for protocol messages. addr=127.0.0.1:60476
21:01:12.450 INF Incoming connection for protocol messages. addr=127.0.0.1:60638
21:01:12.455 INF Incoming connection for protocol messages. addr=127.0.0.1:60590
21:01:12.472 INF Incoming connection for protocol messages. addr=127.0.0.1:60602
21:01:12.513 INF Incoming connection for protocol messages. addr=127.0.0.1:60482
21:01:12.516 INF Incoming connection for protocol messages. addr=127.0.0.1:60594
21:01:12.566 INF Incoming connection for protocol messages. addr=127.0.0.1:60600
21:01:12.588 INF Incoming connection for protocol messages. addr=127.0.0.1:60646
21:01:12.588 INF Incoming connection for protocol messages. addr=127.0.0.1:60576
21:01:12.665 INF Incoming connection for protocol messages. addr=127.0.0.1:60626
21:01:12.672 INF Incoming connection for protocol messages. addr=127.0.0.1:60612
21:01:12.738 DBG Connected. peerID=0
21:01:12.753 DBG Connected. peerID=1
21:01:12.812 DBG Connected. peerID=3
21:01:12.812 INF Connected to all peers.
21:01:12.816 INF All peers finished connecting. Starting ISS.
21:01:12.816 DBG Buckets for 0-th leader 0: [0 4 8 12 16 20 24 28 32 36 40 44 48 52 56 60]
21:01:12.816 DBG Buckets for 1-th leader 1: [1 5 9 13 17 21 25 29 33 37 41 45 49 53 57 61]
21:01:12.816 DBG Buckets for 2-th leader 2: [2 6 10 14 18 22 26 30 34 38 42 46 50 54 58 62]
21:01:12.816 DBG Buckets for 3-th leader 3: [3 7 11 15 19 23 27 31 35 39 43 47 51 55 59 63]
21:01:12.816 INF PbftOrderer received a new segment: [0 4 8 12 16 20 24 28 32 36 40 44 48 52 56 60 64 68 72 76 80 84 88 92 96 100 104 108 112 116 120 124 128 132 136 140 144 148 152 156 160 164 168 172 176 180 184 188 192 196 200 204 208 212 216 220 224 228 232 236 240 244 248 252] first leader=0 firstSN=0 lastSN=252 len=64 length=64 segId=0
21:01:12.817 INF Starting new view. segID=0 timeout=60000 view=0
21:01:12.817 DBG Starting timer. sn=0 view=0
21:01:12.817 INF Starting PBFT instance. first=0 last=252 segID=0
21:01:12.817 DBG Subscribing to backlog. segID=0
21:01:12.818 INF Starting serialized message processing. segID=0
21:01:12.817 INF PbftOrderer received a new segment: [1 5 9 13 17 21 25 29 33 37 41 45 49 53 57 61 65 69 73 77 81 85 89 93 97 101 105 109 113 117 121 125 129 133 137 141 145 149 153 157 161 165 169 173 177 181 185 189 193 197 201 205 209 213 217 221 225 229 233 237 241 245 249 253] first leader=1 firstSN=1 lastSN=253 len=64 length=64 segId=1
21:01:12.818 INF Starting new view. segID=1 timeout=60000 view=0
21:01:12.818 DBG Starting timer. sn=1 view=0
21:01:12.818 INF Starting PBFT instance. first=1 last=253 segID=1
21:01:12.818 INF Starting serialized message processing. segID=1
21:01:12.818 DBG Subscribing to backlog. segID=1
21:01:12.818 INF PbftOrderer received a new segment: [2 6 10 14 18 22 26 30 34 38 42 46 50 54 58 62 66 70 74 78 82 86 90 94 98 102 106 110 114 118 122 126 130 134 138 142 146 150 154 158 162 166 170 174 178 182 186 190 194 198 202 206 210 214 218 222 226 230 234 238 242 246 250 254] first leader=2 firstSN=2 lastSN=254 len=64 length=64 segId=2
21:01:12.819 INF Starting new view. segID=2 timeout=60000 view=0
21:01:12.819 DBG Starting timer. sn=2 view=0
21:01:12.819 INF Starting PBFT instance. first=2 last=254 segID=2
21:01:12.819 INF Starting serialized message processing. segID=2
21:01:12.819 DBG Leading segment. segID=2
21:01:12.819 DBG Subscribing to backlog. segID=2
21:01:12.819 INF PbftOrderer received a new segment: [3 7 11 15 19 23 27 31 35 39 43 47 51 55 59 63 67 71 75 79 83 87 91 95 99 103 107 111 115 119 123 127 131 135 139 143 147 151 155 159 163 167 171 175 179 183 187 191 195 199 203 207 211 215 219 223 227 231 235 239 243 247 251 255] first leader=3 firstSN=3 lastSN=255 len=64 length=64 segId=3
21:01:12.819 DBG Waiting for batch. batchSize=4096
21:01:12.819 INF Starting new view. segID=3 timeout=60000 view=0
21:01:12.820 DBG Starting timer. sn=3 view=0
21:01:12.820 INF Starting PBFT instance. first=3 last=255 segID=3
21:01:12.820 INF Starting serialized message processing. segID=3
21:01:12.820 DBG Subscribing to backlog. segID=3
21:01:13.821 DBG Batch ready. batchSize=4096
21:01:13.821 DBG Batch cut. left=0 nBuckets=16 nReq=0 next=0
21:01:13.821 INF Sending PREPREPARE. nReq=0 senderID=2 sn=2 view=0
21:01:13.821 DBG Waiting for batch. batchSize=4096
21:01:13.824 INF Handling PREPREPARE. nReq=0 senderID=3 sn=3
21:01:13.824 INF Handling PREPREPARE. nReq=0 senderID=0 sn=0
21:01:13.824 DBG Creating new Batch. nReq=0
21:01:13.824 DBG Creating new Batch. nReq=0
21:01:13.824 DBG Sending PREPARE. senderID=2 sn=3 view=0
21:01:13.824 DBG Sending PREPARE. senderID=2 sn=0 view=0
21:01:13.824 INF Handling PREPREPARE. nReq=0 senderID=1 sn=1
21:01:13.825 DBG Creating new Batch. nReq=0
21:01:13.825 DBG Sending PREPARE. senderID=2 sn=1 view=0
21:01:13.825 DBG Sending COMMIT. senderID=2 sn=3 view=0
21:01:13.825 DBG Sending COMMIT. senderID=2 sn=0 view=0
21:01:13.826 DBG Sending COMMIT. senderID=2 sn=2 view=0
21:01:13.827 DBG Sending COMMIT. senderID=2 sn=1 view=0
21:01:13.828 INF Committed entry. latency=0 nReq=0 sn=3
21:01:13.828 DBG Starting timer. sn=7 view=0
21:01:13.828 INF Committed entry. latency=0 nReq=0 sn=0
21:01:13.828 INF Committed entry. latency=0 nReq=0 sn=2
21:01:13.828 INF Committed entry. latency=0 nReq=0 sn=1
21:01:13.828 INF Delivered batch. nReq=0 sn=0
[RESPONDER][WARN] sn=0 batch vazio ou nil — nada a enviar
21:01:13.828 INF Delivered batch. nReq=0 sn=1
[RESPONDER][WARN] sn=1 batch vazio ou nil — nada a enviar
21:01:13.829 INF Delivered batch. nReq=0 sn=2
[RESPONDER][WARN] sn=2 batch vazio ou nil — nada a enviar
21:01:13.829 INF Delivered batch. nReq=0 sn=3
[RESPONDER][WARN] sn=3 batch vazio ou nil — nada a enviar
21:01:13.829 DBG Starting timer. sn=4 view=0
21:01:13.829 DBG Starting timer. sn=6 view=0
21:01:13.829 DBG Starting timer. sn=5 view=0
21:01:14.821 INF Handling PREPREPARE. nReq=0 senderID=0 sn=4
21:01:14.821 DBG Creating new Batch. nReq=0
21:01:14.821 DBG Sending PREPARE. senderID=2 sn=4 view=0
21:01:14.822 INF Handling PREPREPARE. nReq=0 senderID=3 sn=7
21:01:14.822 DBG Creating new Batch. nReq=0
21:01:14.822 DBG Sending PREPARE. senderID=2 sn=7 view=0
21:01:14.822 DBG Batch ready. batchSize=4096
21:01:14.822 DBG Sending COMMIT. senderID=2 sn=4 view=0
21:01:14.822 DBG Batch cut. left=0 nBuckets=16 nReq=0 next=0
21:01:14.823 INF Sending PREPREPARE. nReq=0 senderID=2 sn=6 view=0
21:01:14.823 DBG Waiting for batch. batchSize=4096
21:01:14.823 DBG Sending COMMIT. senderID=2 sn=7 view=0
21:01:14.825 INF Committed entry. latency=0 nReq=0 sn=4
21:01:14.825 INF Delivered batch. nReq=0 sn=4
21:01:14.825 DBG Starting timer. sn=8 view=0
[RESPONDER][WARN] sn=4 batch vazio ou nil — nada a enviar
21:01:14.826 INF Handling PREPREPARE. nReq=0 senderID=1 sn=5
21:01:14.826 INF Committed entry. latency=0 nReq=0 sn=7
21:01:14.826 DBG Creating new Batch. nReq=0
21:01:14.826 DBG Sending COMMIT. senderID=2 sn=6 view=0
21:01:14.826 DBG Starting timer. sn=11 view=0
21:01:14.826 DBG Sending PREPARE. senderID=2 sn=5 view=0
21:01:14.826 DBG Sending COMMIT. senderID=2 sn=5 view=0
21:01:14.827 INF Committed entry. latency=0 nReq=0 sn=6
21:01:14.827 DBG Starting timer. sn=10 view=0
21:01:14.829 INF Committed entry. latency=0 nReq=0 sn=5
21:01:14.829 INF Delivered batch. nReq=0 sn=5
[RESPONDER][WARN] sn=5 batch vazio ou nil — nada a enviar
21:01:14.829 INF Delivered batch. nReq=0 sn=6
21:01:14.829 INF Delivered batch. nReq=0 sn=7
[RESPONDER][WARN] sn=6 batch vazio ou nil — nada a enviar
[RESPONDER][WARN] sn=7 batch vazio ou nil — nada a enviar
21:01:14.829 DBG Starting timer. sn=9 view=0
21:01:15.090 INF Incoming connection for requests. addr=127.0.0.1:60658
21:01:15.824 DBG Batch ready. batchSize=4096
21:01:15.824 DBG Batch cut. left=0 nBuckets=16 nReq=22 next=0
21:01:15.825 INF Handling PREPREPARE. nReq=23 senderID=0 sn=8
21:01:15.825 DBG Waiting for batch. batchSize=4096
21:01:15.825 DBG Creating new Batch. nReq=23
21:01:15.826 INF Handling PREPREPARE. nReq=22 senderID=3 sn=11
21:01:15.827 DBG Creating new Batch. nReq=22
21:01:15.828 INF Sending PREPREPARE. nReq=22 senderID=2 sn=10 view=0
21:01:15.830 DBG Sending PREPARE. senderID=2 sn=11 view=0
21:01:15.831 INF Handling PREPREPARE. nReq=23 senderID=1 sn=9
21:01:15.831 DBG Creating new Batch. nReq=23
21:01:15.833 DBG Sending COMMIT. senderID=2 sn=11 view=0
21:01:15.834 DBG Sending PREPARE. senderID=2 sn=9 view=0
21:01:15.834 DBG Sending PREPARE. senderID=2 sn=8 view=0
21:01:15.835 DBG Sending COMMIT. senderID=2 sn=8 view=0
21:01:15.835 INF Committed entry. latency=0 nReq=23 sn=8
21:01:15.835 INF Committed entry. latency=0 nReq=22 sn=11
21:01:15.835 INF Delivered batch. nReq=23 sn=8
21:01:15.836 DBG Starting timer. sn=12 view=0
21:01:15.836 DBG Starting timer. sn=15 view=0
[RESPONDER][ENTRY] sn=8 nreq=23
[RESPONDER][SEND] sn=8 client=0 req=0 msg=ClientResponse{orderSn=8,clientSn=0}
[MESSENGER][OK] client=0 deliver clientSn=0 sn=8
[RESPONDER][SEND] sn=8 client=0 req=4 msg=ClientResponse{orderSn=8,clientSn=4}
[MESSENGER][OK] client=0 deliver clientSn=4 sn=8
[RESPONDER][SEND] sn=8 client=0 req=8 msg=ClientResponse{orderSn=8,clientSn=8}
[MESSENGER][OK] client=0 deliver clientSn=8 sn=8
[RESPONDER][SEND] sn=8 client=0 req=12 msg=ClientResponse{orderSn=8,clientSn=12}
[MESSENGER][OK] client=0 deliver clientSn=12 sn=8
[RESPONDER][SEND] sn=8 client=0 req=16 msg=ClientResponse{orderSn=8,clientSn=16}
[MESSENGER][OK] client=0 deliver clientSn=16 sn=8
[RESPONDER][SEND] sn=8 client=0 req=20 msg=ClientResponse{orderSn=8,clientSn=20}
[MESSENGER][OK] client=0 deliver clientSn=20 sn=8
[RESPONDER][SEND] sn=8 client=0 req=24 msg=ClientResponse{orderSn=8,clientSn=24}
[MESSENGER][OK] client=0 deliver clientSn=24 sn=8
[RESPONDER][SEND] sn=8 client=0 req=28 msg=ClientResponse{orderSn=8,clientSn=28}
[MESSENGER][OK] client=0 deliver clientSn=28 sn=8
21:01:15.837 DBG Sending COMMIT. senderID=2 sn=9 view=0
[RESPONDER][SEND] sn=8 client=0 req=32 msg=ClientResponse{orderSn=8,clientSn=32}
[MESSENGER][OK] client=0 deliver clientSn=32 sn=8
[RESPONDER][SEND] sn=8 client=0 req=36 msg=ClientResponse{orderSn=8,clientSn=36}
[MESSENGER][OK] client=0 deliver clientSn=36 sn=8
[RESPONDER][SEND] sn=8 client=0 req=40 msg=ClientResponse{orderSn=8,clientSn=40}
[MESSENGER][OK] client=0 deliver clientSn=40 sn=8
[RESPONDER][SEND] sn=8 client=0 req=44 msg=ClientResponse{orderSn=8,clientSn=44}
[MESSENGER][OK] client=0 deliver clientSn=44 sn=8
[RESPONDER][SEND] sn=8 client=0 req=48 msg=ClientResponse{orderSn=8,clientSn=48}
[MESSENGER][OK] client=0 deliver clientSn=48 sn=8
[RESPONDER][SEND] sn=8 client=0 req=52 msg=ClientResponse{orderSn=8,clientSn=52}
[MESSENGER][OK] client=0 deliver clientSn=52 sn=8
[RESPONDER][SEND] sn=8 client=0 req=56 msg=ClientResponse{orderSn=8,clientSn=56}
[MESSENGER][OK] client=0 deliver clientSn=56 sn=8
[RESPONDER][SEND] sn=8 client=0 req=60 msg=ClientResponse{orderSn=8,clientSn=60}
[MESSENGER][OK] client=0 deliver clientSn=60 sn=8
[RESPONDER][SEND] sn=8 client=0 req=64 msg=ClientResponse{orderSn=8,clientSn=64}
[MESSENGER][OK] client=0 deliver clientSn=64 sn=8
[RESPONDER][SEND] sn=8 client=0 req=68 msg=ClientResponse{orderSn=8,clientSn=68}
[MESSENGER][OK] client=0 deliver clientSn=68 sn=8
[RESPONDER][SEND] sn=8 client=0 req=72 msg=ClientResponse{orderSn=8,clientSn=72}
[MESSENGER][OK] client=0 deliver clientSn=72 sn=8
[RESPONDER][SEND] sn=8 client=0 req=76 msg=ClientResponse{orderSn=8,clientSn=76}
[MESSENGER][OK] client=0 deliver clientSn=76 sn=8
[RESPONDER][SEND] sn=8 client=0 req=80 msg=ClientResponse{orderSn=8,clientSn=80}
[MESSENGER][OK] client=0 deliver clientSn=80 sn=8
[RESPONDER][SEND] sn=8 client=0 req=84 msg=ClientResponse{orderSn=8,clientSn=84}
[MESSENGER][OK] client=0 deliver clientSn=84 sn=8
[RESPONDER][SEND] sn=8 client=0 req=88 msg=ClientResponse{orderSn=8,clientSn=88}
[MESSENGER][OK] client=0 deliver clientSn=88 sn=8
[RESPONDER][ENTRY][DONE] sn=8 sent=23/23
21:01:15.840 INF Committed entry. latency=0 nReq=23 sn=9
21:01:15.840 INF Delivered batch. nReq=23 sn=9
[RESPONDER][ENTRY] sn=9 nreq=23
[RESPONDER][SEND] sn=9 client=0 req=1 msg=ClientResponse{orderSn=9,clientSn=1}
21:01:15.841 DBG Starting timer. sn=13 view=0
[MESSENGER][OK] client=0 deliver clientSn=1 sn=9
[RESPONDER][SEND] sn=9 client=0 req=5 msg=ClientResponse{orderSn=9,clientSn=5}
[MESSENGER][OK] client=0 deliver clientSn=5 sn=9
[RESPONDER][SEND] sn=9 client=0 req=9 msg=ClientResponse{orderSn=9,clientSn=9}
[MESSENGER][OK] client=0 deliver clientSn=9 sn=9
[RESPONDER][SEND] sn=9 client=0 req=13 msg=ClientResponse{orderSn=9,clientSn=13}
[MESSENGER][OK] client=0 deliver clientSn=13 sn=9
[RESPONDER][SEND] sn=9 client=0 req=17 msg=ClientResponse{orderSn=9,clientSn=17}
[MESSENGER][OK] client=0 deliver clientSn=17 sn=9
[RESPONDER][SEND] sn=9 client=0 req=21 msg=ClientResponse{orderSn=9,clientSn=21}
[MESSENGER][OK] client=0 deliver clientSn=21 sn=9
[RESPONDER][SEND] sn=9 client=0 req=25 msg=ClientResponse{orderSn=9,clientSn=25}
[MESSENGER][OK] client=0 deliver clientSn=25 sn=9
[RESPONDER][SEND] sn=9 client=0 req=29 msg=ClientResponse{orderSn=9,clientSn=29}
[MESSENGER][OK] client=0 deliver clientSn=29 sn=9
[RESPONDER][SEND] sn=9 client=0 req=33 msg=ClientResponse{orderSn=9,clientSn=33}
[MESSENGER][OK] client=0 deliver clientSn=33 sn=9
[RESPONDER][SEND] sn=9 client=0 req=37 msg=ClientResponse{orderSn=9,clientSn=37}
[MESSENGER][OK] client=0 deliver clientSn=37 sn=9
[RESPONDER][SEND] sn=9 client=0 req=41 msg=ClientResponse{orderSn=9,clientSn=41}
[MESSENGER][OK] client=0 deliver clientSn=41 sn=9
[RESPONDER][SEND] sn=9 client=0 req=45 msg=ClientResponse{orderSn=9,clientSn=45}
[MESSENGER][OK] client=0 deliver clientSn=45 sn=9
[RESPONDER][SEND] sn=9 client=0 req=49 msg=ClientResponse{orderSn=9,clientSn=49}
[MESSENGER][OK] client=0 deliver clientSn=49 sn=9
[RESPONDER][SEND] sn=9 client=0 req=53 msg=ClientResponse{orderSn=9,clientSn=53}
[MESSENGER][OK] client=0 deliver clientSn=53 sn=9
[RESPONDER][SEND] sn=9 client=0 req=57 msg=ClientResponse{orderSn=9,clientSn=57}
[MESSENGER][OK] client=0 deliver clientSn=57 sn=9
[RESPONDER][SEND] sn=9 client=0 req=61 msg=ClientResponse{orderSn=9,clientSn=61}
[MESSENGER][OK] client=0 deliver clientSn=61 sn=9
[RESPONDER][SEND] sn=9 client=0 req=65 msg=ClientResponse{orderSn=9,clientSn=65}
[MESSENGER][OK] client=0 deliver clientSn=65 sn=9
[RESPONDER][SEND] sn=9 client=0 req=69 msg=ClientResponse{orderSn=9,clientSn=69}
[MESSENGER][OK] client=0 deliver clientSn=69 sn=9
[RESPONDER][SEND] sn=9 client=0 req=73 msg=ClientResponse{orderSn=9,clientSn=73}
[MESSENGER][OK] client=0 deliver clientSn=73 sn=9
[RESPONDER][SEND] sn=9 client=0 req=77 msg=ClientResponse{orderSn=9,clientSn=77}
[MESSENGER][OK] client=0 deliver clientSn=77 sn=9
[RESPONDER][SEND] sn=9 client=0 req=81 msg=ClientResponse{orderSn=9,clientSn=81}
[MESSENGER][OK] client=0 deliver clientSn=81 sn=9
[RESPONDER][SEND] sn=9 client=0 req=85 msg=ClientResponse{orderSn=9,clientSn=85}
[MESSENGER][OK] client=0 deliver clientSn=85 sn=9
[RESPONDER][SEND] sn=9 client=0 req=89 msg=ClientResponse{orderSn=9,clientSn=89}
[MESSENGER][OK] client=0 deliver clientSn=89 sn=9
[RESPONDER][ENTRY][DONE] sn=9 sent=23/23
21:01:15.844 DBG Sending COMMIT. senderID=2 sn=10 view=0
21:01:15.847 INF Committed entry. latency=0 nReq=22 sn=10
21:01:15.847 INF Delivered batch. nReq=22 sn=10
21:01:15.847 INF Delivered batch. nReq=22 sn=11
[RESPONDER][ENTRY] sn=10 nreq=22
[RESPONDER][SEND] sn=10 client=0 req=2 msg=ClientResponse{orderSn=10,clientSn=2}
21:01:15.847 DBG Starting timer. sn=14 view=0
[MESSENGER][OK] client=0 deliver clientSn=2 sn=10
[RESPONDER][SEND] sn=10 client=0 req=6 msg=ClientResponse{orderSn=10,clientSn=6}
[MESSENGER][OK] client=0 deliver clientSn=6 sn=10
[RESPONDER][SEND] sn=10 client=0 req=10 msg=ClientResponse{orderSn=10,clientSn=10}
[MESSENGER][OK] client=0 deliver clientSn=10 sn=10
[RESPONDER][SEND] sn=10 client=0 req=14 msg=ClientResponse{orderSn=10,clientSn=14}
[MESSENGER][OK] client=0 deliver clientSn=14 sn=10
[RESPONDER][SEND] sn=10 client=0 req=18 msg=ClientResponse{orderSn=10,clientSn=18}
[MESSENGER][OK] client=0 deliver clientSn=18 sn=10
[RESPONDER][SEND] sn=10 client=0 req=22 msg=ClientResponse{orderSn=10,clientSn=22}
[MESSENGER][OK] client=0 deliver clientSn=22 sn=10
[RESPONDER][SEND] sn=10 client=0 req=26 msg=ClientResponse{orderSn=10,clientSn=26}
[MESSENGER][OK] client=0 deliver clientSn=26 sn=10
[RESPONDER][SEND] sn=10 client=0 req=30 msg=ClientResponse{orderSn=10,clientSn=30}
[MESSENGER][OK] client=0 deliver clientSn=30 sn=10
[RESPONDER][SEND] sn=10 client=0 req=34 msg=ClientResponse{orderSn=10,clientSn=34}
[MESSENGER][OK] client=0 deliver clientSn=34 sn=10
[RESPONDER][SEND] sn=10 client=0 req=38 msg=ClientResponse{orderSn=10,clientSn=38}
[MESSENGER][OK] client=0 deliver clientSn=38 sn=10
[RESPONDER][SEND] sn=10 client=0 req=42 msg=ClientResponse{orderSn=10,clientSn=42}
[MESSENGER][OK] client=0 deliver clientSn=42 sn=10
[RESPONDER][SEND] sn=10 client=0 req=46 msg=ClientResponse{orderSn=10,clientSn=46}
[MESSENGER][OK] client=0 deliver clientSn=46 sn=10
[RESPONDER][SEND] sn=10 client=0 req=50 msg=ClientResponse{orderSn=10,clientSn=50}
[MESSENGER][OK] client=0 deliver clientSn=50 sn=10
[RESPONDER][SEND] sn=10 client=0 req=54 msg=ClientResponse{orderSn=10,clientSn=54}
[MESSENGER][OK] client=0 deliver clientSn=54 sn=10
[RESPONDER][SEND] sn=10 client=0 req=58 msg=ClientResponse{orderSn=10,clientSn=58}
[MESSENGER][OK] client=0 deliver clientSn=58 sn=10
[RESPONDER][SEND] sn=10 client=0 req=62 msg=ClientResponse{orderSn=10,clientSn=62}
[MESSENGER][OK] client=0 deliver clientSn=62 sn=10
[RESPONDER][SEND] sn=10 client=0 req=66 msg=ClientResponse{orderSn=10,clientSn=66}
[MESSENGER][OK] client=0 deliver clientSn=66 sn=10
[RESPONDER][SEND] sn=10 client=0 req=70 msg=ClientResponse{orderSn=10,clientSn=70}
[MESSENGER][OK] client=0 deliver clientSn=70 sn=10
[RESPONDER][SEND] sn=10 client=0 req=74 msg=ClientResponse{orderSn=10,clientSn=74}
[MESSENGER][OK] client=0 deliver clientSn=74 sn=10
[RESPONDER][SEND] sn=10 client=0 req=78 msg=ClientResponse{orderSn=10,clientSn=78}
[MESSENGER][OK] client=0 deliver clientSn=78 sn=10
[RESPONDER][SEND] sn=10 client=0 req=82 msg=ClientResponse{orderSn=10,clientSn=82}
[MESSENGER][OK] client=0 deliver clientSn=82 sn=10
[RESPONDER][SEND] sn=10 client=0 req=86 msg=ClientResponse{orderSn=10,clientSn=86}
[MESSENGER][OK] client=0 deliver clientSn=86 sn=10
[RESPONDER][ENTRY][DONE] sn=10 sent=22/22
[RESPONDER][ENTRY] sn=11 nreq=22
[RESPONDER][SEND] sn=11 client=0 req=3 msg=ClientResponse{orderSn=11,clientSn=3}
[MESSENGER][OK] client=0 deliver clientSn=3 sn=11
[RESPONDER][SEND] sn=11 client=0 req=7 msg=ClientResponse{orderSn=11,clientSn=7}
[MESSENGER][OK] client=0 deliver clientSn=7 sn=11
[RESPONDER][SEND] sn=11 client=0 req=11 msg=ClientResponse{orderSn=11,clientSn=11}
[MESSENGER][OK] client=0 deliver clientSn=11 sn=11
[RESPONDER][SEND] sn=11 client=0 req=15 msg=ClientResponse{orderSn=11,clientSn=15}
[MESSENGER][OK] client=0 deliver clientSn=15 sn=11
[RESPONDER][SEND] sn=11 client=0 req=19 msg=ClientResponse{orderSn=11,clientSn=19}
[MESSENGER][OK] client=0 deliver clientSn=19 sn=11
[RESPONDER][SEND] sn=11 client=0 req=23 msg=ClientResponse{orderSn=11,clientSn=23}
[MESSENGER][OK] client=0 deliver clientSn=23 sn=11
[RESPONDER][SEND] sn=11 client=0 req=27 msg=ClientResponse{orderSn=11,clientSn=27}
[MESSENGER][OK] client=0 deliver clientSn=27 sn=11
[RESPONDER][SEND] sn=11 client=0 req=31 msg=ClientResponse{orderSn=11,clientSn=31}
[MESSENGER][OK] client=0 deliver clientSn=31 sn=11
[RESPONDER][SEND] sn=11 client=0 req=35 msg=ClientResponse{orderSn=11,clientSn=35}
[MESSENGER][OK] client=0 deliver clientSn=35 sn=11
[RESPONDER][SEND] sn=11 client=0 req=39 msg=ClientResponse{orderSn=11,clientSn=39}
[MESSENGER][OK] client=0 deliver clientSn=39 sn=11
[RESPONDER][SEND] sn=11 client=0 req=43 msg=ClientResponse{orderSn=11,clientSn=43}
[MESSENGER][OK] client=0 deliver clientSn=43 sn=11
[RESPONDER][SEND] sn=11 client=0 req=47 msg=ClientResponse{orderSn=11,clientSn=47}
[MESSENGER][OK] client=0 deliver clientSn=47 sn=11
[RESPONDER][SEND] sn=11 client=0 req=51 msg=ClientResponse{orderSn=11,clientSn=51}
[MESSENGER][OK] client=0 deliver clientSn=51 sn=11
[RESPONDER][SEND] sn=11 client=0 req=55 msg=ClientResponse{orderSn=11,clientSn=55}
[MESSENGER][OK] client=0 deliver clientSn=55 sn=11
[RESPONDER][SEND] sn=11 client=0 req=59 msg=ClientResponse{orderSn=11,clientSn=59}
[MESSENGER][OK] client=0 deliver clientSn=59 sn=11
[RESPONDER][SEND] sn=11 client=0 req=63 msg=ClientResponse{orderSn=11,clientSn=63}
[MESSENGER][OK] client=0 deliver clientSn=63 sn=11
[RESPONDER][SEND] sn=11 client=0 req=67 msg=ClientResponse{orderSn=11,clientSn=67}
[MESSENGER][OK] client=0 deliver clientSn=67 sn=11
[RESPONDER][SEND] sn=11 client=0 req=71 msg=ClientResponse{orderSn=11,clientSn=71}
[MESSENGER][OK] client=0 deliver clientSn=71 sn=11
[RESPONDER][SEND] sn=11 client=0 req=75 msg=ClientResponse{orderSn=11,clientSn=75}
[MESSENGER][OK] client=0 deliver clientSn=75 sn=11
[RESPONDER][SEND] sn=11 client=0 req=79 msg=ClientResponse{orderSn=11,clientSn=79}
[MESSENGER][OK] client=0 deliver clientSn=79 sn=11
[RESPONDER][SEND] sn=11 client=0 req=83 msg=ClientResponse{orderSn=11,clientSn=83}
[MESSENGER][OK] client=0 deliver clientSn=83 sn=11
[RESPONDER][SEND] sn=11 client=0 req=87 msg=ClientResponse{orderSn=11,clientSn=87}
[MESSENGER][OK] client=0 deliver clientSn=87 sn=11
[RESPONDER][ENTRY][DONE] sn=11 sent=22/22
21:01:16.825 INF Handling PREPREPARE. nReq=32 senderID=0 sn=12
21:01:16.825 DBG Creating new Batch. nReq=32
21:01:16.826 INF Handling PREPREPARE. nReq=32 senderID=3 sn=15
21:01:16.826 DBG Creating new Batch. nReq=32
21:01:16.829 DBG Batch ready. batchSize=4096
21:01:16.829 DBG Batch cut. left=0 nBuckets=16 nReq=33 next=0
21:01:16.830 DBG Sending PREPARE. senderID=2 sn=15 view=0
21:01:16.830 DBG Waiting for batch. batchSize=4096
21:01:16.831 DBG Sending PREPARE. senderID=2 sn=12 view=0
21:01:16.831 DBG Sending COMMIT. senderID=2 sn=12 view=0
21:01:16.831 INF Sending PREPREPARE. nReq=33 senderID=2 sn=14 view=0
21:01:16.832 DBG Sending COMMIT. senderID=2 sn=15 view=0
21:01:16.833 INF Committed entry. latency=0 nReq=32 sn=15
21:01:16.833 DBG Starting timer. sn=19 view=0
21:01:16.834 INF Committed entry. latency=0 nReq=32 sn=12
21:01:16.834 INF Delivered batch. nReq=32 sn=12
[RESPONDER][ENTRY] sn=12 nreq=32
[RESPONDER][SEND] sn=12 client=0 req=128 msg=ClientResponse{orderSn=12,clientSn=128}
[MESSENGER][OK] client=0 deliver clientSn=128 sn=12
[RESPONDER][SEND] sn=12 client=0 req=192 msg=ClientResponse{orderSn=12,clientSn=192}
[MESSENGER][OK] client=0 deliver clientSn=192 sn=12
[RESPONDER][SEND] sn=12 client=0 req=132 msg=ClientResponse{orderSn=12,clientSn=132}
[MESSENGER][OK] client=0 deliver clientSn=132 sn=12
[RESPONDER][SEND] sn=12 client=0 req=196 msg=ClientResponse{orderSn=12,clientSn=196}
[MESSENGER][OK] client=0 deliver clientSn=196 sn=12
[RESPONDER][SEND] sn=12 client=0 req=136 msg=ClientResponse{orderSn=12,clientSn=136}
[MESSENGER][OK] client=0 deliver clientSn=136 sn=12
[RESPONDER][SEND] sn=12 client=0 req=200 msg=ClientResponse{orderSn=12,clientSn=200}
[MESSENGER][OK] client=0 deliver clientSn=200 sn=12
[RESPONDER][SEND] sn=12 client=0 req=140 msg=ClientResponse{orderSn=12,clientSn=140}
[MESSENGER][OK] client=0 deliver clientSn=140 sn=12
[RESPONDER][SEND] sn=12 client=0 req=204 msg=ClientResponse{orderSn=12,clientSn=204}
[MESSENGER][OK] client=0 deliver clientSn=204 sn=12
[RESPONDER][SEND] sn=12 client=0 req=144 msg=ClientResponse{orderSn=12,clientSn=144}
21:01:16.834 DBG Starting timer. sn=16 view=0
[MESSENGER][OK] client=0 deliver clientSn=144 sn=12
[RESPONDER][SEND] sn=12 client=0 req=208 msg=ClientResponse{orderSn=12,clientSn=208}
[MESSENGER][OK] client=0 deliver clientSn=208 sn=12
[RESPONDER][SEND] sn=12 client=0 req=148 msg=ClientResponse{orderSn=12,clientSn=148}
[MESSENGER][OK] client=0 deliver clientSn=148 sn=12
[RESPONDER][SEND] sn=12 client=0 req=212 msg=ClientResponse{orderSn=12,clientSn=212}
[MESSENGER][OK] client=0 deliver clientSn=212 sn=12
[RESPONDER][SEND] sn=12 client=0 req=152 msg=ClientResponse{orderSn=12,clientSn=152}
[MESSENGER][OK] client=0 deliver clientSn=152 sn=12
[RESPONDER][SEND] sn=12 client=0 req=216 msg=ClientResponse{orderSn=12,clientSn=216}
[MESSENGER][OK] client=0 deliver clientSn=216 sn=12
[RESPONDER][SEND] sn=12 client=0 req=92 msg=ClientResponse{orderSn=12,clientSn=92}
[MESSENGER][OK] client=0 deliver clientSn=92 sn=12
[RESPONDER][SEND] sn=12 client=0 req=156 msg=ClientResponse{orderSn=12,clientSn=156}
[MESSENGER][OK] client=0 deliver clientSn=156 sn=12
[RESPONDER][SEND] sn=12 client=0 req=96 msg=ClientResponse{orderSn=12,clientSn=96}
[MESSENGER][OK] client=0 deliver clientSn=96 sn=12
[RESPONDER][SEND] sn=12 client=0 req=160 msg=ClientResponse{orderSn=12,clientSn=160}
[MESSENGER][OK] client=0 deliver clientSn=160 sn=12
[RESPONDER][SEND] sn=12 client=0 req=100 msg=ClientResponse{orderSn=12,clientSn=100}
[MESSENGER][OK] client=0 deliver clientSn=100 sn=12
[RESPONDER][SEND] sn=12 client=0 req=164 msg=ClientResponse{orderSn=12,clientSn=164}
[MESSENGER][OK] client=0 deliver clientSn=164 sn=12
[RESPONDER][SEND] sn=12 client=0 req=104 msg=ClientResponse{orderSn=12,clientSn=104}
[MESSENGER][OK] client=0 deliver clientSn=104 sn=12
[RESPONDER][SEND] sn=12 client=0 req=168 msg=ClientResponse{orderSn=12,clientSn=168}
[MESSENGER][OK] client=0 deliver clientSn=168 sn=12
[RESPONDER][SEND] sn=12 client=0 req=108 msg=ClientResponse{orderSn=12,clientSn=108}
[MESSENGER][OK] client=0 deliver clientSn=108 sn=12
[RESPONDER][SEND] sn=12 client=0 req=172 msg=ClientResponse{orderSn=12,clientSn=172}
[MESSENGER][OK] client=0 deliver clientSn=172 sn=12
[RESPONDER][SEND] sn=12 client=0 req=112 msg=ClientResponse{orderSn=12,clientSn=112}
[MESSENGER][OK] client=0 deliver clientSn=112 sn=12
[RESPONDER][SEND] sn=12 client=0 req=176 msg=ClientResponse{orderSn=12,clientSn=176}
[MESSENGER][OK] client=0 deliver clientSn=176 sn=12
[RESPONDER][SEND] sn=12 client=0 req=116 msg=ClientResponse{orderSn=12,clientSn=116}
[MESSENGER][OK] client=0 deliver clientSn=116 sn=12
[RESPONDER][SEND] sn=12 client=0 req=180 msg=ClientResponse{orderSn=12,clientSn=180}
[MESSENGER][OK] client=0 deliver clientSn=180 sn=12
[RESPONDER][SEND] sn=12 client=0 req=120 msg=ClientResponse{orderSn=12,clientSn=120}
[MESSENGER][OK] client=0 deliver clientSn=120 sn=12
[RESPONDER][SEND] sn=12 client=0 req=184 msg=ClientResponse{orderSn=12,clientSn=184}
[MESSENGER][OK] client=0 deliver clientSn=184 sn=12
[RESPONDER][SEND] sn=12 client=0 req=124 msg=ClientResponse{orderSn=12,clientSn=124}
[MESSENGER][OK] client=0 deliver clientSn=124 sn=12
21:01:16.836 INF Handling PREPREPARE. nReq=32 senderID=1 sn=13
21:01:16.836 DBG Creating new Batch. nReq=32
[RESPONDER][SEND] sn=12 client=0 req=188 msg=ClientResponse{orderSn=12,clientSn=188}
[MESSENGER][OK] client=0 deliver clientSn=188 sn=12
[RESPONDER][ENTRY][DONE] sn=12 sent=32/32
21:01:16.840 DBG Sending PREPARE. senderID=2 sn=13 view=0
21:01:16.841 DBG Sending COMMIT. senderID=2 sn=13 view=0
21:01:16.843 DBG Sending COMMIT. senderID=2 sn=14 view=0
21:01:16.844 INF Committed entry. latency=0 nReq=32 sn=13
21:01:16.844 INF Delivered batch. nReq=32 sn=13
21:01:16.844 DBG Starting timer. sn=17 view=0
[RESPONDER][ENTRY] sn=13 nreq=32
[RESPONDER][SEND] sn=13 client=0 req=129 msg=ClientResponse{orderSn=13,clientSn=129}
[MESSENGER][OK] client=0 deliver clientSn=129 sn=13
[RESPONDER][SEND] sn=13 client=0 req=193 msg=ClientResponse{orderSn=13,clientSn=193}
[MESSENGER][OK] client=0 deliver clientSn=193 sn=13
[RESPONDER][SEND] sn=13 client=0 req=133 msg=ClientResponse{orderSn=13,clientSn=133}
[MESSENGER][OK] client=0 deliver clientSn=133 sn=13
[RESPONDER][SEND] sn=13 client=0 req=197 msg=ClientResponse{orderSn=13,clientSn=197}
[MESSENGER][OK] client=0 deliver clientSn=197 sn=13
[RESPONDER][SEND] sn=13 client=0 req=137 msg=ClientResponse{orderSn=13,clientSn=137}
[MESSENGER][OK] client=0 deliver clientSn=137 sn=13
[RESPONDER][SEND] sn=13 client=0 req=201 msg=ClientResponse{orderSn=13,clientSn=201}
[MESSENGER][OK] client=0 deliver clientSn=201 sn=13
[RESPONDER][SEND] sn=13 client=0 req=141 msg=ClientResponse{orderSn=13,clientSn=141}
[MESSENGER][OK] client=0 deliver clientSn=141 sn=13
[RESPONDER][SEND] sn=13 client=0 req=205 msg=ClientResponse{orderSn=13,clientSn=205}
[MESSENGER][OK] client=0 deliver clientSn=205 sn=13
[RESPONDER][SEND] sn=13 client=0 req=145 msg=ClientResponse{orderSn=13,clientSn=145}
[MESSENGER][OK] client=0 deliver clientSn=145 sn=13
[RESPONDER][SEND] sn=13 client=0 req=209 msg=ClientResponse{orderSn=13,clientSn=209}
[MESSENGER][OK] client=0 deliver clientSn=209 sn=13
[RESPONDER][SEND] sn=13 client=0 req=149 msg=ClientResponse{orderSn=13,clientSn=149}
[MESSENGER][OK] client=0 deliver clientSn=149 sn=13
[RESPONDER][SEND] sn=13 client=0 req=213 msg=ClientResponse{orderSn=13,clientSn=213}
[MESSENGER][OK] client=0 deliver clientSn=213 sn=13
[RESPONDER][SEND] sn=13 client=0 req=153 msg=ClientResponse{orderSn=13,clientSn=153}
[MESSENGER][OK] client=0 deliver clientSn=153 sn=13
[RESPONDER][SEND] sn=13 client=0 req=217 msg=ClientResponse{orderSn=13,clientSn=217}
[MESSENGER][OK] client=0 deliver clientSn=217 sn=13
[RESPONDER][SEND] sn=13 client=0 req=93 msg=ClientResponse{orderSn=13,clientSn=93}
[MESSENGER][OK] client=0 deliver clientSn=93 sn=13
[RESPONDER][SEND] sn=13 client=0 req=157 msg=ClientResponse{orderSn=13,clientSn=157}
[MESSENGER][OK] client=0 deliver clientSn=157 sn=13
[RESPONDER][SEND] sn=13 client=0 req=97 msg=ClientResponse{orderSn=13,clientSn=97}
[MESSENGER][OK] client=0 deliver clientSn=97 sn=13
[RESPONDER][SEND] sn=13 client=0 req=161 msg=ClientResponse{orderSn=13,clientSn=161}
[MESSENGER][OK] client=0 deliver clientSn=161 sn=13
[RESPONDER][SEND] sn=13 client=0 req=101 msg=ClientResponse{orderSn=13,clientSn=101}
[MESSENGER][OK] client=0 deliver clientSn=101 sn=13
[RESPONDER][SEND] sn=13 client=0 req=165 msg=ClientResponse{orderSn=13,clientSn=165}
[MESSENGER][OK] client=0 deliver clientSn=165 sn=13
[RESPONDER][SEND] sn=13 client=0 req=105 msg=ClientResponse{orderSn=13,clientSn=105}
[MESSENGER][OK] client=0 deliver clientSn=105 sn=13
[RESPONDER][SEND] sn=13 client=0 req=169 msg=ClientResponse{orderSn=13,clientSn=169}
21:01:16.846 INF Committed entry. latency=0 nReq=33 sn=14
[MESSENGER][OK] client=0 deliver clientSn=169 sn=13
[RESPONDER][SEND] sn=13 client=0 req=109 msg=ClientResponse{orderSn=13,clientSn=109}
[MESSENGER][OK] client=0 deliver clientSn=109 sn=13
[RESPONDER][SEND] sn=13 client=0 req=173 msg=ClientResponse{orderSn=13,clientSn=173}
[MESSENGER][OK] client=0 deliver clientSn=173 sn=13
[RESPONDER][SEND] sn=13 client=0 req=113 msg=ClientResponse{orderSn=13,clientSn=113}
21:01:16.846 INF Delivered batch. nReq=33 sn=14
[MESSENGER][OK] client=0 deliver clientSn=113 sn=13
[RESPONDER][SEND] sn=13 client=0 req=177 msg=ClientResponse{orderSn=13,clientSn=177}
[MESSENGER][OK] client=0 deliver clientSn=177 sn=13
[RESPONDER][SEND] sn=13 client=0 req=117 msg=ClientResponse{orderSn=13,clientSn=117}
21:01:16.846 INF Delivered batch. nReq=32 sn=15
[MESSENGER][OK] client=0 deliver clientSn=117 sn=13
[RESPONDER][SEND] sn=13 client=0 req=181 msg=ClientResponse{orderSn=13,clientSn=181}
[MESSENGER][OK] client=0 deliver clientSn=181 sn=13
[RESPONDER][SEND] sn=13 client=0 req=121 msg=ClientResponse{orderSn=13,clientSn=121}
[MESSENGER][OK] client=0 deliver clientSn=121 sn=13
[RESPONDER][SEND] sn=13 client=0 req=185 msg=ClientResponse{orderSn=13,clientSn=185}
21:01:16.846 DBG Starting timer. sn=18 view=0
[MESSENGER][OK] client=0 deliver clientSn=185 sn=13
[RESPONDER][SEND] sn=13 client=0 req=125 msg=ClientResponse{orderSn=13,clientSn=125}
[MESSENGER][OK] client=0 deliver clientSn=125 sn=13
[RESPONDER][SEND] sn=13 client=0 req=189 msg=ClientResponse{orderSn=13,clientSn=189}
[MESSENGER][OK] client=0 deliver clientSn=189 sn=13
[RESPONDER][ENTRY][DONE] sn=13 sent=32/32
[RESPONDER][ENTRY] sn=14 nreq=33
[RESPONDER][SEND] sn=14 client=0 req=130 msg=ClientResponse{orderSn=14,clientSn=130}
[MESSENGER][OK] client=0 deliver clientSn=130 sn=14
[RESPONDER][SEND] sn=14 client=0 req=194 msg=ClientResponse{orderSn=14,clientSn=194}
[MESSENGER][OK] client=0 deliver clientSn=194 sn=14
[RESPONDER][SEND] sn=14 client=0 req=134 msg=ClientResponse{orderSn=14,clientSn=134}
[MESSENGER][OK] client=0 deliver clientSn=134 sn=14
[RESPONDER][SEND] sn=14 client=0 req=198 msg=ClientResponse{orderSn=14,clientSn=198}
[MESSENGER][OK] client=0 deliver clientSn=198 sn=14
[RESPONDER][SEND] sn=14 client=0 req=138 msg=ClientResponse{orderSn=14,clientSn=138}
[MESSENGER][OK] client=0 deliver clientSn=138 sn=14
[RESPONDER][SEND] sn=14 client=0 req=202 msg=ClientResponse{orderSn=14,clientSn=202}
[MESSENGER][OK] client=0 deliver clientSn=202 sn=14
[RESPONDER][SEND] sn=14 client=0 req=142 msg=ClientResponse{orderSn=14,clientSn=142}
[MESSENGER][OK] client=0 deliver clientSn=142 sn=14
[RESPONDER][SEND] sn=14 client=0 req=206 msg=ClientResponse{orderSn=14,clientSn=206}
[MESSENGER][OK] client=0 deliver clientSn=206 sn=14
[RESPONDER][SEND] sn=14 client=0 req=146 msg=ClientResponse{orderSn=14,clientSn=146}
[MESSENGER][OK] client=0 deliver clientSn=146 sn=14
[RESPONDER][SEND] sn=14 client=0 req=210 msg=ClientResponse{orderSn=14,clientSn=210}
[MESSENGER][OK] client=0 deliver clientSn=210 sn=14
[RESPONDER][SEND] sn=14 client=0 req=150 msg=ClientResponse{orderSn=14,clientSn=150}
[MESSENGER][OK] client=0 deliver clientSn=150 sn=14
[RESPONDER][SEND] sn=14 client=0 req=214 msg=ClientResponse{orderSn=14,clientSn=214}
[MESSENGER][OK] client=0 deliver clientSn=214 sn=14
[RESPONDER][SEND] sn=14 client=0 req=90 msg=ClientResponse{orderSn=14,clientSn=90}
[MESSENGER][OK] client=0 deliver clientSn=90 sn=14
[RESPONDER][SEND] sn=14 client=0 req=154 msg=ClientResponse{orderSn=14,clientSn=154}
[MESSENGER][OK] client=0 deliver clientSn=154 sn=14
[RESPONDER][SEND] sn=14 client=0 req=94 msg=ClientResponse{orderSn=14,clientSn=94}
[MESSENGER][OK] client=0 deliver clientSn=94 sn=14
[RESPONDER][SEND] sn=14 client=0 req=158 msg=ClientResponse{orderSn=14,clientSn=158}
[MESSENGER][OK] client=0 deliver clientSn=158 sn=14
[RESPONDER][SEND] sn=14 client=0 req=98 msg=ClientResponse{orderSn=14,clientSn=98}
[MESSENGER][OK] client=0 deliver clientSn=98 sn=14
[RESPONDER][SEND] sn=14 client=0 req=162 msg=ClientResponse{orderSn=14,clientSn=162}
[MESSENGER][OK] client=0 deliver clientSn=162 sn=14
[RESPONDER][SEND] sn=14 client=0 req=102 msg=ClientResponse{orderSn=14,clientSn=102}
[MESSENGER][OK] client=0 deliver clientSn=102 sn=14
[RESPONDER][SEND] sn=14 client=0 req=166 msg=ClientResponse{orderSn=14,clientSn=166}
[MESSENGER][OK] client=0 deliver clientSn=166 sn=14
[RESPONDER][SEND] sn=14 client=0 req=106 msg=ClientResponse{orderSn=14,clientSn=106}
[MESSENGER][OK] client=0 deliver clientSn=106 sn=14
[RESPONDER][SEND] sn=14 client=0 req=170 msg=ClientResponse{orderSn=14,clientSn=170}
[MESSENGER][OK] client=0 deliver clientSn=170 sn=14
[RESPONDER][SEND] sn=14 client=0 req=110 msg=ClientResponse{orderSn=14,clientSn=110}
[MESSENGER][OK] client=0 deliver clientSn=110 sn=14
[RESPONDER][SEND] sn=14 client=0 req=174 msg=ClientResponse{orderSn=14,clientSn=174}
[MESSENGER][OK] client=0 deliver clientSn=174 sn=14
[RESPONDER][SEND] sn=14 client=0 req=114 msg=ClientResponse{orderSn=14,clientSn=114}
[MESSENGER][OK] client=0 deliver clientSn=114 sn=14
[RESPONDER][SEND] sn=14 client=0 req=178 msg=ClientResponse{orderSn=14,clientSn=178}
[MESSENGER][OK] client=0 deliver clientSn=178 sn=14
[RESPONDER][SEND] sn=14 client=0 req=118 msg=ClientResponse{orderSn=14,clientSn=118}
[MESSENGER][OK] client=0 deliver clientSn=118 sn=14
[RESPONDER][SEND] sn=14 client=0 req=182 msg=ClientResponse{orderSn=14,clientSn=182}
[MESSENGER][OK] client=0 deliver clientSn=182 sn=14
[RESPONDER][SEND] sn=14 client=0 req=122 msg=ClientResponse{orderSn=14,clientSn=122}
[MESSENGER][OK] client=0 deliver clientSn=122 sn=14
[RESPONDER][SEND] sn=14 client=0 req=186 msg=ClientResponse{orderSn=14,clientSn=186}
[MESSENGER][OK] client=0 deliver clientSn=186 sn=14
[RESPONDER][SEND] sn=14 client=0 req=126 msg=ClientResponse{orderSn=14,clientSn=126}
[MESSENGER][OK] client=0 deliver clientSn=126 sn=14
[RESPONDER][SEND] sn=14 client=0 req=190 msg=ClientResponse{orderSn=14,clientSn=190}
[MESSENGER][OK] client=0 deliver clientSn=190 sn=14
[RESPONDER][SEND] sn=14 client=0 req=218 msg=ClientResponse{orderSn=14,clientSn=218}
[MESSENGER][OK] client=0 deliver clientSn=218 sn=14
[RESPONDER][ENTRY][DONE] sn=14 sent=33/33
[RESPONDER][ENTRY] sn=15 nreq=32
[RESPONDER][SEND] sn=15 client=0 req=131 msg=ClientResponse{orderSn=15,clientSn=131}
[MESSENGER][OK] client=0 deliver clientSn=131 sn=15
[RESPONDER][SEND] sn=15 client=0 req=195 msg=ClientResponse{orderSn=15,clientSn=195}
[MESSENGER][OK] client=0 deliver clientSn=195 sn=15
[RESPONDER][SEND] sn=15 client=0 req=135 msg=ClientResponse{orderSn=15,clientSn=135}
[MESSENGER][OK] client=0 deliver clientSn=135 sn=15
[RESPONDER][SEND] sn=15 client=0 req=199 msg=ClientResponse{orderSn=15,clientSn=199}
[MESSENGER][OK] client=0 deliver clientSn=199 sn=15
[RESPONDER][SEND] sn=15 client=0 req=139 msg=ClientResponse{orderSn=15,clientSn=139}
[MESSENGER][OK] client=0 deliver clientSn=139 sn=15
[RESPONDER][SEND] sn=15 client=0 req=203 msg=ClientResponse{orderSn=15,clientSn=203}
[MESSENGER][OK] client=0 deliver clientSn=203 sn=15
[RESPONDER][SEND] sn=15 client=0 req=143 msg=ClientResponse{orderSn=15,clientSn=143}
[MESSENGER][OK] client=0 deliver clientSn=143 sn=15
[RESPONDER][SEND] sn=15 client=0 req=207 msg=ClientResponse{orderSn=15,clientSn=207}
[MESSENGER][OK] client=0 deliver clientSn=207 sn=15
[RESPONDER][SEND] sn=15 client=0 req=147 msg=ClientResponse{orderSn=15,clientSn=147}
[MESSENGER][OK] client=0 deliver clientSn=147 sn=15
[RESPONDER][SEND] sn=15 client=0 req=211 msg=ClientResponse{orderSn=15,clientSn=211}
[MESSENGER][OK] client=0 deliver clientSn=211 sn=15
[RESPONDER][SEND] sn=15 client=0 req=151 msg=ClientResponse{orderSn=15,clientSn=151}
[MESSENGER][OK] client=0 deliver clientSn=151 sn=15
[RESPONDER][SEND] sn=15 client=0 req=215 msg=ClientResponse{orderSn=15,clientSn=215}
[MESSENGER][OK] client=0 deliver clientSn=215 sn=15
[RESPONDER][SEND] sn=15 client=0 req=91 msg=ClientResponse{orderSn=15,clientSn=91}
[MESSENGER][OK] client=0 deliver clientSn=91 sn=15
[RESPONDER][SEND] sn=15 client=0 req=155 msg=ClientResponse{orderSn=15,clientSn=155}
[MESSENGER][OK] client=0 deliver clientSn=155 sn=15
[RESPONDER][SEND] sn=15 client=0 req=95 msg=ClientResponse{orderSn=15,clientSn=95}
[MESSENGER][OK] client=0 deliver clientSn=95 sn=15
[RESPONDER][SEND] sn=15 client=0 req=159 msg=ClientResponse{orderSn=15,clientSn=159}
[MESSENGER][OK] client=0 deliver clientSn=159 sn=15
[RESPONDER][SEND] sn=15 client=0 req=99 msg=ClientResponse{orderSn=15,clientSn=99}
[MESSENGER][OK] client=0 deliver clientSn=99 sn=15
[RESPONDER][SEND] sn=15 client=0 req=163 msg=ClientResponse{orderSn=15,clientSn=163}
[MESSENGER][OK] client=0 deliver clientSn=163 sn=15
[RESPONDER][SEND] sn=15 client=0 req=103 msg=ClientResponse{orderSn=15,clientSn=103}
[MESSENGER][OK] client=0 deliver clientSn=103 sn=15
[RESPONDER][SEND] sn=15 client=0 req=167 msg=ClientResponse{orderSn=15,clientSn=167}
[MESSENGER][OK] client=0 deliver clientSn=167 sn=15
[RESPONDER][SEND] sn=15 client=0 req=107 msg=ClientResponse{orderSn=15,clientSn=107}
[MESSENGER][OK] client=0 deliver clientSn=107 sn=15
[RESPONDER][SEND] sn=15 client=0 req=171 msg=ClientResponse{orderSn=15,clientSn=171}
[MESSENGER][OK] client=0 deliver clientSn=171 sn=15
[RESPONDER][SEND] sn=15 client=0 req=111 msg=ClientResponse{orderSn=15,clientSn=111}
[MESSENGER][OK] client=0 deliver clientSn=111 sn=15
[RESPONDER][SEND] sn=15 client=0 req=175 msg=ClientResponse{orderSn=15,clientSn=175}
[MESSENGER][OK] client=0 deliver clientSn=175 sn=15
[RESPONDER][SEND] sn=15 client=0 req=115 msg=ClientResponse{orderSn=15,clientSn=115}
[MESSENGER][OK] client=0 deliver clientSn=115 sn=15
[RESPONDER][SEND] sn=15 client=0 req=179 msg=ClientResponse{orderSn=15,clientSn=179}
[MESSENGER][OK] client=0 deliver clientSn=179 sn=15
[RESPONDER][SEND] sn=15 client=0 req=119 msg=ClientResponse{orderSn=15,clientSn=119}
[MESSENGER][OK] client=0 deliver clientSn=119 sn=15
[RESPONDER][SEND] sn=15 client=0 req=183 msg=ClientResponse{orderSn=15,clientSn=183}
[MESSENGER][OK] client=0 deliver clientSn=183 sn=15
[RESPONDER][SEND] sn=15 client=0 req=123 msg=ClientResponse{orderSn=15,clientSn=123}
[MESSENGER][OK] client=0 deliver clientSn=123 sn=15
[RESPONDER][SEND] sn=15 client=0 req=187 msg=ClientResponse{orderSn=15,clientSn=187}
[MESSENGER][OK] client=0 deliver clientSn=187 sn=15
[RESPONDER][SEND] sn=15 client=0 req=127 msg=ClientResponse{orderSn=15,clientSn=127}
[MESSENGER][OK] client=0 deliver clientSn=127 sn=15
[RESPONDER][SEND] sn=15 client=0 req=191 msg=ClientResponse{orderSn=15,clientSn=191}
[MESSENGER][OK] client=0 deliver clientSn=191 sn=15
[RESPONDER][ENTRY][DONE] sn=15 sent=32/32
21:01:17.826 INF Handling PREPREPARE. nReq=32 senderID=0 sn=16
21:01:17.827 DBG Creating new Batch. nReq=32
21:01:17.829 INF Handling PREPREPARE. nReq=32 senderID=3 sn=19
21:01:17.829 DBG Creating new Batch. nReq=32
21:01:17.830 DBG Sending PREPARE. senderID=2 sn=16 view=0
21:01:17.830 DBG Sending COMMIT. senderID=2 sn=16 view=0
21:01:17.831 DBG Batch ready. batchSize=4096
21:01:17.832 DBG Batch cut. left=0 nBuckets=16 nReq=32 next=0
21:01:17.832 DBG Waiting for batch. batchSize=4096
21:01:17.832 INF Committed entry. latency=0 nReq=32 sn=16
21:01:17.832 DBG Sending PREPARE. senderID=2 sn=19 view=0
21:01:17.832 INF Delivered batch. nReq=32 sn=16
21:01:17.833 DBG Starting timer. sn=20 view=0
[RESPONDER][ENTRY] sn=16 nreq=32
[RESPONDER][SEND] sn=16 client=0 req=256 msg=ClientResponse{orderSn=16,clientSn=256}
[MESSENGER][OK] client=0 deliver clientSn=256 sn=16
[RESPONDER][SEND] sn=16 client=0 req=320 msg=ClientResponse{orderSn=16,clientSn=320}
[MESSENGER][OK] client=0 deliver clientSn=320 sn=16
[RESPONDER][SEND] sn=16 client=0 req=260 msg=ClientResponse{orderSn=16,clientSn=260}
[MESSENGER][OK] client=0 deliver clientSn=260 sn=16
[RESPONDER][SEND] sn=16 client=0 req=324 msg=ClientResponse{orderSn=16,clientSn=324}
[MESSENGER][OK] client=0 deliver clientSn=324 sn=16
[RESPONDER][SEND] sn=16 client=0 req=264 msg=ClientResponse{orderSn=16,clientSn=264}
[MESSENGER][OK] client=0 deliver clientSn=264 sn=16
[RESPONDER][SEND] sn=16 client=0 req=328 msg=ClientResponse{orderSn=16,clientSn=328}
[MESSENGER][OK] client=0 deliver clientSn=328 sn=16
[RESPONDER][SEND] sn=16 client=0 req=268 msg=ClientResponse{orderSn=16,clientSn=268}
[MESSENGER][OK] client=0 deliver clientSn=268 sn=16
[RESPONDER][SEND] sn=16 client=0 req=332 msg=ClientResponse{orderSn=16,clientSn=332}
[MESSENGER][OK] client=0 deliver clientSn=332 sn=16
[RESPONDER][SEND] sn=16 client=0 req=272 msg=ClientResponse{orderSn=16,clientSn=272}
[MESSENGER][OK] client=0 deliver clientSn=272 sn=16
[RESPONDER][SEND] sn=16 client=0 req=336 msg=ClientResponse{orderSn=16,clientSn=336}
[MESSENGER][OK] client=0 deliver clientSn=336 sn=16
[RESPONDER][SEND] sn=16 client=0 req=276 msg=ClientResponse{orderSn=16,clientSn=276}
[MESSENGER][OK] client=0 deliver clientSn=276 sn=16
[RESPONDER][SEND] sn=16 client=0 req=340 msg=ClientResponse{orderSn=16,clientSn=340}
[MESSENGER][OK] client=0 deliver clientSn=340 sn=16
[RESPONDER][SEND] sn=16 client=0 req=280 msg=ClientResponse{orderSn=16,clientSn=280}
[MESSENGER][OK] client=0 deliver clientSn=280 sn=16
[RESPONDER][SEND] sn=16 client=0 req=344 msg=ClientResponse{orderSn=16,clientSn=344}
[MESSENGER][OK] client=0 deliver clientSn=344 sn=16
[RESPONDER][SEND] sn=16 client=0 req=220 msg=ClientResponse{orderSn=16,clientSn=220}
[MESSENGER][OK] client=0 deliver clientSn=220 sn=16
[RESPONDER][SEND] sn=16 client=0 req=284 msg=ClientResponse{orderSn=16,clientSn=284}
[MESSENGER][OK] client=0 deliver clientSn=284 sn=16
[RESPONDER][SEND] sn=16 client=0 req=224 msg=ClientResponse{orderSn=16,clientSn=224}
[MESSENGER][OK] client=0 deliver clientSn=224 sn=16
[RESPONDER][SEND] sn=16 client=0 req=288 msg=ClientResponse{orderSn=16,clientSn=288}
[MESSENGER][OK] client=0 deliver clientSn=288 sn=16
[RESPONDER][SEND] sn=16 client=0 req=228 msg=ClientResponse{orderSn=16,clientSn=228}
[MESSENGER][OK] client=0 deliver clientSn=228 sn=16
[RESPONDER][SEND] sn=16 client=0 req=292 msg=ClientResponse{orderSn=16,clientSn=292}
[MESSENGER][OK] client=0 deliver clientSn=292 sn=16
[RESPONDER][SEND] sn=16 client=0 req=232 msg=ClientResponse{orderSn=16,clientSn=232}
[MESSENGER][OK] client=0 deliver clientSn=232 sn=16
[RESPONDER][SEND] sn=16 client=0 req=296 msg=ClientResponse{orderSn=16,clientSn=296}
[MESSENGER][OK] client=0 deliver clientSn=296 sn=16
[RESPONDER][SEND] sn=16 client=0 req=236 msg=ClientResponse{orderSn=16,clientSn=236}
[MESSENGER][OK] client=0 deliver clientSn=236 sn=16
[RESPONDER][SEND] sn=16 client=0 req=300 msg=ClientResponse{orderSn=16,clientSn=300}
[MESSENGER][OK] client=0 deliver clientSn=300 sn=16
[RESPONDER][SEND] sn=16 client=0 req=240 msg=ClientResponse{orderSn=16,clientSn=240}
[MESSENGER][OK] client=0 deliver clientSn=240 sn=16
[RESPONDER][SEND] sn=16 client=0 req=304 msg=ClientResponse{orderSn=16,clientSn=304}
[MESSENGER][OK] client=0 deliver clientSn=304 sn=16
[RESPONDER][SEND] sn=16 client=0 req=244 msg=ClientResponse{orderSn=16,clientSn=244}
[MESSENGER][OK] client=0 deliver clientSn=244 sn=16
[RESPONDER][SEND] sn=16 client=0 req=308 msg=ClientResponse{orderSn=16,clientSn=308}
[MESSENGER][OK] client=0 deliver clientSn=308 sn=16
[RESPONDER][SEND] sn=16 client=0 req=248 msg=ClientResponse{orderSn=16,clientSn=248}
[MESSENGER][OK] client=0 deliver clientSn=248 sn=16
[RESPONDER][SEND] sn=16 client=0 req=312 msg=ClientResponse{orderSn=16,clientSn=312}
[MESSENGER][OK] client=0 deliver clientSn=312 sn=16
[RESPONDER][SEND] sn=16 client=0 req=252 msg=ClientResponse{orderSn=16,clientSn=252}
[MESSENGER][OK] client=0 deliver clientSn=252 sn=16
[RESPONDER][SEND] sn=16 client=0 req=316 msg=ClientResponse{orderSn=16,clientSn=316}
[MESSENGER][OK] client=0 deliver clientSn=316 sn=16
[RESPONDER][ENTRY][DONE] sn=16 sent=32/32
21:01:17.836 DBG Sending COMMIT. senderID=2 sn=19 view=0
21:01:17.836 INF Sending PREPREPARE. nReq=32 senderID=2 sn=18 view=0
21:01:17.839 INF Committed entry. latency=0 nReq=32 sn=19
21:01:17.839 DBG Starting timer. sn=23 view=0
21:01:17.842 INF Handling PREPREPARE. nReq=32 senderID=1 sn=17
21:01:17.842 DBG Creating new Batch. nReq=32
21:01:17.848 DBG Sending PREPARE. senderID=2 sn=17 view=0
21:01:17.849 DBG Sending COMMIT. senderID=2 sn=17 view=0
21:01:17.850 DBG Sending COMMIT. senderID=2 sn=18 view=0
21:01:17.850 INF Committed entry. latency=0 nReq=32 sn=17
21:01:17.851 INF Delivered batch. nReq=32 sn=17
21:01:17.851 DBG Starting timer. sn=21 view=0
[RESPONDER][ENTRY] sn=17 nreq=32
[RESPONDER][SEND] sn=17 client=0 req=257 msg=ClientResponse{orderSn=17,clientSn=257}
[MESSENGER][OK] client=0 deliver clientSn=257 sn=17
[RESPONDER][SEND] sn=17 client=0 req=321 msg=ClientResponse{orderSn=17,clientSn=321}
[MESSENGER][OK] client=0 deliver clientSn=321 sn=17
[RESPONDER][SEND] sn=17 client=0 req=261 msg=ClientResponse{orderSn=17,clientSn=261}
[MESSENGER][OK] client=0 deliver clientSn=261 sn=17
[RESPONDER][SEND] sn=17 client=0 req=325 msg=ClientResponse{orderSn=17,clientSn=325}
[MESSENGER][OK] client=0 deliver clientSn=325 sn=17
[RESPONDER][SEND] sn=17 client=0 req=265 msg=ClientResponse{orderSn=17,clientSn=265}
[MESSENGER][OK] client=0 deliver clientSn=265 sn=17
[RESPONDER][SEND] sn=17 client=0 req=329 msg=ClientResponse{orderSn=17,clientSn=329}
[MESSENGER][OK] client=0 deliver clientSn=329 sn=17
[RESPONDER][SEND] sn=17 client=0 req=269 msg=ClientResponse{orderSn=17,clientSn=269}
[MESSENGER][OK] client=0 deliver clientSn=269 sn=17
[RESPONDER][SEND] sn=17 client=0 req=333 msg=ClientResponse{orderSn=17,clientSn=333}
21:01:17.851 INF Committed entry. latency=0 nReq=32 sn=18
[MESSENGER][OK] client=0 deliver clientSn=333 sn=17
[RESPONDER][SEND] sn=17 client=0 req=273 msg=ClientResponse{orderSn=17,clientSn=273}
21:01:17.851 INF Delivered batch. nReq=32 sn=18
21:01:17.852 INF Delivered batch. nReq=32 sn=19
21:01:17.852 DBG Starting timer. sn=22 view=0
[MESSENGER][OK] client=0 deliver clientSn=273 sn=17
[RESPONDER][SEND] sn=17 client=0 req=337 msg=ClientResponse{orderSn=17,clientSn=337}
[MESSENGER][OK] client=0 deliver clientSn=337 sn=17
[RESPONDER][SEND] sn=17 client=0 req=277 msg=ClientResponse{orderSn=17,clientSn=277}
[MESSENGER][OK] client=0 deliver clientSn=277 sn=17
[RESPONDER][SEND] sn=17 client=0 req=341 msg=ClientResponse{orderSn=17,clientSn=341}
[MESSENGER][OK] client=0 deliver clientSn=341 sn=17
[RESPONDER][SEND] sn=17 client=0 req=281 msg=ClientResponse{orderSn=17,clientSn=281}
[MESSENGER][OK] client=0 deliver clientSn=281 sn=17
[RESPONDER][SEND] sn=17 client=0 req=345 msg=ClientResponse{orderSn=17,clientSn=345}
[MESSENGER][OK] client=0 deliver clientSn=345 sn=17
[RESPONDER][SEND] sn=17 client=0 req=221 msg=ClientResponse{orderSn=17,clientSn=221}
[MESSENGER][OK] client=0 deliver clientSn=221 sn=17
[RESPONDER][SEND] sn=17 client=0 req=285 msg=ClientResponse{orderSn=17,clientSn=285}
[MESSENGER][OK] client=0 deliver clientSn=285 sn=17
[RESPONDER][SEND] sn=17 client=0 req=225 msg=ClientResponse{orderSn=17,clientSn=225}
[MESSENGER][OK] client=0 deliver clientSn=225 sn=17
[RESPONDER][SEND] sn=17 client=0 req=289 msg=ClientResponse{orderSn=17,clientSn=289}
[MESSENGER][OK] client=0 deliver clientSn=289 sn=17
[RESPONDER][SEND] sn=17 client=0 req=229 msg=ClientResponse{orderSn=17,clientSn=229}
[MESSENGER][OK] client=0 deliver clientSn=229 sn=17
[RESPONDER][SEND] sn=17 client=0 req=293 msg=ClientResponse{orderSn=17,clientSn=293}
[MESSENGER][OK] client=0 deliver clientSn=293 sn=17
[RESPONDER][SEND] sn=17 client=0 req=233 msg=ClientResponse{orderSn=17,clientSn=233}
[MESSENGER][OK] client=0 deliver clientSn=233 sn=17
[RESPONDER][SEND] sn=17 client=0 req=297 msg=ClientResponse{orderSn=17,clientSn=297}
[MESSENGER][OK] client=0 deliver clientSn=297 sn=17
[RESPONDER][SEND] sn=17 client=0 req=237 msg=ClientResponse{orderSn=17,clientSn=237}
[MESSENGER][OK] client=0 deliver clientSn=237 sn=17
[RESPONDER][SEND] sn=17 client=0 req=301 msg=ClientResponse{orderSn=17,clientSn=301}
[MESSENGER][OK] client=0 deliver clientSn=301 sn=17
[RESPONDER][SEND] sn=17 client=0 req=241 msg=ClientResponse{orderSn=17,clientSn=241}
[MESSENGER][OK] client=0 deliver clientSn=241 sn=17
[RESPONDER][SEND] sn=17 client=0 req=305 msg=ClientResponse{orderSn=17,clientSn=305}
[MESSENGER][OK] client=0 deliver clientSn=305 sn=17
[RESPONDER][SEND] sn=17 client=0 req=245 msg=ClientResponse{orderSn=17,clientSn=245}
[MESSENGER][OK] client=0 deliver clientSn=245 sn=17
[RESPONDER][SEND] sn=17 client=0 req=309 msg=ClientResponse{orderSn=17,clientSn=309}
[MESSENGER][OK] client=0 deliver clientSn=309 sn=17
[RESPONDER][SEND] sn=17 client=0 req=249 msg=ClientResponse{orderSn=17,clientSn=249}
[MESSENGER][OK] client=0 deliver clientSn=249 sn=17
[RESPONDER][SEND] sn=17 client=0 req=313 msg=ClientResponse{orderSn=17,clientSn=313}
[MESSENGER][OK] client=0 deliver clientSn=313 sn=17
[RESPONDER][SEND] sn=17 client=0 req=253 msg=ClientResponse{orderSn=17,clientSn=253}
[MESSENGER][OK] client=0 deliver clientSn=253 sn=17
[RESPONDER][SEND] sn=17 client=0 req=317 msg=ClientResponse{orderSn=17,clientSn=317}
[MESSENGER][OK] client=0 deliver clientSn=317 sn=17
[RESPONDER][ENTRY][DONE] sn=17 sent=32/32
[RESPONDER][ENTRY] sn=18 nreq=32
[RESPONDER][SEND] sn=18 client=0 req=258 msg=ClientResponse{orderSn=18,clientSn=258}
[MESSENGER][OK] client=0 deliver clientSn=258 sn=18
[RESPONDER][SEND] sn=18 client=0 req=322 msg=ClientResponse{orderSn=18,clientSn=322}
[MESSENGER][OK] client=0 deliver clientSn=322 sn=18
[RESPONDER][SEND] sn=18 client=0 req=262 msg=ClientResponse{orderSn=18,clientSn=262}
[MESSENGER][OK] client=0 deliver clientSn=262 sn=18
[RESPONDER][SEND] sn=18 client=0 req=326 msg=ClientResponse{orderSn=18,clientSn=326}
[MESSENGER][OK] client=0 deliver clientSn=326 sn=18
[RESPONDER][SEND] sn=18 client=0 req=266 msg=ClientResponse{orderSn=18,clientSn=266}
[MESSENGER][OK] client=0 deliver clientSn=266 sn=18
[RESPONDER][SEND] sn=18 client=0 req=330 msg=ClientResponse{orderSn=18,clientSn=330}
[MESSENGER][OK] client=0 deliver clientSn=330 sn=18
[RESPONDER][SEND] sn=18 client=0 req=270 msg=ClientResponse{orderSn=18,clientSn=270}
[MESSENGER][OK] client=0 deliver clientSn=270 sn=18
[RESPONDER][SEND] sn=18 client=0 req=334 msg=ClientResponse{orderSn=18,clientSn=334}
[MESSENGER][OK] client=0 deliver clientSn=334 sn=18
[RESPONDER][SEND] sn=18 client=0 req=274 msg=ClientResponse{orderSn=18,clientSn=274}
[MESSENGER][OK] client=0 deliver clientSn=274 sn=18
[RESPONDER][SEND] sn=18 client=0 req=338 msg=ClientResponse{orderSn=18,clientSn=338}
[MESSENGER][OK] client=0 deliver clientSn=338 sn=18
[RESPONDER][SEND] sn=18 client=0 req=278 msg=ClientResponse{orderSn=18,clientSn=278}
[MESSENGER][OK] client=0 deliver clientSn=278 sn=18
[RESPONDER][SEND] sn=18 client=0 req=342 msg=ClientResponse{orderSn=18,clientSn=342}
[MESSENGER][OK] client=0 deliver clientSn=342 sn=18
[RESPONDER][SEND] sn=18 client=0 req=282 msg=ClientResponse{orderSn=18,clientSn=282}
[MESSENGER][OK] client=0 deliver clientSn=282 sn=18
[RESPONDER][SEND] sn=18 client=0 req=346 msg=ClientResponse{orderSn=18,clientSn=346}
[MESSENGER][OK] client=0 deliver clientSn=346 sn=18
[RESPONDER][SEND] sn=18 client=0 req=222 msg=ClientResponse{orderSn=18,clientSn=222}
[MESSENGER][OK] client=0 deliver clientSn=222 sn=18
[RESPONDER][SEND] sn=18 client=0 req=286 msg=ClientResponse{orderSn=18,clientSn=286}
[MESSENGER][OK] client=0 deliver clientSn=286 sn=18
[RESPONDER][SEND] sn=18 client=0 req=226 msg=ClientResponse{orderSn=18,clientSn=226}
[MESSENGER][OK] client=0 deliver clientSn=226 sn=18
[RESPONDER][SEND] sn=18 client=0 req=290 msg=ClientResponse{orderSn=18,clientSn=290}
[MESSENGER][OK] client=0 deliver clientSn=290 sn=18
[RESPONDER][SEND] sn=18 client=0 req=230 msg=ClientResponse{orderSn=18,clientSn=230}
[MESSENGER][OK] client=0 deliver clientSn=230 sn=18
[RESPONDER][SEND] sn=18 client=0 req=294 msg=ClientResponse{orderSn=18,clientSn=294}
[MESSENGER][OK] client=0 deliver clientSn=294 sn=18
[RESPONDER][SEND] sn=18 client=0 req=234 msg=ClientResponse{orderSn=18,clientSn=234}
[MESSENGER][OK] client=0 deliver clientSn=234 sn=18
[RESPONDER][SEND] sn=18 client=0 req=298 msg=ClientResponse{orderSn=18,clientSn=298}
[MESSENGER][OK] client=0 deliver clientSn=298 sn=18
[RESPONDER][SEND] sn=18 client=0 req=238 msg=ClientResponse{orderSn=18,clientSn=238}
[MESSENGER][OK] client=0 deliver clientSn=238 sn=18
[RESPONDER][SEND] sn=18 client=0 req=302 msg=ClientResponse{orderSn=18,clientSn=302}
[MESSENGER][OK] client=0 deliver clientSn=302 sn=18
[RESPONDER][SEND] sn=18 client=0 req=242 msg=ClientResponse{orderSn=18,clientSn=242}
[MESSENGER][OK] client=0 deliver clientSn=242 sn=18
[RESPONDER][SEND] sn=18 client=0 req=306 msg=ClientResponse{orderSn=18,clientSn=306}
[MESSENGER][OK] client=0 deliver clientSn=306 sn=18
[RESPONDER][SEND] sn=18 client=0 req=246 msg=ClientResponse{orderSn=18,clientSn=246}
[MESSENGER][OK] client=0 deliver clientSn=246 sn=18
[RESPONDER][SEND] sn=18 client=0 req=310 msg=ClientResponse{orderSn=18,clientSn=310}
[MESSENGER][OK] client=0 deliver clientSn=310 sn=18
[RESPONDER][SEND] sn=18 client=0 req=250 msg=ClientResponse{orderSn=18,clientSn=250}
[MESSENGER][OK] client=0 deliver clientSn=250 sn=18
[RESPONDER][SEND] sn=18 client=0 req=314 msg=ClientResponse{orderSn=18,clientSn=314}
[MESSENGER][OK] client=0 deliver clientSn=314 sn=18
[RESPONDER][SEND] sn=18 client=0 req=254 msg=ClientResponse{orderSn=18,clientSn=254}
[MESSENGER][OK] client=0 deliver clientSn=254 sn=18
[RESPONDER][SEND] sn=18 client=0 req=318 msg=ClientResponse{orderSn=18,clientSn=318}
[MESSENGER][OK] client=0 deliver clientSn=318 sn=18
[RESPONDER][ENTRY][DONE] sn=18 sent=32/32
[RESPONDER][ENTRY] sn=19 nreq=32
[RESPONDER][SEND] sn=19 client=0 req=259 msg=ClientResponse{orderSn=19,clientSn=259}
[MESSENGER][OK] client=0 deliver clientSn=259 sn=19
[RESPONDER][SEND] sn=19 client=0 req=323 msg=ClientResponse{orderSn=19,clientSn=323}
[MESSENGER][OK] client=0 deliver clientSn=323 sn=19
[RESPONDER][SEND] sn=19 client=0 req=263 msg=ClientResponse{orderSn=19,clientSn=263}
[MESSENGER][OK] client=0 deliver clientSn=263 sn=19
[RESPONDER][SEND] sn=19 client=0 req=327 msg=ClientResponse{orderSn=19,clientSn=327}
[MESSENGER][OK] client=0 deliver clientSn=327 sn=19
[RESPONDER][SEND] sn=19 client=0 req=267 msg=ClientResponse{orderSn=19,clientSn=267}
[MESSENGER][OK] client=0 deliver clientSn=267 sn=19
[RESPONDER][SEND] sn=19 client=0 req=331 msg=ClientResponse{orderSn=19,clientSn=331}
[MESSENGER][OK] client=0 deliver clientSn=331 sn=19
[RESPONDER][SEND] sn=19 client=0 req=271 msg=ClientResponse{orderSn=19,clientSn=271}
[MESSENGER][OK] client=0 deliver clientSn=271 sn=19
[RESPONDER][SEND] sn=19 client=0 req=335 msg=ClientResponse{orderSn=19,clientSn=335}
[MESSENGER][OK] client=0 deliver clientSn=335 sn=19
[RESPONDER][SEND] sn=19 client=0 req=275 msg=ClientResponse{orderSn=19,clientSn=275}
[MESSENGER][OK] client=0 deliver clientSn=275 sn=19
[RESPONDER][SEND] sn=19 client=0 req=339 msg=ClientResponse{orderSn=19,clientSn=339}
[MESSENGER][OK] client=0 deliver clientSn=339 sn=19
[RESPONDER][SEND] sn=19 client=0 req=279 msg=ClientResponse{orderSn=19,clientSn=279}
[MESSENGER][OK] client=0 deliver clientSn=279 sn=19
[RESPONDER][SEND] sn=19 client=0 req=343 msg=ClientResponse{orderSn=19,clientSn=343}
[MESSENGER][OK] client=0 deliver clientSn=343 sn=19
[RESPONDER][SEND] sn=19 client=0 req=219 msg=ClientResponse{orderSn=19,clientSn=219}
[MESSENGER][OK] client=0 deliver clientSn=219 sn=19
[RESPONDER][SEND] sn=19 client=0 req=283 msg=ClientResponse{orderSn=19,clientSn=283}
[MESSENGER][OK] client=0 deliver clientSn=283 sn=19
[RESPONDER][SEND] sn=19 client=0 req=223 msg=ClientResponse{orderSn=19,clientSn=223}
[MESSENGER][OK] client=0 deliver clientSn=223 sn=19
[RESPONDER][SEND] sn=19 client=0 req=287 msg=ClientResponse{orderSn=19,clientSn=287}
[MESSENGER][OK] client=0 deliver clientSn=287 sn=19
[RESPONDER][SEND] sn=19 client=0 req=227 msg=ClientResponse{orderSn=19,clientSn=227}
[MESSENGER][OK] client=0 deliver clientSn=227 sn=19
[RESPONDER][SEND] sn=19 client=0 req=291 msg=ClientResponse{orderSn=19,clientSn=291}
[MESSENGER][OK] client=0 deliver clientSn=291 sn=19
[RESPONDER][SEND] sn=19 client=0 req=231 msg=ClientResponse{orderSn=19,clientSn=231}
[MESSENGER][OK] client=0 deliver clientSn=231 sn=19
[RESPONDER][SEND] sn=19 client=0 req=295 msg=ClientResponse{orderSn=19,clientSn=295}
[MESSENGER][OK] client=0 deliver clientSn=295 sn=19
[RESPONDER][SEND] sn=19 client=0 req=235 msg=ClientResponse{orderSn=19,clientSn=235}
[MESSENGER][OK] client=0 deliver clientSn=235 sn=19
[RESPONDER][SEND] sn=19 client=0 req=299 msg=ClientResponse{orderSn=19,clientSn=299}
[MESSENGER][OK] client=0 deliver clientSn=299 sn=19
[RESPONDER][SEND] sn=19 client=0 req=239 msg=ClientResponse{orderSn=19,clientSn=239}
[MESSENGER][OK] client=0 deliver clientSn=239 sn=19
[RESPONDER][SEND] sn=19 client=0 req=303 msg=ClientResponse{orderSn=19,clientSn=303}
[MESSENGER][OK] client=0 deliver clientSn=303 sn=19
[RESPONDER][SEND] sn=19 client=0 req=243 msg=ClientResponse{orderSn=19,clientSn=243}
[MESSENGER][OK] client=0 deliver clientSn=243 sn=19
[RESPONDER][SEND] sn=19 client=0 req=307 msg=ClientResponse{orderSn=19,clientSn=307}
[MESSENGER][OK] client=0 deliver clientSn=307 sn=19
[RESPONDER][SEND] sn=19 client=0 req=247 msg=ClientResponse{orderSn=19,clientSn=247}
[MESSENGER][OK] client=0 deliver clientSn=247 sn=19
[RESPONDER][SEND] sn=19 client=0 req=311 msg=ClientResponse{orderSn=19,clientSn=311}
[MESSENGER][OK] client=0 deliver clientSn=311 sn=19
[RESPONDER][SEND] sn=19 client=0 req=251 msg=ClientResponse{orderSn=19,clientSn=251}
[MESSENGER][OK] client=0 deliver clientSn=251 sn=19
[RESPONDER][SEND] sn=19 client=0 req=315 msg=ClientResponse{orderSn=19,clientSn=315}
[MESSENGER][OK] client=0 deliver clientSn=315 sn=19
[RESPONDER][SEND] sn=19 client=0 req=255 msg=ClientResponse{orderSn=19,clientSn=255}
[MESSENGER][OK] client=0 deliver clientSn=255 sn=19
[RESPONDER][SEND] sn=19 client=0 req=319 msg=ClientResponse{orderSn=19,clientSn=319}
[MESSENGER][OK] client=0 deliver clientSn=319 sn=19
[RESPONDER][ENTRY][DONE] sn=19 sent=32/32
21:01:18.827 INF Handling PREPREPARE. nReq=32 senderID=0 sn=20
21:01:18.828 DBG Creating new Batch. nReq=32
21:01:18.829 INF Handling PREPREPARE. nReq=32 senderID=3 sn=23
21:01:18.829 DBG Creating new Batch. nReq=32
21:01:18.831 DBG Sending PREPARE. senderID=2 sn=20 view=0
21:01:18.831 DBG Sending COMMIT. senderID=2 sn=20 view=0
21:01:18.832 DBG Sending PREPARE. senderID=2 sn=23 view=0
21:01:18.832 DBG Batch ready. batchSize=4096
21:01:18.833 DBG Batch cut. left=0 nBuckets=16 nReq=32 next=0
21:01:18.833 DBG Waiting for batch. batchSize=4096
21:01:18.834 INF Committed entry. latency=0 nReq=32 sn=20
21:01:18.835 INF Delivered batch. nReq=32 sn=20
21:01:18.835 DBG Starting timer. sn=24 view=0
[RESPONDER][ENTRY] sn=20 nreq=32
[RESPONDER][SEND] sn=20 client=0 req=384 msg=ClientResponse{orderSn=20,clientSn=384}
[MESSENGER][OK] client=0 deliver clientSn=384 sn=20
[RESPONDER][SEND] sn=20 client=0 req=448 msg=ClientResponse{orderSn=20,clientSn=448}
[MESSENGER][OK] client=0 deliver clientSn=448 sn=20
[RESPONDER][SEND] sn=20 client=0 req=388 msg=ClientResponse{orderSn=20,clientSn=388}
[MESSENGER][OK] client=0 deliver clientSn=388 sn=20
[RESPONDER][SEND] sn=20 client=0 req=452 msg=ClientResponse{orderSn=20,clientSn=452}
[MESSENGER][OK] client=0 deliver clientSn=452 sn=20
[RESPONDER][SEND] sn=20 client=0 req=392 msg=ClientResponse{orderSn=20,clientSn=392}
[MESSENGER][OK] client=0 deliver clientSn=392 sn=20
[RESPONDER][SEND] sn=20 client=0 req=456 msg=ClientResponse{orderSn=20,clientSn=456}
21:01:18.835 DBG Sending COMMIT. senderID=2 sn=23 view=0
[MESSENGER][OK] client=0 deliver clientSn=456 sn=20
[RESPONDER][SEND] sn=20 client=0 req=396 msg=ClientResponse{orderSn=20,clientSn=396}
[MESSENGER][OK] client=0 deliver clientSn=396 sn=20
[RESPONDER][SEND] sn=20 client=0 req=460 msg=ClientResponse{orderSn=20,clientSn=460}
[MESSENGER][OK] client=0 deliver clientSn=460 sn=20
[RESPONDER][SEND] sn=20 client=0 req=400 msg=ClientResponse{orderSn=20,clientSn=400}
[MESSENGER][OK] client=0 deliver clientSn=400 sn=20
[RESPONDER][SEND] sn=20 client=0 req=464 msg=ClientResponse{orderSn=20,clientSn=464}
[MESSENGER][OK] client=0 deliver clientSn=464 sn=20
[RESPONDER][SEND] sn=20 client=0 req=404 msg=ClientResponse{orderSn=20,clientSn=404}
[MESSENGER][OK] client=0 deliver clientSn=404 sn=20
[RESPONDER][SEND] sn=20 client=0 req=468 msg=ClientResponse{orderSn=20,clientSn=468}
[MESSENGER][OK] client=0 deliver clientSn=468 sn=20
[RESPONDER][SEND] sn=20 client=0 req=408 msg=ClientResponse{orderSn=20,clientSn=408}
[MESSENGER][OK] client=0 deliver clientSn=408 sn=20
[RESPONDER][SEND] sn=20 client=0 req=472 msg=ClientResponse{orderSn=20,clientSn=472}
[MESSENGER][OK] client=0 deliver clientSn=472 sn=20
[RESPONDER][SEND] sn=20 client=0 req=348 msg=ClientResponse{orderSn=20,clientSn=348}
[MESSENGER][OK] client=0 deliver clientSn=348 sn=20
[RESPONDER][SEND] sn=20 client=0 req=412 msg=ClientResponse{orderSn=20,clientSn=412}
[MESSENGER][OK] client=0 deliver clientSn=412 sn=20
[RESPONDER][SEND] sn=20 client=0 req=352 msg=ClientResponse{orderSn=20,clientSn=352}
[MESSENGER][OK] client=0 deliver clientSn=352 sn=20
[RESPONDER][SEND] sn=20 client=0 req=416 msg=ClientResponse{orderSn=20,clientSn=416}
[MESSENGER][OK] client=0 deliver clientSn=416 sn=20
[RESPONDER][SEND] sn=20 client=0 req=356 msg=ClientResponse{orderSn=20,clientSn=356}
[MESSENGER][OK] client=0 deliver clientSn=356 sn=20
[RESPONDER][SEND] sn=20 client=0 req=420 msg=ClientResponse{orderSn=20,clientSn=420}
[MESSENGER][OK] client=0 deliver clientSn=420 sn=20
[RESPONDER][SEND] sn=20 client=0 req=360 msg=ClientResponse{orderSn=20,clientSn=360}
[MESSENGER][OK] client=0 deliver clientSn=360 sn=20
[RESPONDER][SEND] sn=20 client=0 req=424 msg=ClientResponse{orderSn=20,clientSn=424}
[MESSENGER][OK] client=0 deliver clientSn=424 sn=20
[RESPONDER][SEND] sn=20 client=0 req=364 msg=ClientResponse{orderSn=20,clientSn=364}
[MESSENGER][OK] client=0 deliver clientSn=364 sn=20
[RESPONDER][SEND] sn=20 client=0 req=428 msg=ClientResponse{orderSn=20,clientSn=428}
[MESSENGER][OK] client=0 deliver clientSn=428 sn=20
[RESPONDER][SEND] sn=20 client=0 req=368 msg=ClientResponse{orderSn=20,clientSn=368}
[MESSENGER][OK] client=0 deliver clientSn=368 sn=20
[RESPONDER][SEND] sn=20 client=0 req=432 msg=ClientResponse{orderSn=20,clientSn=432}
[MESSENGER][OK] client=0 deliver clientSn=432 sn=20
[RESPONDER][SEND] sn=20 client=0 req=372 msg=ClientResponse{orderSn=20,clientSn=372}
21:01:18.836 INF Handling PREPREPARE. nReq=32 senderID=1 sn=21
[MESSENGER][OK] client=0 deliver clientSn=372 sn=20
[RESPONDER][SEND] sn=20 client=0 req=436 msg=ClientResponse{orderSn=20,clientSn=436}
[MESSENGER][OK] client=0 deliver clientSn=436 sn=20
[RESPONDER][SEND] sn=20 client=0 req=376 msg=ClientResponse{orderSn=20,clientSn=376}
[MESSENGER][OK] client=0 deliver clientSn=376 sn=20
[RESPONDER][SEND] sn=20 client=0 req=440 msg=ClientResponse{orderSn=20,clientSn=440}
[MESSENGER][OK] client=0 deliver clientSn=440 sn=20
[RESPONDER][SEND] sn=20 client=0 req=380 msg=ClientResponse{orderSn=20,clientSn=380}
[MESSENGER][OK] client=0 deliver clientSn=380 sn=20
[RESPONDER][SEND] sn=20 client=0 req=444 msg=ClientResponse{orderSn=20,clientSn=444}
[MESSENGER][OK] client=0 deliver clientSn=444 sn=20
[RESPONDER][ENTRY][DONE] sn=20 sent=32/32
21:01:18.836 DBG Creating new Batch. nReq=32
21:01:18.836 INF Sending PREPREPARE. nReq=32 senderID=2 sn=22 view=0
21:01:18.836 INF Committed entry. latency=0 nReq=32 sn=23
21:01:18.837 DBG Starting timer. sn=27 view=0
21:01:18.842 DBG Sending PREPARE. senderID=2 sn=21 view=0
21:01:18.845 DBG Sending COMMIT. senderID=2 sn=21 view=0
21:01:18.847 DBG Sending COMMIT. senderID=2 sn=22 view=0
21:01:18.847 INF Committed entry. latency=0 nReq=32 sn=21
21:01:18.847 INF Delivered batch. nReq=32 sn=21
[RESPONDER][ENTRY] sn=21 nreq=32
[RESPONDER][SEND] sn=21 client=0 req=385 msg=ClientResponse{orderSn=21,clientSn=385}
[MESSENGER][OK] client=0 deliver clientSn=385 sn=21
[RESPONDER][SEND] sn=21 client=0 req=449 msg=ClientResponse{orderSn=21,clientSn=449}
[MESSENGER][OK] client=0 deliver clientSn=449 sn=21
[RESPONDER][SEND] sn=21 client=0 req=389 msg=ClientResponse{orderSn=21,clientSn=389}
[MESSENGER][OK] client=0 deliver clientSn=389 sn=21
[RESPONDER][SEND] sn=21 client=0 req=453 msg=ClientResponse{orderSn=21,clientSn=453}
[MESSENGER][OK] client=0 deliver clientSn=453 sn=21
[RESPONDER][SEND] sn=21 client=0 req=393 msg=ClientResponse{orderSn=21,clientSn=393}
[MESSENGER][OK] client=0 deliver clientSn=393 sn=21
[RESPONDER][SEND] sn=21 client=0 req=457 msg=ClientResponse{orderSn=21,clientSn=457}
[MESSENGER][OK] client=0 deliver clientSn=457 sn=21
[RESPONDER][SEND] sn=21 client=0 req=397 msg=ClientResponse{orderSn=21,clientSn=397}
21:01:18.847 DBG Starting timer. sn=25 view=0
[MESSENGER][OK] client=0 deliver clientSn=397 sn=21
[RESPONDER][SEND] sn=21 client=0 req=461 msg=ClientResponse{orderSn=21,clientSn=461}
[MESSENGER][OK] client=0 deliver clientSn=461 sn=21
[RESPONDER][SEND] sn=21 client=0 req=401 msg=ClientResponse{orderSn=21,clientSn=401}
[MESSENGER][OK] client=0 deliver clientSn=401 sn=21
[RESPONDER][SEND] sn=21 client=0 req=465 msg=ClientResponse{orderSn=21,clientSn=465}
[MESSENGER][OK] client=0 deliver clientSn=465 sn=21
[RESPONDER][SEND] sn=21 client=0 req=405 msg=ClientResponse{orderSn=21,clientSn=405}
[MESSENGER][OK] client=0 deliver clientSn=405 sn=21
[RESPONDER][SEND] sn=21 client=0 req=469 msg=ClientResponse{orderSn=21,clientSn=469}
[MESSENGER][OK] client=0 deliver clientSn=469 sn=21
[RESPONDER][SEND] sn=21 client=0 req=409 msg=ClientResponse{orderSn=21,clientSn=409}
[MESSENGER][OK] client=0 deliver clientSn=409 sn=21
[RESPONDER][SEND] sn=21 client=0 req=473 msg=ClientResponse{orderSn=21,clientSn=473}
[MESSENGER][OK] client=0 deliver clientSn=473 sn=21
[RESPONDER][SEND] sn=21 client=0 req=349 msg=ClientResponse{orderSn=21,clientSn=349}
[MESSENGER][OK] client=0 deliver clientSn=349 sn=21
[RESPONDER][SEND] sn=21 client=0 req=413 msg=ClientResponse{orderSn=21,clientSn=413}
[MESSENGER][OK] client=0 deliver clientSn=413 sn=21
[RESPONDER][SEND] sn=21 client=0 req=353 msg=ClientResponse{orderSn=21,clientSn=353}
[MESSENGER][OK] client=0 deliver clientSn=353 sn=21
[RESPONDER][SEND] sn=21 client=0 req=417 msg=ClientResponse{orderSn=21,clientSn=417}
[MESSENGER][OK] client=0 deliver clientSn=417 sn=21
[RESPONDER][SEND] sn=21 client=0 req=357 msg=ClientResponse{orderSn=21,clientSn=357}
[MESSENGER][OK] client=0 deliver clientSn=357 sn=21
[RESPONDER][SEND] sn=21 client=0 req=421 msg=ClientResponse{orderSn=21,clientSn=421}
[MESSENGER][OK] client=0 deliver clientSn=421 sn=21
[RESPONDER][SEND] sn=21 client=0 req=361 msg=ClientResponse{orderSn=21,clientSn=361}
[MESSENGER][OK] client=0 deliver clientSn=361 sn=21
[RESPONDER][SEND] sn=21 client=0 req=425 msg=ClientResponse{orderSn=21,clientSn=425}
[MESSENGER][OK] client=0 deliver clientSn=425 sn=21
[RESPONDER][SEND] sn=21 client=0 req=365 msg=ClientResponse{orderSn=21,clientSn=365}
[MESSENGER][OK] client=0 deliver clientSn=365 sn=21
[RESPONDER][SEND] sn=21 client=0 req=429 msg=ClientResponse{orderSn=21,clientSn=429}
[MESSENGER][OK] client=0 deliver clientSn=429 sn=21
[RESPONDER][SEND] sn=21 client=0 req=369 msg=ClientResponse{orderSn=21,clientSn=369}
[MESSENGER][OK] client=0 deliver clientSn=369 sn=21
[RESPONDER][SEND] sn=21 client=0 req=433 msg=ClientResponse{orderSn=21,clientSn=433}
[MESSENGER][OK] client=0 deliver clientSn=433 sn=21
[RESPONDER][SEND] sn=21 client=0 req=373 msg=ClientResponse{orderSn=21,clientSn=373}
[MESSENGER][OK] client=0 deliver clientSn=373 sn=21
[RESPONDER][SEND] sn=21 client=0 req=437 msg=ClientResponse{orderSn=21,clientSn=437}
[MESSENGER][OK] client=0 deliver clientSn=437 sn=21
[RESPONDER][SEND] sn=21 client=0 req=377 msg=ClientResponse{orderSn=21,clientSn=377}
[MESSENGER][OK] client=0 deliver clientSn=377 sn=21
[RESPONDER][SEND] sn=21 client=0 req=441 msg=ClientResponse{orderSn=21,clientSn=441}
[MESSENGER][OK] client=0 deliver clientSn=441 sn=21
[RESPONDER][SEND] sn=21 client=0 req=381 msg=ClientResponse{orderSn=21,clientSn=381}
[MESSENGER][OK] client=0 deliver clientSn=381 sn=21
[RESPONDER][SEND] sn=21 client=0 req=445 msg=ClientResponse{orderSn=21,clientSn=445}
[MESSENGER][OK] client=0 deliver clientSn=445 sn=21
[RESPONDER][ENTRY][DONE] sn=21 sent=32/32
21:01:18.849 INF Committed entry. latency=0 nReq=32 sn=22
21:01:18.849 INF Delivered batch. nReq=32 sn=22
[RESPONDER][ENTRY] sn=22 nreq=32
[RESPONDER][SEND] sn=22 client=0 req=386 msg=ClientResponse{orderSn=22,clientSn=386}
21:01:18.849 INF Delivered batch. nReq=32 sn=23
[MESSENGER][OK] client=0 deliver clientSn=386 sn=22
[RESPONDER][SEND] sn=22 client=0 req=450 msg=ClientResponse{orderSn=22,clientSn=450}
[MESSENGER][OK] client=0 deliver clientSn=450 sn=22
[RESPONDER][SEND] sn=22 client=0 req=390 msg=ClientResponse{orderSn=22,clientSn=390}
[MESSENGER][OK] client=0 deliver clientSn=390 sn=22
[RESPONDER][SEND] sn=22 client=0 req=454 msg=ClientResponse{orderSn=22,clientSn=454}
21:01:18.849 DBG Starting timer. sn=26 view=0
[MESSENGER][OK] client=0 deliver clientSn=454 sn=22
[RESPONDER][SEND] sn=22 client=0 req=394 msg=ClientResponse{orderSn=22,clientSn=394}
[MESSENGER][OK] client=0 deliver clientSn=394 sn=22
[RESPONDER][SEND] sn=22 client=0 req=458 msg=ClientResponse{orderSn=22,clientSn=458}
[MESSENGER][OK] client=0 deliver clientSn=458 sn=22
[RESPONDER][SEND] sn=22 client=0 req=398 msg=ClientResponse{orderSn=22,clientSn=398}
[MESSENGER][OK] client=0 deliver clientSn=398 sn=22
[RESPONDER][SEND] sn=22 client=0 req=462 msg=ClientResponse{orderSn=22,clientSn=462}
[MESSENGER][OK] client=0 deliver clientSn=462 sn=22
[RESPONDER][SEND] sn=22 client=0 req=402 msg=ClientResponse{orderSn=22,clientSn=402}
[MESSENGER][OK] client=0 deliver clientSn=402 sn=22
[RESPONDER][SEND] sn=22 client=0 req=466 msg=ClientResponse{orderSn=22,clientSn=466}
[MESSENGER][OK] client=0 deliver clientSn=466 sn=22
[RESPONDER][SEND] sn=22 client=0 req=406 msg=ClientResponse{orderSn=22,clientSn=406}
[MESSENGER][OK] client=0 deliver clientSn=406 sn=22
[RESPONDER][SEND] sn=22 client=0 req=470 msg=ClientResponse{orderSn=22,clientSn=470}
[MESSENGER][OK] client=0 deliver clientSn=470 sn=22
[RESPONDER][SEND] sn=22 client=0 req=410 msg=ClientResponse{orderSn=22,clientSn=410}
[MESSENGER][OK] client=0 deliver clientSn=410 sn=22
[RESPONDER][SEND] sn=22 client=0 req=474 msg=ClientResponse{orderSn=22,clientSn=474}
[MESSENGER][OK] client=0 deliver clientSn=474 sn=22
[RESPONDER][SEND] sn=22 client=0 req=350 msg=ClientResponse{orderSn=22,clientSn=350}
[MESSENGER][OK] client=0 deliver clientSn=350 sn=22
[RESPONDER][SEND] sn=22 client=0 req=414 msg=ClientResponse{orderSn=22,clientSn=414}
[MESSENGER][OK] client=0 deliver clientSn=414 sn=22
[RESPONDER][SEND] sn=22 client=0 req=354 msg=ClientResponse{orderSn=22,clientSn=354}
[MESSENGER][OK] client=0 deliver clientSn=354 sn=22
[RESPONDER][SEND] sn=22 client=0 req=418 msg=ClientResponse{orderSn=22,clientSn=418}
[MESSENGER][OK] client=0 deliver clientSn=418 sn=22
[RESPONDER][SEND] sn=22 client=0 req=358 msg=ClientResponse{orderSn=22,clientSn=358}
[MESSENGER][OK] client=0 deliver clientSn=358 sn=22
[RESPONDER][SEND] sn=22 client=0 req=422 msg=ClientResponse{orderSn=22,clientSn=422}
[MESSENGER][OK] client=0 deliver clientSn=422 sn=22
[RESPONDER][SEND] sn=22 client=0 req=362 msg=ClientResponse{orderSn=22,clientSn=362}
[MESSENGER][OK] client=0 deliver clientSn=362 sn=22
[RESPONDER][SEND] sn=22 client=0 req=426 msg=ClientResponse{orderSn=22,clientSn=426}
[MESSENGER][OK] client=0 deliver clientSn=426 sn=22
[RESPONDER][SEND] sn=22 client=0 req=366 msg=ClientResponse{orderSn=22,clientSn=366}
[MESSENGER][OK] client=0 deliver clientSn=366 sn=22
[RESPONDER][SEND] sn=22 client=0 req=430 msg=ClientResponse{orderSn=22,clientSn=430}
[MESSENGER][OK] client=0 deliver clientSn=430 sn=22
[RESPONDER][SEND] sn=22 client=0 req=370 msg=ClientResponse{orderSn=22,clientSn=370}
[MESSENGER][OK] client=0 deliver clientSn=370 sn=22
[RESPONDER][SEND] sn=22 client=0 req=434 msg=ClientResponse{orderSn=22,clientSn=434}
[MESSENGER][OK] client=0 deliver clientSn=434 sn=22
[RESPONDER][SEND] sn=22 client=0 req=374 msg=ClientResponse{orderSn=22,clientSn=374}
[MESSENGER][OK] client=0 deliver clientSn=374 sn=22
[RESPONDER][SEND] sn=22 client=0 req=438 msg=ClientResponse{orderSn=22,clientSn=438}
[MESSENGER][OK] client=0 deliver clientSn=438 sn=22
[RESPONDER][SEND] sn=22 client=0 req=378 msg=ClientResponse{orderSn=22,clientSn=378}
[MESSENGER][OK] client=0 deliver clientSn=378 sn=22
[RESPONDER][SEND] sn=22 client=0 req=442 msg=ClientResponse{orderSn=22,clientSn=442}
[MESSENGER][OK] client=0 deliver clientSn=442 sn=22
[RESPONDER][SEND] sn=22 client=0 req=382 msg=ClientResponse{orderSn=22,clientSn=382}
[MESSENGER][OK] client=0 deliver clientSn=382 sn=22
[RESPONDER][SEND] sn=22 client=0 req=446 msg=ClientResponse{orderSn=22,clientSn=446}
[MESSENGER][OK] client=0 deliver clientSn=446 sn=22
[RESPONDER][ENTRY][DONE] sn=22 sent=32/32
[RESPONDER][ENTRY] sn=23 nreq=32
[RESPONDER][SEND] sn=23 client=0 req=387 msg=ClientResponse{orderSn=23,clientSn=387}
[MESSENGER][OK] client=0 deliver clientSn=387 sn=23
[RESPONDER][SEND] sn=23 client=0 req=451 msg=ClientResponse{orderSn=23,clientSn=451}
[MESSENGER][OK] client=0 deliver clientSn=451 sn=23
[RESPONDER][SEND] sn=23 client=0 req=391 msg=ClientResponse{orderSn=23,clientSn=391}
[MESSENGER][OK] client=0 deliver clientSn=391 sn=23
[RESPONDER][SEND] sn=23 client=0 req=455 msg=ClientResponse{orderSn=23,clientSn=455}
[MESSENGER][OK] client=0 deliver clientSn=455 sn=23
[RESPONDER][SEND] sn=23 client=0 req=395 msg=ClientResponse{orderSn=23,clientSn=395}
[MESSENGER][OK] client=0 deliver clientSn=395 sn=23
[RESPONDER][SEND] sn=23 client=0 req=459 msg=ClientResponse{orderSn=23,clientSn=459}
[MESSENGER][OK] client=0 deliver clientSn=459 sn=23
[RESPONDER][SEND] sn=23 client=0 req=399 msg=ClientResponse{orderSn=23,clientSn=399}
[MESSENGER][OK] client=0 deliver clientSn=399 sn=23
[RESPONDER][SEND] sn=23 client=0 req=463 msg=ClientResponse{orderSn=23,clientSn=463}
[MESSENGER][OK] client=0 deliver clientSn=463 sn=23
[RESPONDER][SEND] sn=23 client=0 req=403 msg=ClientResponse{orderSn=23,clientSn=403}
[MESSENGER][OK] client=0 deliver clientSn=403 sn=23
[RESPONDER][SEND] sn=23 client=0 req=467 msg=ClientResponse{orderSn=23,clientSn=467}
[MESSENGER][OK] client=0 deliver clientSn=467 sn=23
[RESPONDER][SEND] sn=23 client=0 req=407 msg=ClientResponse{orderSn=23,clientSn=407}
[MESSENGER][OK] client=0 deliver clientSn=407 sn=23
[RESPONDER][SEND] sn=23 client=0 req=471 msg=ClientResponse{orderSn=23,clientSn=471}
[MESSENGER][OK] client=0 deliver clientSn=471 sn=23
[RESPONDER][SEND] sn=23 client=0 req=347 msg=ClientResponse{orderSn=23,clientSn=347}
[MESSENGER][OK] client=0 deliver clientSn=347 sn=23
[RESPONDER][SEND] sn=23 client=0 req=411 msg=ClientResponse{orderSn=23,clientSn=411}
[MESSENGER][OK] client=0 deliver clientSn=411 sn=23
[RESPONDER][SEND] sn=23 client=0 req=351 msg=ClientResponse{orderSn=23,clientSn=351}
[MESSENGER][OK] client=0 deliver clientSn=351 sn=23
[RESPONDER][SEND] sn=23 client=0 req=415 msg=ClientResponse{orderSn=23,clientSn=415}
[MESSENGER][OK] client=0 deliver clientSn=415 sn=23
[RESPONDER][SEND] sn=23 client=0 req=355 msg=ClientResponse{orderSn=23,clientSn=355}
[MESSENGER][OK] client=0 deliver clientSn=355 sn=23
[RESPONDER][SEND] sn=23 client=0 req=419 msg=ClientResponse{orderSn=23,clientSn=419}
[MESSENGER][OK] client=0 deliver clientSn=419 sn=23
[RESPONDER][SEND] sn=23 client=0 req=359 msg=ClientResponse{orderSn=23,clientSn=359}
[MESSENGER][OK] client=0 deliver clientSn=359 sn=23
[RESPONDER][SEND] sn=23 client=0 req=423 msg=ClientResponse{orderSn=23,clientSn=423}
[MESSENGER][OK] client=0 deliver clientSn=423 sn=23
[RESPONDER][SEND] sn=23 client=0 req=363 msg=ClientResponse{orderSn=23,clientSn=363}
[MESSENGER][OK] client=0 deliver clientSn=363 sn=23
[RESPONDER][SEND] sn=23 client=0 req=427 msg=ClientResponse{orderSn=23,clientSn=427}
[MESSENGER][OK] client=0 deliver clientSn=427 sn=23
[RESPONDER][SEND] sn=23 client=0 req=367 msg=ClientResponse{orderSn=23,clientSn=367}
[MESSENGER][OK] client=0 deliver clientSn=367 sn=23
[RESPONDER][SEND] sn=23 client=0 req=431 msg=ClientResponse{orderSn=23,clientSn=431}
[MESSENGER][OK] client=0 deliver clientSn=431 sn=23
[RESPONDER][SEND] sn=23 client=0 req=371 msg=ClientResponse{orderSn=23,clientSn=371}
[MESSENGER][OK] client=0 deliver clientSn=371 sn=23
[RESPONDER][SEND] sn=23 client=0 req=435 msg=ClientResponse{orderSn=23,clientSn=435}
[MESSENGER][OK] client=0 deliver clientSn=435 sn=23
[RESPONDER][SEND] sn=23 client=0 req=375 msg=ClientResponse{orderSn=23,clientSn=375}
[MESSENGER][OK] client=0 deliver clientSn=375 sn=23
[RESPONDER][SEND] sn=23 client=0 req=439 msg=ClientResponse{orderSn=23,clientSn=439}
[MESSENGER][OK] client=0 deliver clientSn=439 sn=23
[RESPONDER][SEND] sn=23 client=0 req=379 msg=ClientResponse{orderSn=23,clientSn=379}
[MESSENGER][OK] client=0 deliver clientSn=379 sn=23
[RESPONDER][SEND] sn=23 client=0 req=443 msg=ClientResponse{orderSn=23,clientSn=443}
[MESSENGER][OK] client=0 deliver clientSn=443 sn=23
[RESPONDER][SEND] sn=23 client=0 req=383 msg=ClientResponse{orderSn=23,clientSn=383}
[MESSENGER][OK] client=0 deliver clientSn=383 sn=23
[RESPONDER][SEND] sn=23 client=0 req=447 msg=ClientResponse{orderSn=23,clientSn=447}
[MESSENGER][OK] client=0 deliver clientSn=447 sn=23
[RESPONDER][ENTRY][DONE] sn=23 sent=32/32
21:01:19.829 INF Handling PREPREPARE. nReq=32 senderID=0 sn=24
21:01:19.830 DBG Creating new Batch. nReq=32
21:01:19.830 INF Handling PREPREPARE. nReq=32 senderID=3 sn=27
21:01:19.830 DBG Creating new Batch. nReq=32
21:01:19.834 DBG Batch ready. batchSize=4096
21:01:19.835 DBG Batch cut. left=0 nBuckets=16 nReq=32 next=0
21:01:19.835 DBG Sending PREPARE. senderID=2 sn=24 view=0
21:01:19.835 DBG Sending COMMIT. senderID=2 sn=24 view=0
21:01:19.835 DBG Waiting for batch. batchSize=4096
21:01:19.837 DBG Sending PREPARE. senderID=2 sn=27 view=0
21:01:19.837 INF Sending PREPREPARE. nReq=32 senderID=2 sn=26 view=0
21:01:19.838 INF Committed entry. latency=0 nReq=32 sn=24
21:01:19.838 INF Delivered batch. nReq=32 sn=24
21:01:19.838 DBG Starting timer. sn=28 view=0
[RESPONDER][ENTRY] sn=24 nreq=32
[RESPONDER][SEND] sn=24 client=0 req=512 msg=ClientResponse{orderSn=24,clientSn=512}
[MESSENGER][OK] client=0 deliver clientSn=512 sn=24
[RESPONDER][SEND] sn=24 client=0 req=576 msg=ClientResponse{orderSn=24,clientSn=576}
[MESSENGER][OK] client=0 deliver clientSn=576 sn=24
[RESPONDER][SEND] sn=24 client=0 req=516 msg=ClientResponse{orderSn=24,clientSn=516}
[MESSENGER][OK] client=0 deliver clientSn=516 sn=24
[RESPONDER][SEND] sn=24 client=0 req=580 msg=ClientResponse{orderSn=24,clientSn=580}
[MESSENGER][OK] client=0 deliver clientSn=580 sn=24
[RESPONDER][SEND] sn=24 client=0 req=520 msg=ClientResponse{orderSn=24,clientSn=520}
[MESSENGER][OK] client=0 deliver clientSn=520 sn=24
[RESPONDER][SEND] sn=24 client=0 req=584 msg=ClientResponse{orderSn=24,clientSn=584}
[MESSENGER][OK] client=0 deliver clientSn=584 sn=24
[RESPONDER][SEND] sn=24 client=0 req=524 msg=ClientResponse{orderSn=24,clientSn=524}
[MESSENGER][OK] client=0 deliver clientSn=524 sn=24
[RESPONDER][SEND] sn=24 client=0 req=588 msg=ClientResponse{orderSn=24,clientSn=588}
[MESSENGER][OK] client=0 deliver clientSn=588 sn=24
[RESPONDER][SEND] sn=24 client=0 req=528 msg=ClientResponse{orderSn=24,clientSn=528}
[MESSENGER][OK] client=0 deliver clientSn=528 sn=24
[RESPONDER][SEND] sn=24 client=0 req=592 msg=ClientResponse{orderSn=24,clientSn=592}
[MESSENGER][OK] client=0 deliver clientSn=592 sn=24
[RESPONDER][SEND] sn=24 client=0 req=532 msg=ClientResponse{orderSn=24,clientSn=532}
[MESSENGER][OK] client=0 deliver clientSn=532 sn=24
[RESPONDER][SEND] sn=24 client=0 req=596 msg=ClientResponse{orderSn=24,clientSn=596}
[MESSENGER][OK] client=0 deliver clientSn=596 sn=24
[RESPONDER][SEND] sn=24 client=0 req=536 msg=ClientResponse{orderSn=24,clientSn=536}
[MESSENGER][OK] client=0 deliver clientSn=536 sn=24
[RESPONDER][SEND] sn=24 client=0 req=600 msg=ClientResponse{orderSn=24,clientSn=600}
[MESSENGER][OK] client=0 deliver clientSn=600 sn=24
[RESPONDER][SEND] sn=24 client=0 req=476 msg=ClientResponse{orderSn=24,clientSn=476}
[MESSENGER][OK] client=0 deliver clientSn=476 sn=24
[RESPONDER][SEND] sn=24 client=0 req=540 msg=ClientResponse{orderSn=24,clientSn=540}
[MESSENGER][OK] client=0 deliver clientSn=540 sn=24
[RESPONDER][SEND] sn=24 client=0 req=480 msg=ClientResponse{orderSn=24,clientSn=480}
[MESSENGER][OK] client=0 deliver clientSn=480 sn=24
[RESPONDER][SEND] sn=24 client=0 req=544 msg=ClientResponse{orderSn=24,clientSn=544}
[MESSENGER][OK] client=0 deliver clientSn=544 sn=24
[RESPONDER][SEND] sn=24 client=0 req=484 msg=ClientResponse{orderSn=24,clientSn=484}
[MESSENGER][OK] client=0 deliver clientSn=484 sn=24
[RESPONDER][SEND] sn=24 client=0 req=548 msg=ClientResponse{orderSn=24,clientSn=548}
[MESSENGER][OK] client=0 deliver clientSn=548 sn=24
[RESPONDER][SEND] sn=24 client=0 req=488 msg=ClientResponse{orderSn=24,clientSn=488}
[MESSENGER][OK] client=0 deliver clientSn=488 sn=24
[RESPONDER][SEND] sn=24 client=0 req=552 msg=ClientResponse{orderSn=24,clientSn=552}
[MESSENGER][OK] client=0 deliver clientSn=552 sn=24
[RESPONDER][SEND] sn=24 client=0 req=492 msg=ClientResponse{orderSn=24,clientSn=492}
[MESSENGER][OK] client=0 deliver clientSn=492 sn=24
[RESPONDER][SEND] sn=24 client=0 req=556 msg=ClientResponse{orderSn=24,clientSn=556}
[MESSENGER][OK] client=0 deliver clientSn=556 sn=24
[RESPONDER][SEND] sn=24 client=0 req=496 msg=ClientResponse{orderSn=24,clientSn=496}
[MESSENGER][OK] client=0 deliver clientSn=496 sn=24
[RESPONDER][SEND] sn=24 client=0 req=560 msg=ClientResponse{orderSn=24,clientSn=560}
[MESSENGER][OK] client=0 deliver clientSn=560 sn=24
[RESPONDER][SEND] sn=24 client=0 req=500 msg=ClientResponse{orderSn=24,clientSn=500}
[MESSENGER][OK] client=0 deliver clientSn=500 sn=24
[RESPONDER][SEND] sn=24 client=0 req=564 msg=ClientResponse{orderSn=24,clientSn=564}
[MESSENGER][OK] client=0 deliver clientSn=564 sn=24
[RESPONDER][SEND] sn=24 client=0 req=504 msg=ClientResponse{orderSn=24,clientSn=504}
[MESSENGER][OK] client=0 deliver clientSn=504 sn=24
[RESPONDER][SEND] sn=24 client=0 req=568 msg=ClientResponse{orderSn=24,clientSn=568}
[MESSENGER][OK] client=0 deliver clientSn=568 sn=24
[RESPONDER][SEND] sn=24 client=0 req=508 msg=ClientResponse{orderSn=24,clientSn=508}
[MESSENGER][OK] client=0 deliver clientSn=508 sn=24
[RESPONDER][SEND] sn=24 client=0 req=572 msg=ClientResponse{orderSn=24,clientSn=572}
[MESSENGER][OK] client=0 deliver clientSn=572 sn=24
[RESPONDER][ENTRY][DONE] sn=24 sent=32/32
21:01:19.837 DBG Sending COMMIT. senderID=2 sn=27 view=0
21:01:19.842 INF Committed entry. latency=0 nReq=32 sn=27
21:01:19.842 DBG Starting timer. sn=31 view=0
21:01:19.843 INF Handling PREPREPARE. nReq=32 senderID=1 sn=25
21:01:19.843 DBG Creating new Batch. nReq=32
21:01:19.846 DBG Sending PREPARE. senderID=2 sn=25 view=0
21:01:19.847 DBG Sending COMMIT. senderID=2 sn=25 view=0
21:01:19.849 INF Committed entry. latency=0 nReq=32 sn=25
21:01:19.850 INF Delivered batch. nReq=32 sn=25
21:01:19.850 DBG Starting timer. sn=29 view=0
[RESPONDER][ENTRY] sn=25 nreq=32
[RESPONDER][SEND] sn=25 client=0 req=513 msg=ClientResponse{orderSn=25,clientSn=513}
21:01:19.851 DBG Sending COMMIT. senderID=2 sn=26 view=0
[MESSENGER][OK] client=0 deliver clientSn=513 sn=25
[RESPONDER][SEND] sn=25 client=0 req=577 msg=ClientResponse{orderSn=25,clientSn=577}
[MESSENGER][OK] client=0 deliver clientSn=577 sn=25
[RESPONDER][SEND] sn=25 client=0 req=517 msg=ClientResponse{orderSn=25,clientSn=517}
[MESSENGER][OK] client=0 deliver clientSn=517 sn=25
[RESPONDER][SEND] sn=25 client=0 req=581 msg=ClientResponse{orderSn=25,clientSn=581}
[MESSENGER][OK] client=0 deliver clientSn=581 sn=25
[RESPONDER][SEND] sn=25 client=0 req=521 msg=ClientResponse{orderSn=25,clientSn=521}
[MESSENGER][OK] client=0 deliver clientSn=521 sn=25
[RESPONDER][SEND] sn=25 client=0 req=585 msg=ClientResponse{orderSn=25,clientSn=585}
[MESSENGER][OK] client=0 deliver clientSn=585 sn=25
[RESPONDER][SEND] sn=25 client=0 req=525 msg=ClientResponse{orderSn=25,clientSn=525}
[MESSENGER][OK] client=0 deliver clientSn=525 sn=25
[RESPONDER][SEND] sn=25 client=0 req=589 msg=ClientResponse{orderSn=25,clientSn=589}
[MESSENGER][OK] client=0 deliver clientSn=589 sn=25
[RESPONDER][SEND] sn=25 client=0 req=529 msg=ClientResponse{orderSn=25,clientSn=529}
[MESSENGER][OK] client=0 deliver clientSn=529 sn=25
[RESPONDER][SEND] sn=25 client=0 req=593 msg=ClientResponse{orderSn=25,clientSn=593}
[MESSENGER][OK] client=0 deliver clientSn=593 sn=25
[RESPONDER][SEND] sn=25 client=0 req=533 msg=ClientResponse{orderSn=25,clientSn=533}
[MESSENGER][OK] client=0 deliver clientSn=533 sn=25
[RESPONDER][SEND] sn=25 client=0 req=597 msg=ClientResponse{orderSn=25,clientSn=597}
[MESSENGER][OK] client=0 deliver clientSn=597 sn=25
[RESPONDER][SEND] sn=25 client=0 req=537 msg=ClientResponse{orderSn=25,clientSn=537}
[MESSENGER][OK] client=0 deliver clientSn=537 sn=25
[RESPONDER][SEND] sn=25 client=0 req=601 msg=ClientResponse{orderSn=25,clientSn=601}
[MESSENGER][OK] client=0 deliver clientSn=601 sn=25
[RESPONDER][SEND] sn=25 client=0 req=477 msg=ClientResponse{orderSn=25,clientSn=477}
[MESSENGER][OK] client=0 deliver clientSn=477 sn=25
[RESPONDER][SEND] sn=25 client=0 req=541 msg=ClientResponse{orderSn=25,clientSn=541}
[MESSENGER][OK] client=0 deliver clientSn=541 sn=25
[RESPONDER][SEND] sn=25 client=0 req=481 msg=ClientResponse{orderSn=25,clientSn=481}
[MESSENGER][OK] client=0 deliver clientSn=481 sn=25
[RESPONDER][SEND] sn=25 client=0 req=545 msg=ClientResponse{orderSn=25,clientSn=545}
[MESSENGER][OK] client=0 deliver clientSn=545 sn=25
[RESPONDER][SEND] sn=25 client=0 req=485 msg=ClientResponse{orderSn=25,clientSn=485}
[MESSENGER][OK] client=0 deliver clientSn=485 sn=25
[RESPONDER][SEND] sn=25 client=0 req=549 msg=ClientResponse{orderSn=25,clientSn=549}
[MESSENGER][OK] client=0 deliver clientSn=549 sn=25
[RESPONDER][SEND] sn=25 client=0 req=489 msg=ClientResponse{orderSn=25,clientSn=489}
[MESSENGER][OK] client=0 deliver clientSn=489 sn=25
[RESPONDER][SEND] sn=25 client=0 req=553 msg=ClientResponse{orderSn=25,clientSn=553}
[MESSENGER][OK] client=0 deliver clientSn=553 sn=25
[RESPONDER][SEND] sn=25 client=0 req=493 msg=ClientResponse{orderSn=25,clientSn=493}
[MESSENGER][OK] client=0 deliver clientSn=493 sn=25
[RESPONDER][SEND] sn=25 client=0 req=557 msg=ClientResponse{orderSn=25,clientSn=557}
[MESSENGER][OK] client=0 deliver clientSn=557 sn=25
[RESPONDER][SEND] sn=25 client=0 req=497 msg=ClientResponse{orderSn=25,clientSn=497}
[MESSENGER][OK] client=0 deliver clientSn=497 sn=25
[RESPONDER][SEND] sn=25 client=0 req=561 msg=ClientResponse{orderSn=25,clientSn=561}
[MESSENGER][OK] client=0 deliver clientSn=561 sn=25
[RESPONDER][SEND] sn=25 client=0 req=501 msg=ClientResponse{orderSn=25,clientSn=501}
[MESSENGER][OK] client=0 deliver clientSn=501 sn=25
[RESPONDER][SEND] sn=25 client=0 req=565 msg=ClientResponse{orderSn=25,clientSn=565}
[MESSENGER][OK] client=0 deliver clientSn=565 sn=25
[RESPONDER][SEND] sn=25 client=0 req=505 msg=ClientResponse{orderSn=25,clientSn=505}
[MESSENGER][OK] client=0 deliver clientSn=505 sn=25
[RESPONDER][SEND] sn=25 client=0 req=569 msg=ClientResponse{orderSn=25,clientSn=569}
[MESSENGER][OK] client=0 deliver clientSn=569 sn=25
[RESPONDER][SEND] sn=25 client=0 req=509 msg=ClientResponse{orderSn=25,clientSn=509}
[MESSENGER][OK] client=0 deliver clientSn=509 sn=25
[RESPONDER][SEND] sn=25 client=0 req=573 msg=ClientResponse{orderSn=25,clientSn=573}
[MESSENGER][OK] client=0 deliver clientSn=573 sn=25
[RESPONDER][ENTRY][DONE] sn=25 sent=32/32
21:01:19.853 INF Committed entry. latency=0 nReq=32 sn=26
21:01:19.853 INF Delivered batch. nReq=32 sn=26
21:01:19.853 INF Delivered batch. nReq=32 sn=27
21:01:19.853 DBG Starting timer. sn=30 view=0
[RESPONDER][ENTRY] sn=26 nreq=32
[RESPONDER][SEND] sn=26 client=0 req=514 msg=ClientResponse{orderSn=26,clientSn=514}
[MESSENGER][OK] client=0 deliver clientSn=514 sn=26
[RESPONDER][SEND] sn=26 client=0 req=578 msg=ClientResponse{orderSn=26,clientSn=578}
[MESSENGER][OK] client=0 deliver clientSn=578 sn=26
[RESPONDER][SEND] sn=26 client=0 req=518 msg=ClientResponse{orderSn=26,clientSn=518}
[MESSENGER][OK] client=0 deliver clientSn=518 sn=26
[RESPONDER][SEND] sn=26 client=0 req=582 msg=ClientResponse{orderSn=26,clientSn=582}
[MESSENGER][OK] client=0 deliver clientSn=582 sn=26
[RESPONDER][SEND] sn=26 client=0 req=522 msg=ClientResponse{orderSn=26,clientSn=522}
[MESSENGER][OK] client=0 deliver clientSn=522 sn=26
[RESPONDER][SEND] sn=26 client=0 req=586 msg=ClientResponse{orderSn=26,clientSn=586}
[MESSENGER][OK] client=0 deliver clientSn=586 sn=26
[RESPONDER][SEND] sn=26 client=0 req=526 msg=ClientResponse{orderSn=26,clientSn=526}
[MESSENGER][OK] client=0 deliver clientSn=526 sn=26
[RESPONDER][SEND] sn=26 client=0 req=590 msg=ClientResponse{orderSn=26,clientSn=590}
[MESSENGER][OK] client=0 deliver clientSn=590 sn=26
[RESPONDER][SEND] sn=26 client=0 req=530 msg=ClientResponse{orderSn=26,clientSn=530}
[MESSENGER][OK] client=0 deliver clientSn=530 sn=26
[RESPONDER][SEND] sn=26 client=0 req=594 msg=ClientResponse{orderSn=26,clientSn=594}
[MESSENGER][OK] client=0 deliver clientSn=594 sn=26
[RESPONDER][SEND] sn=26 client=0 req=534 msg=ClientResponse{orderSn=26,clientSn=534}
[MESSENGER][OK] client=0 deliver clientSn=534 sn=26
[RESPONDER][SEND] sn=26 client=0 req=598 msg=ClientResponse{orderSn=26,clientSn=598}
[MESSENGER][OK] client=0 deliver clientSn=598 sn=26
[RESPONDER][SEND] sn=26 client=0 req=538 msg=ClientResponse{orderSn=26,clientSn=538}
[MESSENGER][OK] client=0 deliver clientSn=538 sn=26
[RESPONDER][SEND] sn=26 client=0 req=602 msg=ClientResponse{orderSn=26,clientSn=602}
[MESSENGER][OK] client=0 deliver clientSn=602 sn=26
[RESPONDER][SEND] sn=26 client=0 req=478 msg=ClientResponse{orderSn=26,clientSn=478}
[MESSENGER][OK] client=0 deliver clientSn=478 sn=26
[RESPONDER][SEND] sn=26 client=0 req=542 msg=ClientResponse{orderSn=26,clientSn=542}
[MESSENGER][OK] client=0 deliver clientSn=542 sn=26
[RESPONDER][SEND] sn=26 client=0 req=482 msg=ClientResponse{orderSn=26,clientSn=482}
[MESSENGER][OK] client=0 deliver clientSn=482 sn=26
[RESPONDER][SEND] sn=26 client=0 req=546 msg=ClientResponse{orderSn=26,clientSn=546}
[MESSENGER][OK] client=0 deliver clientSn=546 sn=26
[RESPONDER][SEND] sn=26 client=0 req=486 msg=ClientResponse{orderSn=26,clientSn=486}
[MESSENGER][OK] client=0 deliver clientSn=486 sn=26
[RESPONDER][SEND] sn=26 client=0 req=550 msg=ClientResponse{orderSn=26,clientSn=550}
[MESSENGER][OK] client=0 deliver clientSn=550 sn=26
[RESPONDER][SEND] sn=26 client=0 req=490 msg=ClientResponse{orderSn=26,clientSn=490}
[MESSENGER][OK] client=0 deliver clientSn=490 sn=26
[RESPONDER][SEND] sn=26 client=0 req=554 msg=ClientResponse{orderSn=26,clientSn=554}
[MESSENGER][OK] client=0 deliver clientSn=554 sn=26
[RESPONDER][SEND] sn=26 client=0 req=494 msg=ClientResponse{orderSn=26,clientSn=494}
[MESSENGER][OK] client=0 deliver clientSn=494 sn=26
[RESPONDER][SEND] sn=26 client=0 req=558 msg=ClientResponse{orderSn=26,clientSn=558}
[MESSENGER][OK] client=0 deliver clientSn=558 sn=26
[RESPONDER][SEND] sn=26 client=0 req=498 msg=ClientResponse{orderSn=26,clientSn=498}
[MESSENGER][OK] client=0 deliver clientSn=498 sn=26
[RESPONDER][SEND] sn=26 client=0 req=562 msg=ClientResponse{orderSn=26,clientSn=562}
[MESSENGER][OK] client=0 deliver clientSn=562 sn=26
[RESPONDER][SEND] sn=26 client=0 req=502 msg=ClientResponse{orderSn=26,clientSn=502}
[MESSENGER][OK] client=0 deliver clientSn=502 sn=26
[RESPONDER][SEND] sn=26 client=0 req=566 msg=ClientResponse{orderSn=26,clientSn=566}
[MESSENGER][OK] client=0 deliver clientSn=566 sn=26
[RESPONDER][SEND] sn=26 client=0 req=506 msg=ClientResponse{orderSn=26,clientSn=506}
[MESSENGER][OK] client=0 deliver clientSn=506 sn=26
[RESPONDER][SEND] sn=26 client=0 req=570 msg=ClientResponse{orderSn=26,clientSn=570}
[MESSENGER][OK] client=0 deliver clientSn=570 sn=26
[RESPONDER][SEND] sn=26 client=0 req=510 msg=ClientResponse{orderSn=26,clientSn=510}
[MESSENGER][OK] client=0 deliver clientSn=510 sn=26
[RESPONDER][SEND] sn=26 client=0 req=574 msg=ClientResponse{orderSn=26,clientSn=574}
[MESSENGER][OK] client=0 deliver clientSn=574 sn=26
[RESPONDER][ENTRY][DONE] sn=26 sent=32/32
[RESPONDER][ENTRY] sn=27 nreq=32
[RESPONDER][SEND] sn=27 client=0 req=515 msg=ClientResponse{orderSn=27,clientSn=515}
[MESSENGER][OK] client=0 deliver clientSn=515 sn=27
[RESPONDER][SEND] sn=27 client=0 req=579 msg=ClientResponse{orderSn=27,clientSn=579}
[MESSENGER][OK] client=0 deliver clientSn=579 sn=27
[RESPONDER][SEND] sn=27 client=0 req=519 msg=ClientResponse{orderSn=27,clientSn=519}
[MESSENGER][OK] client=0 deliver clientSn=519 sn=27
[RESPONDER][SEND] sn=27 client=0 req=583 msg=ClientResponse{orderSn=27,clientSn=583}
[MESSENGER][OK] client=0 deliver clientSn=583 sn=27
[RESPONDER][SEND] sn=27 client=0 req=523 msg=ClientResponse{orderSn=27,clientSn=523}
[MESSENGER][OK] client=0 deliver clientSn=523 sn=27
[RESPONDER][SEND] sn=27 client=0 req=587 msg=ClientResponse{orderSn=27,clientSn=587}
[MESSENGER][OK] client=0 deliver clientSn=587 sn=27
[RESPONDER][SEND] sn=27 client=0 req=527 msg=ClientResponse{orderSn=27,clientSn=527}
[MESSENGER][OK] client=0 deliver clientSn=527 sn=27
[RESPONDER][SEND] sn=27 client=0 req=591 msg=ClientResponse{orderSn=27,clientSn=591}
[MESSENGER][OK] client=0 deliver clientSn=591 sn=27
[RESPONDER][SEND] sn=27 client=0 req=531 msg=ClientResponse{orderSn=27,clientSn=531}
[MESSENGER][OK] client=0 deliver clientSn=531 sn=27
[RESPONDER][SEND] sn=27 client=0 req=595 msg=ClientResponse{orderSn=27,clientSn=595}
[MESSENGER][OK] client=0 deliver clientSn=595 sn=27
[RESPONDER][SEND] sn=27 client=0 req=535 msg=ClientResponse{orderSn=27,clientSn=535}
[MESSENGER][OK] client=0 deliver clientSn=535 sn=27
[RESPONDER][SEND] sn=27 client=0 req=599 msg=ClientResponse{orderSn=27,clientSn=599}
[MESSENGER][OK] client=0 deliver clientSn=599 sn=27
[RESPONDER][SEND] sn=27 client=0 req=475 msg=ClientResponse{orderSn=27,clientSn=475}
[MESSENGER][OK] client=0 deliver clientSn=475 sn=27
[RESPONDER][SEND] sn=27 client=0 req=539 msg=ClientResponse{orderSn=27,clientSn=539}
[MESSENGER][OK] client=0 deliver clientSn=539 sn=27
[RESPONDER][SEND] sn=27 client=0 req=479 msg=ClientResponse{orderSn=27,clientSn=479}
[MESSENGER][OK] client=0 deliver clientSn=479 sn=27
[RESPONDER][SEND] sn=27 client=0 req=543 msg=ClientResponse{orderSn=27,clientSn=543}
[MESSENGER][OK] client=0 deliver clientSn=543 sn=27
[RESPONDER][SEND] sn=27 client=0 req=483 msg=ClientResponse{orderSn=27,clientSn=483}
[MESSENGER][OK] client=0 deliver clientSn=483 sn=27
[RESPONDER][SEND] sn=27 client=0 req=547 msg=ClientResponse{orderSn=27,clientSn=547}
[MESSENGER][OK] client=0 deliver clientSn=547 sn=27
[RESPONDER][SEND] sn=27 client=0 req=487 msg=ClientResponse{orderSn=27,clientSn=487}
[MESSENGER][OK] client=0 deliver clientSn=487 sn=27
[RESPONDER][SEND] sn=27 client=0 req=551 msg=ClientResponse{orderSn=27,clientSn=551}
[MESSENGER][OK] client=0 deliver clientSn=551 sn=27
[RESPONDER][SEND] sn=27 client=0 req=491 msg=ClientResponse{orderSn=27,clientSn=491}
[MESSENGER][OK] client=0 deliver clientSn=491 sn=27
[RESPONDER][SEND] sn=27 client=0 req=555 msg=ClientResponse{orderSn=27,clientSn=555}
[MESSENGER][OK] client=0 deliver clientSn=555 sn=27
[RESPONDER][SEND] sn=27 client=0 req=495 msg=ClientResponse{orderSn=27,clientSn=495}
[MESSENGER][OK] client=0 deliver clientSn=495 sn=27
[RESPONDER][SEND] sn=27 client=0 req=559 msg=ClientResponse{orderSn=27,clientSn=559}
[MESSENGER][OK] client=0 deliver clientSn=559 sn=27
[RESPONDER][SEND] sn=27 client=0 req=499 msg=ClientResponse{orderSn=27,clientSn=499}
[MESSENGER][OK] client=0 deliver clientSn=499 sn=27
[RESPONDER][SEND] sn=27 client=0 req=563 msg=ClientResponse{orderSn=27,clientSn=563}
[MESSENGER][OK] client=0 deliver clientSn=563 sn=27
[RESPONDER][SEND] sn=27 client=0 req=503 msg=ClientResponse{orderSn=27,clientSn=503}
[MESSENGER][OK] client=0 deliver clientSn=503 sn=27
[RESPONDER][SEND] sn=27 client=0 req=567 msg=ClientResponse{orderSn=27,clientSn=567}
[MESSENGER][OK] client=0 deliver clientSn=567 sn=27
[RESPONDER][SEND] sn=27 client=0 req=507 msg=ClientResponse{orderSn=27,clientSn=507}
[MESSENGER][OK] client=0 deliver clientSn=507 sn=27
[RESPONDER][SEND] sn=27 client=0 req=571 msg=ClientResponse{orderSn=27,clientSn=571}
[MESSENGER][OK] client=0 deliver clientSn=571 sn=27
[RESPONDER][SEND] sn=27 client=0 req=511 msg=ClientResponse{orderSn=27,clientSn=511}
[MESSENGER][OK] client=0 deliver clientSn=511 sn=27
[RESPONDER][SEND] sn=27 client=0 req=575 msg=ClientResponse{orderSn=27,clientSn=575}
[MESSENGER][OK] client=0 deliver clientSn=575 sn=27
[RESPONDER][ENTRY][DONE] sn=27 sent=32/32
21:01:20.830 INF Handling PREPREPARE. nReq=32 senderID=0 sn=28
21:01:20.830 DBG Creating new Batch. nReq=32
21:01:20.832 INF Handling PREPREPARE. nReq=32 senderID=3 sn=31
21:01:20.832 DBG Creating new Batch. nReq=32
21:01:20.834 DBG Sending PREPARE. senderID=2 sn=28 view=0
21:01:20.834 DBG Sending COMMIT. senderID=2 sn=28 view=0
21:01:20.834 DBG Sending PREPARE. senderID=2 sn=31 view=0
21:01:20.836 DBG Batch ready. batchSize=4096
21:01:20.836 INF Committed entry. latency=0 nReq=32 sn=28
21:01:20.837 INF Delivered batch. nReq=32 sn=28
21:01:20.837 DBG Starting timer. sn=32 view=0
[RESPONDER][ENTRY] sn=28 nreq=32
[RESPONDER][SEND] sn=28 client=0 req=640 msg=ClientResponse{orderSn=28,clientSn=640}
[MESSENGER][OK] client=0 deliver clientSn=640 sn=28
[RESPONDER][SEND] sn=28 client=0 req=704 msg=ClientResponse{orderSn=28,clientSn=704}
[MESSENGER][OK] client=0 deliver clientSn=704 sn=28
[RESPONDER][SEND] sn=28 client=0 req=644 msg=ClientResponse{orderSn=28,clientSn=644}
[MESSENGER][OK] client=0 deliver clientSn=644 sn=28
[RESPONDER][SEND] sn=28 client=0 req=708 msg=ClientResponse{orderSn=28,clientSn=708}
[MESSENGER][OK] client=0 deliver clientSn=708 sn=28
[RESPONDER][SEND] sn=28 client=0 req=648 msg=ClientResponse{orderSn=28,clientSn=648}
[MESSENGER][OK] client=0 deliver clientSn=648 sn=28
[RESPONDER][SEND] sn=28 client=0 req=712 msg=ClientResponse{orderSn=28,clientSn=712}
[MESSENGER][OK] client=0 deliver clientSn=712 sn=28
[RESPONDER][SEND] sn=28 client=0 req=652 msg=ClientResponse{orderSn=28,clientSn=652}
[MESSENGER][OK] client=0 deliver clientSn=652 sn=28
[RESPONDER][SEND] sn=28 client=0 req=716 msg=ClientResponse{orderSn=28,clientSn=716}
[MESSENGER][OK] client=0 deliver clientSn=716 sn=28
[RESPONDER][SEND] sn=28 client=0 req=656 msg=ClientResponse{orderSn=28,clientSn=656}
[MESSENGER][OK] client=0 deliver clientSn=656 sn=28
[RESPONDER][SEND] sn=28 client=0 req=720 msg=ClientResponse{orderSn=28,clientSn=720}
[MESSENGER][OK] client=0 deliver clientSn=720 sn=28
[RESPONDER][SEND] sn=28 client=0 req=660 msg=ClientResponse{orderSn=28,clientSn=660}
21:01:20.836 DBG Batch cut. left=0 nBuckets=16 nReq=32 next=0
21:01:20.838 DBG Waiting for batch. batchSize=4096
[MESSENGER][OK] client=0 deliver clientSn=660 sn=28
[RESPONDER][SEND] sn=28 client=0 req=724 msg=ClientResponse{orderSn=28,clientSn=724}
[MESSENGER][OK] client=0 deliver clientSn=724 sn=28
[RESPONDER][SEND] sn=28 client=0 req=664 msg=ClientResponse{orderSn=28,clientSn=664}
[MESSENGER][OK] client=0 deliver clientSn=664 sn=28
[RESPONDER][SEND] sn=28 client=0 req=728 msg=ClientResponse{orderSn=28,clientSn=728}
[MESSENGER][OK] client=0 deliver clientSn=728 sn=28
[RESPONDER][SEND] sn=28 client=0 req=604 msg=ClientResponse{orderSn=28,clientSn=604}
[MESSENGER][OK] client=0 deliver clientSn=604 sn=28
[RESPONDER][SEND] sn=28 client=0 req=668 msg=ClientResponse{orderSn=28,clientSn=668}
[MESSENGER][OK] client=0 deliver clientSn=668 sn=28
[RESPONDER][SEND] sn=28 client=0 req=608 msg=ClientResponse{orderSn=28,clientSn=608}
[MESSENGER][OK] client=0 deliver clientSn=608 sn=28
[RESPONDER][SEND] sn=28 client=0 req=672 msg=ClientResponse{orderSn=28,clientSn=672}
[MESSENGER][OK] client=0 deliver clientSn=672 sn=28
[RESPONDER][SEND] sn=28 client=0 req=612 msg=ClientResponse{orderSn=28,clientSn=612}
[MESSENGER][OK] client=0 deliver clientSn=612 sn=28
[RESPONDER][SEND] sn=28 client=0 req=676 msg=ClientResponse{orderSn=28,clientSn=676}
[MESSENGER][OK] client=0 deliver clientSn=676 sn=28
[RESPONDER][SEND] sn=28 client=0 req=616 msg=ClientResponse{orderSn=28,clientSn=616}
[MESSENGER][OK] client=0 deliver clientSn=616 sn=28
[RESPONDER][SEND] sn=28 client=0 req=680 msg=ClientResponse{orderSn=28,clientSn=680}
[MESSENGER][OK] client=0 deliver clientSn=680 sn=28
[RESPONDER][SEND] sn=28 client=0 req=620 msg=ClientResponse{orderSn=28,clientSn=620}
[MESSENGER][OK] client=0 deliver clientSn=620 sn=28
[RESPONDER][SEND] sn=28 client=0 req=684 msg=ClientResponse{orderSn=28,clientSn=684}
[MESSENGER][OK] client=0 deliver clientSn=684 sn=28
[RESPONDER][SEND] sn=28 client=0 req=624 msg=ClientResponse{orderSn=28,clientSn=624}
[MESSENGER][OK] client=0 deliver clientSn=624 sn=28
[RESPONDER][SEND] sn=28 client=0 req=688 msg=ClientResponse{orderSn=28,clientSn=688}
[MESSENGER][OK] client=0 deliver clientSn=688 sn=28
[RESPONDER][SEND] sn=28 client=0 req=628 msg=ClientResponse{orderSn=28,clientSn=628}
[MESSENGER][OK] client=0 deliver clientSn=628 sn=28
[RESPONDER][SEND] sn=28 client=0 req=692 msg=ClientResponse{orderSn=28,clientSn=692}
[MESSENGER][OK] client=0 deliver clientSn=692 sn=28
[RESPONDER][SEND] sn=28 client=0 req=632 msg=ClientResponse{orderSn=28,clientSn=632}
[MESSENGER][OK] client=0 deliver clientSn=632 sn=28
[RESPONDER][SEND] sn=28 client=0 req=696 msg=ClientResponse{orderSn=28,clientSn=696}
21:01:20.839 DBG Sending COMMIT. senderID=2 sn=31 view=0
[MESSENGER][OK] client=0 deliver clientSn=696 sn=28
[RESPONDER][SEND] sn=28 client=0 req=636 msg=ClientResponse{orderSn=28,clientSn=636}
[MESSENGER][OK] client=0 deliver clientSn=636 sn=28
[RESPONDER][SEND] sn=28 client=0 req=700 msg=ClientResponse{orderSn=28,clientSn=700}
[MESSENGER][OK] client=0 deliver clientSn=700 sn=28
[RESPONDER][ENTRY][DONE] sn=28 sent=32/32
21:01:20.840 INF Committed entry. latency=0 nReq=32 sn=31
21:01:20.840 DBG Starting timer. sn=35 view=0
21:01:20.841 INF Handling PREPREPARE. nReq=32 senderID=1 sn=29
21:01:20.841 DBG Creating new Batch. nReq=32
21:01:20.843 INF Sending PREPREPARE. nReq=32 senderID=2 sn=30 view=0
21:01:20.846 DBG Sending PREPARE. senderID=2 sn=29 view=0
21:01:20.846 DBG Sending COMMIT. senderID=2 sn=29 view=0
21:01:20.851 DBG Sending COMMIT. senderID=2 sn=30 view=0
21:01:20.850 INF Committed entry. latency=0 nReq=32 sn=29
21:01:20.852 INF Delivered batch. nReq=32 sn=29
[RESPONDER][ENTRY] sn=29 nreq=32
[RESPONDER][SEND] sn=29 client=0 req=641 msg=ClientResponse{orderSn=29,clientSn=641}
21:01:20.852 DBG Starting timer. sn=33 view=0
[MESSENGER][OK] client=0 deliver clientSn=641 sn=29
[RESPONDER][SEND] sn=29 client=0 req=705 msg=ClientResponse{orderSn=29,clientSn=705}
[MESSENGER][OK] client=0 deliver clientSn=705 sn=29
[RESPONDER][SEND] sn=29 client=0 req=645 msg=ClientResponse{orderSn=29,clientSn=645}
[MESSENGER][OK] client=0 deliver clientSn=645 sn=29
[RESPONDER][SEND] sn=29 client=0 req=709 msg=ClientResponse{orderSn=29,clientSn=709}
[MESSENGER][OK] client=0 deliver clientSn=709 sn=29
[RESPONDER][SEND] sn=29 client=0 req=649 msg=ClientResponse{orderSn=29,clientSn=649}
[MESSENGER][OK] client=0 deliver clientSn=649 sn=29
[RESPONDER][SEND] sn=29 client=0 req=713 msg=ClientResponse{orderSn=29,clientSn=713}
[MESSENGER][OK] client=0 deliver clientSn=713 sn=29
[RESPONDER][SEND] sn=29 client=0 req=653 msg=ClientResponse{orderSn=29,clientSn=653}
[MESSENGER][OK] client=0 deliver clientSn=653 sn=29
[RESPONDER][SEND] sn=29 client=0 req=717 msg=ClientResponse{orderSn=29,clientSn=717}
[MESSENGER][OK] client=0 deliver clientSn=717 sn=29
[RESPONDER][SEND] sn=29 client=0 req=657 msg=ClientResponse{orderSn=29,clientSn=657}
[MESSENGER][OK] client=0 deliver clientSn=657 sn=29
[RESPONDER][SEND] sn=29 client=0 req=721 msg=ClientResponse{orderSn=29,clientSn=721}
[MESSENGER][OK] client=0 deliver clientSn=721 sn=29
[RESPONDER][SEND] sn=29 client=0 req=661 msg=ClientResponse{orderSn=29,clientSn=661}
[MESSENGER][OK] client=0 deliver clientSn=661 sn=29
[RESPONDER][SEND] sn=29 client=0 req=725 msg=ClientResponse{orderSn=29,clientSn=725}
[MESSENGER][OK] client=0 deliver clientSn=725 sn=29
[RESPONDER][SEND] sn=29 client=0 req=665 msg=ClientResponse{orderSn=29,clientSn=665}
[MESSENGER][OK] client=0 deliver clientSn=665 sn=29
[RESPONDER][SEND] sn=29 client=0 req=729 msg=ClientResponse{orderSn=29,clientSn=729}
[MESSENGER][OK] client=0 deliver clientSn=729 sn=29
[RESPONDER][SEND] sn=29 client=0 req=605 msg=ClientResponse{orderSn=29,clientSn=605}
[MESSENGER][OK] client=0 deliver clientSn=605 sn=29
[RESPONDER][SEND] sn=29 client=0 req=669 msg=ClientResponse{orderSn=29,clientSn=669}
[MESSENGER][OK] client=0 deliver clientSn=669 sn=29
[RESPONDER][SEND] sn=29 client=0 req=609 msg=ClientResponse{orderSn=29,clientSn=609}
[MESSENGER][OK] client=0 deliver clientSn=609 sn=29
[RESPONDER][SEND] sn=29 client=0 req=673 msg=ClientResponse{orderSn=29,clientSn=673}
[MESSENGER][OK] client=0 deliver clientSn=673 sn=29
[RESPONDER][SEND] sn=29 client=0 req=613 msg=ClientResponse{orderSn=29,clientSn=613}
[MESSENGER][OK] client=0 deliver clientSn=613 sn=29
[RESPONDER][SEND] sn=29 client=0 req=677 msg=ClientResponse{orderSn=29,clientSn=677}
[MESSENGER][OK] client=0 deliver clientSn=677 sn=29
[RESPONDER][SEND] sn=29 client=0 req=617 msg=ClientResponse{orderSn=29,clientSn=617}
[MESSENGER][OK] client=0 deliver clientSn=617 sn=29
[RESPONDER][SEND] sn=29 client=0 req=681 msg=ClientResponse{orderSn=29,clientSn=681}
[MESSENGER][OK] client=0 deliver clientSn=681 sn=29
[RESPONDER][SEND] sn=29 client=0 req=621 msg=ClientResponse{orderSn=29,clientSn=621}
[MESSENGER][OK] client=0 deliver clientSn=621 sn=29
[RESPONDER][SEND] sn=29 client=0 req=685 msg=ClientResponse{orderSn=29,clientSn=685}
[MESSENGER][OK] client=0 deliver clientSn=685 sn=29
[RESPONDER][SEND] sn=29 client=0 req=625 msg=ClientResponse{orderSn=29,clientSn=625}
[MESSENGER][OK] client=0 deliver clientSn=625 sn=29
[RESPONDER][SEND] sn=29 client=0 req=689 msg=ClientResponse{orderSn=29,clientSn=689}
[MESSENGER][OK] client=0 deliver clientSn=689 sn=29
[RESPONDER][SEND] sn=29 client=0 req=629 msg=ClientResponse{orderSn=29,clientSn=629}
[MESSENGER][OK] client=0 deliver clientSn=629 sn=29
[RESPONDER][SEND] sn=29 client=0 req=693 msg=ClientResponse{orderSn=29,clientSn=693}
[MESSENGER][OK] client=0 deliver clientSn=693 sn=29
[RESPONDER][SEND] sn=29 client=0 req=633 msg=ClientResponse{orderSn=29,clientSn=633}
[MESSENGER][OK] client=0 deliver clientSn=633 sn=29
[RESPONDER][SEND] sn=29 client=0 req=697 msg=ClientResponse{orderSn=29,clientSn=697}
[MESSENGER][OK] client=0 deliver clientSn=697 sn=29
[RESPONDER][SEND] sn=29 client=0 req=637 msg=ClientResponse{orderSn=29,clientSn=637}
[MESSENGER][OK] client=0 deliver clientSn=637 sn=29
[RESPONDER][SEND] sn=29 client=0 req=701 msg=ClientResponse{orderSn=29,clientSn=701}
[MESSENGER][OK] client=0 deliver clientSn=701 sn=29
[RESPONDER][ENTRY][DONE] sn=29 sent=32/32
21:01:20.853 INF Committed entry. latency=0 nReq=32 sn=30
21:01:20.853 INF Delivered batch. nReq=32 sn=30
21:01:20.853 INF Delivered batch. nReq=32 sn=31
21:01:20.854 DBG Starting timer. sn=34 view=0
[RESPONDER][ENTRY] sn=30 nreq=32
[RESPONDER][SEND] sn=30 client=0 req=642 msg=ClientResponse{orderSn=30,clientSn=642}
[MESSENGER][OK] client=0 deliver clientSn=642 sn=30
[RESPONDER][SEND] sn=30 client=0 req=706 msg=ClientResponse{orderSn=30,clientSn=706}
[MESSENGER][OK] client=0 deliver clientSn=706 sn=30
[RESPONDER][SEND] sn=30 client=0 req=646 msg=ClientResponse{orderSn=30,clientSn=646}
[MESSENGER][OK] client=0 deliver clientSn=646 sn=30
[RESPONDER][SEND] sn=30 client=0 req=710 msg=ClientResponse{orderSn=30,clientSn=710}
[MESSENGER][OK] client=0 deliver clientSn=710 sn=30
[RESPONDER][SEND] sn=30 client=0 req=650 msg=ClientResponse{orderSn=30,clientSn=650}
[MESSENGER][OK] client=0 deliver clientSn=650 sn=30
[RESPONDER][SEND] sn=30 client=0 req=714 msg=ClientResponse{orderSn=30,clientSn=714}
[MESSENGER][OK] client=0 deliver clientSn=714 sn=30
[RESPONDER][SEND] sn=30 client=0 req=654 msg=ClientResponse{orderSn=30,clientSn=654}
[MESSENGER][OK] client=0 deliver clientSn=654 sn=30
[RESPONDER][SEND] sn=30 client=0 req=718 msg=ClientResponse{orderSn=30,clientSn=718}
[MESSENGER][OK] client=0 deliver clientSn=718 sn=30
[RESPONDER][SEND] sn=30 client=0 req=658 msg=ClientResponse{orderSn=30,clientSn=658}
[MESSENGER][OK] client=0 deliver clientSn=658 sn=30
[RESPONDER][SEND] sn=30 client=0 req=722 msg=ClientResponse{orderSn=30,clientSn=722}
[MESSENGER][OK] client=0 deliver clientSn=722 sn=30
[RESPONDER][SEND] sn=30 client=0 req=662 msg=ClientResponse{orderSn=30,clientSn=662}
[MESSENGER][OK] client=0 deliver clientSn=662 sn=30
[RESPONDER][SEND] sn=30 client=0 req=726 msg=ClientResponse{orderSn=30,clientSn=726}
[MESSENGER][OK] client=0 deliver clientSn=726 sn=30
[RESPONDER][SEND] sn=30 client=0 req=666 msg=ClientResponse{orderSn=30,clientSn=666}
[MESSENGER][OK] client=0 deliver clientSn=666 sn=30
[RESPONDER][SEND] sn=30 client=0 req=730 msg=ClientResponse{orderSn=30,clientSn=730}
[MESSENGER][OK] client=0 deliver clientSn=730 sn=30
[RESPONDER][SEND] sn=30 client=0 req=606 msg=ClientResponse{orderSn=30,clientSn=606}
[MESSENGER][OK] client=0 deliver clientSn=606 sn=30
[RESPONDER][SEND] sn=30 client=0 req=670 msg=ClientResponse{orderSn=30,clientSn=670}
[MESSENGER][OK] client=0 deliver clientSn=670 sn=30
[RESPONDER][SEND] sn=30 client=0 req=610 msg=ClientResponse{orderSn=30,clientSn=610}
[MESSENGER][OK] client=0 deliver clientSn=610 sn=30
[RESPONDER][SEND] sn=30 client=0 req=674 msg=ClientResponse{orderSn=30,clientSn=674}
[MESSENGER][OK] client=0 deliver clientSn=674 sn=30
[RESPONDER][SEND] sn=30 client=0 req=614 msg=ClientResponse{orderSn=30,clientSn=614}
[MESSENGER][OK] client=0 deliver clientSn=614 sn=30
[RESPONDER][SEND] sn=30 client=0 req=678 msg=ClientResponse{orderSn=30,clientSn=678}
[MESSENGER][OK] client=0 deliver clientSn=678 sn=30
[RESPONDER][SEND] sn=30 client=0 req=618 msg=ClientResponse{orderSn=30,clientSn=618}
[MESSENGER][OK] client=0 deliver clientSn=618 sn=30
[RESPONDER][SEND] sn=30 client=0 req=682 msg=ClientResponse{orderSn=30,clientSn=682}
[MESSENGER][OK] client=0 deliver clientSn=682 sn=30
[RESPONDER][SEND] sn=30 client=0 req=622 msg=ClientResponse{orderSn=30,clientSn=622}
[MESSENGER][OK] client=0 deliver clientSn=622 sn=30
[RESPONDER][SEND] sn=30 client=0 req=686 msg=ClientResponse{orderSn=30,clientSn=686}
[MESSENGER][OK] client=0 deliver clientSn=686 sn=30
[RESPONDER][SEND] sn=30 client=0 req=626 msg=ClientResponse{orderSn=30,clientSn=626}
[MESSENGER][OK] client=0 deliver clientSn=626 sn=30
[RESPONDER][SEND] sn=30 client=0 req=690 msg=ClientResponse{orderSn=30,clientSn=690}
[MESSENGER][OK] client=0 deliver clientSn=690 sn=30
[RESPONDER][SEND] sn=30 client=0 req=630 msg=ClientResponse{orderSn=30,clientSn=630}
[MESSENGER][OK] client=0 deliver clientSn=630 sn=30
[RESPONDER][SEND] sn=30 client=0 req=694 msg=ClientResponse{orderSn=30,clientSn=694}
[MESSENGER][OK] client=0 deliver clientSn=694 sn=30
[RESPONDER][SEND] sn=30 client=0 req=634 msg=ClientResponse{orderSn=30,clientSn=634}
[MESSENGER][OK] client=0 deliver clientSn=634 sn=30
[RESPONDER][SEND] sn=30 client=0 req=698 msg=ClientResponse{orderSn=30,clientSn=698}
[MESSENGER][OK] client=0 deliver clientSn=698 sn=30
[RESPONDER][SEND] sn=30 client=0 req=638 msg=ClientResponse{orderSn=30,clientSn=638}
[MESSENGER][OK] client=0 deliver clientSn=638 sn=30
[RESPONDER][SEND] sn=30 client=0 req=702 msg=ClientResponse{orderSn=30,clientSn=702}
[MESSENGER][OK] client=0 deliver clientSn=702 sn=30
[RESPONDER][ENTRY][DONE] sn=30 sent=32/32
[RESPONDER][ENTRY] sn=31 nreq=32
[RESPONDER][SEND] sn=31 client=0 req=643 msg=ClientResponse{orderSn=31,clientSn=643}
[MESSENGER][OK] client=0 deliver clientSn=643 sn=31
[RESPONDER][SEND] sn=31 client=0 req=707 msg=ClientResponse{orderSn=31,clientSn=707}
[MESSENGER][OK] client=0 deliver clientSn=707 sn=31
[RESPONDER][SEND] sn=31 client=0 req=647 msg=ClientResponse{orderSn=31,clientSn=647}
[MESSENGER][OK] client=0 deliver clientSn=647 sn=31
[RESPONDER][SEND] sn=31 client=0 req=711 msg=ClientResponse{orderSn=31,clientSn=711}
[MESSENGER][OK] client=0 deliver clientSn=711 sn=31
[RESPONDER][SEND] sn=31 client=0 req=651 msg=ClientResponse{orderSn=31,clientSn=651}
[MESSENGER][OK] client=0 deliver clientSn=651 sn=31
[RESPONDER][SEND] sn=31 client=0 req=715 msg=ClientResponse{orderSn=31,clientSn=715}
[MESSENGER][OK] client=0 deliver clientSn=715 sn=31
[RESPONDER][SEND] sn=31 client=0 req=655 msg=ClientResponse{orderSn=31,clientSn=655}
[MESSENGER][OK] client=0 deliver clientSn=655 sn=31
[RESPONDER][SEND] sn=31 client=0 req=719 msg=ClientResponse{orderSn=31,clientSn=719}
[MESSENGER][OK] client=0 deliver clientSn=719 sn=31
[RESPONDER][SEND] sn=31 client=0 req=659 msg=ClientResponse{orderSn=31,clientSn=659}
[MESSENGER][OK] client=0 deliver clientSn=659 sn=31
[RESPONDER][SEND] sn=31 client=0 req=723 msg=ClientResponse{orderSn=31,clientSn=723}
[MESSENGER][OK] client=0 deliver clientSn=723 sn=31
[RESPONDER][SEND] sn=31 client=0 req=663 msg=ClientResponse{orderSn=31,clientSn=663}
[MESSENGER][OK] client=0 deliver clientSn=663 sn=31
[RESPONDER][SEND] sn=31 client=0 req=727 msg=ClientResponse{orderSn=31,clientSn=727}
[MESSENGER][OK] client=0 deliver clientSn=727 sn=31
[RESPONDER][SEND] sn=31 client=0 req=603 msg=ClientResponse{orderSn=31,clientSn=603}
[MESSENGER][OK] client=0 deliver clientSn=603 sn=31
[RESPONDER][SEND] sn=31 client=0 req=667 msg=ClientResponse{orderSn=31,clientSn=667}
[MESSENGER][OK] client=0 deliver clientSn=667 sn=31
[RESPONDER][SEND] sn=31 client=0 req=607 msg=ClientResponse{orderSn=31,clientSn=607}
[MESSENGER][OK] client=0 deliver clientSn=607 sn=31
[RESPONDER][SEND] sn=31 client=0 req=671 msg=ClientResponse{orderSn=31,clientSn=671}
[MESSENGER][OK] client=0 deliver clientSn=671 sn=31
[RESPONDER][SEND] sn=31 client=0 req=611 msg=ClientResponse{orderSn=31,clientSn=611}
[MESSENGER][OK] client=0 deliver clientSn=611 sn=31
[RESPONDER][SEND] sn=31 client=0 req=675 msg=ClientResponse{orderSn=31,clientSn=675}
[MESSENGER][OK] client=0 deliver clientSn=675 sn=31
[RESPONDER][SEND] sn=31 client=0 req=615 msg=ClientResponse{orderSn=31,clientSn=615}
[MESSENGER][OK] client=0 deliver clientSn=615 sn=31
[RESPONDER][SEND] sn=31 client=0 req=679 msg=ClientResponse{orderSn=31,clientSn=679}
[MESSENGER][OK] client=0 deliver clientSn=679 sn=31
[RESPONDER][SEND] sn=31 client=0 req=619 msg=ClientResponse{orderSn=31,clientSn=619}
[MESSENGER][OK] client=0 deliver clientSn=619 sn=31
[RESPONDER][SEND] sn=31 client=0 req=683 msg=ClientResponse{orderSn=31,clientSn=683}
[MESSENGER][OK] client=0 deliver clientSn=683 sn=31
[RESPONDER][SEND] sn=31 client=0 req=623 msg=ClientResponse{orderSn=31,clientSn=623}
[MESSENGER][OK] client=0 deliver clientSn=623 sn=31
[RESPONDER][SEND] sn=31 client=0 req=687 msg=ClientResponse{orderSn=31,clientSn=687}
[MESSENGER][OK] client=0 deliver clientSn=687 sn=31
[RESPONDER][SEND] sn=31 client=0 req=627 msg=ClientResponse{orderSn=31,clientSn=627}
[MESSENGER][OK] client=0 deliver clientSn=627 sn=31
[RESPONDER][SEND] sn=31 client=0 req=691 msg=ClientResponse{orderSn=31,clientSn=691}
[MESSENGER][OK] client=0 deliver clientSn=691 sn=31
[RESPONDER][SEND] sn=31 client=0 req=631 msg=ClientResponse{orderSn=31,clientSn=631}
[MESSENGER][OK] client=0 deliver clientSn=631 sn=31
[RESPONDER][SEND] sn=31 client=0 req=695 msg=ClientResponse{orderSn=31,clientSn=695}
[MESSENGER][OK] client=0 deliver clientSn=695 sn=31
[RESPONDER][SEND] sn=31 client=0 req=635 msg=ClientResponse{orderSn=31,clientSn=635}
[MESSENGER][OK] client=0 deliver clientSn=635 sn=31
[RESPONDER][SEND] sn=31 client=0 req=699 msg=ClientResponse{orderSn=31,clientSn=699}
[MESSENGER][OK] client=0 deliver clientSn=699 sn=31
[RESPONDER][SEND] sn=31 client=0 req=639 msg=ClientResponse{orderSn=31,clientSn=639}
[MESSENGER][OK] client=0 deliver clientSn=639 sn=31
[RESPONDER][SEND] sn=31 client=0 req=703 msg=ClientResponse{orderSn=31,clientSn=703}
[MESSENGER][OK] client=0 deliver clientSn=703 sn=31
[RESPONDER][ENTRY][DONE] sn=31 sent=32/32
21:01:21.832 INF Handling PREPREPARE. nReq=32 senderID=0 sn=32
21:01:21.832 DBG Creating new Batch. nReq=32
21:01:21.833 INF Handling PREPREPARE. nReq=32 senderID=3 sn=35
21:01:21.833 DBG Creating new Batch. nReq=32
21:01:21.836 DBG Sending PREPARE. senderID=2 sn=32 view=0
21:01:21.836 DBG Sending PREPARE. senderID=2 sn=35 view=0
21:01:21.837 DBG Sending COMMIT. senderID=2 sn=32 view=0
21:01:21.838 DBG Sending COMMIT. senderID=2 sn=35 view=0
21:01:21.839 DBG Batch ready. batchSize=4096
21:01:21.839 DBG Batch cut. left=0 nBuckets=16 nReq=32 next=0
21:01:21.840 DBG Waiting for batch. batchSize=4096
21:01:21.840 INF Committed entry. latency=0 nReq=32 sn=32
21:01:21.840 INF Committed entry. latency=0 nReq=32 sn=35
21:01:21.840 INF Delivered batch. nReq=32 sn=32
[RESPONDER][ENTRY] sn=32 nreq=32
[RESPONDER][SEND] sn=32 client=0 req=768 msg=ClientResponse{orderSn=32,clientSn=768}
[MESSENGER][OK] client=0 deliver clientSn=768 sn=32
[RESPONDER][SEND] sn=32 client=0 req=832 msg=ClientResponse{orderSn=32,clientSn=832}
[MESSENGER][OK] client=0 deliver clientSn=832 sn=32
[RESPONDER][SEND] sn=32 client=0 req=772 msg=ClientResponse{orderSn=32,clientSn=772}
[MESSENGER][OK] client=0 deliver clientSn=772 sn=32
[RESPONDER][SEND] sn=32 client=0 req=836 msg=ClientResponse{orderSn=32,clientSn=836}
[MESSENGER][OK] client=0 deliver clientSn=836 sn=32
[RESPONDER][SEND] sn=32 client=0 req=776 msg=ClientResponse{orderSn=32,clientSn=776}
[MESSENGER][OK] client=0 deliver clientSn=776 sn=32
[RESPONDER][SEND] sn=32 client=0 req=840 msg=ClientResponse{orderSn=32,clientSn=840}
21:01:21.841 DBG Starting timer. sn=39 view=0
[MESSENGER][OK] client=0 deliver clientSn=840 sn=32
[RESPONDER][SEND] sn=32 client=0 req=780 msg=ClientResponse{orderSn=32,clientSn=780}
[MESSENGER][OK] client=0 deliver clientSn=780 sn=32
[RESPONDER][SEND] sn=32 client=0 req=844 msg=ClientResponse{orderSn=32,clientSn=844}
[MESSENGER][OK] client=0 deliver clientSn=844 sn=32
[RESPONDER][SEND] sn=32 client=0 req=784 msg=ClientResponse{orderSn=32,clientSn=784}
[MESSENGER][OK] client=0 deliver clientSn=784 sn=32
[RESPONDER][SEND] sn=32 client=0 req=848 msg=ClientResponse{orderSn=32,clientSn=848}
[MESSENGER][OK] client=0 deliver clientSn=848 sn=32
[RESPONDER][SEND] sn=32 client=0 req=788 msg=ClientResponse{orderSn=32,clientSn=788}
[MESSENGER][OK] client=0 deliver clientSn=788 sn=32
[RESPONDER][SEND] sn=32 client=0 req=852 msg=ClientResponse{orderSn=32,clientSn=852}
[MESSENGER][OK] client=0 deliver clientSn=852 sn=32
[RESPONDER][SEND] sn=32 client=0 req=792 msg=ClientResponse{orderSn=32,clientSn=792}
[MESSENGER][OK] client=0 deliver clientSn=792 sn=32
[RESPONDER][SEND] sn=32 client=0 req=856 msg=ClientResponse{orderSn=32,clientSn=856}
[MESSENGER][OK] client=0 deliver clientSn=856 sn=32
[RESPONDER][SEND] sn=32 client=0 req=732 msg=ClientResponse{orderSn=32,clientSn=732}
[MESSENGER][OK] client=0 deliver clientSn=732 sn=32
[RESPONDER][SEND] sn=32 client=0 req=796 msg=ClientResponse{orderSn=32,clientSn=796}
[MESSENGER][OK] client=0 deliver clientSn=796 sn=32
[RESPONDER][SEND] sn=32 client=0 req=736 msg=ClientResponse{orderSn=32,clientSn=736}
[MESSENGER][OK] client=0 deliver clientSn=736 sn=32
[RESPONDER][SEND] sn=32 client=0 req=800 msg=ClientResponse{orderSn=32,clientSn=800}
[MESSENGER][OK] client=0 deliver clientSn=800 sn=32
[RESPONDER][SEND] sn=32 client=0 req=740 msg=ClientResponse{orderSn=32,clientSn=740}
[MESSENGER][OK] client=0 deliver clientSn=740 sn=32
[RESPONDER][SEND] sn=32 client=0 req=804 msg=ClientResponse{orderSn=32,clientSn=804}
[MESSENGER][OK] client=0 deliver clientSn=804 sn=32
[RESPONDER][SEND] sn=32 client=0 req=744 msg=ClientResponse{orderSn=32,clientSn=744}
[MESSENGER][OK] client=0 deliver clientSn=744 sn=32
[RESPONDER][SEND] sn=32 client=0 req=808 msg=ClientResponse{orderSn=32,clientSn=808}
[MESSENGER][OK] client=0 deliver clientSn=808 sn=32
[RESPONDER][SEND] sn=32 client=0 req=748 msg=ClientResponse{orderSn=32,clientSn=748}
21:01:21.842 INF Sending PREPREPARE. nReq=32 senderID=2 sn=34 view=0
[MESSENGER][OK] client=0 deliver clientSn=748 sn=32
[RESPONDER][SEND] sn=32 client=0 req=812 msg=ClientResponse{orderSn=32,clientSn=812}
[MESSENGER][OK] client=0 deliver clientSn=812 sn=32
[RESPONDER][SEND] sn=32 client=0 req=752 msg=ClientResponse{orderSn=32,clientSn=752}
[MESSENGER][OK] client=0 deliver clientSn=752 sn=32
[RESPONDER][SEND] sn=32 client=0 req=816 msg=ClientResponse{orderSn=32,clientSn=816}
[MESSENGER][OK] client=0 deliver clientSn=816 sn=32
[RESPONDER][SEND] sn=32 client=0 req=756 msg=ClientResponse{orderSn=32,clientSn=756}
[MESSENGER][OK] client=0 deliver clientSn=756 sn=32
[RESPONDER][SEND] sn=32 client=0 req=820 msg=ClientResponse{orderSn=32,clientSn=820}
21:01:21.840 DBG Starting timer. sn=36 view=0
[MESSENGER][OK] client=0 deliver clientSn=820 sn=32
[RESPONDER][SEND] sn=32 client=0 req=760 msg=ClientResponse{orderSn=32,clientSn=760}
[MESSENGER][OK] client=0 deliver clientSn=760 sn=32
[RESPONDER][SEND] sn=32 client=0 req=824 msg=ClientResponse{orderSn=32,clientSn=824}
[MESSENGER][OK] client=0 deliver clientSn=824 sn=32
[RESPONDER][SEND] sn=32 client=0 req=764 msg=ClientResponse{orderSn=32,clientSn=764}
[MESSENGER][OK] client=0 deliver clientSn=764 sn=32
[RESPONDER][SEND] sn=32 client=0 req=828 msg=ClientResponse{orderSn=32,clientSn=828}
[MESSENGER][OK] client=0 deliver clientSn=828 sn=32
[RESPONDER][ENTRY][DONE] sn=32 sent=32/32
21:01:21.843 INF Handling PREPREPARE. nReq=32 senderID=1 sn=33
21:01:21.843 DBG Creating new Batch. nReq=32
21:01:21.847 DBG Sending PREPARE. senderID=2 sn=33 view=0
21:01:21.849 DBG Sending COMMIT. senderID=2 sn=33 view=0
21:01:21.852 DBG Sending COMMIT. senderID=2 sn=34 view=0
21:01:21.852 INF Committed entry. latency=0 nReq=32 sn=33
21:01:21.852 INF Delivered batch. nReq=32 sn=33
21:01:21.852 DBG Starting timer. sn=37 view=0
[RESPONDER][ENTRY] sn=33 nreq=32
[RESPONDER][SEND] sn=33 client=0 req=769 msg=ClientResponse{orderSn=33,clientSn=769}
21:01:21.853 INF Committed entry. latency=0 nReq=32 sn=34
21:01:21.853 INF Delivered batch. nReq=32 sn=34
21:01:21.853 INF Delivered batch. nReq=32 sn=35
21:01:21.853 DBG Starting timer. sn=38 view=0
[MESSENGER][OK] client=0 deliver clientSn=769 sn=33
[RESPONDER][SEND] sn=33 client=0 req=833 msg=ClientResponse{orderSn=33,clientSn=833}
[MESSENGER][OK] client=0 deliver clientSn=833 sn=33
[RESPONDER][SEND] sn=33 client=0 req=773 msg=ClientResponse{orderSn=33,clientSn=773}
[MESSENGER][OK] client=0 deliver clientSn=773 sn=33
[RESPONDER][SEND] sn=33 client=0 req=837 msg=ClientResponse{orderSn=33,clientSn=837}
[MESSENGER][OK] client=0 deliver clientSn=837 sn=33
[RESPONDER][SEND] sn=33 client=0 req=777 msg=ClientResponse{orderSn=33,clientSn=777}
[MESSENGER][OK] client=0 deliver clientSn=777 sn=33
[RESPONDER][SEND] sn=33 client=0 req=841 msg=ClientResponse{orderSn=33,clientSn=841}
[MESSENGER][OK] client=0 deliver clientSn=841 sn=33
[RESPONDER][SEND] sn=33 client=0 req=781 msg=ClientResponse{orderSn=33,clientSn=781}
[MESSENGER][OK] client=0 deliver clientSn=781 sn=33
[RESPONDER][SEND] sn=33 client=0 req=845 msg=ClientResponse{orderSn=33,clientSn=845}
[MESSENGER][OK] client=0 deliver clientSn=845 sn=33
[RESPONDER][SEND] sn=33 client=0 req=785 msg=ClientResponse{orderSn=33,clientSn=785}
[MESSENGER][OK] client=0 deliver clientSn=785 sn=33
[RESPONDER][SEND] sn=33 client=0 req=849 msg=ClientResponse{orderSn=33,clientSn=849}
[MESSENGER][OK] client=0 deliver clientSn=849 sn=33
[RESPONDER][SEND] sn=33 client=0 req=789 msg=ClientResponse{orderSn=33,clientSn=789}
[MESSENGER][OK] client=0 deliver clientSn=789 sn=33
[RESPONDER][SEND] sn=33 client=0 req=853 msg=ClientResponse{orderSn=33,clientSn=853}
[MESSENGER][OK] client=0 deliver clientSn=853 sn=33
[RESPONDER][SEND] sn=33 client=0 req=793 msg=ClientResponse{orderSn=33,clientSn=793}
[MESSENGER][OK] client=0 deliver clientSn=793 sn=33
[RESPONDER][SEND] sn=33 client=0 req=857 msg=ClientResponse{orderSn=33,clientSn=857}
[MESSENGER][OK] client=0 deliver clientSn=857 sn=33
[RESPONDER][SEND] sn=33 client=0 req=733 msg=ClientResponse{orderSn=33,clientSn=733}
[MESSENGER][OK] client=0 deliver clientSn=733 sn=33
[RESPONDER][SEND] sn=33 client=0 req=797 msg=ClientResponse{orderSn=33,clientSn=797}
[MESSENGER][OK] client=0 deliver clientSn=797 sn=33
[RESPONDER][SEND] sn=33 client=0 req=737 msg=ClientResponse{orderSn=33,clientSn=737}
[MESSENGER][OK] client=0 deliver clientSn=737 sn=33
[RESPONDER][SEND] sn=33 client=0 req=801 msg=ClientResponse{orderSn=33,clientSn=801}
[MESSENGER][OK] client=0 deliver clientSn=801 sn=33
[RESPONDER][SEND] sn=33 client=0 req=741 msg=ClientResponse{orderSn=33,clientSn=741}
[MESSENGER][OK] client=0 deliver clientSn=741 sn=33
[RESPONDER][SEND] sn=33 client=0 req=805 msg=ClientResponse{orderSn=33,clientSn=805}
[MESSENGER][OK] client=0 deliver clientSn=805 sn=33
[RESPONDER][SEND] sn=33 client=0 req=745 msg=ClientResponse{orderSn=33,clientSn=745}
[MESSENGER][OK] client=0 deliver clientSn=745 sn=33
[RESPONDER][SEND] sn=33 client=0 req=809 msg=ClientResponse{orderSn=33,clientSn=809}
[MESSENGER][OK] client=0 deliver clientSn=809 sn=33
[RESPONDER][SEND] sn=33 client=0 req=749 msg=ClientResponse{orderSn=33,clientSn=749}
[MESSENGER][OK] client=0 deliver clientSn=749 sn=33
[RESPONDER][SEND] sn=33 client=0 req=813 msg=ClientResponse{orderSn=33,clientSn=813}
[MESSENGER][OK] client=0 deliver clientSn=813 sn=33
[RESPONDER][SEND] sn=33 client=0 req=753 msg=ClientResponse{orderSn=33,clientSn=753}
[MESSENGER][OK] client=0 deliver clientSn=753 sn=33
[RESPONDER][SEND] sn=33 client=0 req=817 msg=ClientResponse{orderSn=33,clientSn=817}
[MESSENGER][OK] client=0 deliver clientSn=817 sn=33
[RESPONDER][SEND] sn=33 client=0 req=757 msg=ClientResponse{orderSn=33,clientSn=757}
[MESSENGER][OK] client=0 deliver clientSn=757 sn=33
[RESPONDER][SEND] sn=33 client=0 req=821 msg=ClientResponse{orderSn=33,clientSn=821}
[MESSENGER][OK] client=0 deliver clientSn=821 sn=33
[RESPONDER][SEND] sn=33 client=0 req=761 msg=ClientResponse{orderSn=33,clientSn=761}
[MESSENGER][OK] client=0 deliver clientSn=761 sn=33
[RESPONDER][SEND] sn=33 client=0 req=825 msg=ClientResponse{orderSn=33,clientSn=825}
[MESSENGER][OK] client=0 deliver clientSn=825 sn=33
[RESPONDER][SEND] sn=33 client=0 req=765 msg=ClientResponse{orderSn=33,clientSn=765}
[MESSENGER][OK] client=0 deliver clientSn=765 sn=33
[RESPONDER][SEND] sn=33 client=0 req=829 msg=ClientResponse{orderSn=33,clientSn=829}
[MESSENGER][OK] client=0 deliver clientSn=829 sn=33
[RESPONDER][ENTRY][DONE] sn=33 sent=32/32
[RESPONDER][ENTRY] sn=34 nreq=32
[RESPONDER][SEND] sn=34 client=0 req=770 msg=ClientResponse{orderSn=34,clientSn=770}
[MESSENGER][OK] client=0 deliver clientSn=770 sn=34
[RESPONDER][SEND] sn=34 client=0 req=834 msg=ClientResponse{orderSn=34,clientSn=834}
[MESSENGER][OK] client=0 deliver clientSn=834 sn=34
[RESPONDER][SEND] sn=34 client=0 req=774 msg=ClientResponse{orderSn=34,clientSn=774}
[MESSENGER][OK] client=0 deliver clientSn=774 sn=34
[RESPONDER][SEND] sn=34 client=0 req=838 msg=ClientResponse{orderSn=34,clientSn=838}
[MESSENGER][OK] client=0 deliver clientSn=838 sn=34
[RESPONDER][SEND] sn=34 client=0 req=778 msg=ClientResponse{orderSn=34,clientSn=778}
[MESSENGER][OK] client=0 deliver clientSn=778 sn=34
[RESPONDER][SEND] sn=34 client=0 req=842 msg=ClientResponse{orderSn=34,clientSn=842}
[MESSENGER][OK] client=0 deliver clientSn=842 sn=34
[RESPONDER][SEND] sn=34 client=0 req=782 msg=ClientResponse{orderSn=34,clientSn=782}
[MESSENGER][OK] client=0 deliver clientSn=782 sn=34
[RESPONDER][SEND] sn=34 client=0 req=846 msg=ClientResponse{orderSn=34,clientSn=846}
[MESSENGER][OK] client=0 deliver clientSn=846 sn=34
[RESPONDER][SEND] sn=34 client=0 req=786 msg=ClientResponse{orderSn=34,clientSn=786}
[MESSENGER][OK] client=0 deliver clientSn=786 sn=34
[RESPONDER][SEND] sn=34 client=0 req=850 msg=ClientResponse{orderSn=34,clientSn=850}
[MESSENGER][OK] client=0 deliver clientSn=850 sn=34
[RESPONDER][SEND] sn=34 client=0 req=790 msg=ClientResponse{orderSn=34,clientSn=790}
[MESSENGER][OK] client=0 deliver clientSn=790 sn=34
[RESPONDER][SEND] sn=34 client=0 req=854 msg=ClientResponse{orderSn=34,clientSn=854}
[MESSENGER][OK] client=0 deliver clientSn=854 sn=34
[RESPONDER][SEND] sn=34 client=0 req=794 msg=ClientResponse{orderSn=34,clientSn=794}
[MESSENGER][OK] client=0 deliver clientSn=794 sn=34
[RESPONDER][SEND] sn=34 client=0 req=858 msg=ClientResponse{orderSn=34,clientSn=858}
[MESSENGER][OK] client=0 deliver clientSn=858 sn=34
[RESPONDER][SEND] sn=34 client=0 req=734 msg=ClientResponse{orderSn=34,clientSn=734}
[MESSENGER][OK] client=0 deliver clientSn=734 sn=34
[RESPONDER][SEND] sn=34 client=0 req=798 msg=ClientResponse{orderSn=34,clientSn=798}
[MESSENGER][OK] client=0 deliver clientSn=798 sn=34
[RESPONDER][SEND] sn=34 client=0 req=738 msg=ClientResponse{orderSn=34,clientSn=738}
[MESSENGER][OK] client=0 deliver clientSn=738 sn=34
[RESPONDER][SEND] sn=34 client=0 req=802 msg=ClientResponse{orderSn=34,clientSn=802}
[MESSENGER][OK] client=0 deliver clientSn=802 sn=34
[RESPONDER][SEND] sn=34 client=0 req=742 msg=ClientResponse{orderSn=34,clientSn=742}
[MESSENGER][OK] client=0 deliver clientSn=742 sn=34
[RESPONDER][SEND] sn=34 client=0 req=806 msg=ClientResponse{orderSn=34,clientSn=806}
[MESSENGER][OK] client=0 deliver clientSn=806 sn=34
[RESPONDER][SEND] sn=34 client=0 req=746 msg=ClientResponse{orderSn=34,clientSn=746}
[MESSENGER][OK] client=0 deliver clientSn=746 sn=34
[RESPONDER][SEND] sn=34 client=0 req=810 msg=ClientResponse{orderSn=34,clientSn=810}
[MESSENGER][OK] client=0 deliver clientSn=810 sn=34
[RESPONDER][SEND] sn=34 client=0 req=750 msg=ClientResponse{orderSn=34,clientSn=750}
[MESSENGER][OK] client=0 deliver clientSn=750 sn=34
[RESPONDER][SEND] sn=34 client=0 req=814 msg=ClientResponse{orderSn=34,clientSn=814}
[MESSENGER][OK] client=0 deliver clientSn=814 sn=34
[RESPONDER][SEND] sn=34 client=0 req=754 msg=ClientResponse{orderSn=34,clientSn=754}
[MESSENGER][OK] client=0 deliver clientSn=754 sn=34
[RESPONDER][SEND] sn=34 client=0 req=818 msg=ClientResponse{orderSn=34,clientSn=818}
[MESSENGER][OK] client=0 deliver clientSn=818 sn=34
[RESPONDER][SEND] sn=34 client=0 req=758 msg=ClientResponse{orderSn=34,clientSn=758}
[MESSENGER][OK] client=0 deliver clientSn=758 sn=34
[RESPONDER][SEND] sn=34 client=0 req=822 msg=ClientResponse{orderSn=34,clientSn=822}
[MESSENGER][OK] client=0 deliver clientSn=822 sn=34
[RESPONDER][SEND] sn=34 client=0 req=762 msg=ClientResponse{orderSn=34,clientSn=762}
[MESSENGER][OK] client=0 deliver clientSn=762 sn=34
[RESPONDER][SEND] sn=34 client=0 req=826 msg=ClientResponse{orderSn=34,clientSn=826}
[MESSENGER][OK] client=0 deliver clientSn=826 sn=34
[RESPONDER][SEND] sn=34 client=0 req=766 msg=ClientResponse{orderSn=34,clientSn=766}
[MESSENGER][OK] client=0 deliver clientSn=766 sn=34
[RESPONDER][SEND] sn=34 client=0 req=830 msg=ClientResponse{orderSn=34,clientSn=830}
[MESSENGER][OK] client=0 deliver clientSn=830 sn=34
[RESPONDER][ENTRY][DONE] sn=34 sent=32/32
[RESPONDER][ENTRY] sn=35 nreq=32
[RESPONDER][SEND] sn=35 client=0 req=771 msg=ClientResponse{orderSn=35,clientSn=771}
[MESSENGER][OK] client=0 deliver clientSn=771 sn=35
[RESPONDER][SEND] sn=35 client=0 req=835 msg=ClientResponse{orderSn=35,clientSn=835}
[MESSENGER][OK] client=0 deliver clientSn=835 sn=35
[RESPONDER][SEND] sn=35 client=0 req=775 msg=ClientResponse{orderSn=35,clientSn=775}
[MESSENGER][OK] client=0 deliver clientSn=775 sn=35
[RESPONDER][SEND] sn=35 client=0 req=839 msg=ClientResponse{orderSn=35,clientSn=839}
[MESSENGER][OK] client=0 deliver clientSn=839 sn=35
[RESPONDER][SEND] sn=35 client=0 req=779 msg=ClientResponse{orderSn=35,clientSn=779}
[MESSENGER][OK] client=0 deliver clientSn=779 sn=35
[RESPONDER][SEND] sn=35 client=0 req=843 msg=ClientResponse{orderSn=35,clientSn=843}
[MESSENGER][OK] client=0 deliver clientSn=843 sn=35
[RESPONDER][SEND] sn=35 client=0 req=783 msg=ClientResponse{orderSn=35,clientSn=783}
[MESSENGER][OK] client=0 deliver clientSn=783 sn=35
[RESPONDER][SEND] sn=35 client=0 req=847 msg=ClientResponse{orderSn=35,clientSn=847}
[MESSENGER][OK] client=0 deliver clientSn=847 sn=35
[RESPONDER][SEND] sn=35 client=0 req=787 msg=ClientResponse{orderSn=35,clientSn=787}
[MESSENGER][OK] client=0 deliver clientSn=787 sn=35
[RESPONDER][SEND] sn=35 client=0 req=851 msg=ClientResponse{orderSn=35,clientSn=851}
[MESSENGER][OK] client=0 deliver clientSn=851 sn=35
[RESPONDER][SEND] sn=35 client=0 req=791 msg=ClientResponse{orderSn=35,clientSn=791}
[MESSENGER][OK] client=0 deliver clientSn=791 sn=35
[RESPONDER][SEND] sn=35 client=0 req=855 msg=ClientResponse{orderSn=35,clientSn=855}
[MESSENGER][OK] client=0 deliver clientSn=855 sn=35
[RESPONDER][SEND] sn=35 client=0 req=731 msg=ClientResponse{orderSn=35,clientSn=731}
[MESSENGER][OK] client=0 deliver clientSn=731 sn=35
[RESPONDER][SEND] sn=35 client=0 req=795 msg=ClientResponse{orderSn=35,clientSn=795}
[MESSENGER][OK] client=0 deliver clientSn=795 sn=35
[RESPONDER][SEND] sn=35 client=0 req=735 msg=ClientResponse{orderSn=35,clientSn=735}
[MESSENGER][OK] client=0 deliver clientSn=735 sn=35
[RESPONDER][SEND] sn=35 client=0 req=799 msg=ClientResponse{orderSn=35,clientSn=799}
[MESSENGER][OK] client=0 deliver clientSn=799 sn=35
[RESPONDER][SEND] sn=35 client=0 req=739 msg=ClientResponse{orderSn=35,clientSn=739}
[MESSENGER][OK] client=0 deliver clientSn=739 sn=35
[RESPONDER][SEND] sn=35 client=0 req=803 msg=ClientResponse{orderSn=35,clientSn=803}
[MESSENGER][OK] client=0 deliver clientSn=803 sn=35
[RESPONDER][SEND] sn=35 client=0 req=743 msg=ClientResponse{orderSn=35,clientSn=743}
[MESSENGER][OK] client=0 deliver clientSn=743 sn=35
[RESPONDER][SEND] sn=35 client=0 req=807 msg=ClientResponse{orderSn=35,clientSn=807}
[MESSENGER][OK] client=0 deliver clientSn=807 sn=35
[RESPONDER][SEND] sn=35 client=0 req=747 msg=ClientResponse{orderSn=35,clientSn=747}
[MESSENGER][OK] client=0 deliver clientSn=747 sn=35
[RESPONDER][SEND] sn=35 client=0 req=811 msg=ClientResponse{orderSn=35,clientSn=811}
[MESSENGER][OK] client=0 deliver clientSn=811 sn=35
[RESPONDER][SEND] sn=35 client=0 req=751 msg=ClientResponse{orderSn=35,clientSn=751}
[MESSENGER][OK] client=0 deliver clientSn=751 sn=35
[RESPONDER][SEND] sn=35 client=0 req=815 msg=ClientResponse{orderSn=35,clientSn=815}
[MESSENGER][OK] client=0 deliver clientSn=815 sn=35
[RESPONDER][SEND] sn=35 client=0 req=755 msg=ClientResponse{orderSn=35,clientSn=755}
[MESSENGER][OK] client=0 deliver clientSn=755 sn=35
[RESPONDER][SEND] sn=35 client=0 req=819 msg=ClientResponse{orderSn=35,clientSn=819}
[MESSENGER][OK] client=0 deliver clientSn=819 sn=35
[RESPONDER][SEND] sn=35 client=0 req=759 msg=ClientResponse{orderSn=35,clientSn=759}
[MESSENGER][OK] client=0 deliver clientSn=759 sn=35
[RESPONDER][SEND] sn=35 client=0 req=823 msg=ClientResponse{orderSn=35,clientSn=823}
[MESSENGER][OK] client=0 deliver clientSn=823 sn=35
[RESPONDER][SEND] sn=35 client=0 req=763 msg=ClientResponse{orderSn=35,clientSn=763}
[MESSENGER][OK] client=0 deliver clientSn=763 sn=35
[RESPONDER][SEND] sn=35 client=0 req=827 msg=ClientResponse{orderSn=35,clientSn=827}
[MESSENGER][OK] client=0 deliver clientSn=827 sn=35
[RESPONDER][SEND] sn=35 client=0 req=767 msg=ClientResponse{orderSn=35,clientSn=767}
[MESSENGER][OK] client=0 deliver clientSn=767 sn=35
[RESPONDER][SEND] sn=35 client=0 req=831 msg=ClientResponse{orderSn=35,clientSn=831}
[MESSENGER][OK] client=0 deliver clientSn=831 sn=35
[RESPONDER][ENTRY][DONE] sn=35 sent=32/32
21:01:22.833 INF Handling PREPREPARE. nReq=32 senderID=0 sn=36
21:01:22.833 DBG Creating new Batch. nReq=32
21:01:22.835 INF Handling PREPREPARE. nReq=32 senderID=3 sn=39
21:01:22.835 DBG Creating new Batch. nReq=32
21:01:22.836 DBG Sending PREPARE. senderID=2 sn=36 view=0
21:01:22.838 DBG Sending PREPARE. senderID=2 sn=39 view=0
21:01:22.838 DBG Sending COMMIT. senderID=2 sn=36 view=0
21:01:22.840 DBG Batch ready. batchSize=4096
21:01:22.840 DBG Batch cut. left=0 nBuckets=16 nReq=32 next=0
21:01:22.840 INF Committed entry. latency=0 nReq=32 sn=36
21:01:22.841 DBG Waiting for batch. batchSize=4096
21:01:22.841 INF Delivered batch. nReq=32 sn=36
21:01:22.841 DBG Starting timer. sn=40 view=0
[RESPONDER][ENTRY] sn=36 nreq=32
[RESPONDER][SEND] sn=36 client=0 req=896 msg=ClientResponse{orderSn=36,clientSn=896}
[MESSENGER][OK] client=0 deliver clientSn=896 sn=36
[RESPONDER][SEND] sn=36 client=0 req=960 msg=ClientResponse{orderSn=36,clientSn=960}
[MESSENGER][OK] client=0 deliver clientSn=960 sn=36
[RESPONDER][SEND] sn=36 client=0 req=900 msg=ClientResponse{orderSn=36,clientSn=900}
[MESSENGER][OK] client=0 deliver clientSn=900 sn=36
[RESPONDER][SEND] sn=36 client=0 req=964 msg=ClientResponse{orderSn=36,clientSn=964}
[MESSENGER][OK] client=0 deliver clientSn=964 sn=36
[RESPONDER][SEND] sn=36 client=0 req=904 msg=ClientResponse{orderSn=36,clientSn=904}
[MESSENGER][OK] client=0 deliver clientSn=904 sn=36
[RESPONDER][SEND] sn=36 client=0 req=968 msg=ClientResponse{orderSn=36,clientSn=968}
[MESSENGER][OK] client=0 deliver clientSn=968 sn=36
[RESPONDER][SEND] sn=36 client=0 req=908 msg=ClientResponse{orderSn=36,clientSn=908}
[MESSENGER][OK] client=0 deliver clientSn=908 sn=36
[RESPONDER][SEND] sn=36 client=0 req=972 msg=ClientResponse{orderSn=36,clientSn=972}
[MESSENGER][OK] client=0 deliver clientSn=972 sn=36
[RESPONDER][SEND] sn=36 client=0 req=912 msg=ClientResponse{orderSn=36,clientSn=912}
[MESSENGER][OK] client=0 deliver clientSn=912 sn=36
[RESPONDER][SEND] sn=36 client=0 req=976 msg=ClientResponse{orderSn=36,clientSn=976}
[MESSENGER][OK] client=0 deliver clientSn=976 sn=36
[RESPONDER][SEND] sn=36 client=0 req=916 msg=ClientResponse{orderSn=36,clientSn=916}
[MESSENGER][OK] client=0 deliver clientSn=916 sn=36
[RESPONDER][SEND] sn=36 client=0 req=980 msg=ClientResponse{orderSn=36,clientSn=980}
[MESSENGER][OK] client=0 deliver clientSn=980 sn=36
[RESPONDER][SEND] sn=36 client=0 req=920 msg=ClientResponse{orderSn=36,clientSn=920}
[MESSENGER][OK] client=0 deliver clientSn=920 sn=36
[RESPONDER][SEND] sn=36 client=0 req=984 msg=ClientResponse{orderSn=36,clientSn=984}
[MESSENGER][OK] client=0 deliver clientSn=984 sn=36
[RESPONDER][SEND] sn=36 client=0 req=860 msg=ClientResponse{orderSn=36,clientSn=860}
[MESSENGER][OK] client=0 deliver clientSn=860 sn=36
[RESPONDER][SEND] sn=36 client=0 req=924 msg=ClientResponse{orderSn=36,clientSn=924}
[MESSENGER][OK] client=0 deliver clientSn=924 sn=36
[RESPONDER][SEND] sn=36 client=0 req=864 msg=ClientResponse{orderSn=36,clientSn=864}
[MESSENGER][OK] client=0 deliver clientSn=864 sn=36
[RESPONDER][SEND] sn=36 client=0 req=928 msg=ClientResponse{orderSn=36,clientSn=928}
[MESSENGER][OK] client=0 deliver clientSn=928 sn=36
[RESPONDER][SEND] sn=36 client=0 req=868 msg=ClientResponse{orderSn=36,clientSn=868}
[MESSENGER][OK] client=0 deliver clientSn=868 sn=36
[RESPONDER][SEND] sn=36 client=0 req=932 msg=ClientResponse{orderSn=36,clientSn=932}
[MESSENGER][OK] client=0 deliver clientSn=932 sn=36
[RESPONDER][SEND] sn=36 client=0 req=872 msg=ClientResponse{orderSn=36,clientSn=872}
[MESSENGER][OK] client=0 deliver clientSn=872 sn=36
[RESPONDER][SEND] sn=36 client=0 req=936 msg=ClientResponse{orderSn=36,clientSn=936}
[MESSENGER][OK] client=0 deliver clientSn=936 sn=36
[RESPONDER][SEND] sn=36 client=0 req=876 msg=ClientResponse{orderSn=36,clientSn=876}
[MESSENGER][OK] client=0 deliver clientSn=876 sn=36
[RESPONDER][SEND] sn=36 client=0 req=940 msg=ClientResponse{orderSn=36,clientSn=940}
[MESSENGER][OK] client=0 deliver clientSn=940 sn=36
[RESPONDER][SEND] sn=36 client=0 req=880 msg=ClientResponse{orderSn=36,clientSn=880}
[MESSENGER][OK] client=0 deliver clientSn=880 sn=36
[RESPONDER][SEND] sn=36 client=0 req=944 msg=ClientResponse{orderSn=36,clientSn=944}
[MESSENGER][OK] client=0 deliver clientSn=944 sn=36
[RESPONDER][SEND] sn=36 client=0 req=884 msg=ClientResponse{orderSn=36,clientSn=884}
[MESSENGER][OK] client=0 deliver clientSn=884 sn=36
[RESPONDER][SEND] sn=36 client=0 req=948 msg=ClientResponse{orderSn=36,clientSn=948}
[MESSENGER][OK] client=0 deliver clientSn=948 sn=36
[RESPONDER][SEND] sn=36 client=0 req=888 msg=ClientResponse{orderSn=36,clientSn=888}
[MESSENGER][OK] client=0 deliver clientSn=888 sn=36
[RESPONDER][SEND] sn=36 client=0 req=952 msg=ClientResponse{orderSn=36,clientSn=952}
[MESSENGER][OK] client=0 deliver clientSn=952 sn=36
[RESPONDER][SEND] sn=36 client=0 req=892 msg=ClientResponse{orderSn=36,clientSn=892}
[MESSENGER][OK] client=0 deliver clientSn=892 sn=36
[RESPONDER][SEND] sn=36 client=0 req=956 msg=ClientResponse{orderSn=36,clientSn=956}
[MESSENGER][OK] client=0 deliver clientSn=956 sn=36
[RESPONDER][ENTRY][DONE] sn=36 sent=32/32
21:01:22.843 DBG Sending COMMIT. senderID=2 sn=39 view=0
21:01:22.844 INF Committed entry. latency=0 nReq=32 sn=39
21:01:22.844 DBG Starting timer. sn=43 view=0
21:01:22.845 INF Sending PREPREPARE. nReq=32 senderID=2 sn=38 view=0
21:01:22.847 INF Handling PREPREPARE. nReq=32 senderID=1 sn=37
21:01:22.847 DBG Creating new Batch. nReq=32
21:01:22.851 DBG Sending PREPARE. senderID=2 sn=37 view=0
21:01:22.853 DBG Sending COMMIT. senderID=2 sn=37 view=0
21:01:22.854 DBG Sending COMMIT. senderID=2 sn=38 view=0
21:01:22.855 INF Committed entry. latency=0 nReq=32 sn=37
21:01:22.855 INF Committed entry. latency=0 nReq=32 sn=38
21:01:22.855 INF Delivered batch. nReq=32 sn=37
[RESPONDER][ENTRY] sn=37 nreq=32
[RESPONDER][SEND] sn=37 client=0 req=897 msg=ClientResponse{orderSn=37,clientSn=897}
21:01:22.855 INF Delivered batch. nReq=32 sn=38
[MESSENGER][OK] client=0 deliver clientSn=897 sn=37
[RESPONDER][SEND] sn=37 client=0 req=961 msg=ClientResponse{orderSn=37,clientSn=961}
[MESSENGER][OK] client=0 deliver clientSn=961 sn=37
[RESPONDER][SEND] sn=37 client=0 req=901 msg=ClientResponse{orderSn=37,clientSn=901}
[MESSENGER][OK] client=0 deliver clientSn=901 sn=37
[RESPONDER][SEND] sn=37 client=0 req=965 msg=ClientResponse{orderSn=37,clientSn=965}
21:01:22.856 INF Delivered batch. nReq=32 sn=39
[MESSENGER][OK] client=0 deliver clientSn=965 sn=37
[RESPONDER][SEND] sn=37 client=0 req=905 msg=ClientResponse{orderSn=37,clientSn=905}
[MESSENGER][OK] client=0 deliver clientSn=905 sn=37
[RESPONDER][SEND] sn=37 client=0 req=969 msg=ClientResponse{orderSn=37,clientSn=969}
21:01:22.856 DBG Starting timer. sn=41 view=0
[MESSENGER][OK] client=0 deliver clientSn=969 sn=37
[RESPONDER][SEND] sn=37 client=0 req=909 msg=ClientResponse{orderSn=37,clientSn=909}
[MESSENGER][OK] client=0 deliver clientSn=909 sn=37
[RESPONDER][SEND] sn=37 client=0 req=973 msg=ClientResponse{orderSn=37,clientSn=973}
[MESSENGER][OK] client=0 deliver clientSn=973 sn=37
[RESPONDER][SEND] sn=37 client=0 req=913 msg=ClientResponse{orderSn=37,clientSn=913}
[MESSENGER][OK] client=0 deliver clientSn=913 sn=37
[RESPONDER][SEND] sn=37 client=0 req=977 msg=ClientResponse{orderSn=37,clientSn=977}
21:01:22.856 DBG Starting timer. sn=42 view=0
[MESSENGER][OK] client=0 deliver clientSn=977 sn=37
[RESPONDER][SEND] sn=37 client=0 req=917 msg=ClientResponse{orderSn=37,clientSn=917}
[MESSENGER][OK] client=0 deliver clientSn=917 sn=37
[RESPONDER][SEND] sn=37 client=0 req=981 msg=ClientResponse{orderSn=37,clientSn=981}
[MESSENGER][OK] client=0 deliver clientSn=981 sn=37
[RESPONDER][SEND] sn=37 client=0 req=921 msg=ClientResponse{orderSn=37,clientSn=921}
[MESSENGER][OK] client=0 deliver clientSn=921 sn=37
[RESPONDER][SEND] sn=37 client=0 req=985 msg=ClientResponse{orderSn=37,clientSn=985}
[MESSENGER][OK] client=0 deliver clientSn=985 sn=37
[RESPONDER][SEND] sn=37 client=0 req=861 msg=ClientResponse{orderSn=37,clientSn=861}
[MESSENGER][OK] client=0 deliver clientSn=861 sn=37
[RESPONDER][SEND] sn=37 client=0 req=925 msg=ClientResponse{orderSn=37,clientSn=925}
[MESSENGER][OK] client=0 deliver clientSn=925 sn=37
[RESPONDER][SEND] sn=37 client=0 req=865 msg=ClientResponse{orderSn=37,clientSn=865}
[MESSENGER][OK] client=0 deliver clientSn=865 sn=37
[RESPONDER][SEND] sn=37 client=0 req=929 msg=ClientResponse{orderSn=37,clientSn=929}
[MESSENGER][OK] client=0 deliver clientSn=929 sn=37
[RESPONDER][SEND] sn=37 client=0 req=869 msg=ClientResponse{orderSn=37,clientSn=869}
[MESSENGER][OK] client=0 deliver clientSn=869 sn=37
[RESPONDER][SEND] sn=37 client=0 req=933 msg=ClientResponse{orderSn=37,clientSn=933}
[MESSENGER][OK] client=0 deliver clientSn=933 sn=37
[RESPONDER][SEND] sn=37 client=0 req=873 msg=ClientResponse{orderSn=37,clientSn=873}
[MESSENGER][OK] client=0 deliver clientSn=873 sn=37
[RESPONDER][SEND] sn=37 client=0 req=937 msg=ClientResponse{orderSn=37,clientSn=937}
[MESSENGER][OK] client=0 deliver clientSn=937 sn=37
[RESPONDER][SEND] sn=37 client=0 req=877 msg=ClientResponse{orderSn=37,clientSn=877}
[MESSENGER][OK] client=0 deliver clientSn=877 sn=37
[RESPONDER][SEND] sn=37 client=0 req=941 msg=ClientResponse{orderSn=37,clientSn=941}
[MESSENGER][OK] client=0 deliver clientSn=941 sn=37
[RESPONDER][SEND] sn=37 client=0 req=881 msg=ClientResponse{orderSn=37,clientSn=881}
[MESSENGER][OK] client=0 deliver clientSn=881 sn=37
[RESPONDER][SEND] sn=37 client=0 req=945 msg=ClientResponse{orderSn=37,clientSn=945}
[MESSENGER][OK] client=0 deliver clientSn=945 sn=37
[RESPONDER][SEND] sn=37 client=0 req=885 msg=ClientResponse{orderSn=37,clientSn=885}
[MESSENGER][OK] client=0 deliver clientSn=885 sn=37
[RESPONDER][SEND] sn=37 client=0 req=949 msg=ClientResponse{orderSn=37,clientSn=949}
[MESSENGER][OK] client=0 deliver clientSn=949 sn=37
[RESPONDER][SEND] sn=37 client=0 req=889 msg=ClientResponse{orderSn=37,clientSn=889}
[MESSENGER][OK] client=0 deliver clientSn=889 sn=37
[RESPONDER][SEND] sn=37 client=0 req=953 msg=ClientResponse{orderSn=37,clientSn=953}
[MESSENGER][OK] client=0 deliver clientSn=953 sn=37
[RESPONDER][SEND] sn=37 client=0 req=893 msg=ClientResponse{orderSn=37,clientSn=893}
[MESSENGER][OK] client=0 deliver clientSn=893 sn=37
[RESPONDER][SEND] sn=37 client=0 req=957 msg=ClientResponse{orderSn=37,clientSn=957}
[MESSENGER][OK] client=0 deliver clientSn=957 sn=37
[RESPONDER][ENTRY][DONE] sn=37 sent=32/32
[RESPONDER][ENTRY] sn=38 nreq=32
[RESPONDER][SEND] sn=38 client=0 req=898 msg=ClientResponse{orderSn=38,clientSn=898}
[MESSENGER][OK] client=0 deliver clientSn=898 sn=38
[RESPONDER][SEND] sn=38 client=0 req=962 msg=ClientResponse{orderSn=38,clientSn=962}
[MESSENGER][OK] client=0 deliver clientSn=962 sn=38
[RESPONDER][SEND] sn=38 client=0 req=902 msg=ClientResponse{orderSn=38,clientSn=902}
[MESSENGER][OK] client=0 deliver clientSn=902 sn=38
[RESPONDER][SEND] sn=38 client=0 req=966 msg=ClientResponse{orderSn=38,clientSn=966}
[MESSENGER][OK] client=0 deliver clientSn=966 sn=38
[RESPONDER][SEND] sn=38 client=0 req=906 msg=ClientResponse{orderSn=38,clientSn=906}
[MESSENGER][OK] client=0 deliver clientSn=906 sn=38
[RESPONDER][SEND] sn=38 client=0 req=970 msg=ClientResponse{orderSn=38,clientSn=970}
[MESSENGER][OK] client=0 deliver clientSn=970 sn=38
[RESPONDER][SEND] sn=38 client=0 req=910 msg=ClientResponse{orderSn=38,clientSn=910}
[MESSENGER][OK] client=0 deliver clientSn=910 sn=38
[RESPONDER][SEND] sn=38 client=0 req=974 msg=ClientResponse{orderSn=38,clientSn=974}
[MESSENGER][OK] client=0 deliver clientSn=974 sn=38
[RESPONDER][SEND] sn=38 client=0 req=914 msg=ClientResponse{orderSn=38,clientSn=914}
[MESSENGER][OK] client=0 deliver clientSn=914 sn=38
[RESPONDER][SEND] sn=38 client=0 req=978 msg=ClientResponse{orderSn=38,clientSn=978}
[MESSENGER][OK] client=0 deliver clientSn=978 sn=38
[RESPONDER][SEND] sn=38 client=0 req=918 msg=ClientResponse{orderSn=38,clientSn=918}
[MESSENGER][OK] client=0 deliver clientSn=918 sn=38
[RESPONDER][SEND] sn=38 client=0 req=982 msg=ClientResponse{orderSn=38,clientSn=982}
[MESSENGER][OK] client=0 deliver clientSn=982 sn=38
[RESPONDER][SEND] sn=38 client=0 req=922 msg=ClientResponse{orderSn=38,clientSn=922}
[MESSENGER][OK] client=0 deliver clientSn=922 sn=38
[RESPONDER][SEND] sn=38 client=0 req=986 msg=ClientResponse{orderSn=38,clientSn=986}
[MESSENGER][OK] client=0 deliver clientSn=986 sn=38
[RESPONDER][SEND] sn=38 client=0 req=862 msg=ClientResponse{orderSn=38,clientSn=862}
[MESSENGER][OK] client=0 deliver clientSn=862 sn=38
[RESPONDER][SEND] sn=38 client=0 req=926 msg=ClientResponse{orderSn=38,clientSn=926}
[MESSENGER][OK] client=0 deliver clientSn=926 sn=38
[RESPONDER][SEND] sn=38 client=0 req=866 msg=ClientResponse{orderSn=38,clientSn=866}
[MESSENGER][OK] client=0 deliver clientSn=866 sn=38
[RESPONDER][SEND] sn=38 client=0 req=930 msg=ClientResponse{orderSn=38,clientSn=930}
[MESSENGER][OK] client=0 deliver clientSn=930 sn=38
[RESPONDER][SEND] sn=38 client=0 req=870 msg=ClientResponse{orderSn=38,clientSn=870}
[MESSENGER][OK] client=0 deliver clientSn=870 sn=38
[RESPONDER][SEND] sn=38 client=0 req=934 msg=ClientResponse{orderSn=38,clientSn=934}
[MESSENGER][OK] client=0 deliver clientSn=934 sn=38
[RESPONDER][SEND] sn=38 client=0 req=874 msg=ClientResponse{orderSn=38,clientSn=874}
[MESSENGER][OK] client=0 deliver clientSn=874 sn=38
[RESPONDER][SEND] sn=38 client=0 req=938 msg=ClientResponse{orderSn=38,clientSn=938}
[MESSENGER][OK] client=0 deliver clientSn=938 sn=38
[RESPONDER][SEND] sn=38 client=0 req=878 msg=ClientResponse{orderSn=38,clientSn=878}
[MESSENGER][OK] client=0 deliver clientSn=878 sn=38
[RESPONDER][SEND] sn=38 client=0 req=942 msg=ClientResponse{orderSn=38,clientSn=942}
[MESSENGER][OK] client=0 deliver clientSn=942 sn=38
[RESPONDER][SEND] sn=38 client=0 req=882 msg=ClientResponse{orderSn=38,clientSn=882}
[MESSENGER][OK] client=0 deliver clientSn=882 sn=38
[RESPONDER][SEND] sn=38 client=0 req=946 msg=ClientResponse{orderSn=38,clientSn=946}
[MESSENGER][OK] client=0 deliver clientSn=946 sn=38
[RESPONDER][SEND] sn=38 client=0 req=886 msg=ClientResponse{orderSn=38,clientSn=886}
[MESSENGER][OK] client=0 deliver clientSn=886 sn=38
[RESPONDER][SEND] sn=38 client=0 req=950 msg=ClientResponse{orderSn=38,clientSn=950}
[MESSENGER][OK] client=0 deliver clientSn=950 sn=38
[RESPONDER][SEND] sn=38 client=0 req=890 msg=ClientResponse{orderSn=38,clientSn=890}
[MESSENGER][OK] client=0 deliver clientSn=890 sn=38
[RESPONDER][SEND] sn=38 client=0 req=954 msg=ClientResponse{orderSn=38,clientSn=954}
[MESSENGER][OK] client=0 deliver clientSn=954 sn=38
[RESPONDER][SEND] sn=38 client=0 req=894 msg=ClientResponse{orderSn=38,clientSn=894}
[MESSENGER][OK] client=0 deliver clientSn=894 sn=38
[RESPONDER][SEND] sn=38 client=0 req=958 msg=ClientResponse{orderSn=38,clientSn=958}
[MESSENGER][OK] client=0 deliver clientSn=958 sn=38
[RESPONDER][ENTRY][DONE] sn=38 sent=32/32
[RESPONDER][ENTRY] sn=39 nreq=32
[RESPONDER][SEND] sn=39 client=0 req=899 msg=ClientResponse{orderSn=39,clientSn=899}
[MESSENGER][OK] client=0 deliver clientSn=899 sn=39
[RESPONDER][SEND] sn=39 client=0 req=963 msg=ClientResponse{orderSn=39,clientSn=963}
[MESSENGER][OK] client=0 deliver clientSn=963 sn=39
[RESPONDER][SEND] sn=39 client=0 req=903 msg=ClientResponse{orderSn=39,clientSn=903}
[MESSENGER][OK] client=0 deliver clientSn=903 sn=39
[RESPONDER][SEND] sn=39 client=0 req=967 msg=ClientResponse{orderSn=39,clientSn=967}
[MESSENGER][OK] client=0 deliver clientSn=967 sn=39
[RESPONDER][SEND] sn=39 client=0 req=907 msg=ClientResponse{orderSn=39,clientSn=907}
[MESSENGER][OK] client=0 deliver clientSn=907 sn=39
[RESPONDER][SEND] sn=39 client=0 req=971 msg=ClientResponse{orderSn=39,clientSn=971}
[MESSENGER][OK] client=0 deliver clientSn=971 sn=39
[RESPONDER][SEND] sn=39 client=0 req=911 msg=ClientResponse{orderSn=39,clientSn=911}
[MESSENGER][OK] client=0 deliver clientSn=911 sn=39
[RESPONDER][SEND] sn=39 client=0 req=975 msg=ClientResponse{orderSn=39,clientSn=975}
[MESSENGER][OK] client=0 deliver clientSn=975 sn=39
[RESPONDER][SEND] sn=39 client=0 req=915 msg=ClientResponse{orderSn=39,clientSn=915}
[MESSENGER][OK] client=0 deliver clientSn=915 sn=39
[RESPONDER][SEND] sn=39 client=0 req=979 msg=ClientResponse{orderSn=39,clientSn=979}
[MESSENGER][OK] client=0 deliver clientSn=979 sn=39
[RESPONDER][SEND] sn=39 client=0 req=919 msg=ClientResponse{orderSn=39,clientSn=919}
[MESSENGER][OK] client=0 deliver clientSn=919 sn=39
[RESPONDER][SEND] sn=39 client=0 req=983 msg=ClientResponse{orderSn=39,clientSn=983}
[MESSENGER][OK] client=0 deliver clientSn=983 sn=39
[RESPONDER][SEND] sn=39 client=0 req=859 msg=ClientResponse{orderSn=39,clientSn=859}
[MESSENGER][OK] client=0 deliver clientSn=859 sn=39
[RESPONDER][SEND] sn=39 client=0 req=923 msg=ClientResponse{orderSn=39,clientSn=923}
[MESSENGER][OK] client=0 deliver clientSn=923 sn=39
[RESPONDER][SEND] sn=39 client=0 req=863 msg=ClientResponse{orderSn=39,clientSn=863}
[MESSENGER][OK] client=0 deliver clientSn=863 sn=39
[RESPONDER][SEND] sn=39 client=0 req=927 msg=ClientResponse{orderSn=39,clientSn=927}
[MESSENGER][OK] client=0 deliver clientSn=927 sn=39
[RESPONDER][SEND] sn=39 client=0 req=867 msg=ClientResponse{orderSn=39,clientSn=867}
[MESSENGER][OK] client=0 deliver clientSn=867 sn=39
[RESPONDER][SEND] sn=39 client=0 req=931 msg=ClientResponse{orderSn=39,clientSn=931}
[MESSENGER][OK] client=0 deliver clientSn=931 sn=39
[RESPONDER][SEND] sn=39 client=0 req=871 msg=ClientResponse{orderSn=39,clientSn=871}
[MESSENGER][OK] client=0 deliver clientSn=871 sn=39
[RESPONDER][SEND] sn=39 client=0 req=935 msg=ClientResponse{orderSn=39,clientSn=935}
[MESSENGER][OK] client=0 deliver clientSn=935 sn=39
[RESPONDER][SEND] sn=39 client=0 req=875 msg=ClientResponse{orderSn=39,clientSn=875}
[MESSENGER][OK] client=0 deliver clientSn=875 sn=39
[RESPONDER][SEND] sn=39 client=0 req=939 msg=ClientResponse{orderSn=39,clientSn=939}
[MESSENGER][OK] client=0 deliver clientSn=939 sn=39
[RESPONDER][SEND] sn=39 client=0 req=879 msg=ClientResponse{orderSn=39,clientSn=879}
[MESSENGER][OK] client=0 deliver clientSn=879 sn=39
[RESPONDER][SEND] sn=39 client=0 req=943 msg=ClientResponse{orderSn=39,clientSn=943}
[MESSENGER][OK] client=0 deliver clientSn=943 sn=39
[RESPONDER][SEND] sn=39 client=0 req=883 msg=ClientResponse{orderSn=39,clientSn=883}
[MESSENGER][OK] client=0 deliver clientSn=883 sn=39
[RESPONDER][SEND] sn=39 client=0 req=947 msg=ClientResponse{orderSn=39,clientSn=947}
[MESSENGER][OK] client=0 deliver clientSn=947 sn=39
[RESPONDER][SEND] sn=39 client=0 req=887 msg=ClientResponse{orderSn=39,clientSn=887}
[MESSENGER][OK] client=0 deliver clientSn=887 sn=39
[RESPONDER][SEND] sn=39 client=0 req=951 msg=ClientResponse{orderSn=39,clientSn=951}
[MESSENGER][OK] client=0 deliver clientSn=951 sn=39
[RESPONDER][SEND] sn=39 client=0 req=891 msg=ClientResponse{orderSn=39,clientSn=891}
[MESSENGER][OK] client=0 deliver clientSn=891 sn=39
[RESPONDER][SEND] sn=39 client=0 req=955 msg=ClientResponse{orderSn=39,clientSn=955}
[MESSENGER][OK] client=0 deliver clientSn=955 sn=39
[RESPONDER][SEND] sn=39 client=0 req=895 msg=ClientResponse{orderSn=39,clientSn=895}
[MESSENGER][OK] client=0 deliver clientSn=895 sn=39
[RESPONDER][SEND] sn=39 client=0 req=959 msg=ClientResponse{orderSn=39,clientSn=959}
[MESSENGER][OK] client=0 deliver clientSn=959 sn=39
[RESPONDER][ENTRY][DONE] sn=39 sent=32/32
21:01:23.835 INF Handling PREPREPARE. nReq=32 senderID=0 sn=40
21:01:23.835 DBG Creating new Batch. nReq=32
21:01:23.837 DBG Sending PREPARE. senderID=2 sn=40 view=0
21:01:23.839 DBG Sending COMMIT. senderID=2 sn=40 view=0
21:01:23.841 DBG Batch ready. batchSize=4096
21:01:23.841 INF Handling PREPREPARE. nReq=33 senderID=3 sn=43
21:01:23.841 INF Committed entry. latency=0 nReq=32 sn=40
21:01:23.841 DBG Creating new Batch. nReq=33
21:01:23.841 INF Delivered batch. nReq=32 sn=40
21:01:23.841 DBG Batch cut. left=0 nBuckets=16 nReq=32 next=0
21:01:23.842 DBG Starting timer. sn=44 view=0
[RESPONDER][ENTRY] sn=40 nreq=32
[RESPONDER][SEND] sn=40 client=0 req=1024 msg=ClientResponse{orderSn=40,clientSn=1024}
[MESSENGER][OK] client=0 deliver clientSn=1024 sn=40
[RESPONDER][SEND] sn=40 client=0 req=1088 msg=ClientResponse{orderSn=40,clientSn=1088}
[MESSENGER][OK] client=0 deliver clientSn=1088 sn=40
[RESPONDER][SEND] sn=40 client=0 req=1028 msg=ClientResponse{orderSn=40,clientSn=1028}
[MESSENGER][OK] client=0 deliver clientSn=1028 sn=40
[RESPONDER][SEND] sn=40 client=0 req=1092 msg=ClientResponse{orderSn=40,clientSn=1092}
[MESSENGER][OK] client=0 deliver clientSn=1092 sn=40
[RESPONDER][SEND] sn=40 client=0 req=1032 msg=ClientResponse{orderSn=40,clientSn=1032}
[MESSENGER][OK] client=0 deliver clientSn=1032 sn=40
[RESPONDER][SEND] sn=40 client=0 req=1096 msg=ClientResponse{orderSn=40,clientSn=1096}
[MESSENGER][OK] client=0 deliver clientSn=1096 sn=40
[RESPONDER][SEND] sn=40 client=0 req=1036 msg=ClientResponse{orderSn=40,clientSn=1036}
[MESSENGER][OK] client=0 deliver clientSn=1036 sn=40
[RESPONDER][SEND] sn=40 client=0 req=1100 msg=ClientResponse{orderSn=40,clientSn=1100}
[MESSENGER][OK] client=0 deliver clientSn=1100 sn=40
[RESPONDER][SEND] sn=40 client=0 req=1040 msg=ClientResponse{orderSn=40,clientSn=1040}
[MESSENGER][OK] client=0 deliver clientSn=1040 sn=40
[RESPONDER][SEND] sn=40 client=0 req=1104 msg=ClientResponse{orderSn=40,clientSn=1104}
[MESSENGER][OK] client=0 deliver clientSn=1104 sn=40
[RESPONDER][SEND] sn=40 client=0 req=1044 msg=ClientResponse{orderSn=40,clientSn=1044}
[MESSENGER][OK] client=0 deliver clientSn=1044 sn=40
[RESPONDER][SEND] sn=40 client=0 req=1108 msg=ClientResponse{orderSn=40,clientSn=1108}
[MESSENGER][OK] client=0 deliver clientSn=1108 sn=40
[RESPONDER][SEND] sn=40 client=0 req=1048 msg=ClientResponse{orderSn=40,clientSn=1048}
[MESSENGER][OK] client=0 deliver clientSn=1048 sn=40
[RESPONDER][SEND] sn=40 client=0 req=1112 msg=ClientResponse{orderSn=40,clientSn=1112}
[MESSENGER][OK] client=0 deliver clientSn=1112 sn=40
[RESPONDER][SEND] sn=40 client=0 req=988 msg=ClientResponse{orderSn=40,clientSn=988}
[MESSENGER][OK] client=0 deliver clientSn=988 sn=40
[RESPONDER][SEND] sn=40 client=0 req=1052 msg=ClientResponse{orderSn=40,clientSn=1052}
[MESSENGER][OK] client=0 deliver clientSn=1052 sn=40
[RESPONDER][SEND] sn=40 client=0 req=992 msg=ClientResponse{orderSn=40,clientSn=992}
[MESSENGER][OK] client=0 deliver clientSn=992 sn=40
[RESPONDER][SEND] sn=40 client=0 req=1056 msg=ClientResponse{orderSn=40,clientSn=1056}
[MESSENGER][OK] client=0 deliver clientSn=1056 sn=40
[RESPONDER][SEND] sn=40 client=0 req=996 msg=ClientResponse{orderSn=40,clientSn=996}
[MESSENGER][OK] client=0 deliver clientSn=996 sn=40
[RESPONDER][SEND] sn=40 client=0 req=1060 msg=ClientResponse{orderSn=40,clientSn=1060}
[MESSENGER][OK] client=0 deliver clientSn=1060 sn=40
[RESPONDER][SEND] sn=40 client=0 req=1000 msg=ClientResponse{orderSn=40,clientSn=1000}
[MESSENGER][OK] client=0 deliver clientSn=1000 sn=40
[RESPONDER][SEND] sn=40 client=0 req=1064 msg=ClientResponse{orderSn=40,clientSn=1064}
[MESSENGER][OK] client=0 deliver clientSn=1064 sn=40
[RESPONDER][SEND] sn=40 client=0 req=1004 msg=ClientResponse{orderSn=40,clientSn=1004}
[MESSENGER][OK] client=0 deliver clientSn=1004 sn=40
[RESPONDER][SEND] sn=40 client=0 req=1068 msg=ClientResponse{orderSn=40,clientSn=1068}
[MESSENGER][OK] client=0 deliver clientSn=1068 sn=40
[RESPONDER][SEND] sn=40 client=0 req=1008 msg=ClientResponse{orderSn=40,clientSn=1008}
[MESSENGER][OK] client=0 deliver clientSn=1008 sn=40
[RESPONDER][SEND] sn=40 client=0 req=1072 msg=ClientResponse{orderSn=40,clientSn=1072}
[MESSENGER][OK] client=0 deliver clientSn=1072 sn=40
[RESPONDER][SEND] sn=40 client=0 req=1012 msg=ClientResponse{orderSn=40,clientSn=1012}
[MESSENGER][OK] client=0 deliver clientSn=1012 sn=40
[RESPONDER][SEND] sn=40 client=0 req=1076 msg=ClientResponse{orderSn=40,clientSn=1076}
[MESSENGER][OK] client=0 deliver clientSn=1076 sn=40
[RESPONDER][SEND] sn=40 client=0 req=1016 msg=ClientResponse{orderSn=40,clientSn=1016}
[MESSENGER][OK] client=0 deliver clientSn=1016 sn=40
[RESPONDER][SEND] sn=40 client=0 req=1080 msg=ClientResponse{orderSn=40,clientSn=1080}
[MESSENGER][OK] client=0 deliver clientSn=1080 sn=40
[RESPONDER][SEND] sn=40 client=0 req=1020 msg=ClientResponse{orderSn=40,clientSn=1020}
[MESSENGER][OK] client=0 deliver clientSn=1020 sn=40
[RESPONDER][SEND] sn=40 client=0 req=1084 msg=ClientResponse{orderSn=40,clientSn=1084}
[MESSENGER][OK] client=0 deliver clientSn=1084 sn=40
[RESPONDER][ENTRY][DONE] sn=40 sent=32/32
21:01:23.844 DBG Waiting for batch. batchSize=4096
21:01:23.845 INF Sending PREPREPARE. nReq=32 senderID=2 sn=42 view=0
21:01:23.847 DBG Sending PREPARE. senderID=2 sn=43 view=0
21:01:23.847 DBG Sending COMMIT. senderID=2 sn=43 view=0
21:01:23.847 INF Committed entry. latency=0 nReq=33 sn=43
21:01:23.848 DBG Starting timer. sn=47 view=0
21:01:23.849 INF Handling PREPREPARE. nReq=32 senderID=1 sn=41
21:01:23.849 DBG Creating new Batch. nReq=32
21:01:23.854 DBG Sending PREPARE. senderID=2 sn=41 view=0
21:01:23.855 DBG Sending COMMIT. senderID=2 sn=42 view=0
21:01:23.857 DBG Sending COMMIT. senderID=2 sn=41 view=0
21:01:23.858 INF Committed entry. latency=0 nReq=32 sn=42
21:01:23.858 DBG Starting timer. sn=46 view=0
21:01:23.859 INF Committed entry. latency=0 nReq=32 sn=41
21:01:23.859 INF Delivered batch. nReq=32 sn=41
21:01:23.859 INF Delivered batch. nReq=32 sn=42
21:01:23.859 INF Delivered batch. nReq=33 sn=43
21:01:23.859 DBG Starting timer. sn=45 view=0
[RESPONDER][ENTRY] sn=41 nreq=32
[RESPONDER][SEND] sn=41 client=0 req=1025 msg=ClientResponse{orderSn=41,clientSn=1025}
[MESSENGER][OK] client=0 deliver clientSn=1025 sn=41
[RESPONDER][SEND] sn=41 client=0 req=1089 msg=ClientResponse{orderSn=41,clientSn=1089}
[MESSENGER][OK] client=0 deliver clientSn=1089 sn=41
[RESPONDER][SEND] sn=41 client=0 req=1029 msg=ClientResponse{orderSn=41,clientSn=1029}
[MESSENGER][OK] client=0 deliver clientSn=1029 sn=41
[RESPONDER][SEND] sn=41 client=0 req=1093 msg=ClientResponse{orderSn=41,clientSn=1093}
[MESSENGER][OK] client=0 deliver clientSn=1093 sn=41
[RESPONDER][SEND] sn=41 client=0 req=1033 msg=ClientResponse{orderSn=41,clientSn=1033}
[MESSENGER][OK] client=0 deliver clientSn=1033 sn=41
[RESPONDER][SEND] sn=41 client=0 req=1097 msg=ClientResponse{orderSn=41,clientSn=1097}
[MESSENGER][OK] client=0 deliver clientSn=1097 sn=41
[RESPONDER][SEND] sn=41 client=0 req=1037 msg=ClientResponse{orderSn=41,clientSn=1037}
[MESSENGER][OK] client=0 deliver clientSn=1037 sn=41
[RESPONDER][SEND] sn=41 client=0 req=1101 msg=ClientResponse{orderSn=41,clientSn=1101}
[MESSENGER][OK] client=0 deliver clientSn=1101 sn=41
[RESPONDER][SEND] sn=41 client=0 req=1041 msg=ClientResponse{orderSn=41,clientSn=1041}
[MESSENGER][OK] client=0 deliver clientSn=1041 sn=41
[RESPONDER][SEND] sn=41 client=0 req=1105 msg=ClientResponse{orderSn=41,clientSn=1105}
[MESSENGER][OK] client=0 deliver clientSn=1105 sn=41
[RESPONDER][SEND] sn=41 client=0 req=1045 msg=ClientResponse{orderSn=41,clientSn=1045}
[MESSENGER][OK] client=0 deliver clientSn=1045 sn=41
[RESPONDER][SEND] sn=41 client=0 req=1109 msg=ClientResponse{orderSn=41,clientSn=1109}
[MESSENGER][OK] client=0 deliver clientSn=1109 sn=41
[RESPONDER][SEND] sn=41 client=0 req=1049 msg=ClientResponse{orderSn=41,clientSn=1049}
[MESSENGER][OK] client=0 deliver clientSn=1049 sn=41
[RESPONDER][SEND] sn=41 client=0 req=1113 msg=ClientResponse{orderSn=41,clientSn=1113}
[MESSENGER][OK] client=0 deliver clientSn=1113 sn=41
[RESPONDER][SEND] sn=41 client=0 req=989 msg=ClientResponse{orderSn=41,clientSn=989}
[MESSENGER][OK] client=0 deliver clientSn=989 sn=41
[RESPONDER][SEND] sn=41 client=0 req=1053 msg=ClientResponse{orderSn=41,clientSn=1053}
[MESSENGER][OK] client=0 deliver clientSn=1053 sn=41
[RESPONDER][SEND] sn=41 client=0 req=993 msg=ClientResponse{orderSn=41,clientSn=993}
[MESSENGER][OK] client=0 deliver clientSn=993 sn=41
[RESPONDER][SEND] sn=41 client=0 req=1057 msg=ClientResponse{orderSn=41,clientSn=1057}
[MESSENGER][OK] client=0 deliver clientSn=1057 sn=41
[RESPONDER][SEND] sn=41 client=0 req=997 msg=ClientResponse{orderSn=41,clientSn=997}
[MESSENGER][OK] client=0 deliver clientSn=997 sn=41
[RESPONDER][SEND] sn=41 client=0 req=1061 msg=ClientResponse{orderSn=41,clientSn=1061}
[MESSENGER][OK] client=0 deliver clientSn=1061 sn=41
[RESPONDER][SEND] sn=41 client=0 req=1001 msg=ClientResponse{orderSn=41,clientSn=1001}
[MESSENGER][OK] client=0 deliver clientSn=1001 sn=41
[RESPONDER][SEND] sn=41 client=0 req=1065 msg=ClientResponse{orderSn=41,clientSn=1065}
[MESSENGER][OK] client=0 deliver clientSn=1065 sn=41
[RESPONDER][SEND] sn=41 client=0 req=1005 msg=ClientResponse{orderSn=41,clientSn=1005}
[MESSENGER][OK] client=0 deliver clientSn=1005 sn=41
[RESPONDER][SEND] sn=41 client=0 req=1069 msg=ClientResponse{orderSn=41,clientSn=1069}
[MESSENGER][OK] client=0 deliver clientSn=1069 sn=41
[RESPONDER][SEND] sn=41 client=0 req=1009 msg=ClientResponse{orderSn=41,clientSn=1009}
[MESSENGER][OK] client=0 deliver clientSn=1009 sn=41
[RESPONDER][SEND] sn=41 client=0 req=1073 msg=ClientResponse{orderSn=41,clientSn=1073}
[MESSENGER][OK] client=0 deliver clientSn=1073 sn=41
[RESPONDER][SEND] sn=41 client=0 req=1013 msg=ClientResponse{orderSn=41,clientSn=1013}
[MESSENGER][OK] client=0 deliver clientSn=1013 sn=41
[RESPONDER][SEND] sn=41 client=0 req=1077 msg=ClientResponse{orderSn=41,clientSn=1077}
[MESSENGER][OK] client=0 deliver clientSn=1077 sn=41
[RESPONDER][SEND] sn=41 client=0 req=1017 msg=ClientResponse{orderSn=41,clientSn=1017}
[MESSENGER][OK] client=0 deliver clientSn=1017 sn=41
[RESPONDER][SEND] sn=41 client=0 req=1081 msg=ClientResponse{orderSn=41,clientSn=1081}
[MESSENGER][OK] client=0 deliver clientSn=1081 sn=41
[RESPONDER][SEND] sn=41 client=0 req=1021 msg=ClientResponse{orderSn=41,clientSn=1021}
[MESSENGER][OK] client=0 deliver clientSn=1021 sn=41
[RESPONDER][SEND] sn=41 client=0 req=1085 msg=ClientResponse{orderSn=41,clientSn=1085}
[MESSENGER][OK] client=0 deliver clientSn=1085 sn=41
[RESPONDER][ENTRY][DONE] sn=41 sent=32/32
[RESPONDER][ENTRY] sn=42 nreq=32
[RESPONDER][SEND] sn=42 client=0 req=1026 msg=ClientResponse{orderSn=42,clientSn=1026}
[MESSENGER][OK] client=0 deliver clientSn=1026 sn=42
[RESPONDER][SEND] sn=42 client=0 req=1090 msg=ClientResponse{orderSn=42,clientSn=1090}
[MESSENGER][OK] client=0 deliver clientSn=1090 sn=42
[RESPONDER][SEND] sn=42 client=0 req=1030 msg=ClientResponse{orderSn=42,clientSn=1030}
[MESSENGER][OK] client=0 deliver clientSn=1030 sn=42
[RESPONDER][SEND] sn=42 client=0 req=1094 msg=ClientResponse{orderSn=42,clientSn=1094}
[MESSENGER][OK] client=0 deliver clientSn=1094 sn=42
[RESPONDER][SEND] sn=42 client=0 req=1034 msg=ClientResponse{orderSn=42,clientSn=1034}
[MESSENGER][OK] client=0 deliver clientSn=1034 sn=42
[RESPONDER][SEND] sn=42 client=0 req=1098 msg=ClientResponse{orderSn=42,clientSn=1098}
[MESSENGER][OK] client=0 deliver clientSn=1098 sn=42
[RESPONDER][SEND] sn=42 client=0 req=1038 msg=ClientResponse{orderSn=42,clientSn=1038}
[MESSENGER][OK] client=0 deliver clientSn=1038 sn=42
[RESPONDER][SEND] sn=42 client=0 req=1102 msg=ClientResponse{orderSn=42,clientSn=1102}
[MESSENGER][OK] client=0 deliver clientSn=1102 sn=42
[RESPONDER][SEND] sn=42 client=0 req=1042 msg=ClientResponse{orderSn=42,clientSn=1042}
[MESSENGER][OK] client=0 deliver clientSn=1042 sn=42
[RESPONDER][SEND] sn=42 client=0 req=1106 msg=ClientResponse{orderSn=42,clientSn=1106}
[MESSENGER][OK] client=0 deliver clientSn=1106 sn=42
[RESPONDER][SEND] sn=42 client=0 req=1046 msg=ClientResponse{orderSn=42,clientSn=1046}
[MESSENGER][OK] client=0 deliver clientSn=1046 sn=42
[RESPONDER][SEND] sn=42 client=0 req=1110 msg=ClientResponse{orderSn=42,clientSn=1110}
[MESSENGER][OK] client=0 deliver clientSn=1110 sn=42
[RESPONDER][SEND] sn=42 client=0 req=1050 msg=ClientResponse{orderSn=42,clientSn=1050}
[MESSENGER][OK] client=0 deliver clientSn=1050 sn=42
[RESPONDER][SEND] sn=42 client=0 req=1114 msg=ClientResponse{orderSn=42,clientSn=1114}
[MESSENGER][OK] client=0 deliver clientSn=1114 sn=42
[RESPONDER][SEND] sn=42 client=0 req=990 msg=ClientResponse{orderSn=42,clientSn=990}
[MESSENGER][OK] client=0 deliver clientSn=990 sn=42
[RESPONDER][SEND] sn=42 client=0 req=1054 msg=ClientResponse{orderSn=42,clientSn=1054}
[MESSENGER][OK] client=0 deliver clientSn=1054 sn=42
[RESPONDER][SEND] sn=42 client=0 req=994 msg=ClientResponse{orderSn=42,clientSn=994}
[MESSENGER][OK] client=0 deliver clientSn=994 sn=42
[RESPONDER][SEND] sn=42 client=0 req=1058 msg=ClientResponse{orderSn=42,clientSn=1058}
[MESSENGER][OK] client=0 deliver clientSn=1058 sn=42
[RESPONDER][SEND] sn=42 client=0 req=998 msg=ClientResponse{orderSn=42,clientSn=998}
[MESSENGER][OK] client=0 deliver clientSn=998 sn=42
[RESPONDER][SEND] sn=42 client=0 req=1062 msg=ClientResponse{orderSn=42,clientSn=1062}
[MESSENGER][OK] client=0 deliver clientSn=1062 sn=42
[RESPONDER][SEND] sn=42 client=0 req=1002 msg=ClientResponse{orderSn=42,clientSn=1002}
[MESSENGER][OK] client=0 deliver clientSn=1002 sn=42
[RESPONDER][SEND] sn=42 client=0 req=1066 msg=ClientResponse{orderSn=42,clientSn=1066}
[MESSENGER][OK] client=0 deliver clientSn=1066 sn=42
[RESPONDER][SEND] sn=42 client=0 req=1006 msg=ClientResponse{orderSn=42,clientSn=1006}
[MESSENGER][OK] client=0 deliver clientSn=1006 sn=42
[RESPONDER][SEND] sn=42 client=0 req=1070 msg=ClientResponse{orderSn=42,clientSn=1070}
[MESSENGER][OK] client=0 deliver clientSn=1070 sn=42
[RESPONDER][SEND] sn=42 client=0 req=1010 msg=ClientResponse{orderSn=42,clientSn=1010}
[MESSENGER][OK] client=0 deliver clientSn=1010 sn=42
[RESPONDER][SEND] sn=42 client=0 req=1074 msg=ClientResponse{orderSn=42,clientSn=1074}
[MESSENGER][OK] client=0 deliver clientSn=1074 sn=42
[RESPONDER][SEND] sn=42 client=0 req=1014 msg=ClientResponse{orderSn=42,clientSn=1014}
[MESSENGER][OK] client=0 deliver clientSn=1014 sn=42
[RESPONDER][SEND] sn=42 client=0 req=1078 msg=ClientResponse{orderSn=42,clientSn=1078}
[MESSENGER][OK] client=0 deliver clientSn=1078 sn=42
[RESPONDER][SEND] sn=42 client=0 req=1018 msg=ClientResponse{orderSn=42,clientSn=1018}
[MESSENGER][OK] client=0 deliver clientSn=1018 sn=42
[RESPONDER][SEND] sn=42 client=0 req=1082 msg=ClientResponse{orderSn=42,clientSn=1082}
[MESSENGER][OK] client=0 deliver clientSn=1082 sn=42
[RESPONDER][SEND] sn=42 client=0 req=1022 msg=ClientResponse{orderSn=42,clientSn=1022}
[MESSENGER][OK] client=0 deliver clientSn=1022 sn=42
[RESPONDER][SEND] sn=42 client=0 req=1086 msg=ClientResponse{orderSn=42,clientSn=1086}
[MESSENGER][OK] client=0 deliver clientSn=1086 sn=42
[RESPONDER][ENTRY][DONE] sn=42 sent=32/32
[RESPONDER][ENTRY] sn=43 nreq=33
[RESPONDER][SEND] sn=43 client=0 req=1027 msg=ClientResponse{orderSn=43,clientSn=1027}
[MESSENGER][OK] client=0 deliver clientSn=1027 sn=43
[RESPONDER][SEND] sn=43 client=0 req=1091 msg=ClientResponse{orderSn=43,clientSn=1091}
[MESSENGER][OK] client=0 deliver clientSn=1091 sn=43
[RESPONDER][SEND] sn=43 client=0 req=1031 msg=ClientResponse{orderSn=43,clientSn=1031}
[MESSENGER][OK] client=0 deliver clientSn=1031 sn=43
[RESPONDER][SEND] sn=43 client=0 req=1095 msg=ClientResponse{orderSn=43,clientSn=1095}
[MESSENGER][OK] client=0 deliver clientSn=1095 sn=43
[RESPONDER][SEND] sn=43 client=0 req=1035 msg=ClientResponse{orderSn=43,clientSn=1035}
[MESSENGER][OK] client=0 deliver clientSn=1035 sn=43
[RESPONDER][SEND] sn=43 client=0 req=1099 msg=ClientResponse{orderSn=43,clientSn=1099}
[MESSENGER][OK] client=0 deliver clientSn=1099 sn=43
[RESPONDER][SEND] sn=43 client=0 req=1039 msg=ClientResponse{orderSn=43,clientSn=1039}
[MESSENGER][OK] client=0 deliver clientSn=1039 sn=43
[RESPONDER][SEND] sn=43 client=0 req=1103 msg=ClientResponse{orderSn=43,clientSn=1103}
[MESSENGER][OK] client=0 deliver clientSn=1103 sn=43
[RESPONDER][SEND] sn=43 client=0 req=1043 msg=ClientResponse{orderSn=43,clientSn=1043}
[MESSENGER][OK] client=0 deliver clientSn=1043 sn=43
[RESPONDER][SEND] sn=43 client=0 req=1107 msg=ClientResponse{orderSn=43,clientSn=1107}
[MESSENGER][OK] client=0 deliver clientSn=1107 sn=43
[RESPONDER][SEND] sn=43 client=0 req=1047 msg=ClientResponse{orderSn=43,clientSn=1047}
[MESSENGER][OK] client=0 deliver clientSn=1047 sn=43
[RESPONDER][SEND] sn=43 client=0 req=1111 msg=ClientResponse{orderSn=43,clientSn=1111}
[MESSENGER][OK] client=0 deliver clientSn=1111 sn=43
[RESPONDER][SEND] sn=43 client=0 req=987 msg=ClientResponse{orderSn=43,clientSn=987}
[MESSENGER][OK] client=0 deliver clientSn=987 sn=43
[RESPONDER][SEND] sn=43 client=0 req=1051 msg=ClientResponse{orderSn=43,clientSn=1051}
[MESSENGER][OK] client=0 deliver clientSn=1051 sn=43
[RESPONDER][SEND] sn=43 client=0 req=991 msg=ClientResponse{orderSn=43,clientSn=991}
[MESSENGER][OK] client=0 deliver clientSn=991 sn=43
[RESPONDER][SEND] sn=43 client=0 req=1055 msg=ClientResponse{orderSn=43,clientSn=1055}
[MESSENGER][OK] client=0 deliver clientSn=1055 sn=43
[RESPONDER][SEND] sn=43 client=0 req=995 msg=ClientResponse{orderSn=43,clientSn=995}
[MESSENGER][OK] client=0 deliver clientSn=995 sn=43
[RESPONDER][SEND] sn=43 client=0 req=1059 msg=ClientResponse{orderSn=43,clientSn=1059}
[MESSENGER][OK] client=0 deliver clientSn=1059 sn=43
[RESPONDER][SEND] sn=43 client=0 req=999 msg=ClientResponse{orderSn=43,clientSn=999}
[MESSENGER][OK] client=0 deliver clientSn=999 sn=43
[RESPONDER][SEND] sn=43 client=0 req=1063 msg=ClientResponse{orderSn=43,clientSn=1063}
[MESSENGER][OK] client=0 deliver clientSn=1063 sn=43
[RESPONDER][SEND] sn=43 client=0 req=1003 msg=ClientResponse{orderSn=43,clientSn=1003}
[MESSENGER][OK] client=0 deliver clientSn=1003 sn=43
[RESPONDER][SEND] sn=43 client=0 req=1067 msg=ClientResponse{orderSn=43,clientSn=1067}
[MESSENGER][OK] client=0 deliver clientSn=1067 sn=43
[RESPONDER][SEND] sn=43 client=0 req=1007 msg=ClientResponse{orderSn=43,clientSn=1007}
[MESSENGER][OK] client=0 deliver clientSn=1007 sn=43
[RESPONDER][SEND] sn=43 client=0 req=1071 msg=ClientResponse{orderSn=43,clientSn=1071}
[MESSENGER][OK] client=0 deliver clientSn=1071 sn=43
[RESPONDER][SEND] sn=43 client=0 req=1011 msg=ClientResponse{orderSn=43,clientSn=1011}
[MESSENGER][OK] client=0 deliver clientSn=1011 sn=43
[RESPONDER][SEND] sn=43 client=0 req=1075 msg=ClientResponse{orderSn=43,clientSn=1075}
[MESSENGER][OK] client=0 deliver clientSn=1075 sn=43
[RESPONDER][SEND] sn=43 client=0 req=1015 msg=ClientResponse{orderSn=43,clientSn=1015}
[MESSENGER][OK] client=0 deliver clientSn=1015 sn=43
[RESPONDER][SEND] sn=43 client=0 req=1079 msg=ClientResponse{orderSn=43,clientSn=1079}
[MESSENGER][OK] client=0 deliver clientSn=1079 sn=43
[RESPONDER][SEND] sn=43 client=0 req=1019 msg=ClientResponse{orderSn=43,clientSn=1019}
[MESSENGER][OK] client=0 deliver clientSn=1019 sn=43
[RESPONDER][SEND] sn=43 client=0 req=1083 msg=ClientResponse{orderSn=43,clientSn=1083}
[MESSENGER][OK] client=0 deliver clientSn=1083 sn=43
[RESPONDER][SEND] sn=43 client=0 req=1023 msg=ClientResponse{orderSn=43,clientSn=1023}
[MESSENGER][OK] client=0 deliver clientSn=1023 sn=43
[RESPONDER][SEND] sn=43 client=0 req=1087 msg=ClientResponse{orderSn=43,clientSn=1087}
[MESSENGER][OK] client=0 deliver clientSn=1087 sn=43
[RESPONDER][SEND] sn=43 client=0 req=1115 msg=ClientResponse{orderSn=43,clientSn=1115}
[MESSENGER][OK] client=0 deliver clientSn=1115 sn=43
[RESPONDER][ENTRY][DONE] sn=43 sent=33/33
21:01:24.837 INF Handling PREPREPARE. nReq=32 senderID=0 sn=44
21:01:24.837 DBG Creating new Batch. nReq=32
21:01:24.839 INF Handling PREPREPARE. nReq=32 senderID=3 sn=47
21:01:24.839 DBG Creating new Batch. nReq=32
21:01:24.841 DBG Sending PREPARE. senderID=2 sn=44 view=0
21:01:24.841 DBG Sending COMMIT. senderID=2 sn=44 view=0
21:01:24.844 DBG Batch ready. batchSize=4096
21:01:24.844 DBG Sending PREPARE. senderID=2 sn=47 view=0
21:01:24.844 DBG Batch cut. left=0 nBuckets=16 nReq=32 next=0
21:01:24.845 INF Committed entry. latency=0 nReq=32 sn=44
21:01:24.845 DBG Waiting for batch. batchSize=4096
21:01:24.845 INF Delivered batch. nReq=32 sn=44
21:01:24.845 DBG Starting timer. sn=48 view=0
[RESPONDER][ENTRY] sn=44 nreq=32
[RESPONDER][SEND] sn=44 client=0 req=1152 msg=ClientResponse{orderSn=44,clientSn=1152}
[MESSENGER][OK] client=0 deliver clientSn=1152 sn=44
[RESPONDER][SEND] sn=44 client=0 req=1216 msg=ClientResponse{orderSn=44,clientSn=1216}
[MESSENGER][OK] client=0 deliver clientSn=1216 sn=44
[RESPONDER][SEND] sn=44 client=0 req=1156 msg=ClientResponse{orderSn=44,clientSn=1156}
[MESSENGER][OK] client=0 deliver clientSn=1156 sn=44
21:01:24.846 DBG Sending COMMIT. senderID=2 sn=47 view=0
[RESPONDER][SEND] sn=44 client=0 req=1220 msg=ClientResponse{orderSn=44,clientSn=1220}
[MESSENGER][OK] client=0 deliver clientSn=1220 sn=44
[RESPONDER][SEND] sn=44 client=0 req=1160 msg=ClientResponse{orderSn=44,clientSn=1160}
[MESSENGER][OK] client=0 deliver clientSn=1160 sn=44
[RESPONDER][SEND] sn=44 client=0 req=1224 msg=ClientResponse{orderSn=44,clientSn=1224}
[MESSENGER][OK] client=0 deliver clientSn=1224 sn=44
[RESPONDER][SEND] sn=44 client=0 req=1164 msg=ClientResponse{orderSn=44,clientSn=1164}
[MESSENGER][OK] client=0 deliver clientSn=1164 sn=44
[RESPONDER][SEND] sn=44 client=0 req=1228 msg=ClientResponse{orderSn=44,clientSn=1228}
[MESSENGER][OK] client=0 deliver clientSn=1228 sn=44
[RESPONDER][SEND] sn=44 client=0 req=1168 msg=ClientResponse{orderSn=44,clientSn=1168}
[MESSENGER][OK] client=0 deliver clientSn=1168 sn=44
[RESPONDER][SEND] sn=44 client=0 req=1232 msg=ClientResponse{orderSn=44,clientSn=1232}
[MESSENGER][OK] client=0 deliver clientSn=1232 sn=44
[RESPONDER][SEND] sn=44 client=0 req=1172 msg=ClientResponse{orderSn=44,clientSn=1172}
[MESSENGER][OK] client=0 deliver clientSn=1172 sn=44
[RESPONDER][SEND] sn=44 client=0 req=1236 msg=ClientResponse{orderSn=44,clientSn=1236}
[MESSENGER][OK] client=0 deliver clientSn=1236 sn=44
[RESPONDER][SEND] sn=44 client=0 req=1176 msg=ClientResponse{orderSn=44,clientSn=1176}
[MESSENGER][OK] client=0 deliver clientSn=1176 sn=44
[RESPONDER][SEND] sn=44 client=0 req=1240 msg=ClientResponse{orderSn=44,clientSn=1240}
[MESSENGER][OK] client=0 deliver clientSn=1240 sn=44
[RESPONDER][SEND] sn=44 client=0 req=1116 msg=ClientResponse{orderSn=44,clientSn=1116}
[MESSENGER][OK] client=0 deliver clientSn=1116 sn=44
[RESPONDER][SEND] sn=44 client=0 req=1180 msg=ClientResponse{orderSn=44,clientSn=1180}
[MESSENGER][OK] client=0 deliver clientSn=1180 sn=44
[RESPONDER][SEND] sn=44 client=0 req=1120 msg=ClientResponse{orderSn=44,clientSn=1120}
[MESSENGER][OK] client=0 deliver clientSn=1120 sn=44
[RESPONDER][SEND] sn=44 client=0 req=1184 msg=ClientResponse{orderSn=44,clientSn=1184}
[MESSENGER][OK] client=0 deliver clientSn=1184 sn=44
[RESPONDER][SEND] sn=44 client=0 req=1124 msg=ClientResponse{orderSn=44,clientSn=1124}
[MESSENGER][OK] client=0 deliver clientSn=1124 sn=44
[RESPONDER][SEND] sn=44 client=0 req=1188 msg=ClientResponse{orderSn=44,clientSn=1188}
[MESSENGER][OK] client=0 deliver clientSn=1188 sn=44
[RESPONDER][SEND] sn=44 client=0 req=1128 msg=ClientResponse{orderSn=44,clientSn=1128}
[MESSENGER][OK] client=0 deliver clientSn=1128 sn=44
[RESPONDER][SEND] sn=44 client=0 req=1192 msg=ClientResponse{orderSn=44,clientSn=1192}
[MESSENGER][OK] client=0 deliver clientSn=1192 sn=44
[RESPONDER][SEND] sn=44 client=0 req=1132 msg=ClientResponse{orderSn=44,clientSn=1132}
[MESSENGER][OK] client=0 deliver clientSn=1132 sn=44
[RESPONDER][SEND] sn=44 client=0 req=1196 msg=ClientResponse{orderSn=44,clientSn=1196}
[MESSENGER][OK] client=0 deliver clientSn=1196 sn=44
[RESPONDER][SEND] sn=44 client=0 req=1136 msg=ClientResponse{orderSn=44,clientSn=1136}
[MESSENGER][OK] client=0 deliver clientSn=1136 sn=44
[RESPONDER][SEND] sn=44 client=0 req=1200 msg=ClientResponse{orderSn=44,clientSn=1200}
[MESSENGER][OK] client=0 deliver clientSn=1200 sn=44
[RESPONDER][SEND] sn=44 client=0 req=1140 msg=ClientResponse{orderSn=44,clientSn=1140}
[MESSENGER][OK] client=0 deliver clientSn=1140 sn=44
[RESPONDER][SEND] sn=44 client=0 req=1204 msg=ClientResponse{orderSn=44,clientSn=1204}
[MESSENGER][OK] client=0 deliver clientSn=1204 sn=44
[RESPONDER][SEND] sn=44 client=0 req=1144 msg=ClientResponse{orderSn=44,clientSn=1144}
21:01:24.848 INF Sending PREPREPARE. nReq=32 senderID=2 sn=46 view=0
[MESSENGER][OK] client=0 deliver clientSn=1144 sn=44
[RESPONDER][SEND] sn=44 client=0 req=1208 msg=ClientResponse{orderSn=44,clientSn=1208}
[MESSENGER][OK] client=0 deliver clientSn=1208 sn=44
[RESPONDER][SEND] sn=44 client=0 req=1148 msg=ClientResponse{orderSn=44,clientSn=1148}
[MESSENGER][OK] client=0 deliver clientSn=1148 sn=44
[RESPONDER][SEND] sn=44 client=0 req=1212 msg=ClientResponse{orderSn=44,clientSn=1212}
[MESSENGER][OK] client=0 deliver clientSn=1212 sn=44
[RESPONDER][ENTRY][DONE] sn=44 sent=32/32
21:01:24.850 INF Committed entry. latency=0 nReq=32 sn=47
21:01:24.850 DBG Starting timer. sn=51 view=0
21:01:24.850 INF Handling PREPREPARE. nReq=32 senderID=1 sn=45
21:01:24.851 DBG Creating new Batch. nReq=32
21:01:24.853 DBG Sending PREPARE. senderID=2 sn=45 view=0
21:01:24.857 DBG Sending COMMIT. senderID=2 sn=45 view=0
21:01:24.858 INF Committed entry. latency=0 nReq=32 sn=45
21:01:24.858 INF Delivered batch. nReq=32 sn=45
[RESPONDER][ENTRY] sn=45 nreq=32
[RESPONDER][SEND] sn=45 client=0 req=1153 msg=ClientResponse{orderSn=45,clientSn=1153}
21:01:24.858 DBG Starting timer. sn=49 view=0
[MESSENGER][OK] client=0 deliver clientSn=1153 sn=45
[RESPONDER][SEND] sn=45 client=0 req=1217 msg=ClientResponse{orderSn=45,clientSn=1217}
[MESSENGER][OK] client=0 deliver clientSn=1217 sn=45
[RESPONDER][SEND] sn=45 client=0 req=1157 msg=ClientResponse{orderSn=45,clientSn=1157}
21:01:24.858 DBG Sending COMMIT. senderID=2 sn=46 view=0
[MESSENGER][OK] client=0 deliver clientSn=1157 sn=45
[RESPONDER][SEND] sn=45 client=0 req=1221 msg=ClientResponse{orderSn=45,clientSn=1221}
[MESSENGER][OK] client=0 deliver clientSn=1221 sn=45
[RESPONDER][SEND] sn=45 client=0 req=1161 msg=ClientResponse{orderSn=45,clientSn=1161}
[MESSENGER][OK] client=0 deliver clientSn=1161 sn=45
[RESPONDER][SEND] sn=45 client=0 req=1225 msg=ClientResponse{orderSn=45,clientSn=1225}
[MESSENGER][OK] client=0 deliver clientSn=1225 sn=45
[RESPONDER][SEND] sn=45 client=0 req=1165 msg=ClientResponse{orderSn=45,clientSn=1165}
[MESSENGER][OK] client=0 deliver clientSn=1165 sn=45
[RESPONDER][SEND] sn=45 client=0 req=1229 msg=ClientResponse{orderSn=45,clientSn=1229}
[MESSENGER][OK] client=0 deliver clientSn=1229 sn=45
[RESPONDER][SEND] sn=45 client=0 req=1169 msg=ClientResponse{orderSn=45,clientSn=1169}
[MESSENGER][OK] client=0 deliver clientSn=1169 sn=45
21:01:24.859 INF Committed entry. latency=0 nReq=32 sn=46
[RESPONDER][SEND] sn=45 client=0 req=1233 msg=ClientResponse{orderSn=45,clientSn=1233}
[MESSENGER][OK] client=0 deliver clientSn=1233 sn=45
[RESPONDER][SEND] sn=45 client=0 req=1173 msg=ClientResponse{orderSn=45,clientSn=1173}
21:01:24.859 INF Delivered batch. nReq=32 sn=46
[MESSENGER][OK] client=0 deliver clientSn=1173 sn=45
[RESPONDER][SEND] sn=45 client=0 req=1237 msg=ClientResponse{orderSn=45,clientSn=1237}
[MESSENGER][OK] client=0 deliver clientSn=1237 sn=45
[RESPONDER][SEND] sn=45 client=0 req=1177 msg=ClientResponse{orderSn=45,clientSn=1177}
[MESSENGER][OK] client=0 deliver clientSn=1177 sn=45
[RESPONDER][SEND] sn=45 client=0 req=1241 msg=ClientResponse{orderSn=45,clientSn=1241}
21:01:24.859 INF Delivered batch. nReq=32 sn=47
[MESSENGER][OK] client=0 deliver clientSn=1241 sn=45
[RESPONDER][SEND] sn=45 client=0 req=1117 msg=ClientResponse{orderSn=45,clientSn=1117}
[MESSENGER][OK] client=0 deliver clientSn=1117 sn=45
[RESPONDER][SEND] sn=45 client=0 req=1181 msg=ClientResponse{orderSn=45,clientSn=1181}
[MESSENGER][OK] client=0 deliver clientSn=1181 sn=45
[RESPONDER][SEND] sn=45 client=0 req=1121 msg=ClientResponse{orderSn=45,clientSn=1121}
21:01:24.859 DBG Starting timer. sn=50 view=0
[MESSENGER][OK] client=0 deliver clientSn=1121 sn=45
[RESPONDER][SEND] sn=45 client=0 req=1185 msg=ClientResponse{orderSn=45,clientSn=1185}
[MESSENGER][OK] client=0 deliver clientSn=1185 sn=45
[RESPONDER][SEND] sn=45 client=0 req=1125 msg=ClientResponse{orderSn=45,clientSn=1125}
[MESSENGER][OK] client=0 deliver clientSn=1125 sn=45
[RESPONDER][SEND] sn=45 client=0 req=1189 msg=ClientResponse{orderSn=45,clientSn=1189}
[MESSENGER][OK] client=0 deliver clientSn=1189 sn=45
[RESPONDER][SEND] sn=45 client=0 req=1129 msg=ClientResponse{orderSn=45,clientSn=1129}
[MESSENGER][OK] client=0 deliver clientSn=1129 sn=45
[RESPONDER][SEND] sn=45 client=0 req=1193 msg=ClientResponse{orderSn=45,clientSn=1193}
[MESSENGER][OK] client=0 deliver clientSn=1193 sn=45
[RESPONDER][SEND] sn=45 client=0 req=1133 msg=ClientResponse{orderSn=45,clientSn=1133}
[MESSENGER][OK] client=0 deliver clientSn=1133 sn=45
[RESPONDER][SEND] sn=45 client=0 req=1197 msg=ClientResponse{orderSn=45,clientSn=1197}
[MESSENGER][OK] client=0 deliver clientSn=1197 sn=45
[RESPONDER][SEND] sn=45 client=0 req=1137 msg=ClientResponse{orderSn=45,clientSn=1137}
[MESSENGER][OK] client=0 deliver clientSn=1137 sn=45
[RESPONDER][SEND] sn=45 client=0 req=1201 msg=ClientResponse{orderSn=45,clientSn=1201}
[MESSENGER][OK] client=0 deliver clientSn=1201 sn=45
[RESPONDER][SEND] sn=45 client=0 req=1141 msg=ClientResponse{orderSn=45,clientSn=1141}
[MESSENGER][OK] client=0 deliver clientSn=1141 sn=45
[RESPONDER][SEND] sn=45 client=0 req=1205 msg=ClientResponse{orderSn=45,clientSn=1205}
[MESSENGER][OK] client=0 deliver clientSn=1205 sn=45
[RESPONDER][SEND] sn=45 client=0 req=1145 msg=ClientResponse{orderSn=45,clientSn=1145}
[MESSENGER][OK] client=0 deliver clientSn=1145 sn=45
[RESPONDER][SEND] sn=45 client=0 req=1209 msg=ClientResponse{orderSn=45,clientSn=1209}
[MESSENGER][OK] client=0 deliver clientSn=1209 sn=45
[RESPONDER][SEND] sn=45 client=0 req=1149 msg=ClientResponse{orderSn=45,clientSn=1149}
[MESSENGER][OK] client=0 deliver clientSn=1149 sn=45
[RESPONDER][SEND] sn=45 client=0 req=1213 msg=ClientResponse{orderSn=45,clientSn=1213}
[MESSENGER][OK] client=0 deliver clientSn=1213 sn=45
[RESPONDER][ENTRY][DONE] sn=45 sent=32/32
[RESPONDER][ENTRY] sn=46 nreq=32
[RESPONDER][SEND] sn=46 client=0 req=1154 msg=ClientResponse{orderSn=46,clientSn=1154}
[MESSENGER][OK] client=0 deliver clientSn=1154 sn=46
[RESPONDER][SEND] sn=46 client=0 req=1218 msg=ClientResponse{orderSn=46,clientSn=1218}
[MESSENGER][OK] client=0 deliver clientSn=1218 sn=46
[RESPONDER][SEND] sn=46 client=0 req=1158 msg=ClientResponse{orderSn=46,clientSn=1158}
[MESSENGER][OK] client=0 deliver clientSn=1158 sn=46
[RESPONDER][SEND] sn=46 client=0 req=1222 msg=ClientResponse{orderSn=46,clientSn=1222}
[MESSENGER][OK] client=0 deliver clientSn=1222 sn=46
[RESPONDER][SEND] sn=46 client=0 req=1162 msg=ClientResponse{orderSn=46,clientSn=1162}
[MESSENGER][OK] client=0 deliver clientSn=1162 sn=46
[RESPONDER][SEND] sn=46 client=0 req=1226 msg=ClientResponse{orderSn=46,clientSn=1226}
[MESSENGER][OK] client=0 deliver clientSn=1226 sn=46
[RESPONDER][SEND] sn=46 client=0 req=1166 msg=ClientResponse{orderSn=46,clientSn=1166}
[MESSENGER][OK] client=0 deliver clientSn=1166 sn=46
[RESPONDER][SEND] sn=46 client=0 req=1230 msg=ClientResponse{orderSn=46,clientSn=1230}
[MESSENGER][OK] client=0 deliver clientSn=1230 sn=46
[RESPONDER][SEND] sn=46 client=0 req=1170 msg=ClientResponse{orderSn=46,clientSn=1170}
[MESSENGER][OK] client=0 deliver clientSn=1170 sn=46
[RESPONDER][SEND] sn=46 client=0 req=1234 msg=ClientResponse{orderSn=46,clientSn=1234}
[MESSENGER][OK] client=0 deliver clientSn=1234 sn=46
[RESPONDER][SEND] sn=46 client=0 req=1174 msg=ClientResponse{orderSn=46,clientSn=1174}
[MESSENGER][OK] client=0 deliver clientSn=1174 sn=46
[RESPONDER][SEND] sn=46 client=0 req=1238 msg=ClientResponse{orderSn=46,clientSn=1238}
[MESSENGER][OK] client=0 deliver clientSn=1238 sn=46
[RESPONDER][SEND] sn=46 client=0 req=1178 msg=ClientResponse{orderSn=46,clientSn=1178}
[MESSENGER][OK] client=0 deliver clientSn=1178 sn=46
[RESPONDER][SEND] sn=46 client=0 req=1242 msg=ClientResponse{orderSn=46,clientSn=1242}
[MESSENGER][OK] client=0 deliver clientSn=1242 sn=46
[RESPONDER][SEND] sn=46 client=0 req=1118 msg=ClientResponse{orderSn=46,clientSn=1118}
[MESSENGER][OK] client=0 deliver clientSn=1118 sn=46
[RESPONDER][SEND] sn=46 client=0 req=1182 msg=ClientResponse{orderSn=46,clientSn=1182}
[MESSENGER][OK] client=0 deliver clientSn=1182 sn=46
[RESPONDER][SEND] sn=46 client=0 req=1122 msg=ClientResponse{orderSn=46,clientSn=1122}
[MESSENGER][OK] client=0 deliver clientSn=1122 sn=46
[RESPONDER][SEND] sn=46 client=0 req=1186 msg=ClientResponse{orderSn=46,clientSn=1186}
[MESSENGER][OK] client=0 deliver clientSn=1186 sn=46
[RESPONDER][SEND] sn=46 client=0 req=1126 msg=ClientResponse{orderSn=46,clientSn=1126}
[MESSENGER][OK] client=0 deliver clientSn=1126 sn=46
[RESPONDER][SEND] sn=46 client=0 req=1190 msg=ClientResponse{orderSn=46,clientSn=1190}
[MESSENGER][OK] client=0 deliver clientSn=1190 sn=46
[RESPONDER][SEND] sn=46 client=0 req=1130 msg=ClientResponse{orderSn=46,clientSn=1130}
[MESSENGER][OK] client=0 deliver clientSn=1130 sn=46
[RESPONDER][SEND] sn=46 client=0 req=1194 msg=ClientResponse{orderSn=46,clientSn=1194}
[MESSENGER][OK] client=0 deliver clientSn=1194 sn=46
[RESPONDER][SEND] sn=46 client=0 req=1134 msg=ClientResponse{orderSn=46,clientSn=1134}
[MESSENGER][OK] client=0 deliver clientSn=1134 sn=46
[RESPONDER][SEND] sn=46 client=0 req=1198 msg=ClientResponse{orderSn=46,clientSn=1198}
[MESSENGER][OK] client=0 deliver clientSn=1198 sn=46
[RESPONDER][SEND] sn=46 client=0 req=1138 msg=ClientResponse{orderSn=46,clientSn=1138}
[MESSENGER][OK] client=0 deliver clientSn=1138 sn=46
[RESPONDER][SEND] sn=46 client=0 req=1202 msg=ClientResponse{orderSn=46,clientSn=1202}
[MESSENGER][OK] client=0 deliver clientSn=1202 sn=46
[RESPONDER][SEND] sn=46 client=0 req=1142 msg=ClientResponse{orderSn=46,clientSn=1142}
[MESSENGER][OK] client=0 deliver clientSn=1142 sn=46
[RESPONDER][SEND] sn=46 client=0 req=1206 msg=ClientResponse{orderSn=46,clientSn=1206}
[MESSENGER][OK] client=0 deliver clientSn=1206 sn=46
[RESPONDER][SEND] sn=46 client=0 req=1146 msg=ClientResponse{orderSn=46,clientSn=1146}
[MESSENGER][OK] client=0 deliver clientSn=1146 sn=46
[RESPONDER][SEND] sn=46 client=0 req=1210 msg=ClientResponse{orderSn=46,clientSn=1210}
[MESSENGER][OK] client=0 deliver clientSn=1210 sn=46
[RESPONDER][SEND] sn=46 client=0 req=1150 msg=ClientResponse{orderSn=46,clientSn=1150}
[MESSENGER][OK] client=0 deliver clientSn=1150 sn=46
[RESPONDER][SEND] sn=46 client=0 req=1214 msg=ClientResponse{orderSn=46,clientSn=1214}
[MESSENGER][OK] client=0 deliver clientSn=1214 sn=46
[RESPONDER][ENTRY][DONE] sn=46 sent=32/32
[RESPONDER][ENTRY] sn=47 nreq=32
[RESPONDER][SEND] sn=47 client=0 req=1155 msg=ClientResponse{orderSn=47,clientSn=1155}
[MESSENGER][OK] client=0 deliver clientSn=1155 sn=47
[RESPONDER][SEND] sn=47 client=0 req=1219 msg=ClientResponse{orderSn=47,clientSn=1219}
[MESSENGER][OK] client=0 deliver clientSn=1219 sn=47
[RESPONDER][SEND] sn=47 client=0 req=1159 msg=ClientResponse{orderSn=47,clientSn=1159}
[MESSENGER][OK] client=0 deliver clientSn=1159 sn=47
[RESPONDER][SEND] sn=47 client=0 req=1223 msg=ClientResponse{orderSn=47,clientSn=1223}
[MESSENGER][OK] client=0 deliver clientSn=1223 sn=47
[RESPONDER][SEND] sn=47 client=0 req=1163 msg=ClientResponse{orderSn=47,clientSn=1163}
[MESSENGER][OK] client=0 deliver clientSn=1163 sn=47
[RESPONDER][SEND] sn=47 client=0 req=1227 msg=ClientResponse{orderSn=47,clientSn=1227}
[MESSENGER][OK] client=0 deliver clientSn=1227 sn=47
[RESPONDER][SEND] sn=47 client=0 req=1167 msg=ClientResponse{orderSn=47,clientSn=1167}
[MESSENGER][OK] client=0 deliver clientSn=1167 sn=47
[RESPONDER][SEND] sn=47 client=0 req=1231 msg=ClientResponse{orderSn=47,clientSn=1231}
[MESSENGER][OK] client=0 deliver clientSn=1231 sn=47
[RESPONDER][SEND] sn=47 client=0 req=1171 msg=ClientResponse{orderSn=47,clientSn=1171}
[MESSENGER][OK] client=0 deliver clientSn=1171 sn=47
[RESPONDER][SEND] sn=47 client=0 req=1235 msg=ClientResponse{orderSn=47,clientSn=1235}
[MESSENGER][OK] client=0 deliver clientSn=1235 sn=47
[RESPONDER][SEND] sn=47 client=0 req=1175 msg=ClientResponse{orderSn=47,clientSn=1175}
[MESSENGER][OK] client=0 deliver clientSn=1175 sn=47
[RESPONDER][SEND] sn=47 client=0 req=1239 msg=ClientResponse{orderSn=47,clientSn=1239}
[MESSENGER][OK] client=0 deliver clientSn=1239 sn=47
[RESPONDER][SEND] sn=47 client=0 req=1179 msg=ClientResponse{orderSn=47,clientSn=1179}
[MESSENGER][OK] client=0 deliver clientSn=1179 sn=47
[RESPONDER][SEND] sn=47 client=0 req=1243 msg=ClientResponse{orderSn=47,clientSn=1243}
[MESSENGER][OK] client=0 deliver clientSn=1243 sn=47
[RESPONDER][SEND] sn=47 client=0 req=1119 msg=ClientResponse{orderSn=47,clientSn=1119}
[MESSENGER][OK] client=0 deliver clientSn=1119 sn=47
[RESPONDER][SEND] sn=47 client=0 req=1183 msg=ClientResponse{orderSn=47,clientSn=1183}
[MESSENGER][OK] client=0 deliver clientSn=1183 sn=47
[RESPONDER][SEND] sn=47 client=0 req=1123 msg=ClientResponse{orderSn=47,clientSn=1123}
[MESSENGER][OK] client=0 deliver clientSn=1123 sn=47
[RESPONDER][SEND] sn=47 client=0 req=1187 msg=ClientResponse{orderSn=47,clientSn=1187}
[MESSENGER][OK] client=0 deliver clientSn=1187 sn=47
[RESPONDER][SEND] sn=47 client=0 req=1127 msg=ClientResponse{orderSn=47,clientSn=1127}
[MESSENGER][OK] client=0 deliver clientSn=1127 sn=47
[RESPONDER][SEND] sn=47 client=0 req=1191 msg=ClientResponse{orderSn=47,clientSn=1191}
[MESSENGER][OK] client=0 deliver clientSn=1191 sn=47
[RESPONDER][SEND] sn=47 client=0 req=1131 msg=ClientResponse{orderSn=47,clientSn=1131}
[MESSENGER][OK] client=0 deliver clientSn=1131 sn=47
[RESPONDER][SEND] sn=47 client=0 req=1195 msg=ClientResponse{orderSn=47,clientSn=1195}
[MESSENGER][OK] client=0 deliver clientSn=1195 sn=47
[RESPONDER][SEND] sn=47 client=0 req=1135 msg=ClientResponse{orderSn=47,clientSn=1135}
[MESSENGER][OK] client=0 deliver clientSn=1135 sn=47
[RESPONDER][SEND] sn=47 client=0 req=1199 msg=ClientResponse{orderSn=47,clientSn=1199}
[MESSENGER][OK] client=0 deliver clientSn=1199 sn=47
[RESPONDER][SEND] sn=47 client=0 req=1139 msg=ClientResponse{orderSn=47,clientSn=1139}
[MESSENGER][OK] client=0 deliver clientSn=1139 sn=47
[RESPONDER][SEND] sn=47 client=0 req=1203 msg=ClientResponse{orderSn=47,clientSn=1203}
[MESSENGER][OK] client=0 deliver clientSn=1203 sn=47
[RESPONDER][SEND] sn=47 client=0 req=1143 msg=ClientResponse{orderSn=47,clientSn=1143}
[MESSENGER][OK] client=0 deliver clientSn=1143 sn=47
[RESPONDER][SEND] sn=47 client=0 req=1207 msg=ClientResponse{orderSn=47,clientSn=1207}
[MESSENGER][OK] client=0 deliver clientSn=1207 sn=47
[RESPONDER][SEND] sn=47 client=0 req=1147 msg=ClientResponse{orderSn=47,clientSn=1147}
[MESSENGER][OK] client=0 deliver clientSn=1147 sn=47
[RESPONDER][SEND] sn=47 client=0 req=1211 msg=ClientResponse{orderSn=47,clientSn=1211}
[MESSENGER][OK] client=0 deliver clientSn=1211 sn=47
[RESPONDER][SEND] sn=47 client=0 req=1151 msg=ClientResponse{orderSn=47,clientSn=1151}
[MESSENGER][OK] client=0 deliver clientSn=1151 sn=47
[RESPONDER][SEND] sn=47 client=0 req=1215 msg=ClientResponse{orderSn=47,clientSn=1215}
[MESSENGER][OK] client=0 deliver clientSn=1215 sn=47
[RESPONDER][ENTRY][DONE] sn=47 sent=32/32
21:01:25.838 INF Handling PREPREPARE. nReq=32 senderID=0 sn=48
21:01:25.839 DBG Creating new Batch. nReq=32
21:01:25.841 INF Handling PREPREPARE. nReq=32 senderID=3 sn=51
21:01:25.842 DBG Creating new Batch. nReq=32
21:01:25.844 DBG Sending PREPARE. senderID=2 sn=51 view=0
21:01:25.844 DBG Sending PREPARE. senderID=2 sn=48 view=0
21:01:25.845 DBG Sending COMMIT. senderID=2 sn=48 view=0
21:01:25.845 INF Committed entry. latency=0 nReq=32 sn=48
21:01:25.846 INF Delivered batch. nReq=32 sn=48
21:01:25.845 DBG Batch ready. batchSize=4096
21:01:25.846 DBG Starting timer. sn=52 view=0
[RESPONDER][ENTRY] sn=48 nreq=32
[RESPONDER][SEND] sn=48 client=0 req=1280 msg=ClientResponse{orderSn=48,clientSn=1280}
[MESSENGER][OK] client=0 deliver clientSn=1280 sn=48
[RESPONDER][SEND] sn=48 client=0 req=1344 msg=ClientResponse{orderSn=48,clientSn=1344}
[MESSENGER][OK] client=0 deliver clientSn=1344 sn=48
[RESPONDER][SEND] sn=48 client=0 req=1284 msg=ClientResponse{orderSn=48,clientSn=1284}
21:01:25.846 DBG Batch cut. left=0 nBuckets=16 nReq=32 next=0
[MESSENGER][OK] client=0 deliver clientSn=1284 sn=48
[RESPONDER][SEND] sn=48 client=0 req=1348 msg=ClientResponse{orderSn=48,clientSn=1348}
[MESSENGER][OK] client=0 deliver clientSn=1348 sn=48
[RESPONDER][SEND] sn=48 client=0 req=1288 msg=ClientResponse{orderSn=48,clientSn=1288}
[MESSENGER][OK] client=0 deliver clientSn=1288 sn=48
[RESPONDER][SEND] sn=48 client=0 req=1352 msg=ClientResponse{orderSn=48,clientSn=1352}
[MESSENGER][OK] client=0 deliver clientSn=1352 sn=48
[RESPONDER][SEND] sn=48 client=0 req=1292 msg=ClientResponse{orderSn=48,clientSn=1292}
[MESSENGER][OK] client=0 deliver clientSn=1292 sn=48
[RESPONDER][SEND] sn=48 client=0 req=1356 msg=ClientResponse{orderSn=48,clientSn=1356}
[MESSENGER][OK] client=0 deliver clientSn=1356 sn=48
[RESPONDER][SEND] sn=48 client=0 req=1296 msg=ClientResponse{orderSn=48,clientSn=1296}
[MESSENGER][OK] client=0 deliver clientSn=1296 sn=48
[RESPONDER][SEND] sn=48 client=0 req=1360 msg=ClientResponse{orderSn=48,clientSn=1360}
[MESSENGER][OK] client=0 deliver clientSn=1360 sn=48
21:01:25.846 DBG Waiting for batch. batchSize=4096
21:01:25.847 DBG Sending COMMIT. senderID=2 sn=51 view=0
[RESPONDER][SEND] sn=48 client=0 req=1300 msg=ClientResponse{orderSn=48,clientSn=1300}
[MESSENGER][OK] client=0 deliver clientSn=1300 sn=48
[RESPONDER][SEND] sn=48 client=0 req=1364 msg=ClientResponse{orderSn=48,clientSn=1364}
[MESSENGER][OK] client=0 deliver clientSn=1364 sn=48
[RESPONDER][SEND] sn=48 client=0 req=1304 msg=ClientResponse{orderSn=48,clientSn=1304}
[MESSENGER][OK] client=0 deliver clientSn=1304 sn=48
[RESPONDER][SEND] sn=48 client=0 req=1368 msg=ClientResponse{orderSn=48,clientSn=1368}
[MESSENGER][OK] client=0 deliver clientSn=1368 sn=48
[RESPONDER][SEND] sn=48 client=0 req=1244 msg=ClientResponse{orderSn=48,clientSn=1244}
[MESSENGER][OK] client=0 deliver clientSn=1244 sn=48
[RESPONDER][SEND] sn=48 client=0 req=1308 msg=ClientResponse{orderSn=48,clientSn=1308}
[MESSENGER][OK] client=0 deliver clientSn=1308 sn=48
[RESPONDER][SEND] sn=48 client=0 req=1248 msg=ClientResponse{orderSn=48,clientSn=1248}
[MESSENGER][OK] client=0 deliver clientSn=1248 sn=48
[RESPONDER][SEND] sn=48 client=0 req=1312 msg=ClientResponse{orderSn=48,clientSn=1312}
[MESSENGER][OK] client=0 deliver clientSn=1312 sn=48
[RESPONDER][SEND] sn=48 client=0 req=1252 msg=ClientResponse{orderSn=48,clientSn=1252}
[MESSENGER][OK] client=0 deliver clientSn=1252 sn=48
[RESPONDER][SEND] sn=48 client=0 req=1316 msg=ClientResponse{orderSn=48,clientSn=1316}
[MESSENGER][OK] client=0 deliver clientSn=1316 sn=48
[RESPONDER][SEND] sn=48 client=0 req=1256 msg=ClientResponse{orderSn=48,clientSn=1256}
[MESSENGER][OK] client=0 deliver clientSn=1256 sn=48
[RESPONDER][SEND] sn=48 client=0 req=1320 msg=ClientResponse{orderSn=48,clientSn=1320}
[MESSENGER][OK] client=0 deliver clientSn=1320 sn=48
[RESPONDER][SEND] sn=48 client=0 req=1260 msg=ClientResponse{orderSn=48,clientSn=1260}
[MESSENGER][OK] client=0 deliver clientSn=1260 sn=48
[RESPONDER][SEND] sn=48 client=0 req=1324 msg=ClientResponse{orderSn=48,clientSn=1324}
[MESSENGER][OK] client=0 deliver clientSn=1324 sn=48
[RESPONDER][SEND] sn=48 client=0 req=1264 msg=ClientResponse{orderSn=48,clientSn=1264}
[MESSENGER][OK] client=0 deliver clientSn=1264 sn=48
[RESPONDER][SEND] sn=48 client=0 req=1328 msg=ClientResponse{orderSn=48,clientSn=1328}
[MESSENGER][OK] client=0 deliver clientSn=1328 sn=48
[RESPONDER][SEND] sn=48 client=0 req=1268 msg=ClientResponse{orderSn=48,clientSn=1268}
[MESSENGER][OK] client=0 deliver clientSn=1268 sn=48
[RESPONDER][SEND] sn=48 client=0 req=1332 msg=ClientResponse{orderSn=48,clientSn=1332}
[MESSENGER][OK] client=0 deliver clientSn=1332 sn=48
[RESPONDER][SEND] sn=48 client=0 req=1272 msg=ClientResponse{orderSn=48,clientSn=1272}
[MESSENGER][OK] client=0 deliver clientSn=1272 sn=48
[RESPONDER][SEND] sn=48 client=0 req=1336 msg=ClientResponse{orderSn=48,clientSn=1336}
[MESSENGER][OK] client=0 deliver clientSn=1336 sn=48
[RESPONDER][SEND] sn=48 client=0 req=1276 msg=ClientResponse{orderSn=48,clientSn=1276}
[MESSENGER][OK] client=0 deliver clientSn=1276 sn=48
[RESPONDER][SEND] sn=48 client=0 req=1340 msg=ClientResponse{orderSn=48,clientSn=1340}
[MESSENGER][OK] client=0 deliver clientSn=1340 sn=48
[RESPONDER][ENTRY][DONE] sn=48 sent=32/32
21:01:25.849 INF Sending PREPREPARE. nReq=32 senderID=2 sn=50 view=0
21:01:25.850 INF Committed entry. latency=0 nReq=32 sn=51
21:01:25.850 DBG Starting timer. sn=55 view=0
21:01:25.854 INF Handling PREPREPARE. nReq=32 senderID=1 sn=49
21:01:25.854 DBG Creating new Batch. nReq=32
21:01:25.859 DBG Sending COMMIT. senderID=2 sn=50 view=0
21:01:25.860 DBG Sending PREPARE. senderID=2 sn=49 view=0
21:01:25.860 DBG Sending COMMIT. senderID=2 sn=49 view=0
21:01:25.863 INF Committed entry. latency=0 nReq=32 sn=49
21:01:25.863 INF Delivered batch. nReq=32 sn=49
[RESPONDER][ENTRY] sn=49 nreq=32
[RESPONDER][SEND] sn=49 client=0 req=1281 msg=ClientResponse{orderSn=49,clientSn=1281}
[MESSENGER][OK] client=0 deliver clientSn=1281 sn=49
[RESPONDER][SEND] sn=49 client=0 req=1345 msg=ClientResponse{orderSn=49,clientSn=1345}
[MESSENGER][OK] client=0 deliver clientSn=1345 sn=49
[RESPONDER][SEND] sn=49 client=0 req=1285 msg=ClientResponse{orderSn=49,clientSn=1285}
[MESSENGER][OK] client=0 deliver clientSn=1285 sn=49
[RESPONDER][SEND] sn=49 client=0 req=1349 msg=ClientResponse{orderSn=49,clientSn=1349}
[MESSENGER][OK] client=0 deliver clientSn=1349 sn=49
[RESPONDER][SEND] sn=49 client=0 req=1289 msg=ClientResponse{orderSn=49,clientSn=1289}
[MESSENGER][OK] client=0 deliver clientSn=1289 sn=49
[RESPONDER][SEND] sn=49 client=0 req=1353 msg=ClientResponse{orderSn=49,clientSn=1353}
[MESSENGER][OK] client=0 deliver clientSn=1353 sn=49
[RESPONDER][SEND] sn=49 client=0 req=1293 msg=ClientResponse{orderSn=49,clientSn=1293}
[MESSENGER][OK] client=0 deliver clientSn=1293 sn=49
[RESPONDER][SEND] sn=49 client=0 req=1357 msg=ClientResponse{orderSn=49,clientSn=1357}
[MESSENGER][OK] client=0 deliver clientSn=1357 sn=49
[RESPONDER][SEND] sn=49 client=0 req=1297 msg=ClientResponse{orderSn=49,clientSn=1297}
[MESSENGER][OK] client=0 deliver clientSn=1297 sn=49
21:01:25.863 DBG Starting timer. sn=53 view=0
[RESPONDER][SEND] sn=49 client=0 req=1361 msg=ClientResponse{orderSn=49,clientSn=1361}
21:01:25.865 INF Committed entry. latency=0 nReq=32 sn=50
21:01:25.865 INF Delivered batch. nReq=32 sn=50
21:01:25.865 INF Delivered batch. nReq=32 sn=51
[MESSENGER][OK] client=0 deliver clientSn=1361 sn=49
[RESPONDER][SEND] sn=49 client=0 req=1301 msg=ClientResponse{orderSn=49,clientSn=1301}
[MESSENGER][OK] client=0 deliver clientSn=1301 sn=49
21:01:25.865 DBG Starting timer. sn=54 view=0
[RESPONDER][SEND] sn=49 client=0 req=1365 msg=ClientResponse{orderSn=49,clientSn=1365}
[MESSENGER][OK] client=0 deliver clientSn=1365 sn=49
[RESPONDER][SEND] sn=49 client=0 req=1305 msg=ClientResponse{orderSn=49,clientSn=1305}
[MESSENGER][OK] client=0 deliver clientSn=1305 sn=49
[RESPONDER][SEND] sn=49 client=0 req=1369 msg=ClientResponse{orderSn=49,clientSn=1369}
[MESSENGER][OK] client=0 deliver clientSn=1369 sn=49
[RESPONDER][SEND] sn=49 client=0 req=1245 msg=ClientResponse{orderSn=49,clientSn=1245}
[MESSENGER][OK] client=0 deliver clientSn=1245 sn=49
[RESPONDER][SEND] sn=49 client=0 req=1309 msg=ClientResponse{orderSn=49,clientSn=1309}
[MESSENGER][OK] client=0 deliver clientSn=1309 sn=49
[RESPONDER][SEND] sn=49 client=0 req=1249 msg=ClientResponse{orderSn=49,clientSn=1249}
[MESSENGER][OK] client=0 deliver clientSn=1249 sn=49
[RESPONDER][SEND] sn=49 client=0 req=1313 msg=ClientResponse{orderSn=49,clientSn=1313}
[MESSENGER][OK] client=0 deliver clientSn=1313 sn=49
[RESPONDER][SEND] sn=49 client=0 req=1253 msg=ClientResponse{orderSn=49,clientSn=1253}
[MESSENGER][OK] client=0 deliver clientSn=1253 sn=49
[RESPONDER][SEND] sn=49 client=0 req=1317 msg=ClientResponse{orderSn=49,clientSn=1317}
[MESSENGER][OK] client=0 deliver clientSn=1317 sn=49
[RESPONDER][SEND] sn=49 client=0 req=1257 msg=ClientResponse{orderSn=49,clientSn=1257}
[MESSENGER][OK] client=0 deliver clientSn=1257 sn=49
[RESPONDER][SEND] sn=49 client=0 req=1321 msg=ClientResponse{orderSn=49,clientSn=1321}
[MESSENGER][OK] client=0 deliver clientSn=1321 sn=49
[RESPONDER][SEND] sn=49 client=0 req=1261 msg=ClientResponse{orderSn=49,clientSn=1261}
[MESSENGER][OK] client=0 deliver clientSn=1261 sn=49
[RESPONDER][SEND] sn=49 client=0 req=1325 msg=ClientResponse{orderSn=49,clientSn=1325}
[MESSENGER][OK] client=0 deliver clientSn=1325 sn=49
[RESPONDER][SEND] sn=49 client=0 req=1265 msg=ClientResponse{orderSn=49,clientSn=1265}
[MESSENGER][OK] client=0 deliver clientSn=1265 sn=49
[RESPONDER][SEND] sn=49 client=0 req=1329 msg=ClientResponse{orderSn=49,clientSn=1329}
[MESSENGER][OK] client=0 deliver clientSn=1329 sn=49
[RESPONDER][SEND] sn=49 client=0 req=1269 msg=ClientResponse{orderSn=49,clientSn=1269}
[MESSENGER][OK] client=0 deliver clientSn=1269 sn=49
[RESPONDER][SEND] sn=49 client=0 req=1333 msg=ClientResponse{orderSn=49,clientSn=1333}
[MESSENGER][OK] client=0 deliver clientSn=1333 sn=49
[RESPONDER][SEND] sn=49 client=0 req=1273 msg=ClientResponse{orderSn=49,clientSn=1273}
[MESSENGER][OK] client=0 deliver clientSn=1273 sn=49
[RESPONDER][SEND] sn=49 client=0 req=1337 msg=ClientResponse{orderSn=49,clientSn=1337}
[MESSENGER][OK] client=0 deliver clientSn=1337 sn=49
[RESPONDER][SEND] sn=49 client=0 req=1277 msg=ClientResponse{orderSn=49,clientSn=1277}
[MESSENGER][OK] client=0 deliver clientSn=1277 sn=49
[RESPONDER][SEND] sn=49 client=0 req=1341 msg=ClientResponse{orderSn=49,clientSn=1341}
[MESSENGER][OK] client=0 deliver clientSn=1341 sn=49
[RESPONDER][ENTRY][DONE] sn=49 sent=32/32
[RESPONDER][ENTRY] sn=50 nreq=32
[RESPONDER][SEND] sn=50 client=0 req=1282 msg=ClientResponse{orderSn=50,clientSn=1282}
[MESSENGER][OK] client=0 deliver clientSn=1282 sn=50
[RESPONDER][SEND] sn=50 client=0 req=1346 msg=ClientResponse{orderSn=50,clientSn=1346}
[MESSENGER][OK] client=0 deliver clientSn=1346 sn=50
[RESPONDER][SEND] sn=50 client=0 req=1286 msg=ClientResponse{orderSn=50,clientSn=1286}
[MESSENGER][OK] client=0 deliver clientSn=1286 sn=50
[RESPONDER][SEND] sn=50 client=0 req=1350 msg=ClientResponse{orderSn=50,clientSn=1350}
[MESSENGER][OK] client=0 deliver clientSn=1350 sn=50
[RESPONDER][SEND] sn=50 client=0 req=1290 msg=ClientResponse{orderSn=50,clientSn=1290}
[MESSENGER][OK] client=0 deliver clientSn=1290 sn=50
[RESPONDER][SEND] sn=50 client=0 req=1354 msg=ClientResponse{orderSn=50,clientSn=1354}
[MESSENGER][OK] client=0 deliver clientSn=1354 sn=50
[RESPONDER][SEND] sn=50 client=0 req=1294 msg=ClientResponse{orderSn=50,clientSn=1294}
[MESSENGER][OK] client=0 deliver clientSn=1294 sn=50
[RESPONDER][SEND] sn=50 client=0 req=1358 msg=ClientResponse{orderSn=50,clientSn=1358}
[MESSENGER][OK] client=0 deliver clientSn=1358 sn=50
[RESPONDER][SEND] sn=50 client=0 req=1298 msg=ClientResponse{orderSn=50,clientSn=1298}
[MESSENGER][OK] client=0 deliver clientSn=1298 sn=50
[RESPONDER][SEND] sn=50 client=0 req=1362 msg=ClientResponse{orderSn=50,clientSn=1362}
[MESSENGER][OK] client=0 deliver clientSn=1362 sn=50
[RESPONDER][SEND] sn=50 client=0 req=1302 msg=ClientResponse{orderSn=50,clientSn=1302}
[MESSENGER][OK] client=0 deliver clientSn=1302 sn=50
[RESPONDER][SEND] sn=50 client=0 req=1366 msg=ClientResponse{orderSn=50,clientSn=1366}
[MESSENGER][OK] client=0 deliver clientSn=1366 sn=50
[RESPONDER][SEND] sn=50 client=0 req=1306 msg=ClientResponse{orderSn=50,clientSn=1306}
[MESSENGER][OK] client=0 deliver clientSn=1306 sn=50
[RESPONDER][SEND] sn=50 client=0 req=1370 msg=ClientResponse{orderSn=50,clientSn=1370}
[MESSENGER][OK] client=0 deliver clientSn=1370 sn=50
[RESPONDER][SEND] sn=50 client=0 req=1246 msg=ClientResponse{orderSn=50,clientSn=1246}
[MESSENGER][OK] client=0 deliver clientSn=1246 sn=50
[RESPONDER][SEND] sn=50 client=0 req=1310 msg=ClientResponse{orderSn=50,clientSn=1310}
[MESSENGER][OK] client=0 deliver clientSn=1310 sn=50
[RESPONDER][SEND] sn=50 client=0 req=1250 msg=ClientResponse{orderSn=50,clientSn=1250}
[MESSENGER][OK] client=0 deliver clientSn=1250 sn=50
[RESPONDER][SEND] sn=50 client=0 req=1314 msg=ClientResponse{orderSn=50,clientSn=1314}
[MESSENGER][OK] client=0 deliver clientSn=1314 sn=50
[RESPONDER][SEND] sn=50 client=0 req=1254 msg=ClientResponse{orderSn=50,clientSn=1254}
[MESSENGER][OK] client=0 deliver clientSn=1254 sn=50
[RESPONDER][SEND] sn=50 client=0 req=1318 msg=ClientResponse{orderSn=50,clientSn=1318}
[MESSENGER][OK] client=0 deliver clientSn=1318 sn=50
[RESPONDER][SEND] sn=50 client=0 req=1258 msg=ClientResponse{orderSn=50,clientSn=1258}
[MESSENGER][OK] client=0 deliver clientSn=1258 sn=50
[RESPONDER][SEND] sn=50 client=0 req=1322 msg=ClientResponse{orderSn=50,clientSn=1322}
[MESSENGER][OK] client=0 deliver clientSn=1322 sn=50
[RESPONDER][SEND] sn=50 client=0 req=1262 msg=ClientResponse{orderSn=50,clientSn=1262}
[MESSENGER][OK] client=0 deliver clientSn=1262 sn=50
[RESPONDER][SEND] sn=50 client=0 req=1326 msg=ClientResponse{orderSn=50,clientSn=1326}
[MESSENGER][OK] client=0 deliver clientSn=1326 sn=50
[RESPONDER][SEND] sn=50 client=0 req=1266 msg=ClientResponse{orderSn=50,clientSn=1266}
[MESSENGER][OK] client=0 deliver clientSn=1266 sn=50
[RESPONDER][SEND] sn=50 client=0 req=1330 msg=ClientResponse{orderSn=50,clientSn=1330}
[MESSENGER][OK] client=0 deliver clientSn=1330 sn=50
[RESPONDER][SEND] sn=50 client=0 req=1270 msg=ClientResponse{orderSn=50,clientSn=1270}
[MESSENGER][OK] client=0 deliver clientSn=1270 sn=50
[RESPONDER][SEND] sn=50 client=0 req=1334 msg=ClientResponse{orderSn=50,clientSn=1334}
[MESSENGER][OK] client=0 deliver clientSn=1334 sn=50
[RESPONDER][SEND] sn=50 client=0 req=1274 msg=ClientResponse{orderSn=50,clientSn=1274}
[MESSENGER][OK] client=0 deliver clientSn=1274 sn=50
[RESPONDER][SEND] sn=50 client=0 req=1338 msg=ClientResponse{orderSn=50,clientSn=1338}
[MESSENGER][OK] client=0 deliver clientSn=1338 sn=50
[RESPONDER][SEND] sn=50 client=0 req=1278 msg=ClientResponse{orderSn=50,clientSn=1278}
[MESSENGER][OK] client=0 deliver clientSn=1278 sn=50
[RESPONDER][SEND] sn=50 client=0 req=1342 msg=ClientResponse{orderSn=50,clientSn=1342}
[MESSENGER][OK] client=0 deliver clientSn=1342 sn=50
[RESPONDER][ENTRY][DONE] sn=50 sent=32/32
[RESPONDER][ENTRY] sn=51 nreq=32
[RESPONDER][SEND] sn=51 client=0 req=1283 msg=ClientResponse{orderSn=51,clientSn=1283}
[MESSENGER][OK] client=0 deliver clientSn=1283 sn=51
[RESPONDER][SEND] sn=51 client=0 req=1347 msg=ClientResponse{orderSn=51,clientSn=1347}
[MESSENGER][OK] client=0 deliver clientSn=1347 sn=51
[RESPONDER][SEND] sn=51 client=0 req=1287 msg=ClientResponse{orderSn=51,clientSn=1287}
[MESSENGER][OK] client=0 deliver clientSn=1287 sn=51
[RESPONDER][SEND] sn=51 client=0 req=1351 msg=ClientResponse{orderSn=51,clientSn=1351}
[MESSENGER][OK] client=0 deliver clientSn=1351 sn=51
[RESPONDER][SEND] sn=51 client=0 req=1291 msg=ClientResponse{orderSn=51,clientSn=1291}
[MESSENGER][OK] client=0 deliver clientSn=1291 sn=51
[RESPONDER][SEND] sn=51 client=0 req=1355 msg=ClientResponse{orderSn=51,clientSn=1355}
[MESSENGER][OK] client=0 deliver clientSn=1355 sn=51
[RESPONDER][SEND] sn=51 client=0 req=1295 msg=ClientResponse{orderSn=51,clientSn=1295}
[MESSENGER][OK] client=0 deliver clientSn=1295 sn=51
[RESPONDER][SEND] sn=51 client=0 req=1359 msg=ClientResponse{orderSn=51,clientSn=1359}
[MESSENGER][OK] client=0 deliver clientSn=1359 sn=51
[RESPONDER][SEND] sn=51 client=0 req=1299 msg=ClientResponse{orderSn=51,clientSn=1299}
[MESSENGER][OK] client=0 deliver clientSn=1299 sn=51
[RESPONDER][SEND] sn=51 client=0 req=1363 msg=ClientResponse{orderSn=51,clientSn=1363}
[MESSENGER][OK] client=0 deliver clientSn=1363 sn=51
[RESPONDER][SEND] sn=51 client=0 req=1303 msg=ClientResponse{orderSn=51,clientSn=1303}
[MESSENGER][OK] client=0 deliver clientSn=1303 sn=51
[RESPONDER][SEND] sn=51 client=0 req=1367 msg=ClientResponse{orderSn=51,clientSn=1367}
[MESSENGER][OK] client=0 deliver clientSn=1367 sn=51
[RESPONDER][SEND] sn=51 client=0 req=1307 msg=ClientResponse{orderSn=51,clientSn=1307}
[MESSENGER][OK] client=0 deliver clientSn=1307 sn=51
[RESPONDER][SEND] sn=51 client=0 req=1371 msg=ClientResponse{orderSn=51,clientSn=1371}
[MESSENGER][OK] client=0 deliver clientSn=1371 sn=51
[RESPONDER][SEND] sn=51 client=0 req=1247 msg=ClientResponse{orderSn=51,clientSn=1247}
[MESSENGER][OK] client=0 deliver clientSn=1247 sn=51
[RESPONDER][SEND] sn=51 client=0 req=1311 msg=ClientResponse{orderSn=51,clientSn=1311}
[MESSENGER][OK] client=0 deliver clientSn=1311 sn=51
[RESPONDER][SEND] sn=51 client=0 req=1251 msg=ClientResponse{orderSn=51,clientSn=1251}
[MESSENGER][OK] client=0 deliver clientSn=1251 sn=51
[RESPONDER][SEND] sn=51 client=0 req=1315 msg=ClientResponse{orderSn=51,clientSn=1315}
[MESSENGER][OK] client=0 deliver clientSn=1315 sn=51
[RESPONDER][SEND] sn=51 client=0 req=1255 msg=ClientResponse{orderSn=51,clientSn=1255}
[MESSENGER][OK] client=0 deliver clientSn=1255 sn=51
[RESPONDER][SEND] sn=51 client=0 req=1319 msg=ClientResponse{orderSn=51,clientSn=1319}
[MESSENGER][OK] client=0 deliver clientSn=1319 sn=51
[RESPONDER][SEND] sn=51 client=0 req=1259 msg=ClientResponse{orderSn=51,clientSn=1259}
[MESSENGER][OK] client=0 deliver clientSn=1259 sn=51
[RESPONDER][SEND] sn=51 client=0 req=1323 msg=ClientResponse{orderSn=51,clientSn=1323}
[MESSENGER][OK] client=0 deliver clientSn=1323 sn=51
[RESPONDER][SEND] sn=51 client=0 req=1263 msg=ClientResponse{orderSn=51,clientSn=1263}
[MESSENGER][OK] client=0 deliver clientSn=1263 sn=51
[RESPONDER][SEND] sn=51 client=0 req=1327 msg=ClientResponse{orderSn=51,clientSn=1327}
[MESSENGER][OK] client=0 deliver clientSn=1327 sn=51
[RESPONDER][SEND] sn=51 client=0 req=1267 msg=ClientResponse{orderSn=51,clientSn=1267}
[MESSENGER][OK] client=0 deliver clientSn=1267 sn=51
[RESPONDER][SEND] sn=51 client=0 req=1331 msg=ClientResponse{orderSn=51,clientSn=1331}
[MESSENGER][OK] client=0 deliver clientSn=1331 sn=51
[RESPONDER][SEND] sn=51 client=0 req=1271 msg=ClientResponse{orderSn=51,clientSn=1271}
[MESSENGER][OK] client=0 deliver clientSn=1271 sn=51
[RESPONDER][SEND] sn=51 client=0 req=1335 msg=ClientResponse{orderSn=51,clientSn=1335}
[MESSENGER][OK] client=0 deliver clientSn=1335 sn=51
[RESPONDER][SEND] sn=51 client=0 req=1275 msg=ClientResponse{orderSn=51,clientSn=1275}
[MESSENGER][OK] client=0 deliver clientSn=1275 sn=51
[RESPONDER][SEND] sn=51 client=0 req=1339 msg=ClientResponse{orderSn=51,clientSn=1339}
[MESSENGER][OK] client=0 deliver clientSn=1339 sn=51
[RESPONDER][SEND] sn=51 client=0 req=1279 msg=ClientResponse{orderSn=51,clientSn=1279}
[MESSENGER][OK] client=0 deliver clientSn=1279 sn=51
[RESPONDER][SEND] sn=51 client=0 req=1343 msg=ClientResponse{orderSn=51,clientSn=1343}
[MESSENGER][OK] client=0 deliver clientSn=1343 sn=51
[RESPONDER][ENTRY][DONE] sn=51 sent=32/32
21:01:26.840 INF Handling PREPREPARE. nReq=32 senderID=0 sn=52
21:01:26.840 DBG Creating new Batch. nReq=32
21:01:26.844 DBG Sending PREPARE. senderID=2 sn=52 view=0
21:01:26.844 INF Handling PREPREPARE. nReq=32 senderID=3 sn=55
21:01:26.845 DBG Creating new Batch. nReq=32
21:01:26.846 DBG Sending COMMIT. senderID=2 sn=52 view=0
21:01:26.847 DBG Batch ready. batchSize=4096
21:01:26.847 INF Committed entry. latency=0 nReq=32 sn=52
21:01:26.848 INF Delivered batch. nReq=32 sn=52
21:01:26.848 DBG Starting timer. sn=56 view=0
21:01:26.848 DBG Sending PREPARE. senderID=2 sn=55 view=0
[RESPONDER][ENTRY] sn=52 nreq=32
[RESPONDER][SEND] sn=52 client=0 req=1408 msg=ClientResponse{orderSn=52,clientSn=1408}
21:01:26.848 DBG Batch cut. left=0 nBuckets=16 nReq=32 next=0
[MESSENGER][OK] client=0 deliver clientSn=1408 sn=52
[RESPONDER][SEND] sn=52 client=0 req=1472 msg=ClientResponse{orderSn=52,clientSn=1472}
[MESSENGER][OK] client=0 deliver clientSn=1472 sn=52
[RESPONDER][SEND] sn=52 client=0 req=1412 msg=ClientResponse{orderSn=52,clientSn=1412}
[MESSENGER][OK] client=0 deliver clientSn=1412 sn=52
[RESPONDER][SEND] sn=52 client=0 req=1476 msg=ClientResponse{orderSn=52,clientSn=1476}
[MESSENGER][OK] client=0 deliver clientSn=1476 sn=52
[RESPONDER][SEND] sn=52 client=0 req=1416 msg=ClientResponse{orderSn=52,clientSn=1416}
[MESSENGER][OK] client=0 deliver clientSn=1416 sn=52
[RESPONDER][SEND] sn=52 client=0 req=1480 msg=ClientResponse{orderSn=52,clientSn=1480}
[MESSENGER][OK] client=0 deliver clientSn=1480 sn=52
[RESPONDER][SEND] sn=52 client=0 req=1420 msg=ClientResponse{orderSn=52,clientSn=1420}
[MESSENGER][OK] client=0 deliver clientSn=1420 sn=52
[RESPONDER][SEND] sn=52 client=0 req=1484 msg=ClientResponse{orderSn=52,clientSn=1484}
[MESSENGER][OK] client=0 deliver clientSn=1484 sn=52
[RESPONDER][SEND] sn=52 client=0 req=1424 msg=ClientResponse{orderSn=52,clientSn=1424}
21:01:26.849 DBG Waiting for batch. batchSize=4096
[MESSENGER][OK] client=0 deliver clientSn=1424 sn=52
[RESPONDER][SEND] sn=52 client=0 req=1488 msg=ClientResponse{orderSn=52,clientSn=1488}
[MESSENGER][OK] client=0 deliver clientSn=1488 sn=52
[RESPONDER][SEND] sn=52 client=0 req=1428 msg=ClientResponse{orderSn=52,clientSn=1428}
[MESSENGER][OK] client=0 deliver clientSn=1428 sn=52
[RESPONDER][SEND] sn=52 client=0 req=1492 msg=ClientResponse{orderSn=52,clientSn=1492}
[MESSENGER][OK] client=0 deliver clientSn=1492 sn=52
[RESPONDER][SEND] sn=52 client=0 req=1432 msg=ClientResponse{orderSn=52,clientSn=1432}
[MESSENGER][OK] client=0 deliver clientSn=1432 sn=52
[RESPONDER][SEND] sn=52 client=0 req=1496 msg=ClientResponse{orderSn=52,clientSn=1496}
21:01:26.850 DBG Sending COMMIT. senderID=2 sn=55 view=0
[MESSENGER][OK] client=0 deliver clientSn=1496 sn=52
[RESPONDER][SEND] sn=52 client=0 req=1372 msg=ClientResponse{orderSn=52,clientSn=1372}
[MESSENGER][OK] client=0 deliver clientSn=1372 sn=52
[RESPONDER][SEND] sn=52 client=0 req=1436 msg=ClientResponse{orderSn=52,clientSn=1436}
[MESSENGER][OK] client=0 deliver clientSn=1436 sn=52
[RESPONDER][SEND] sn=52 client=0 req=1376 msg=ClientResponse{orderSn=52,clientSn=1376}
[MESSENGER][OK] client=0 deliver clientSn=1376 sn=52
[RESPONDER][SEND] sn=52 client=0 req=1440 msg=ClientResponse{orderSn=52,clientSn=1440}
[MESSENGER][OK] client=0 deliver clientSn=1440 sn=52
[RESPONDER][SEND] sn=52 client=0 req=1380 msg=ClientResponse{orderSn=52,clientSn=1380}
[MESSENGER][OK] client=0 deliver clientSn=1380 sn=52
[RESPONDER][SEND] sn=52 client=0 req=1444 msg=ClientResponse{orderSn=52,clientSn=1444}
[MESSENGER][OK] client=0 deliver clientSn=1444 sn=52
[RESPONDER][SEND] sn=52 client=0 req=1384 msg=ClientResponse{orderSn=52,clientSn=1384}
[MESSENGER][OK] client=0 deliver clientSn=1384 sn=52
[RESPONDER][SEND] sn=52 client=0 req=1448 msg=ClientResponse{orderSn=52,clientSn=1448}
[MESSENGER][OK] client=0 deliver clientSn=1448 sn=52
[RESPONDER][SEND] sn=52 client=0 req=1388 msg=ClientResponse{orderSn=52,clientSn=1388}
[MESSENGER][OK] client=0 deliver clientSn=1388 sn=52
[RESPONDER][SEND] sn=52 client=0 req=1452 msg=ClientResponse{orderSn=52,clientSn=1452}
[MESSENGER][OK] client=0 deliver clientSn=1452 sn=52
[RESPONDER][SEND] sn=52 client=0 req=1392 msg=ClientResponse{orderSn=52,clientSn=1392}
[MESSENGER][OK] client=0 deliver clientSn=1392 sn=52
[RESPONDER][SEND] sn=52 client=0 req=1456 msg=ClientResponse{orderSn=52,clientSn=1456}
21:01:26.851 INF Sending PREPREPARE. nReq=32 senderID=2 sn=54 view=0
[MESSENGER][OK] client=0 deliver clientSn=1456 sn=52
[RESPONDER][SEND] sn=52 client=0 req=1396 msg=ClientResponse{orderSn=52,clientSn=1396}
[MESSENGER][OK] client=0 deliver clientSn=1396 sn=52
[RESPONDER][SEND] sn=52 client=0 req=1460 msg=ClientResponse{orderSn=52,clientSn=1460}
[MESSENGER][OK] client=0 deliver clientSn=1460 sn=52
[RESPONDER][SEND] sn=52 client=0 req=1400 msg=ClientResponse{orderSn=52,clientSn=1400}
[MESSENGER][OK] client=0 deliver clientSn=1400 sn=52
[RESPONDER][SEND] sn=52 client=0 req=1464 msg=ClientResponse{orderSn=52,clientSn=1464}
[MESSENGER][OK] client=0 deliver clientSn=1464 sn=52
[RESPONDER][SEND] sn=52 client=0 req=1404 msg=ClientResponse{orderSn=52,clientSn=1404}
[MESSENGER][OK] client=0 deliver clientSn=1404 sn=52
[RESPONDER][SEND] sn=52 client=0 req=1468 msg=ClientResponse{orderSn=52,clientSn=1468}
[MESSENGER][OK] client=0 deliver clientSn=1468 sn=52
[RESPONDER][ENTRY][DONE] sn=52 sent=32/32
21:01:26.852 INF Committed entry. latency=0 nReq=32 sn=55
21:01:26.852 DBG Starting timer. sn=59 view=0
21:01:26.859 INF Handling PREPREPARE. nReq=33 senderID=1 sn=53
21:01:26.859 DBG Creating new Batch. nReq=33
21:01:26.861 DBG Sending COMMIT. senderID=2 sn=54 view=0
21:01:26.865 INF Committed entry. latency=0 nReq=32 sn=54
21:01:26.865 DBG Starting timer. sn=58 view=0
21:01:26.866 DBG Sending PREPARE. senderID=2 sn=53 view=0
21:01:26.866 DBG Sending COMMIT. senderID=2 sn=53 view=0
21:01:26.868 INF Committed entry. latency=0 nReq=33 sn=53
21:01:26.869 INF Delivered batch. nReq=33 sn=53
21:01:26.869 INF Delivered batch. nReq=32 sn=54
[RESPONDER][ENTRY] sn=53 nreq=33
[RESPONDER][SEND] sn=53 client=0 req=1409 msg=ClientResponse{orderSn=53,clientSn=1409}
21:01:26.869 INF Delivered batch. nReq=32 sn=55
[MESSENGER][OK] client=0 deliver clientSn=1409 sn=53
[RESPONDER][SEND] sn=53 client=0 req=1473 msg=ClientResponse{orderSn=53,clientSn=1473}
21:01:26.869 DBG Starting timer. sn=57 view=0
[MESSENGER][OK] client=0 deliver clientSn=1473 sn=53
[RESPONDER][SEND] sn=53 client=0 req=1413 msg=ClientResponse{orderSn=53,clientSn=1413}
[MESSENGER][OK] client=0 deliver clientSn=1413 sn=53
[RESPONDER][SEND] sn=53 client=0 req=1477 msg=ClientResponse{orderSn=53,clientSn=1477}
[MESSENGER][OK] client=0 deliver clientSn=1477 sn=53
[RESPONDER][SEND] sn=53 client=0 req=1417 msg=ClientResponse{orderSn=53,clientSn=1417}
[MESSENGER][OK] client=0 deliver clientSn=1417 sn=53
[RESPONDER][SEND] sn=53 client=0 req=1481 msg=ClientResponse{orderSn=53,clientSn=1481}
[MESSENGER][OK] client=0 deliver clientSn=1481 sn=53
[RESPONDER][SEND] sn=53 client=0 req=1421 msg=ClientResponse{orderSn=53,clientSn=1421}
[MESSENGER][OK] client=0 deliver clientSn=1421 sn=53
[RESPONDER][SEND] sn=53 client=0 req=1485 msg=ClientResponse{orderSn=53,clientSn=1485}
[MESSENGER][OK] client=0 deliver clientSn=1485 sn=53
[RESPONDER][SEND] sn=53 client=0 req=1425 msg=ClientResponse{orderSn=53,clientSn=1425}
[MESSENGER][OK] client=0 deliver clientSn=1425 sn=53
[RESPONDER][SEND] sn=53 client=0 req=1489 msg=ClientResponse{orderSn=53,clientSn=1489}
[MESSENGER][OK] client=0 deliver clientSn=1489 sn=53
[RESPONDER][SEND] sn=53 client=0 req=1429 msg=ClientResponse{orderSn=53,clientSn=1429}
[MESSENGER][OK] client=0 deliver clientSn=1429 sn=53
[RESPONDER][SEND] sn=53 client=0 req=1493 msg=ClientResponse{orderSn=53,clientSn=1493}
[MESSENGER][OK] client=0 deliver clientSn=1493 sn=53
[RESPONDER][SEND] sn=53 client=0 req=1433 msg=ClientResponse{orderSn=53,clientSn=1433}
[MESSENGER][OK] client=0 deliver clientSn=1433 sn=53
[RESPONDER][SEND] sn=53 client=0 req=1497 msg=ClientResponse{orderSn=53,clientSn=1497}
[MESSENGER][OK] client=0 deliver clientSn=1497 sn=53
[RESPONDER][SEND] sn=53 client=0 req=1373 msg=ClientResponse{orderSn=53,clientSn=1373}
[MESSENGER][OK] client=0 deliver clientSn=1373 sn=53
[RESPONDER][SEND] sn=53 client=0 req=1437 msg=ClientResponse{orderSn=53,clientSn=1437}
[MESSENGER][OK] client=0 deliver clientSn=1437 sn=53
[RESPONDER][SEND] sn=53 client=0 req=1377 msg=ClientResponse{orderSn=53,clientSn=1377}
[MESSENGER][OK] client=0 deliver clientSn=1377 sn=53
[RESPONDER][SEND] sn=53 client=0 req=1441 msg=ClientResponse{orderSn=53,clientSn=1441}
[MESSENGER][OK] client=0 deliver clientSn=1441 sn=53
[RESPONDER][SEND] sn=53 client=0 req=1381 msg=ClientResponse{orderSn=53,clientSn=1381}
[MESSENGER][OK] client=0 deliver clientSn=1381 sn=53
[RESPONDER][SEND] sn=53 client=0 req=1445 msg=ClientResponse{orderSn=53,clientSn=1445}
[MESSENGER][OK] client=0 deliver clientSn=1445 sn=53
[RESPONDER][SEND] sn=53 client=0 req=1385 msg=ClientResponse{orderSn=53,clientSn=1385}
[MESSENGER][OK] client=0 deliver clientSn=1385 sn=53
[RESPONDER][SEND] sn=53 client=0 req=1449 msg=ClientResponse{orderSn=53,clientSn=1449}
[MESSENGER][OK] client=0 deliver clientSn=1449 sn=53
[RESPONDER][SEND] sn=53 client=0 req=1389 msg=ClientResponse{orderSn=53,clientSn=1389}
[MESSENGER][OK] client=0 deliver clientSn=1389 sn=53
[RESPONDER][SEND] sn=53 client=0 req=1453 msg=ClientResponse{orderSn=53,clientSn=1453}
[MESSENGER][OK] client=0 deliver clientSn=1453 sn=53
[RESPONDER][SEND] sn=53 client=0 req=1393 msg=ClientResponse{orderSn=53,clientSn=1393}
[MESSENGER][OK] client=0 deliver clientSn=1393 sn=53
[RESPONDER][SEND] sn=53 client=0 req=1457 msg=ClientResponse{orderSn=53,clientSn=1457}
[MESSENGER][OK] client=0 deliver clientSn=1457 sn=53
[RESPONDER][SEND] sn=53 client=0 req=1397 msg=ClientResponse{orderSn=53,clientSn=1397}
[MESSENGER][OK] client=0 deliver clientSn=1397 sn=53
[RESPONDER][SEND] sn=53 client=0 req=1461 msg=ClientResponse{orderSn=53,clientSn=1461}
[MESSENGER][OK] client=0 deliver clientSn=1461 sn=53
[RESPONDER][SEND] sn=53 client=0 req=1401 msg=ClientResponse{orderSn=53,clientSn=1401}
[MESSENGER][OK] client=0 deliver clientSn=1401 sn=53
[RESPONDER][SEND] sn=53 client=0 req=1465 msg=ClientResponse{orderSn=53,clientSn=1465}
[MESSENGER][OK] client=0 deliver clientSn=1465 sn=53
[RESPONDER][SEND] sn=53 client=0 req=1405 msg=ClientResponse{orderSn=53,clientSn=1405}
[MESSENGER][OK] client=0 deliver clientSn=1405 sn=53
[RESPONDER][SEND] sn=53 client=0 req=1469 msg=ClientResponse{orderSn=53,clientSn=1469}
[MESSENGER][OK] client=0 deliver clientSn=1469 sn=53
[RESPONDER][SEND] sn=53 client=0 req=1501 msg=ClientResponse{orderSn=53,clientSn=1501}
[MESSENGER][OK] client=0 deliver clientSn=1501 sn=53
[RESPONDER][ENTRY][DONE] sn=53 sent=33/33
[RESPONDER][ENTRY] sn=54 nreq=32
[RESPONDER][SEND] sn=54 client=0 req=1410 msg=ClientResponse{orderSn=54,clientSn=1410}
[MESSENGER][OK] client=0 deliver clientSn=1410 sn=54
[RESPONDER][SEND] sn=54 client=0 req=1474 msg=ClientResponse{orderSn=54,clientSn=1474}
[MESSENGER][OK] client=0 deliver clientSn=1474 sn=54
[RESPONDER][SEND] sn=54 client=0 req=1414 msg=ClientResponse{orderSn=54,clientSn=1414}
[MESSENGER][OK] client=0 deliver clientSn=1414 sn=54
[RESPONDER][SEND] sn=54 client=0 req=1478 msg=ClientResponse{orderSn=54,clientSn=1478}
[MESSENGER][OK] client=0 deliver clientSn=1478 sn=54
[RESPONDER][SEND] sn=54 client=0 req=1418 msg=ClientResponse{orderSn=54,clientSn=1418}
[MESSENGER][OK] client=0 deliver clientSn=1418 sn=54
[RESPONDER][SEND] sn=54 client=0 req=1482 msg=ClientResponse{orderSn=54,clientSn=1482}
[MESSENGER][OK] client=0 deliver clientSn=1482 sn=54
[RESPONDER][SEND] sn=54 client=0 req=1422 msg=ClientResponse{orderSn=54,clientSn=1422}
[MESSENGER][OK] client=0 deliver clientSn=1422 sn=54
[RESPONDER][SEND] sn=54 client=0 req=1486 msg=ClientResponse{orderSn=54,clientSn=1486}
[MESSENGER][OK] client=0 deliver clientSn=1486 sn=54
[RESPONDER][SEND] sn=54 client=0 req=1426 msg=ClientResponse{orderSn=54,clientSn=1426}
[MESSENGER][OK] client=0 deliver clientSn=1426 sn=54
[RESPONDER][SEND] sn=54 client=0 req=1490 msg=ClientResponse{orderSn=54,clientSn=1490}
[MESSENGER][OK] client=0 deliver clientSn=1490 sn=54
[RESPONDER][SEND] sn=54 client=0 req=1430 msg=ClientResponse{orderSn=54,clientSn=1430}
[MESSENGER][OK] client=0 deliver clientSn=1430 sn=54
[RESPONDER][SEND] sn=54 client=0 req=1494 msg=ClientResponse{orderSn=54,clientSn=1494}
[MESSENGER][OK] client=0 deliver clientSn=1494 sn=54
[RESPONDER][SEND] sn=54 client=0 req=1434 msg=ClientResponse{orderSn=54,clientSn=1434}
[MESSENGER][OK] client=0 deliver clientSn=1434 sn=54
[RESPONDER][SEND] sn=54 client=0 req=1498 msg=ClientResponse{orderSn=54,clientSn=1498}
[MESSENGER][OK] client=0 deliver clientSn=1498 sn=54
[RESPONDER][SEND] sn=54 client=0 req=1374 msg=ClientResponse{orderSn=54,clientSn=1374}
[MESSENGER][OK] client=0 deliver clientSn=1374 sn=54
[RESPONDER][SEND] sn=54 client=0 req=1438 msg=ClientResponse{orderSn=54,clientSn=1438}
[MESSENGER][OK] client=0 deliver clientSn=1438 sn=54
[RESPONDER][SEND] sn=54 client=0 req=1378 msg=ClientResponse{orderSn=54,clientSn=1378}
[MESSENGER][OK] client=0 deliver clientSn=1378 sn=54
[RESPONDER][SEND] sn=54 client=0 req=1442 msg=ClientResponse{orderSn=54,clientSn=1442}
[MESSENGER][OK] client=0 deliver clientSn=1442 sn=54
[RESPONDER][SEND] sn=54 client=0 req=1382 msg=ClientResponse{orderSn=54,clientSn=1382}
[MESSENGER][OK] client=0 deliver clientSn=1382 sn=54
[RESPONDER][SEND] sn=54 client=0 req=1446 msg=ClientResponse{orderSn=54,clientSn=1446}
[MESSENGER][OK] client=0 deliver clientSn=1446 sn=54
[RESPONDER][SEND] sn=54 client=0 req=1386 msg=ClientResponse{orderSn=54,clientSn=1386}
[MESSENGER][OK] client=0 deliver clientSn=1386 sn=54
[RESPONDER][SEND] sn=54 client=0 req=1450 msg=ClientResponse{orderSn=54,clientSn=1450}
[MESSENGER][OK] client=0 deliver clientSn=1450 sn=54
[RESPONDER][SEND] sn=54 client=0 req=1390 msg=ClientResponse{orderSn=54,clientSn=1390}
[MESSENGER][OK] client=0 deliver clientSn=1390 sn=54
[RESPONDER][SEND] sn=54 client=0 req=1454 msg=ClientResponse{orderSn=54,clientSn=1454}
[MESSENGER][OK] client=0 deliver clientSn=1454 sn=54
[RESPONDER][SEND] sn=54 client=0 req=1394 msg=ClientResponse{orderSn=54,clientSn=1394}
[MESSENGER][OK] client=0 deliver clientSn=1394 sn=54
[RESPONDER][SEND] sn=54 client=0 req=1458 msg=ClientResponse{orderSn=54,clientSn=1458}
[MESSENGER][OK] client=0 deliver clientSn=1458 sn=54
[RESPONDER][SEND] sn=54 client=0 req=1398 msg=ClientResponse{orderSn=54,clientSn=1398}
[MESSENGER][OK] client=0 deliver clientSn=1398 sn=54
[RESPONDER][SEND] sn=54 client=0 req=1462 msg=ClientResponse{orderSn=54,clientSn=1462}
[MESSENGER][OK] client=0 deliver clientSn=1462 sn=54
[RESPONDER][SEND] sn=54 client=0 req=1402 msg=ClientResponse{orderSn=54,clientSn=1402}
[MESSENGER][OK] client=0 deliver clientSn=1402 sn=54
[RESPONDER][SEND] sn=54 client=0 req=1466 msg=ClientResponse{orderSn=54,clientSn=1466}
[MESSENGER][OK] client=0 deliver clientSn=1466 sn=54
[RESPONDER][SEND] sn=54 client=0 req=1406 msg=ClientResponse{orderSn=54,clientSn=1406}
[MESSENGER][OK] client=0 deliver clientSn=1406 sn=54
[RESPONDER][SEND] sn=54 client=0 req=1470 msg=ClientResponse{orderSn=54,clientSn=1470}
[MESSENGER][OK] client=0 deliver clientSn=1470 sn=54
[RESPONDER][ENTRY][DONE] sn=54 sent=32/32
[RESPONDER][ENTRY] sn=55 nreq=32
[RESPONDER][SEND] sn=55 client=0 req=1411 msg=ClientResponse{orderSn=55,clientSn=1411}
[MESSENGER][OK] client=0 deliver clientSn=1411 sn=55
[RESPONDER][SEND] sn=55 client=0 req=1475 msg=ClientResponse{orderSn=55,clientSn=1475}
[MESSENGER][OK] client=0 deliver clientSn=1475 sn=55
[RESPONDER][SEND] sn=55 client=0 req=1415 msg=ClientResponse{orderSn=55,clientSn=1415}
[MESSENGER][OK] client=0 deliver clientSn=1415 sn=55
[RESPONDER][SEND] sn=55 client=0 req=1479 msg=ClientResponse{orderSn=55,clientSn=1479}
[MESSENGER][OK] client=0 deliver clientSn=1479 sn=55
[RESPONDER][SEND] sn=55 client=0 req=1419 msg=ClientResponse{orderSn=55,clientSn=1419}
[MESSENGER][OK] client=0 deliver clientSn=1419 sn=55
[RESPONDER][SEND] sn=55 client=0 req=1483 msg=ClientResponse{orderSn=55,clientSn=1483}
[MESSENGER][OK] client=0 deliver clientSn=1483 sn=55
[RESPONDER][SEND] sn=55 client=0 req=1423 msg=ClientResponse{orderSn=55,clientSn=1423}
[MESSENGER][OK] client=0 deliver clientSn=1423 sn=55
[RESPONDER][SEND] sn=55 client=0 req=1487 msg=ClientResponse{orderSn=55,clientSn=1487}
[MESSENGER][OK] client=0 deliver clientSn=1487 sn=55
[RESPONDER][SEND] sn=55 client=0 req=1427 msg=ClientResponse{orderSn=55,clientSn=1427}
[MESSENGER][OK] client=0 deliver clientSn=1427 sn=55
[RESPONDER][SEND] sn=55 client=0 req=1491 msg=ClientResponse{orderSn=55,clientSn=1491}
[MESSENGER][OK] client=0 deliver clientSn=1491 sn=55
[RESPONDER][SEND] sn=55 client=0 req=1431 msg=ClientResponse{orderSn=55,clientSn=1431}
[MESSENGER][OK] client=0 deliver clientSn=1431 sn=55
[RESPONDER][SEND] sn=55 client=0 req=1495 msg=ClientResponse{orderSn=55,clientSn=1495}
[MESSENGER][OK] client=0 deliver clientSn=1495 sn=55
[RESPONDER][SEND] sn=55 client=0 req=1435 msg=ClientResponse{orderSn=55,clientSn=1435}
[MESSENGER][OK] client=0 deliver clientSn=1435 sn=55
[RESPONDER][SEND] sn=55 client=0 req=1499 msg=ClientResponse{orderSn=55,clientSn=1499}
[MESSENGER][OK] client=0 deliver clientSn=1499 sn=55
[RESPONDER][SEND] sn=55 client=0 req=1375 msg=ClientResponse{orderSn=55,clientSn=1375}
[MESSENGER][OK] client=0 deliver clientSn=1375 sn=55
[RESPONDER][SEND] sn=55 client=0 req=1439 msg=ClientResponse{orderSn=55,clientSn=1439}
[MESSENGER][OK] client=0 deliver clientSn=1439 sn=55
[RESPONDER][SEND] sn=55 client=0 req=1379 msg=ClientResponse{orderSn=55,clientSn=1379}
[MESSENGER][OK] client=0 deliver clientSn=1379 sn=55
[RESPONDER][SEND] sn=55 client=0 req=1443 msg=ClientResponse{orderSn=55,clientSn=1443}
[MESSENGER][OK] client=0 deliver clientSn=1443 sn=55
[RESPONDER][SEND] sn=55 client=0 req=1383 msg=ClientResponse{orderSn=55,clientSn=1383}
[MESSENGER][OK] client=0 deliver clientSn=1383 sn=55
[RESPONDER][SEND] sn=55 client=0 req=1447 msg=ClientResponse{orderSn=55,clientSn=1447}
[MESSENGER][OK] client=0 deliver clientSn=1447 sn=55
[RESPONDER][SEND] sn=55 client=0 req=1387 msg=ClientResponse{orderSn=55,clientSn=1387}
[MESSENGER][OK] client=0 deliver clientSn=1387 sn=55
[RESPONDER][SEND] sn=55 client=0 req=1451 msg=ClientResponse{orderSn=55,clientSn=1451}
[MESSENGER][OK] client=0 deliver clientSn=1451 sn=55
[RESPONDER][SEND] sn=55 client=0 req=1391 msg=ClientResponse{orderSn=55,clientSn=1391}
[MESSENGER][OK] client=0 deliver clientSn=1391 sn=55
[RESPONDER][SEND] sn=55 client=0 req=1455 msg=ClientResponse{orderSn=55,clientSn=1455}
[MESSENGER][OK] client=0 deliver clientSn=1455 sn=55
[RESPONDER][SEND] sn=55 client=0 req=1395 msg=ClientResponse{orderSn=55,clientSn=1395}
[MESSENGER][OK] client=0 deliver clientSn=1395 sn=55
[RESPONDER][SEND] sn=55 client=0 req=1459 msg=ClientResponse{orderSn=55,clientSn=1459}
[MESSENGER][OK] client=0 deliver clientSn=1459 sn=55
[RESPONDER][SEND] sn=55 client=0 req=1399 msg=ClientResponse{orderSn=55,clientSn=1399}
[MESSENGER][OK] client=0 deliver clientSn=1399 sn=55
[RESPONDER][SEND] sn=55 client=0 req=1463 msg=ClientResponse{orderSn=55,clientSn=1463}
[MESSENGER][OK] client=0 deliver clientSn=1463 sn=55
[RESPONDER][SEND] sn=55 client=0 req=1403 msg=ClientResponse{orderSn=55,clientSn=1403}
[MESSENGER][OK] client=0 deliver clientSn=1403 sn=55
[RESPONDER][SEND] sn=55 client=0 req=1467 msg=ClientResponse{orderSn=55,clientSn=1467}
[MESSENGER][OK] client=0 deliver clientSn=1467 sn=55
[RESPONDER][SEND] sn=55 client=0 req=1407 msg=ClientResponse{orderSn=55,clientSn=1407}
[MESSENGER][OK] client=0 deliver clientSn=1407 sn=55
[RESPONDER][SEND] sn=55 client=0 req=1471 msg=ClientResponse{orderSn=55,clientSn=1471}
[MESSENGER][OK] client=0 deliver clientSn=1471 sn=55
[RESPONDER][ENTRY][DONE] sn=55 sent=32/32
21:01:27.842 INF Handling PREPREPARE. nReq=32 senderID=0 sn=56
21:01:27.842 DBG Creating new Batch. nReq=32
21:01:27.843 INF Handling PREPREPARE. nReq=32 senderID=3 sn=59
21:01:27.843 DBG Creating new Batch. nReq=32
21:01:27.845 DBG Sending PREPARE. senderID=2 sn=56 view=0
21:01:27.846 DBG Sending PREPARE. senderID=2 sn=59 view=0
21:01:27.848 DBG Sending COMMIT. senderID=2 sn=56 view=0
21:01:27.848 DBG Sending COMMIT. senderID=2 sn=59 view=0
21:01:27.848 INF Committed entry. latency=0 nReq=32 sn=56
21:01:27.848 INF Delivered batch. nReq=32 sn=56
21:01:27.849 DBG Starting timer. sn=60 view=0
[RESPONDER][ENTRY] sn=56 nreq=32
[RESPONDER][SEND] sn=56 client=0 req=1536 msg=ClientResponse{orderSn=56,clientSn=1536}
[MESSENGER][OK] client=0 deliver clientSn=1536 sn=56
[RESPONDER][SEND] sn=56 client=0 req=1600 msg=ClientResponse{orderSn=56,clientSn=1600}
[MESSENGER][OK] client=0 deliver clientSn=1600 sn=56
[RESPONDER][SEND] sn=56 client=0 req=1540 msg=ClientResponse{orderSn=56,clientSn=1540}
[MESSENGER][OK] client=0 deliver clientSn=1540 sn=56
[RESPONDER][SEND] sn=56 client=0 req=1604 msg=ClientResponse{orderSn=56,clientSn=1604}
[MESSENGER][OK] client=0 deliver clientSn=1604 sn=56
[RESPONDER][SEND] sn=56 client=0 req=1544 msg=ClientResponse{orderSn=56,clientSn=1544}
[MESSENGER][OK] client=0 deliver clientSn=1544 sn=56
[RESPONDER][SEND] sn=56 client=0 req=1608 msg=ClientResponse{orderSn=56,clientSn=1608}
[MESSENGER][OK] client=0 deliver clientSn=1608 sn=56
[RESPONDER][SEND] sn=56 client=0 req=1548 msg=ClientResponse{orderSn=56,clientSn=1548}
[MESSENGER][OK] client=0 deliver clientSn=1548 sn=56
[RESPONDER][SEND] sn=56 client=0 req=1612 msg=ClientResponse{orderSn=56,clientSn=1612}
[MESSENGER][OK] client=0 deliver clientSn=1612 sn=56
[RESPONDER][SEND] sn=56 client=0 req=1552 msg=ClientResponse{orderSn=56,clientSn=1552}
[MESSENGER][OK] client=0 deliver clientSn=1552 sn=56
[RESPONDER][SEND] sn=56 client=0 req=1616 msg=ClientResponse{orderSn=56,clientSn=1616}
[MESSENGER][OK] client=0 deliver clientSn=1616 sn=56
[RESPONDER][SEND] sn=56 client=0 req=1556 msg=ClientResponse{orderSn=56,clientSn=1556}
[MESSENGER][OK] client=0 deliver clientSn=1556 sn=56
[RESPONDER][SEND] sn=56 client=0 req=1620 msg=ClientResponse{orderSn=56,clientSn=1620}
[MESSENGER][OK] client=0 deliver clientSn=1620 sn=56
[RESPONDER][SEND] sn=56 client=0 req=1560 msg=ClientResponse{orderSn=56,clientSn=1560}
[MESSENGER][OK] client=0 deliver clientSn=1560 sn=56
[RESPONDER][SEND] sn=56 client=0 req=1624 msg=ClientResponse{orderSn=56,clientSn=1624}
[MESSENGER][OK] client=0 deliver clientSn=1624 sn=56
[RESPONDER][SEND] sn=56 client=0 req=1500 msg=ClientResponse{orderSn=56,clientSn=1500}
21:01:27.849 DBG Batch ready. batchSize=4096
[MESSENGER][OK] client=0 deliver clientSn=1500 sn=56
[RESPONDER][SEND] sn=56 client=0 req=1564 msg=ClientResponse{orderSn=56,clientSn=1564}
[MESSENGER][OK] client=0 deliver clientSn=1564 sn=56
[RESPONDER][SEND] sn=56 client=0 req=1504 msg=ClientResponse{orderSn=56,clientSn=1504}
[MESSENGER][OK] client=0 deliver clientSn=1504 sn=56
[RESPONDER][SEND] sn=56 client=0 req=1568 msg=ClientResponse{orderSn=56,clientSn=1568}
[MESSENGER][OK] client=0 deliver clientSn=1568 sn=56
[RESPONDER][SEND] sn=56 client=0 req=1508 msg=ClientResponse{orderSn=56,clientSn=1508}
[MESSENGER][OK] client=0 deliver clientSn=1508 sn=56
[RESPONDER][SEND] sn=56 client=0 req=1572 msg=ClientResponse{orderSn=56,clientSn=1572}
[MESSENGER][OK] client=0 deliver clientSn=1572 sn=56
[RESPONDER][SEND] sn=56 client=0 req=1512 msg=ClientResponse{orderSn=56,clientSn=1512}
[MESSENGER][OK] client=0 deliver clientSn=1512 sn=56
[RESPONDER][SEND] sn=56 client=0 req=1576 msg=ClientResponse{orderSn=56,clientSn=1576}
21:01:27.850 DBG Batch cut. left=0 nBuckets=16 nReq=32 next=0
[MESSENGER][OK] client=0 deliver clientSn=1576 sn=56
[RESPONDER][SEND] sn=56 client=0 req=1516 msg=ClientResponse{orderSn=56,clientSn=1516}
[MESSENGER][OK] client=0 deliver clientSn=1516 sn=56
[RESPONDER][SEND] sn=56 client=0 req=1580 msg=ClientResponse{orderSn=56,clientSn=1580}
[MESSENGER][OK] client=0 deliver clientSn=1580 sn=56
[RESPONDER][SEND] sn=56 client=0 req=1520 msg=ClientResponse{orderSn=56,clientSn=1520}
[MESSENGER][OK] client=0 deliver clientSn=1520 sn=56
[RESPONDER][SEND] sn=56 client=0 req=1584 msg=ClientResponse{orderSn=56,clientSn=1584}
[MESSENGER][OK] client=0 deliver clientSn=1584 sn=56
[RESPONDER][SEND] sn=56 client=0 req=1524 msg=ClientResponse{orderSn=56,clientSn=1524}
[MESSENGER][OK] client=0 deliver clientSn=1524 sn=56
[RESPONDER][SEND] sn=56 client=0 req=1588 msg=ClientResponse{orderSn=56,clientSn=1588}
[MESSENGER][OK] client=0 deliver clientSn=1588 sn=56
[RESPONDER][SEND] sn=56 client=0 req=1528 msg=ClientResponse{orderSn=56,clientSn=1528}
[MESSENGER][OK] client=0 deliver clientSn=1528 sn=56
[RESPONDER][SEND] sn=56 client=0 req=1592 msg=ClientResponse{orderSn=56,clientSn=1592}
[MESSENGER][OK] client=0 deliver clientSn=1592 sn=56
[RESPONDER][SEND] sn=56 client=0 req=1532 msg=ClientResponse{orderSn=56,clientSn=1532}
21:01:27.850 INF Committed entry. latency=0 nReq=32 sn=59
21:01:27.850 DBG Waiting for batch. batchSize=4096
21:01:27.850 DBG Starting timer. sn=63 view=0
[MESSENGER][OK] client=0 deliver clientSn=1532 sn=56
[RESPONDER][SEND] sn=56 client=0 req=1596 msg=ClientResponse{orderSn=56,clientSn=1596}
[MESSENGER][OK] client=0 deliver clientSn=1596 sn=56
[RESPONDER][ENTRY][DONE] sn=56 sent=32/32
21:01:27.852 INF Sending PREPREPARE. nReq=32 senderID=2 sn=58 view=0
21:01:27.856 INF Handling PREPREPARE. nReq=32 senderID=1 sn=57
21:01:27.856 DBG Creating new Batch. nReq=32
21:01:27.862 DBG Sending PREPARE. senderID=2 sn=57 view=0
21:01:27.863 DBG Sending COMMIT. senderID=2 sn=58 view=0
21:01:27.863 DBG Sending COMMIT. senderID=2 sn=57 view=0
21:01:27.863 INF Committed entry. latency=0 nReq=32 sn=58
21:01:27.863 DBG Starting timer. sn=62 view=0
21:01:27.866 INF Committed entry. latency=0 nReq=32 sn=57
21:01:27.866 INF Delivered batch. nReq=32 sn=57
21:01:27.866 INF Delivered batch. nReq=32 sn=58
21:01:27.867 INF Delivered batch. nReq=32 sn=59
[RESPONDER][ENTRY] sn=57 nreq=32
21:01:27.867 DBG Starting timer. sn=61 view=0
[RESPONDER][SEND] sn=57 client=0 req=1537 msg=ClientResponse{orderSn=57,clientSn=1537}
[MESSENGER][OK] client=0 deliver clientSn=1537 sn=57
[RESPONDER][SEND] sn=57 client=0 req=1601 msg=ClientResponse{orderSn=57,clientSn=1601}
[MESSENGER][OK] client=0 deliver clientSn=1601 sn=57
[RESPONDER][SEND] sn=57 client=0 req=1541 msg=ClientResponse{orderSn=57,clientSn=1541}
[MESSENGER][OK] client=0 deliver clientSn=1541 sn=57
[RESPONDER][SEND] sn=57 client=0 req=1605 msg=ClientResponse{orderSn=57,clientSn=1605}
[MESSENGER][OK] client=0 deliver clientSn=1605 sn=57
[RESPONDER][SEND] sn=57 client=0 req=1545 msg=ClientResponse{orderSn=57,clientSn=1545}
[MESSENGER][OK] client=0 deliver clientSn=1545 sn=57
[RESPONDER][SEND] sn=57 client=0 req=1609 msg=ClientResponse{orderSn=57,clientSn=1609}
[MESSENGER][OK] client=0 deliver clientSn=1609 sn=57
[RESPONDER][SEND] sn=57 client=0 req=1549 msg=ClientResponse{orderSn=57,clientSn=1549}
[MESSENGER][OK] client=0 deliver clientSn=1549 sn=57
[RESPONDER][SEND] sn=57 client=0 req=1613 msg=ClientResponse{orderSn=57,clientSn=1613}
[MESSENGER][OK] client=0 deliver clientSn=1613 sn=57
[RESPONDER][SEND] sn=57 client=0 req=1553 msg=ClientResponse{orderSn=57,clientSn=1553}
[MESSENGER][OK] client=0 deliver clientSn=1553 sn=57
[RESPONDER][SEND] sn=57 client=0 req=1617 msg=ClientResponse{orderSn=57,clientSn=1617}
[MESSENGER][OK] client=0 deliver clientSn=1617 sn=57
[RESPONDER][SEND] sn=57 client=0 req=1557 msg=ClientResponse{orderSn=57,clientSn=1557}
[MESSENGER][OK] client=0 deliver clientSn=1557 sn=57
[RESPONDER][SEND] sn=57 client=0 req=1621 msg=ClientResponse{orderSn=57,clientSn=1621}
[MESSENGER][OK] client=0 deliver clientSn=1621 sn=57
[RESPONDER][SEND] sn=57 client=0 req=1561 msg=ClientResponse{orderSn=57,clientSn=1561}
[MESSENGER][OK] client=0 deliver clientSn=1561 sn=57
[RESPONDER][SEND] sn=57 client=0 req=1625 msg=ClientResponse{orderSn=57,clientSn=1625}
[MESSENGER][OK] client=0 deliver clientSn=1625 sn=57
[RESPONDER][SEND] sn=57 client=0 req=1565 msg=ClientResponse{orderSn=57,clientSn=1565}
[MESSENGER][OK] client=0 deliver clientSn=1565 sn=57
[RESPONDER][SEND] sn=57 client=0 req=1629 msg=ClientResponse{orderSn=57,clientSn=1629}
[MESSENGER][OK] client=0 deliver clientSn=1629 sn=57
[RESPONDER][SEND] sn=57 client=0 req=1505 msg=ClientResponse{orderSn=57,clientSn=1505}
[MESSENGER][OK] client=0 deliver clientSn=1505 sn=57
[RESPONDER][SEND] sn=57 client=0 req=1569 msg=ClientResponse{orderSn=57,clientSn=1569}
[MESSENGER][OK] client=0 deliver clientSn=1569 sn=57
[RESPONDER][SEND] sn=57 client=0 req=1509 msg=ClientResponse{orderSn=57,clientSn=1509}
[MESSENGER][OK] client=0 deliver clientSn=1509 sn=57
[RESPONDER][SEND] sn=57 client=0 req=1573 msg=ClientResponse{orderSn=57,clientSn=1573}
[MESSENGER][OK] client=0 deliver clientSn=1573 sn=57
[RESPONDER][SEND] sn=57 client=0 req=1513 msg=ClientResponse{orderSn=57,clientSn=1513}
[MESSENGER][OK] client=0 deliver clientSn=1513 sn=57
[RESPONDER][SEND] sn=57 client=0 req=1577 msg=ClientResponse{orderSn=57,clientSn=1577}
[MESSENGER][OK] client=0 deliver clientSn=1577 sn=57
[RESPONDER][SEND] sn=57 client=0 req=1517 msg=ClientResponse{orderSn=57,clientSn=1517}
[MESSENGER][OK] client=0 deliver clientSn=1517 sn=57
[RESPONDER][SEND] sn=57 client=0 req=1581 msg=ClientResponse{orderSn=57,clientSn=1581}
[MESSENGER][OK] client=0 deliver clientSn=1581 sn=57
[RESPONDER][SEND] sn=57 client=0 req=1521 msg=ClientResponse{orderSn=57,clientSn=1521}
[MESSENGER][OK] client=0 deliver clientSn=1521 sn=57
[RESPONDER][SEND] sn=57 client=0 req=1585 msg=ClientResponse{orderSn=57,clientSn=1585}
[MESSENGER][OK] client=0 deliver clientSn=1585 sn=57
[RESPONDER][SEND] sn=57 client=0 req=1525 msg=ClientResponse{orderSn=57,clientSn=1525}
[MESSENGER][OK] client=0 deliver clientSn=1525 sn=57
[RESPONDER][SEND] sn=57 client=0 req=1589 msg=ClientResponse{orderSn=57,clientSn=1589}
[MESSENGER][OK] client=0 deliver clientSn=1589 sn=57
[RESPONDER][SEND] sn=57 client=0 req=1529 msg=ClientResponse{orderSn=57,clientSn=1529}
[MESSENGER][OK] client=0 deliver clientSn=1529 sn=57
[RESPONDER][SEND] sn=57 client=0 req=1593 msg=ClientResponse{orderSn=57,clientSn=1593}
[MESSENGER][OK] client=0 deliver clientSn=1593 sn=57
[RESPONDER][SEND] sn=57 client=0 req=1533 msg=ClientResponse{orderSn=57,clientSn=1533}
[MESSENGER][OK] client=0 deliver clientSn=1533 sn=57
[RESPONDER][SEND] sn=57 client=0 req=1597 msg=ClientResponse{orderSn=57,clientSn=1597}
[MESSENGER][OK] client=0 deliver clientSn=1597 sn=57
[RESPONDER][ENTRY][DONE] sn=57 sent=32/32
[RESPONDER][ENTRY] sn=58 nreq=32
[RESPONDER][SEND] sn=58 client=0 req=1538 msg=ClientResponse{orderSn=58,clientSn=1538}
[MESSENGER][OK] client=0 deliver clientSn=1538 sn=58
[RESPONDER][SEND] sn=58 client=0 req=1602 msg=ClientResponse{orderSn=58,clientSn=1602}
[MESSENGER][OK] client=0 deliver clientSn=1602 sn=58
[RESPONDER][SEND] sn=58 client=0 req=1542 msg=ClientResponse{orderSn=58,clientSn=1542}
[MESSENGER][OK] client=0 deliver clientSn=1542 sn=58
[RESPONDER][SEND] sn=58 client=0 req=1606 msg=ClientResponse{orderSn=58,clientSn=1606}
[MESSENGER][OK] client=0 deliver clientSn=1606 sn=58
[RESPONDER][SEND] sn=58 client=0 req=1546 msg=ClientResponse{orderSn=58,clientSn=1546}
[MESSENGER][OK] client=0 deliver clientSn=1546 sn=58
[RESPONDER][SEND] sn=58 client=0 req=1610 msg=ClientResponse{orderSn=58,clientSn=1610}
[MESSENGER][OK] client=0 deliver clientSn=1610 sn=58
[RESPONDER][SEND] sn=58 client=0 req=1550 msg=ClientResponse{orderSn=58,clientSn=1550}
[MESSENGER][OK] client=0 deliver clientSn=1550 sn=58
[RESPONDER][SEND] sn=58 client=0 req=1614 msg=ClientResponse{orderSn=58,clientSn=1614}
[MESSENGER][OK] client=0 deliver clientSn=1614 sn=58
[RESPONDER][SEND] sn=58 client=0 req=1554 msg=ClientResponse{orderSn=58,clientSn=1554}
[MESSENGER][OK] client=0 deliver clientSn=1554 sn=58
[RESPONDER][SEND] sn=58 client=0 req=1618 msg=ClientResponse{orderSn=58,clientSn=1618}
[MESSENGER][OK] client=0 deliver clientSn=1618 sn=58
[RESPONDER][SEND] sn=58 client=0 req=1558 msg=ClientResponse{orderSn=58,clientSn=1558}
[MESSENGER][OK] client=0 deliver clientSn=1558 sn=58
[RESPONDER][SEND] sn=58 client=0 req=1622 msg=ClientResponse{orderSn=58,clientSn=1622}
[MESSENGER][OK] client=0 deliver clientSn=1622 sn=58
[RESPONDER][SEND] sn=58 client=0 req=1562 msg=ClientResponse{orderSn=58,clientSn=1562}
[MESSENGER][OK] client=0 deliver clientSn=1562 sn=58
[RESPONDER][SEND] sn=58 client=0 req=1626 msg=ClientResponse{orderSn=58,clientSn=1626}
[MESSENGER][OK] client=0 deliver clientSn=1626 sn=58
[RESPONDER][SEND] sn=58 client=0 req=1502 msg=ClientResponse{orderSn=58,clientSn=1502}
[MESSENGER][OK] client=0 deliver clientSn=1502 sn=58
[RESPONDER][SEND] sn=58 client=0 req=1566 msg=ClientResponse{orderSn=58,clientSn=1566}
[MESSENGER][OK] client=0 deliver clientSn=1566 sn=58
[RESPONDER][SEND] sn=58 client=0 req=1506 msg=ClientResponse{orderSn=58,clientSn=1506}
[MESSENGER][OK] client=0 deliver clientSn=1506 sn=58
[RESPONDER][SEND] sn=58 client=0 req=1570 msg=ClientResponse{orderSn=58,clientSn=1570}
[MESSENGER][OK] client=0 deliver clientSn=1570 sn=58
[RESPONDER][SEND] sn=58 client=0 req=1510 msg=ClientResponse{orderSn=58,clientSn=1510}
[MESSENGER][OK] client=0 deliver clientSn=1510 sn=58
[RESPONDER][SEND] sn=58 client=0 req=1574 msg=ClientResponse{orderSn=58,clientSn=1574}
[MESSENGER][OK] client=0 deliver clientSn=1574 sn=58
[RESPONDER][SEND] sn=58 client=0 req=1514 msg=ClientResponse{orderSn=58,clientSn=1514}
[MESSENGER][OK] client=0 deliver clientSn=1514 sn=58
[RESPONDER][SEND] sn=58 client=0 req=1578 msg=ClientResponse{orderSn=58,clientSn=1578}
[MESSENGER][OK] client=0 deliver clientSn=1578 sn=58
[RESPONDER][SEND] sn=58 client=0 req=1518 msg=ClientResponse{orderSn=58,clientSn=1518}
[MESSENGER][OK] client=0 deliver clientSn=1518 sn=58
[RESPONDER][SEND] sn=58 client=0 req=1582 msg=ClientResponse{orderSn=58,clientSn=1582}
[MESSENGER][OK] client=0 deliver clientSn=1582 sn=58
[RESPONDER][SEND] sn=58 client=0 req=1522 msg=ClientResponse{orderSn=58,clientSn=1522}
[MESSENGER][OK] client=0 deliver clientSn=1522 sn=58
[RESPONDER][SEND] sn=58 client=0 req=1586 msg=ClientResponse{orderSn=58,clientSn=1586}
[MESSENGER][OK] client=0 deliver clientSn=1586 sn=58
[RESPONDER][SEND] sn=58 client=0 req=1526 msg=ClientResponse{orderSn=58,clientSn=1526}
[MESSENGER][OK] client=0 deliver clientSn=1526 sn=58
[RESPONDER][SEND] sn=58 client=0 req=1590 msg=ClientResponse{orderSn=58,clientSn=1590}
[MESSENGER][OK] client=0 deliver clientSn=1590 sn=58
[RESPONDER][SEND] sn=58 client=0 req=1530 msg=ClientResponse{orderSn=58,clientSn=1530}
[MESSENGER][OK] client=0 deliver clientSn=1530 sn=58
[RESPONDER][SEND] sn=58 client=0 req=1594 msg=ClientResponse{orderSn=58,clientSn=1594}
[MESSENGER][OK] client=0 deliver clientSn=1594 sn=58
[RESPONDER][SEND] sn=58 client=0 req=1534 msg=ClientResponse{orderSn=58,clientSn=1534}
[MESSENGER][OK] client=0 deliver clientSn=1534 sn=58
[RESPONDER][SEND] sn=58 client=0 req=1598 msg=ClientResponse{orderSn=58,clientSn=1598}
[MESSENGER][OK] client=0 deliver clientSn=1598 sn=58
[RESPONDER][ENTRY][DONE] sn=58 sent=32/32
[RESPONDER][ENTRY] sn=59 nreq=32
[RESPONDER][SEND] sn=59 client=0 req=1539 msg=ClientResponse{orderSn=59,clientSn=1539}
[MESSENGER][OK] client=0 deliver clientSn=1539 sn=59
[RESPONDER][SEND] sn=59 client=0 req=1603 msg=ClientResponse{orderSn=59,clientSn=1603}
[MESSENGER][OK] client=0 deliver clientSn=1603 sn=59
[RESPONDER][SEND] sn=59 client=0 req=1543 msg=ClientResponse{orderSn=59,clientSn=1543}
[MESSENGER][OK] client=0 deliver clientSn=1543 sn=59
[RESPONDER][SEND] sn=59 client=0 req=1607 msg=ClientResponse{orderSn=59,clientSn=1607}
[MESSENGER][OK] client=0 deliver clientSn=1607 sn=59
[RESPONDER][SEND] sn=59 client=0 req=1547 msg=ClientResponse{orderSn=59,clientSn=1547}
[MESSENGER][OK] client=0 deliver clientSn=1547 sn=59
[RESPONDER][SEND] sn=59 client=0 req=1611 msg=ClientResponse{orderSn=59,clientSn=1611}
[MESSENGER][OK] client=0 deliver clientSn=1611 sn=59
[RESPONDER][SEND] sn=59 client=0 req=1551 msg=ClientResponse{orderSn=59,clientSn=1551}
[MESSENGER][OK] client=0 deliver clientSn=1551 sn=59
[RESPONDER][SEND] sn=59 client=0 req=1615 msg=ClientResponse{orderSn=59,clientSn=1615}
[MESSENGER][OK] client=0 deliver clientSn=1615 sn=59
[RESPONDER][SEND] sn=59 client=0 req=1555 msg=ClientResponse{orderSn=59,clientSn=1555}
[MESSENGER][OK] client=0 deliver clientSn=1555 sn=59
[RESPONDER][SEND] sn=59 client=0 req=1619 msg=ClientResponse{orderSn=59,clientSn=1619}
[MESSENGER][OK] client=0 deliver clientSn=1619 sn=59
[RESPONDER][SEND] sn=59 client=0 req=1559 msg=ClientResponse{orderSn=59,clientSn=1559}
[MESSENGER][OK] client=0 deliver clientSn=1559 sn=59
[RESPONDER][SEND] sn=59 client=0 req=1623 msg=ClientResponse{orderSn=59,clientSn=1623}
[MESSENGER][OK] client=0 deliver clientSn=1623 sn=59
[RESPONDER][SEND] sn=59 client=0 req=1563 msg=ClientResponse{orderSn=59,clientSn=1563}
[MESSENGER][OK] client=0 deliver clientSn=1563 sn=59
[RESPONDER][SEND] sn=59 client=0 req=1627 msg=ClientResponse{orderSn=59,clientSn=1627}
[MESSENGER][OK] client=0 deliver clientSn=1627 sn=59
[RESPONDER][SEND] sn=59 client=0 req=1503 msg=ClientResponse{orderSn=59,clientSn=1503}
[MESSENGER][OK] client=0 deliver clientSn=1503 sn=59
[RESPONDER][SEND] sn=59 client=0 req=1567 msg=ClientResponse{orderSn=59,clientSn=1567}
[MESSENGER][OK] client=0 deliver clientSn=1567 sn=59
[RESPONDER][SEND] sn=59 client=0 req=1507 msg=ClientResponse{orderSn=59,clientSn=1507}
[MESSENGER][OK] client=0 deliver clientSn=1507 sn=59
[RESPONDER][SEND] sn=59 client=0 req=1571 msg=ClientResponse{orderSn=59,clientSn=1571}
[MESSENGER][OK] client=0 deliver clientSn=1571 sn=59
[RESPONDER][SEND] sn=59 client=0 req=1511 msg=ClientResponse{orderSn=59,clientSn=1511}
[MESSENGER][OK] client=0 deliver clientSn=1511 sn=59
[RESPONDER][SEND] sn=59 client=0 req=1575 msg=ClientResponse{orderSn=59,clientSn=1575}
[MESSENGER][OK] client=0 deliver clientSn=1575 sn=59
[RESPONDER][SEND] sn=59 client=0 req=1515 msg=ClientResponse{orderSn=59,clientSn=1515}
[MESSENGER][OK] client=0 deliver clientSn=1515 sn=59
[RESPONDER][SEND] sn=59 client=0 req=1579 msg=ClientResponse{orderSn=59,clientSn=1579}
[MESSENGER][OK] client=0 deliver clientSn=1579 sn=59
[RESPONDER][SEND] sn=59 client=0 req=1519 msg=ClientResponse{orderSn=59,clientSn=1519}
[MESSENGER][OK] client=0 deliver clientSn=1519 sn=59
[RESPONDER][SEND] sn=59 client=0 req=1583 msg=ClientResponse{orderSn=59,clientSn=1583}
[MESSENGER][OK] client=0 deliver clientSn=1583 sn=59
[RESPONDER][SEND] sn=59 client=0 req=1523 msg=ClientResponse{orderSn=59,clientSn=1523}
[MESSENGER][OK] client=0 deliver clientSn=1523 sn=59
[RESPONDER][SEND] sn=59 client=0 req=1587 msg=ClientResponse{orderSn=59,clientSn=1587}
[MESSENGER][OK] client=0 deliver clientSn=1587 sn=59
[RESPONDER][SEND] sn=59 client=0 req=1527 msg=ClientResponse{orderSn=59,clientSn=1527}
[MESSENGER][OK] client=0 deliver clientSn=1527 sn=59
[RESPONDER][SEND] sn=59 client=0 req=1591 msg=ClientResponse{orderSn=59,clientSn=1591}
[MESSENGER][OK] client=0 deliver clientSn=1591 sn=59
[RESPONDER][SEND] sn=59 client=0 req=1531 msg=ClientResponse{orderSn=59,clientSn=1531}
[MESSENGER][OK] client=0 deliver clientSn=1531 sn=59
[RESPONDER][SEND] sn=59 client=0 req=1595 msg=ClientResponse{orderSn=59,clientSn=1595}
[MESSENGER][OK] client=0 deliver clientSn=1595 sn=59
[RESPONDER][SEND] sn=59 client=0 req=1535 msg=ClientResponse{orderSn=59,clientSn=1535}
[MESSENGER][OK] client=0 deliver clientSn=1535 sn=59
[RESPONDER][SEND] sn=59 client=0 req=1599 msg=ClientResponse{orderSn=59,clientSn=1599}
[MESSENGER][OK] client=0 deliver clientSn=1599 sn=59
[RESPONDER][ENTRY][DONE] sn=59 sent=32/32
21:01:28.844 INF Handling PREPREPARE. nReq=32 senderID=0 sn=60
21:01:28.845 DBG Creating new Batch. nReq=32
21:01:28.845 INF Handling PREPREPARE. nReq=32 senderID=3 sn=63
21:01:28.846 DBG Creating new Batch. nReq=32
21:01:28.850 DBG Sending PREPARE. senderID=2 sn=63 view=0
21:01:28.850 DBG Batch ready. batchSize=4096
21:01:28.851 DBG Sending PREPARE. senderID=2 sn=60 view=0
21:01:28.852 DBG Batch cut. left=0 nBuckets=16 nReq=32 next=0
21:01:28.852 DBG Sending COMMIT. senderID=2 sn=60 view=0
21:01:28.852 DBG Sending COMMIT. senderID=2 sn=63 view=0
21:01:28.853 DBG Waiting for batch. batchSize=4096
21:01:28.853 INF Committed entry. latency=0 nReq=32 sn=60
21:01:28.853 INF Delivered batch. nReq=32 sn=60
21:01:28.853 DBG Starting timer. sn=64 view=0
[RESPONDER][ENTRY] sn=60 nreq=32
[RESPONDER][SEND] sn=60 client=0 req=1664 msg=ClientResponse{orderSn=60,clientSn=1664}
[MESSENGER][OK] client=0 deliver clientSn=1664 sn=60
[RESPONDER][SEND] sn=60 client=0 req=1728 msg=ClientResponse{orderSn=60,clientSn=1728}
[MESSENGER][OK] client=0 deliver clientSn=1728 sn=60
[RESPONDER][SEND] sn=60 client=0 req=1668 msg=ClientResponse{orderSn=60,clientSn=1668}
[MESSENGER][OK] client=0 deliver clientSn=1668 sn=60
[RESPONDER][SEND] sn=60 client=0 req=1732 msg=ClientResponse{orderSn=60,clientSn=1732}
[MESSENGER][OK] client=0 deliver clientSn=1732 sn=60
[RESPONDER][SEND] sn=60 client=0 req=1672 msg=ClientResponse{orderSn=60,clientSn=1672}
[MESSENGER][OK] client=0 deliver clientSn=1672 sn=60
[RESPONDER][SEND] sn=60 client=0 req=1736 msg=ClientResponse{orderSn=60,clientSn=1736}
[MESSENGER][OK] client=0 deliver clientSn=1736 sn=60
[RESPONDER][SEND] sn=60 client=0 req=1676 msg=ClientResponse{orderSn=60,clientSn=1676}
[MESSENGER][OK] client=0 deliver clientSn=1676 sn=60
[RESPONDER][SEND] sn=60 client=0 req=1740 msg=ClientResponse{orderSn=60,clientSn=1740}
[MESSENGER][OK] client=0 deliver clientSn=1740 sn=60
[RESPONDER][SEND] sn=60 client=0 req=1680 msg=ClientResponse{orderSn=60,clientSn=1680}
[MESSENGER][OK] client=0 deliver clientSn=1680 sn=60
[RESPONDER][SEND] sn=60 client=0 req=1744 msg=ClientResponse{orderSn=60,clientSn=1744}
[MESSENGER][OK] client=0 deliver clientSn=1744 sn=60
[RESPONDER][SEND] sn=60 client=0 req=1684 msg=ClientResponse{orderSn=60,clientSn=1684}
[MESSENGER][OK] client=0 deliver clientSn=1684 sn=60
[RESPONDER][SEND] sn=60 client=0 req=1748 msg=ClientResponse{orderSn=60,clientSn=1748}
21:01:28.854 INF Sending PREPREPARE. nReq=32 senderID=2 sn=62 view=0
[MESSENGER][OK] client=0 deliver clientSn=1748 sn=60
[RESPONDER][SEND] sn=60 client=0 req=1688 msg=ClientResponse{orderSn=60,clientSn=1688}
[MESSENGER][OK] client=0 deliver clientSn=1688 sn=60
[RESPONDER][SEND] sn=60 client=0 req=1752 msg=ClientResponse{orderSn=60,clientSn=1752}
[MESSENGER][OK] client=0 deliver clientSn=1752 sn=60
[RESPONDER][SEND] sn=60 client=0 req=1628 msg=ClientResponse{orderSn=60,clientSn=1628}
[MESSENGER][OK] client=0 deliver clientSn=1628 sn=60
[RESPONDER][SEND] sn=60 client=0 req=1692 msg=ClientResponse{orderSn=60,clientSn=1692}
[MESSENGER][OK] client=0 deliver clientSn=1692 sn=60
[RESPONDER][SEND] sn=60 client=0 req=1632 msg=ClientResponse{orderSn=60,clientSn=1632}
[MESSENGER][OK] client=0 deliver clientSn=1632 sn=60
[RESPONDER][SEND] sn=60 client=0 req=1696 msg=ClientResponse{orderSn=60,clientSn=1696}
[MESSENGER][OK] client=0 deliver clientSn=1696 sn=60
[RESPONDER][SEND] sn=60 client=0 req=1636 msg=ClientResponse{orderSn=60,clientSn=1636}
[MESSENGER][OK] client=0 deliver clientSn=1636 sn=60
[RESPONDER][SEND] sn=60 client=0 req=1700 msg=ClientResponse{orderSn=60,clientSn=1700}
[MESSENGER][OK] client=0 deliver clientSn=1700 sn=60
[RESPONDER][SEND] sn=60 client=0 req=1640 msg=ClientResponse{orderSn=60,clientSn=1640}
[MESSENGER][OK] client=0 deliver clientSn=1640 sn=60
[RESPONDER][SEND] sn=60 client=0 req=1704 msg=ClientResponse{orderSn=60,clientSn=1704}
[MESSENGER][OK] client=0 deliver clientSn=1704 sn=60
[RESPONDER][SEND] sn=60 client=0 req=1644 msg=ClientResponse{orderSn=60,clientSn=1644}
[MESSENGER][OK] client=0 deliver clientSn=1644 sn=60
[RESPONDER][SEND] sn=60 client=0 req=1708 msg=ClientResponse{orderSn=60,clientSn=1708}
[MESSENGER][OK] client=0 deliver clientSn=1708 sn=60
[RESPONDER][SEND] sn=60 client=0 req=1648 msg=ClientResponse{orderSn=60,clientSn=1648}
[MESSENGER][OK] client=0 deliver clientSn=1648 sn=60
[RESPONDER][SEND] sn=60 client=0 req=1712 msg=ClientResponse{orderSn=60,clientSn=1712}
[MESSENGER][OK] client=0 deliver clientSn=1712 sn=60
[RESPONDER][SEND] sn=60 client=0 req=1652 msg=ClientResponse{orderSn=60,clientSn=1652}
[MESSENGER][OK] client=0 deliver clientSn=1652 sn=60
[RESPONDER][SEND] sn=60 client=0 req=1716 msg=ClientResponse{orderSn=60,clientSn=1716}
[MESSENGER][OK] client=0 deliver clientSn=1716 sn=60
[RESPONDER][SEND] sn=60 client=0 req=1656 msg=ClientResponse{orderSn=60,clientSn=1656}
[MESSENGER][OK] client=0 deliver clientSn=1656 sn=60
[RESPONDER][SEND] sn=60 client=0 req=1720 msg=ClientResponse{orderSn=60,clientSn=1720}
[MESSENGER][OK] client=0 deliver clientSn=1720 sn=60
[RESPONDER][SEND] sn=60 client=0 req=1660 msg=ClientResponse{orderSn=60,clientSn=1660}
[MESSENGER][OK] client=0 deliver clientSn=1660 sn=60
[RESPONDER][SEND] sn=60 client=0 req=1724 msg=ClientResponse{orderSn=60,clientSn=1724}
[MESSENGER][OK] client=0 deliver clientSn=1724 sn=60
[RESPONDER][ENTRY][DONE] sn=60 sent=32/32
21:01:28.859 INF Committed entry. latency=0 nReq=32 sn=63
21:01:28.862 INF Handling PREPREPARE. nReq=32 senderID=1 sn=61
21:01:28.862 DBG Creating new Batch. nReq=32
21:01:28.860 DBG Starting timer. sn=67 view=0
21:01:28.865 DBG Sending PREPARE. senderID=2 sn=61 view=0
21:01:28.869 DBG Sending COMMIT. senderID=2 sn=61 view=0
21:01:28.870 DBG Sending COMMIT. senderID=2 sn=62 view=0
21:01:28.870 INF Committed entry. latency=0 nReq=32 sn=62
21:01:28.871 DBG Starting timer. sn=66 view=0
21:01:28.871 INF Committed entry. latency=0 nReq=32 sn=61
21:01:28.871 INF Delivered batch. nReq=32 sn=61
[RESPONDER][ENTRY] sn=61 nreq=32
[RESPONDER][SEND] sn=61 client=0 req=1665 msg=ClientResponse{orderSn=61,clientSn=1665}
[MESSENGER][OK] client=0 deliver clientSn=1665 sn=61
[RESPONDER][SEND] sn=61 client=0 req=1729 msg=ClientResponse{orderSn=61,clientSn=1729}
[MESSENGER][OK] client=0 deliver clientSn=1729 sn=61
21:01:28.871 INF Delivered batch. nReq=32 sn=62
[RESPONDER][SEND] sn=61 client=0 req=1669 msg=ClientResponse{orderSn=61,clientSn=1669}
[MESSENGER][OK] client=0 deliver clientSn=1669 sn=61
[RESPONDER][SEND] sn=61 client=0 req=1733 msg=ClientResponse{orderSn=61,clientSn=1733}
[MESSENGER][OK] client=0 deliver clientSn=1733 sn=61
[RESPONDER][SEND] sn=61 client=0 req=1673 msg=ClientResponse{orderSn=61,clientSn=1673}
21:01:28.872 INF Delivered batch. nReq=32 sn=63
[MESSENGER][OK] client=0 deliver clientSn=1673 sn=61
[RESPONDER][SEND] sn=61 client=0 req=1737 msg=ClientResponse{orderSn=61,clientSn=1737}
[MESSENGER][OK] client=0 deliver clientSn=1737 sn=61
[RESPONDER][SEND] sn=61 client=0 req=1677 msg=ClientResponse{orderSn=61,clientSn=1677}
[MESSENGER][OK] client=0 deliver clientSn=1677 sn=61
[RESPONDER][SEND] sn=61 client=0 req=1741 msg=ClientResponse{orderSn=61,clientSn=1741}
[MESSENGER][OK] client=0 deliver clientSn=1741 sn=61
[RESPONDER][SEND] sn=61 client=0 req=1681 msg=ClientResponse{orderSn=61,clientSn=1681}
[MESSENGER][OK] client=0 deliver clientSn=1681 sn=61
[RESPONDER][SEND] sn=61 client=0 req=1745 msg=ClientResponse{orderSn=61,clientSn=1745}
[MESSENGER][OK] client=0 deliver clientSn=1745 sn=61
[RESPONDER][SEND] sn=61 client=0 req=1685 msg=ClientResponse{orderSn=61,clientSn=1685}
21:01:28.872 DBG Starting timer. sn=65 view=0
[MESSENGER][OK] client=0 deliver clientSn=1685 sn=61
[RESPONDER][SEND] sn=61 client=0 req=1749 msg=ClientResponse{orderSn=61,clientSn=1749}
[MESSENGER][OK] client=0 deliver clientSn=1749 sn=61
[RESPONDER][SEND] sn=61 client=0 req=1689 msg=ClientResponse{orderSn=61,clientSn=1689}
[MESSENGER][OK] client=0 deliver clientSn=1689 sn=61
[RESPONDER][SEND] sn=61 client=0 req=1753 msg=ClientResponse{orderSn=61,clientSn=1753}
[MESSENGER][OK] client=0 deliver clientSn=1753 sn=61
[RESPONDER][SEND] sn=61 client=0 req=1693 msg=ClientResponse{orderSn=61,clientSn=1693}
[MESSENGER][OK] client=0 deliver clientSn=1693 sn=61
[RESPONDER][SEND] sn=61 client=0 req=1757 msg=ClientResponse{orderSn=61,clientSn=1757}
[MESSENGER][OK] client=0 deliver clientSn=1757 sn=61
[RESPONDER][SEND] sn=61 client=0 req=1633 msg=ClientResponse{orderSn=61,clientSn=1633}
[MESSENGER][OK] client=0 deliver clientSn=1633 sn=61
[RESPONDER][SEND] sn=61 client=0 req=1697 msg=ClientResponse{orderSn=61,clientSn=1697}
[MESSENGER][OK] client=0 deliver clientSn=1697 sn=61
[RESPONDER][SEND] sn=61 client=0 req=1637 msg=ClientResponse{orderSn=61,clientSn=1637}
[MESSENGER][OK] client=0 deliver clientSn=1637 sn=61
[RESPONDER][SEND] sn=61 client=0 req=1701 msg=ClientResponse{orderSn=61,clientSn=1701}
[MESSENGER][OK] client=0 deliver clientSn=1701 sn=61
[RESPONDER][SEND] sn=61 client=0 req=1641 msg=ClientResponse{orderSn=61,clientSn=1641}
[MESSENGER][OK] client=0 deliver clientSn=1641 sn=61
[RESPONDER][SEND] sn=61 client=0 req=1705 msg=ClientResponse{orderSn=61,clientSn=1705}
[MESSENGER][OK] client=0 deliver clientSn=1705 sn=61
[RESPONDER][SEND] sn=61 client=0 req=1645 msg=ClientResponse{orderSn=61,clientSn=1645}
[MESSENGER][OK] client=0 deliver clientSn=1645 sn=61
[RESPONDER][SEND] sn=61 client=0 req=1709 msg=ClientResponse{orderSn=61,clientSn=1709}
[MESSENGER][OK] client=0 deliver clientSn=1709 sn=61
[RESPONDER][SEND] sn=61 client=0 req=1649 msg=ClientResponse{orderSn=61,clientSn=1649}
[MESSENGER][OK] client=0 deliver clientSn=1649 sn=61
[RESPONDER][SEND] sn=61 client=0 req=1713 msg=ClientResponse{orderSn=61,clientSn=1713}
[MESSENGER][OK] client=0 deliver clientSn=1713 sn=61
[RESPONDER][SEND] sn=61 client=0 req=1653 msg=ClientResponse{orderSn=61,clientSn=1653}
[MESSENGER][OK] client=0 deliver clientSn=1653 sn=61
[RESPONDER][SEND] sn=61 client=0 req=1717 msg=ClientResponse{orderSn=61,clientSn=1717}
[MESSENGER][OK] client=0 deliver clientSn=1717 sn=61
[RESPONDER][SEND] sn=61 client=0 req=1657 msg=ClientResponse{orderSn=61,clientSn=1657}
[MESSENGER][OK] client=0 deliver clientSn=1657 sn=61
[RESPONDER][SEND] sn=61 client=0 req=1721 msg=ClientResponse{orderSn=61,clientSn=1721}
[MESSENGER][OK] client=0 deliver clientSn=1721 sn=61
[RESPONDER][SEND] sn=61 client=0 req=1661 msg=ClientResponse{orderSn=61,clientSn=1661}
[MESSENGER][OK] client=0 deliver clientSn=1661 sn=61
[RESPONDER][SEND] sn=61 client=0 req=1725 msg=ClientResponse{orderSn=61,clientSn=1725}
[MESSENGER][OK] client=0 deliver clientSn=1725 sn=61
[RESPONDER][ENTRY][DONE] sn=61 sent=32/32
[RESPONDER][ENTRY] sn=62 nreq=32
[RESPONDER][SEND] sn=62 client=0 req=1666 msg=ClientResponse{orderSn=62,clientSn=1666}
[MESSENGER][OK] client=0 deliver clientSn=1666 sn=62
[RESPONDER][SEND] sn=62 client=0 req=1730 msg=ClientResponse{orderSn=62,clientSn=1730}
[MESSENGER][OK] client=0 deliver clientSn=1730 sn=62
[RESPONDER][SEND] sn=62 client=0 req=1670 msg=ClientResponse{orderSn=62,clientSn=1670}
[MESSENGER][OK] client=0 deliver clientSn=1670 sn=62
[RESPONDER][SEND] sn=62 client=0 req=1734 msg=ClientResponse{orderSn=62,clientSn=1734}
[MESSENGER][OK] client=0 deliver clientSn=1734 sn=62
[RESPONDER][SEND] sn=62 client=0 req=1674 msg=ClientResponse{orderSn=62,clientSn=1674}
[MESSENGER][OK] client=0 deliver clientSn=1674 sn=62
[RESPONDER][SEND] sn=62 client=0 req=1738 msg=ClientResponse{orderSn=62,clientSn=1738}
[MESSENGER][OK] client=0 deliver clientSn=1738 sn=62
[RESPONDER][SEND] sn=62 client=0 req=1678 msg=ClientResponse{orderSn=62,clientSn=1678}
[MESSENGER][OK] client=0 deliver clientSn=1678 sn=62
[RESPONDER][SEND] sn=62 client=0 req=1742 msg=ClientResponse{orderSn=62,clientSn=1742}
[MESSENGER][OK] client=0 deliver clientSn=1742 sn=62
[RESPONDER][SEND] sn=62 client=0 req=1682 msg=ClientResponse{orderSn=62,clientSn=1682}
[MESSENGER][OK] client=0 deliver clientSn=1682 sn=62
[RESPONDER][SEND] sn=62 client=0 req=1746 msg=ClientResponse{orderSn=62,clientSn=1746}
[MESSENGER][OK] client=0 deliver clientSn=1746 sn=62
[RESPONDER][SEND] sn=62 client=0 req=1686 msg=ClientResponse{orderSn=62,clientSn=1686}
[MESSENGER][OK] client=0 deliver clientSn=1686 sn=62
[RESPONDER][SEND] sn=62 client=0 req=1750 msg=ClientResponse{orderSn=62,clientSn=1750}
[MESSENGER][OK] client=0 deliver clientSn=1750 sn=62
[RESPONDER][SEND] sn=62 client=0 req=1690 msg=ClientResponse{orderSn=62,clientSn=1690}
[MESSENGER][OK] client=0 deliver clientSn=1690 sn=62
[RESPONDER][SEND] sn=62 client=0 req=1754 msg=ClientResponse{orderSn=62,clientSn=1754}
[MESSENGER][OK] client=0 deliver clientSn=1754 sn=62
[RESPONDER][SEND] sn=62 client=0 req=1630 msg=ClientResponse{orderSn=62,clientSn=1630}
[MESSENGER][OK] client=0 deliver clientSn=1630 sn=62
[RESPONDER][SEND] sn=62 client=0 req=1694 msg=ClientResponse{orderSn=62,clientSn=1694}
[MESSENGER][OK] client=0 deliver clientSn=1694 sn=62
[RESPONDER][SEND] sn=62 client=0 req=1634 msg=ClientResponse{orderSn=62,clientSn=1634}
[MESSENGER][OK] client=0 deliver clientSn=1634 sn=62
[RESPONDER][SEND] sn=62 client=0 req=1698 msg=ClientResponse{orderSn=62,clientSn=1698}
[MESSENGER][OK] client=0 deliver clientSn=1698 sn=62
[RESPONDER][SEND] sn=62 client=0 req=1638 msg=ClientResponse{orderSn=62,clientSn=1638}
[MESSENGER][OK] client=0 deliver clientSn=1638 sn=62
[RESPONDER][SEND] sn=62 client=0 req=1702 msg=ClientResponse{orderSn=62,clientSn=1702}
[MESSENGER][OK] client=0 deliver clientSn=1702 sn=62
[RESPONDER][SEND] sn=62 client=0 req=1642 msg=ClientResponse{orderSn=62,clientSn=1642}
[MESSENGER][OK] client=0 deliver clientSn=1642 sn=62
[RESPONDER][SEND] sn=62 client=0 req=1706 msg=ClientResponse{orderSn=62,clientSn=1706}
[MESSENGER][OK] client=0 deliver clientSn=1706 sn=62
[RESPONDER][SEND] sn=62 client=0 req=1646 msg=ClientResponse{orderSn=62,clientSn=1646}
[MESSENGER][OK] client=0 deliver clientSn=1646 sn=62
[RESPONDER][SEND] sn=62 client=0 req=1710 msg=ClientResponse{orderSn=62,clientSn=1710}
[MESSENGER][OK] client=0 deliver clientSn=1710 sn=62
[RESPONDER][SEND] sn=62 client=0 req=1650 msg=ClientResponse{orderSn=62,clientSn=1650}
[MESSENGER][OK] client=0 deliver clientSn=1650 sn=62
[RESPONDER][SEND] sn=62 client=0 req=1714 msg=ClientResponse{orderSn=62,clientSn=1714}
[MESSENGER][OK] client=0 deliver clientSn=1714 sn=62
[RESPONDER][SEND] sn=62 client=0 req=1654 msg=ClientResponse{orderSn=62,clientSn=1654}
[MESSENGER][OK] client=0 deliver clientSn=1654 sn=62
[RESPONDER][SEND] sn=62 client=0 req=1718 msg=ClientResponse{orderSn=62,clientSn=1718}
[MESSENGER][OK] client=0 deliver clientSn=1718 sn=62
[RESPONDER][SEND] sn=62 client=0 req=1658 msg=ClientResponse{orderSn=62,clientSn=1658}
[MESSENGER][OK] client=0 deliver clientSn=1658 sn=62
[RESPONDER][SEND] sn=62 client=0 req=1722 msg=ClientResponse{orderSn=62,clientSn=1722}
[MESSENGER][OK] client=0 deliver clientSn=1722 sn=62
[RESPONDER][SEND] sn=62 client=0 req=1662 msg=ClientResponse{orderSn=62,clientSn=1662}
[MESSENGER][OK] client=0 deliver clientSn=1662 sn=62
[RESPONDER][SEND] sn=62 client=0 req=1726 msg=ClientResponse{orderSn=62,clientSn=1726}
[MESSENGER][OK] client=0 deliver clientSn=1726 sn=62
[RESPONDER][ENTRY][DONE] sn=62 sent=32/32
[RESPONDER][ENTRY] sn=63 nreq=32
[RESPONDER][SEND] sn=63 client=0 req=1667 msg=ClientResponse{orderSn=63,clientSn=1667}
[MESSENGER][OK] client=0 deliver clientSn=1667 sn=63
[RESPONDER][SEND] sn=63 client=0 req=1731 msg=ClientResponse{orderSn=63,clientSn=1731}
[MESSENGER][OK] client=0 deliver clientSn=1731 sn=63
[RESPONDER][SEND] sn=63 client=0 req=1671 msg=ClientResponse{orderSn=63,clientSn=1671}
[MESSENGER][OK] client=0 deliver clientSn=1671 sn=63
[RESPONDER][SEND] sn=63 client=0 req=1735 msg=ClientResponse{orderSn=63,clientSn=1735}
[MESSENGER][OK] client=0 deliver clientSn=1735 sn=63
[RESPONDER][SEND] sn=63 client=0 req=1675 msg=ClientResponse{orderSn=63,clientSn=1675}
[MESSENGER][OK] client=0 deliver clientSn=1675 sn=63
[RESPONDER][SEND] sn=63 client=0 req=1739 msg=ClientResponse{orderSn=63,clientSn=1739}
[MESSENGER][OK] client=0 deliver clientSn=1739 sn=63
[RESPONDER][SEND] sn=63 client=0 req=1679 msg=ClientResponse{orderSn=63,clientSn=1679}
[MESSENGER][OK] client=0 deliver clientSn=1679 sn=63
[RESPONDER][SEND] sn=63 client=0 req=1743 msg=ClientResponse{orderSn=63,clientSn=1743}
[MESSENGER][OK] client=0 deliver clientSn=1743 sn=63
[RESPONDER][SEND] sn=63 client=0 req=1683 msg=ClientResponse{orderSn=63,clientSn=1683}
[MESSENGER][OK] client=0 deliver clientSn=1683 sn=63
[RESPONDER][SEND] sn=63 client=0 req=1747 msg=ClientResponse{orderSn=63,clientSn=1747}
[MESSENGER][OK] client=0 deliver clientSn=1747 sn=63
[RESPONDER][SEND] sn=63 client=0 req=1687 msg=ClientResponse{orderSn=63,clientSn=1687}
[MESSENGER][OK] client=0 deliver clientSn=1687 sn=63
[RESPONDER][SEND] sn=63 client=0 req=1751 msg=ClientResponse{orderSn=63,clientSn=1751}
[MESSENGER][OK] client=0 deliver clientSn=1751 sn=63
[RESPONDER][SEND] sn=63 client=0 req=1691 msg=ClientResponse{orderSn=63,clientSn=1691}
[MESSENGER][OK] client=0 deliver clientSn=1691 sn=63
[RESPONDER][SEND] sn=63 client=0 req=1755 msg=ClientResponse{orderSn=63,clientSn=1755}
[MESSENGER][OK] client=0 deliver clientSn=1755 sn=63
[RESPONDER][SEND] sn=63 client=0 req=1631 msg=ClientResponse{orderSn=63,clientSn=1631}
[MESSENGER][OK] client=0 deliver clientSn=1631 sn=63
[RESPONDER][SEND] sn=63 client=0 req=1695 msg=ClientResponse{orderSn=63,clientSn=1695}
[MESSENGER][OK] client=0 deliver clientSn=1695 sn=63
[RESPONDER][SEND] sn=63 client=0 req=1635 msg=ClientResponse{orderSn=63,clientSn=1635}
[MESSENGER][OK] client=0 deliver clientSn=1635 sn=63
[RESPONDER][SEND] sn=63 client=0 req=1699 msg=ClientResponse{orderSn=63,clientSn=1699}
[MESSENGER][OK] client=0 deliver clientSn=1699 sn=63
[RESPONDER][SEND] sn=63 client=0 req=1639 msg=ClientResponse{orderSn=63,clientSn=1639}
[MESSENGER][OK] client=0 deliver clientSn=1639 sn=63
[RESPONDER][SEND] sn=63 client=0 req=1703 msg=ClientResponse{orderSn=63,clientSn=1703}
[MESSENGER][OK] client=0 deliver clientSn=1703 sn=63
[RESPONDER][SEND] sn=63 client=0 req=1643 msg=ClientResponse{orderSn=63,clientSn=1643}
[MESSENGER][OK] client=0 deliver clientSn=1643 sn=63
[RESPONDER][SEND] sn=63 client=0 req=1707 msg=ClientResponse{orderSn=63,clientSn=1707}
[MESSENGER][OK] client=0 deliver clientSn=1707 sn=63
[RESPONDER][SEND] sn=63 client=0 req=1647 msg=ClientResponse{orderSn=63,clientSn=1647}
[MESSENGER][OK] client=0 deliver clientSn=1647 sn=63
[RESPONDER][SEND] sn=63 client=0 req=1711 msg=ClientResponse{orderSn=63,clientSn=1711}
[MESSENGER][OK] client=0 deliver clientSn=1711 sn=63
[RESPONDER][SEND] sn=63 client=0 req=1651 msg=ClientResponse{orderSn=63,clientSn=1651}
[MESSENGER][OK] client=0 deliver clientSn=1651 sn=63
[RESPONDER][SEND] sn=63 client=0 req=1715 msg=ClientResponse{orderSn=63,clientSn=1715}
[MESSENGER][OK] client=0 deliver clientSn=1715 sn=63
[RESPONDER][SEND] sn=63 client=0 req=1655 msg=ClientResponse{orderSn=63,clientSn=1655}
[MESSENGER][OK] client=0 deliver clientSn=1655 sn=63
[RESPONDER][SEND] sn=63 client=0 req=1719 msg=ClientResponse{orderSn=63,clientSn=1719}
[MESSENGER][OK] client=0 deliver clientSn=1719 sn=63
[RESPONDER][SEND] sn=63 client=0 req=1659 msg=ClientResponse{orderSn=63,clientSn=1659}
[MESSENGER][OK] client=0 deliver clientSn=1659 sn=63
[RESPONDER][SEND] sn=63 client=0 req=1723 msg=ClientResponse{orderSn=63,clientSn=1723}
[MESSENGER][OK] client=0 deliver clientSn=1723 sn=63
[RESPONDER][SEND] sn=63 client=0 req=1663 msg=ClientResponse{orderSn=63,clientSn=1663}
[MESSENGER][OK] client=0 deliver clientSn=1663 sn=63
[RESPONDER][SEND] sn=63 client=0 req=1727 msg=ClientResponse{orderSn=63,clientSn=1727}
[MESSENGER][OK] client=0 deliver clientSn=1727 sn=63
[RESPONDER][ENTRY][DONE] sn=63 sent=32/32
21:01:29.844 INF Handling PREPREPARE. nReq=33 senderID=0 sn=64
21:01:29.844 DBG Creating new Batch. nReq=33
21:01:29.846 INF Handling PREPREPARE. nReq=32 senderID=3 sn=67
21:01:29.846 DBG Creating new Batch. nReq=32
21:01:29.849 DBG Sending PREPARE. senderID=2 sn=64 view=0
21:01:29.849 DBG Sending COMMIT. senderID=2 sn=64 view=0
21:01:29.849 DBG Sending PREPARE. senderID=2 sn=67 view=0
21:01:29.851 DBG Sending COMMIT. senderID=2 sn=67 view=0
21:01:29.852 INF Committed entry. latency=0 nReq=33 sn=64
21:01:29.852 INF Delivered batch. nReq=33 sn=64
[RESPONDER][ENTRY] sn=64 nreq=33
[RESPONDER][SEND] sn=64 client=0 req=1792 msg=ClientResponse{orderSn=64,clientSn=1792}
21:01:29.853 DBG Starting timer. sn=68 view=0
[MESSENGER][OK] client=0 deliver clientSn=1792 sn=64
[RESPONDER][SEND] sn=64 client=0 req=1856 msg=ClientResponse{orderSn=64,clientSn=1856}
[MESSENGER][OK] client=0 deliver clientSn=1856 sn=64
[RESPONDER][SEND] sn=64 client=0 req=1796 msg=ClientResponse{orderSn=64,clientSn=1796}
[MESSENGER][OK] client=0 deliver clientSn=1796 sn=64
[RESPONDER][SEND] sn=64 client=0 req=1860 msg=ClientResponse{orderSn=64,clientSn=1860}
[MESSENGER][OK] client=0 deliver clientSn=1860 sn=64
[RESPONDER][SEND] sn=64 client=0 req=1800 msg=ClientResponse{orderSn=64,clientSn=1800}
[MESSENGER][OK] client=0 deliver clientSn=1800 sn=64
[RESPONDER][SEND] sn=64 client=0 req=1864 msg=ClientResponse{orderSn=64,clientSn=1864}
[MESSENGER][OK] client=0 deliver clientSn=1864 sn=64
[RESPONDER][SEND] sn=64 client=0 req=1804 msg=ClientResponse{orderSn=64,clientSn=1804}
[MESSENGER][OK] client=0 deliver clientSn=1804 sn=64
[RESPONDER][SEND] sn=64 client=0 req=1868 msg=ClientResponse{orderSn=64,clientSn=1868}
21:01:29.853 DBG Batch ready. batchSize=4096
[MESSENGER][OK] client=0 deliver clientSn=1868 sn=64
[RESPONDER][SEND] sn=64 client=0 req=1808 msg=ClientResponse{orderSn=64,clientSn=1808}
[MESSENGER][OK] client=0 deliver clientSn=1808 sn=64
[RESPONDER][SEND] sn=64 client=0 req=1872 msg=ClientResponse{orderSn=64,clientSn=1872}
[MESSENGER][OK] client=0 deliver clientSn=1872 sn=64
[RESPONDER][SEND] sn=64 client=0 req=1812 msg=ClientResponse{orderSn=64,clientSn=1812}
[MESSENGER][OK] client=0 deliver clientSn=1812 sn=64
[RESPONDER][SEND] sn=64 client=0 req=1876 msg=ClientResponse{orderSn=64,clientSn=1876}
[MESSENGER][OK] client=0 deliver clientSn=1876 sn=64
[RESPONDER][SEND] sn=64 client=0 req=1816 msg=ClientResponse{orderSn=64,clientSn=1816}
[MESSENGER][OK] client=0 deliver clientSn=1816 sn=64
21:01:29.853 INF Committed entry. latency=0 nReq=32 sn=67
[RESPONDER][SEND] sn=64 client=0 req=1880 msg=ClientResponse{orderSn=64,clientSn=1880}
[MESSENGER][OK] client=0 deliver clientSn=1880 sn=64
[RESPONDER][SEND] sn=64 client=0 req=1756 msg=ClientResponse{orderSn=64,clientSn=1756}
21:01:29.853 DBG Batch cut. left=0 nBuckets=16 nReq=32 next=0
[MESSENGER][OK] client=0 deliver clientSn=1756 sn=64
[RESPONDER][SEND] sn=64 client=0 req=1820 msg=ClientResponse{orderSn=64,clientSn=1820}
21:01:29.853 DBG Starting timer. sn=71 view=0
[MESSENGER][OK] client=0 deliver clientSn=1820 sn=64
[RESPONDER][SEND] sn=64 client=0 req=1760 msg=ClientResponse{orderSn=64,clientSn=1760}
[MESSENGER][OK] client=0 deliver clientSn=1760 sn=64
[RESPONDER][SEND] sn=64 client=0 req=1824 msg=ClientResponse{orderSn=64,clientSn=1824}
[MESSENGER][OK] client=0 deliver clientSn=1824 sn=64
[RESPONDER][SEND] sn=64 client=0 req=1764 msg=ClientResponse{orderSn=64,clientSn=1764}
[MESSENGER][OK] client=0 deliver clientSn=1764 sn=64
[RESPONDER][SEND] sn=64 client=0 req=1828 msg=ClientResponse{orderSn=64,clientSn=1828}
[MESSENGER][OK] client=0 deliver clientSn=1828 sn=64
[RESPONDER][SEND] sn=64 client=0 req=1768 msg=ClientResponse{orderSn=64,clientSn=1768}
[MESSENGER][OK] client=0 deliver clientSn=1768 sn=64
[RESPONDER][SEND] sn=64 client=0 req=1832 msg=ClientResponse{orderSn=64,clientSn=1832}
[MESSENGER][OK] client=0 deliver clientSn=1832 sn=64
[RESPONDER][SEND] sn=64 client=0 req=1772 msg=ClientResponse{orderSn=64,clientSn=1772}
[MESSENGER][OK] client=0 deliver clientSn=1772 sn=64
[RESPONDER][SEND] sn=64 client=0 req=1836 msg=ClientResponse{orderSn=64,clientSn=1836}
[MESSENGER][OK] client=0 deliver clientSn=1836 sn=64
[RESPONDER][SEND] sn=64 client=0 req=1776 msg=ClientResponse{orderSn=64,clientSn=1776}
[MESSENGER][OK] client=0 deliver clientSn=1776 sn=64
[RESPONDER][SEND] sn=64 client=0 req=1840 msg=ClientResponse{orderSn=64,clientSn=1840}
[MESSENGER][OK] client=0 deliver clientSn=1840 sn=64
[RESPONDER][SEND] sn=64 client=0 req=1780 msg=ClientResponse{orderSn=64,clientSn=1780}
[MESSENGER][OK] client=0 deliver clientSn=1780 sn=64
[RESPONDER][SEND] sn=64 client=0 req=1844 msg=ClientResponse{orderSn=64,clientSn=1844}
[MESSENGER][OK] client=0 deliver clientSn=1844 sn=64
[RESPONDER][SEND] sn=64 client=0 req=1784 msg=ClientResponse{orderSn=64,clientSn=1784}
[MESSENGER][OK] client=0 deliver clientSn=1784 sn=64
[RESPONDER][SEND] sn=64 client=0 req=1848 msg=ClientResponse{orderSn=64,clientSn=1848}
[MESSENGER][OK] client=0 deliver clientSn=1848 sn=64
[RESPONDER][SEND] sn=64 client=0 req=1788 msg=ClientResponse{orderSn=64,clientSn=1788}
[MESSENGER][OK] client=0 deliver clientSn=1788 sn=64
[RESPONDER][SEND] sn=64 client=0 req=1852 msg=ClientResponse{orderSn=64,clientSn=1852}
[MESSENGER][OK] client=0 deliver clientSn=1852 sn=64
[RESPONDER][SEND] sn=64 client=0 req=1884 msg=ClientResponse{orderSn=64,clientSn=1884}
[MESSENGER][OK] client=0 deliver clientSn=1884 sn=64
21:01:29.854 DBG Waiting for batch. batchSize=4096
[RESPONDER][ENTRY][DONE] sn=64 sent=33/33
21:01:29.856 INF Sending PREPREPARE. nReq=32 senderID=2 sn=66 view=0
21:01:29.860 INF Handling PREPREPARE. nReq=32 senderID=1 sn=65
21:01:29.860 DBG Creating new Batch. nReq=32
21:01:29.866 DBG Sending PREPARE. senderID=2 sn=65 view=0
21:01:29.867 DBG Sending COMMIT. senderID=2 sn=65 view=0
21:01:29.868 DBG Sending COMMIT. senderID=2 sn=66 view=0
21:01:29.870 INF Committed entry. latency=0 nReq=32 sn=65
21:01:29.870 INF Committed entry. latency=0 nReq=32 sn=66
21:01:29.870 INF Delivered batch. nReq=32 sn=65
21:01:29.870 INF Delivered batch. nReq=32 sn=66
21:01:29.870 INF Delivered batch. nReq=32 sn=67
21:01:29.870 DBG Starting timer. sn=69 view=0
[RESPONDER][ENTRY] sn=65 nreq=32
[RESPONDER][SEND] sn=65 client=0 req=1793 msg=ClientResponse{orderSn=65,clientSn=1793}
[MESSENGER][OK] client=0 deliver clientSn=1793 sn=65
[RESPONDER][SEND] sn=65 client=0 req=1857 msg=ClientResponse{orderSn=65,clientSn=1857}
[MESSENGER][OK] client=0 deliver clientSn=1857 sn=65
[RESPONDER][SEND] sn=65 client=0 req=1797 msg=ClientResponse{orderSn=65,clientSn=1797}
[MESSENGER][OK] client=0 deliver clientSn=1797 sn=65
21:01:29.871 DBG Starting timer. sn=70 view=0
[RESPONDER][SEND] sn=65 client=0 req=1861 msg=ClientResponse{orderSn=65,clientSn=1861}
[MESSENGER][OK] client=0 deliver clientSn=1861 sn=65
[RESPONDER][SEND] sn=65 client=0 req=1801 msg=ClientResponse{orderSn=65,clientSn=1801}
[MESSENGER][OK] client=0 deliver clientSn=1801 sn=65
[RESPONDER][SEND] sn=65 client=0 req=1865 msg=ClientResponse{orderSn=65,clientSn=1865}
[MESSENGER][OK] client=0 deliver clientSn=1865 sn=65
[RESPONDER][SEND] sn=65 client=0 req=1805 msg=ClientResponse{orderSn=65,clientSn=1805}
[MESSENGER][OK] client=0 deliver clientSn=1805 sn=65
[RESPONDER][SEND] sn=65 client=0 req=1869 msg=ClientResponse{orderSn=65,clientSn=1869}
[MESSENGER][OK] client=0 deliver clientSn=1869 sn=65
[RESPONDER][SEND] sn=65 client=0 req=1809 msg=ClientResponse{orderSn=65,clientSn=1809}
[MESSENGER][OK] client=0 deliver clientSn=1809 sn=65
[RESPONDER][SEND] sn=65 client=0 req=1873 msg=ClientResponse{orderSn=65,clientSn=1873}
[MESSENGER][OK] client=0 deliver clientSn=1873 sn=65
[RESPONDER][SEND] sn=65 client=0 req=1813 msg=ClientResponse{orderSn=65,clientSn=1813}
[MESSENGER][OK] client=0 deliver clientSn=1813 sn=65
[RESPONDER][SEND] sn=65 client=0 req=1877 msg=ClientResponse{orderSn=65,clientSn=1877}
[MESSENGER][OK] client=0 deliver clientSn=1877 sn=65
[RESPONDER][SEND] sn=65 client=0 req=1817 msg=ClientResponse{orderSn=65,clientSn=1817}
[MESSENGER][OK] client=0 deliver clientSn=1817 sn=65
[RESPONDER][SEND] sn=65 client=0 req=1881 msg=ClientResponse{orderSn=65,clientSn=1881}
[MESSENGER][OK] client=0 deliver clientSn=1881 sn=65
[RESPONDER][SEND] sn=65 client=0 req=1821 msg=ClientResponse{orderSn=65,clientSn=1821}
[MESSENGER][OK] client=0 deliver clientSn=1821 sn=65
[RESPONDER][SEND] sn=65 client=0 req=1885 msg=ClientResponse{orderSn=65,clientSn=1885}
[MESSENGER][OK] client=0 deliver clientSn=1885 sn=65
[RESPONDER][SEND] sn=65 client=0 req=1761 msg=ClientResponse{orderSn=65,clientSn=1761}
[MESSENGER][OK] client=0 deliver clientSn=1761 sn=65
[RESPONDER][SEND] sn=65 client=0 req=1825 msg=ClientResponse{orderSn=65,clientSn=1825}
[MESSENGER][OK] client=0 deliver clientSn=1825 sn=65
[RESPONDER][SEND] sn=65 client=0 req=1765 msg=ClientResponse{orderSn=65,clientSn=1765}
[MESSENGER][OK] client=0 deliver clientSn=1765 sn=65
[RESPONDER][SEND] sn=65 client=0 req=1829 msg=ClientResponse{orderSn=65,clientSn=1829}
[MESSENGER][OK] client=0 deliver clientSn=1829 sn=65
[RESPONDER][SEND] sn=65 client=0 req=1769 msg=ClientResponse{orderSn=65,clientSn=1769}
[MESSENGER][OK] client=0 deliver clientSn=1769 sn=65
[RESPONDER][SEND] sn=65 client=0 req=1833 msg=ClientResponse{orderSn=65,clientSn=1833}
[MESSENGER][OK] client=0 deliver clientSn=1833 sn=65
[RESPONDER][SEND] sn=65 client=0 req=1773 msg=ClientResponse{orderSn=65,clientSn=1773}
[MESSENGER][OK] client=0 deliver clientSn=1773 sn=65
[RESPONDER][SEND] sn=65 client=0 req=1837 msg=ClientResponse{orderSn=65,clientSn=1837}
[MESSENGER][OK] client=0 deliver clientSn=1837 sn=65
[RESPONDER][SEND] sn=65 client=0 req=1777 msg=ClientResponse{orderSn=65,clientSn=1777}
[MESSENGER][OK] client=0 deliver clientSn=1777 sn=65
[RESPONDER][SEND] sn=65 client=0 req=1841 msg=ClientResponse{orderSn=65,clientSn=1841}
[MESSENGER][OK] client=0 deliver clientSn=1841 sn=65
[RESPONDER][SEND] sn=65 client=0 req=1781 msg=ClientResponse{orderSn=65,clientSn=1781}
[MESSENGER][OK] client=0 deliver clientSn=1781 sn=65
[RESPONDER][SEND] sn=65 client=0 req=1845 msg=ClientResponse{orderSn=65,clientSn=1845}
[MESSENGER][OK] client=0 deliver clientSn=1845 sn=65
[RESPONDER][SEND] sn=65 client=0 req=1785 msg=ClientResponse{orderSn=65,clientSn=1785}
[MESSENGER][OK] client=0 deliver clientSn=1785 sn=65
[RESPONDER][SEND] sn=65 client=0 req=1849 msg=ClientResponse{orderSn=65,clientSn=1849}
[MESSENGER][OK] client=0 deliver clientSn=1849 sn=65
[RESPONDER][SEND] sn=65 client=0 req=1789 msg=ClientResponse{orderSn=65,clientSn=1789}
[MESSENGER][OK] client=0 deliver clientSn=1789 sn=65
[RESPONDER][SEND] sn=65 client=0 req=1853 msg=ClientResponse{orderSn=65,clientSn=1853}
[MESSENGER][OK] client=0 deliver clientSn=1853 sn=65
[RESPONDER][ENTRY][DONE] sn=65 sent=32/32
[RESPONDER][ENTRY] sn=66 nreq=32
[RESPONDER][SEND] sn=66 client=0 req=1794 msg=ClientResponse{orderSn=66,clientSn=1794}
[MESSENGER][OK] client=0 deliver clientSn=1794 sn=66
[RESPONDER][SEND] sn=66 client=0 req=1858 msg=ClientResponse{orderSn=66,clientSn=1858}
[MESSENGER][OK] client=0 deliver clientSn=1858 sn=66
[RESPONDER][SEND] sn=66 client=0 req=1798 msg=ClientResponse{orderSn=66,clientSn=1798}
[MESSENGER][OK] client=0 deliver clientSn=1798 sn=66
[RESPONDER][SEND] sn=66 client=0 req=1862 msg=ClientResponse{orderSn=66,clientSn=1862}
[MESSENGER][OK] client=0 deliver clientSn=1862 sn=66
[RESPONDER][SEND] sn=66 client=0 req=1802 msg=ClientResponse{orderSn=66,clientSn=1802}
[MESSENGER][OK] client=0 deliver clientSn=1802 sn=66
[RESPONDER][SEND] sn=66 client=0 req=1866 msg=ClientResponse{orderSn=66,clientSn=1866}
[MESSENGER][OK] client=0 deliver clientSn=1866 sn=66
[RESPONDER][SEND] sn=66 client=0 req=1806 msg=ClientResponse{orderSn=66,clientSn=1806}
[MESSENGER][OK] client=0 deliver clientSn=1806 sn=66
[RESPONDER][SEND] sn=66 client=0 req=1870 msg=ClientResponse{orderSn=66,clientSn=1870}
[MESSENGER][OK] client=0 deliver clientSn=1870 sn=66
[RESPONDER][SEND] sn=66 client=0 req=1810 msg=ClientResponse{orderSn=66,clientSn=1810}
[MESSENGER][OK] client=0 deliver clientSn=1810 sn=66
[RESPONDER][SEND] sn=66 client=0 req=1874 msg=ClientResponse{orderSn=66,clientSn=1874}
[MESSENGER][OK] client=0 deliver clientSn=1874 sn=66
[RESPONDER][SEND] sn=66 client=0 req=1814 msg=ClientResponse{orderSn=66,clientSn=1814}
[MESSENGER][OK] client=0 deliver clientSn=1814 sn=66
[RESPONDER][SEND] sn=66 client=0 req=1878 msg=ClientResponse{orderSn=66,clientSn=1878}
[MESSENGER][OK] client=0 deliver clientSn=1878 sn=66
[RESPONDER][SEND] sn=66 client=0 req=1818 msg=ClientResponse{orderSn=66,clientSn=1818}
[MESSENGER][OK] client=0 deliver clientSn=1818 sn=66
[RESPONDER][SEND] sn=66 client=0 req=1882 msg=ClientResponse{orderSn=66,clientSn=1882}
[MESSENGER][OK] client=0 deliver clientSn=1882 sn=66
[RESPONDER][SEND] sn=66 client=0 req=1758 msg=ClientResponse{orderSn=66,clientSn=1758}
[MESSENGER][OK] client=0 deliver clientSn=1758 sn=66
[RESPONDER][SEND] sn=66 client=0 req=1822 msg=ClientResponse{orderSn=66,clientSn=1822}
[MESSENGER][OK] client=0 deliver clientSn=1822 sn=66
[RESPONDER][SEND] sn=66 client=0 req=1762 msg=ClientResponse{orderSn=66,clientSn=1762}
[MESSENGER][OK] client=0 deliver clientSn=1762 sn=66
[RESPONDER][SEND] sn=66 client=0 req=1826 msg=ClientResponse{orderSn=66,clientSn=1826}
[MESSENGER][OK] client=0 deliver clientSn=1826 sn=66
[RESPONDER][SEND] sn=66 client=0 req=1766 msg=ClientResponse{orderSn=66,clientSn=1766}
[MESSENGER][OK] client=0 deliver clientSn=1766 sn=66
[RESPONDER][SEND] sn=66 client=0 req=1830 msg=ClientResponse{orderSn=66,clientSn=1830}
[MESSENGER][OK] client=0 deliver clientSn=1830 sn=66
[RESPONDER][SEND] sn=66 client=0 req=1770 msg=ClientResponse{orderSn=66,clientSn=1770}
[MESSENGER][OK] client=0 deliver clientSn=1770 sn=66
[RESPONDER][SEND] sn=66 client=0 req=1834 msg=ClientResponse{orderSn=66,clientSn=1834}
[MESSENGER][OK] client=0 deliver clientSn=1834 sn=66
[RESPONDER][SEND] sn=66 client=0 req=1774 msg=ClientResponse{orderSn=66,clientSn=1774}
[MESSENGER][OK] client=0 deliver clientSn=1774 sn=66
[RESPONDER][SEND] sn=66 client=0 req=1838 msg=ClientResponse{orderSn=66,clientSn=1838}
[MESSENGER][OK] client=0 deliver clientSn=1838 sn=66
[RESPONDER][SEND] sn=66 client=0 req=1778 msg=ClientResponse{orderSn=66,clientSn=1778}
[MESSENGER][OK] client=0 deliver clientSn=1778 sn=66
[RESPONDER][SEND] sn=66 client=0 req=1842 msg=ClientResponse{orderSn=66,clientSn=1842}
[MESSENGER][OK] client=0 deliver clientSn=1842 sn=66
[RESPONDER][SEND] sn=66 client=0 req=1782 msg=ClientResponse{orderSn=66,clientSn=1782}
[MESSENGER][OK] client=0 deliver clientSn=1782 sn=66
[RESPONDER][SEND] sn=66 client=0 req=1846 msg=ClientResponse{orderSn=66,clientSn=1846}
[MESSENGER][OK] client=0 deliver clientSn=1846 sn=66
[RESPONDER][SEND] sn=66 client=0 req=1786 msg=ClientResponse{orderSn=66,clientSn=1786}
[MESSENGER][OK] client=0 deliver clientSn=1786 sn=66
[RESPONDER][SEND] sn=66 client=0 req=1850 msg=ClientResponse{orderSn=66,clientSn=1850}
[MESSENGER][OK] client=0 deliver clientSn=1850 sn=66
[RESPONDER][SEND] sn=66 client=0 req=1790 msg=ClientResponse{orderSn=66,clientSn=1790}
[MESSENGER][OK] client=0 deliver clientSn=1790 sn=66
[RESPONDER][SEND] sn=66 client=0 req=1854 msg=ClientResponse{orderSn=66,clientSn=1854}
[MESSENGER][OK] client=0 deliver clientSn=1854 sn=66
[RESPONDER][ENTRY][DONE] sn=66 sent=32/32
[RESPONDER][ENTRY] sn=67 nreq=32
[RESPONDER][SEND] sn=67 client=0 req=1795 msg=ClientResponse{orderSn=67,clientSn=1795}
[MESSENGER][OK] client=0 deliver clientSn=1795 sn=67
[RESPONDER][SEND] sn=67 client=0 req=1859 msg=ClientResponse{orderSn=67,clientSn=1859}
[MESSENGER][OK] client=0 deliver clientSn=1859 sn=67
[RESPONDER][SEND] sn=67 client=0 req=1799 msg=ClientResponse{orderSn=67,clientSn=1799}
[MESSENGER][OK] client=0 deliver clientSn=1799 sn=67
[RESPONDER][SEND] sn=67 client=0 req=1863 msg=ClientResponse{orderSn=67,clientSn=1863}
[MESSENGER][OK] client=0 deliver clientSn=1863 sn=67
[RESPONDER][SEND] sn=67 client=0 req=1803 msg=ClientResponse{orderSn=67,clientSn=1803}
[MESSENGER][OK] client=0 deliver clientSn=1803 sn=67
[RESPONDER][SEND] sn=67 client=0 req=1867 msg=ClientResponse{orderSn=67,clientSn=1867}
[MESSENGER][OK] client=0 deliver clientSn=1867 sn=67
[RESPONDER][SEND] sn=67 client=0 req=1807 msg=ClientResponse{orderSn=67,clientSn=1807}
[MESSENGER][OK] client=0 deliver clientSn=1807 sn=67
[RESPONDER][SEND] sn=67 client=0 req=1871 msg=ClientResponse{orderSn=67,clientSn=1871}
[MESSENGER][OK] client=0 deliver clientSn=1871 sn=67
[RESPONDER][SEND] sn=67 client=0 req=1811 msg=ClientResponse{orderSn=67,clientSn=1811}
[MESSENGER][OK] client=0 deliver clientSn=1811 sn=67
[RESPONDER][SEND] sn=67 client=0 req=1875 msg=ClientResponse{orderSn=67,clientSn=1875}
[MESSENGER][OK] client=0 deliver clientSn=1875 sn=67
[RESPONDER][SEND] sn=67 client=0 req=1815 msg=ClientResponse{orderSn=67,clientSn=1815}
[MESSENGER][OK] client=0 deliver clientSn=1815 sn=67
[RESPONDER][SEND] sn=67 client=0 req=1879 msg=ClientResponse{orderSn=67,clientSn=1879}
[MESSENGER][OK] client=0 deliver clientSn=1879 sn=67
[RESPONDER][SEND] sn=67 client=0 req=1819 msg=ClientResponse{orderSn=67,clientSn=1819}
[MESSENGER][OK] client=0 deliver clientSn=1819 sn=67
[RESPONDER][SEND] sn=67 client=0 req=1883 msg=ClientResponse{orderSn=67,clientSn=1883}
[MESSENGER][OK] client=0 deliver clientSn=1883 sn=67
[RESPONDER][SEND] sn=67 client=0 req=1759 msg=ClientResponse{orderSn=67,clientSn=1759}
[MESSENGER][OK] client=0 deliver clientSn=1759 sn=67
[RESPONDER][SEND] sn=67 client=0 req=1823 msg=ClientResponse{orderSn=67,clientSn=1823}
[MESSENGER][OK] client=0 deliver clientSn=1823 sn=67
[RESPONDER][SEND] sn=67 client=0 req=1763 msg=ClientResponse{orderSn=67,clientSn=1763}
[MESSENGER][OK] client=0 deliver clientSn=1763 sn=67
[RESPONDER][SEND] sn=67 client=0 req=1827 msg=ClientResponse{orderSn=67,clientSn=1827}
[MESSENGER][OK] client=0 deliver clientSn=1827 sn=67
[RESPONDER][SEND] sn=67 client=0 req=1767 msg=ClientResponse{orderSn=67,clientSn=1767}
[MESSENGER][OK] client=0 deliver clientSn=1767 sn=67
[RESPONDER][SEND] sn=67 client=0 req=1831 msg=ClientResponse{orderSn=67,clientSn=1831}
[MESSENGER][OK] client=0 deliver clientSn=1831 sn=67
[RESPONDER][SEND] sn=67 client=0 req=1771 msg=ClientResponse{orderSn=67,clientSn=1771}
[MESSENGER][OK] client=0 deliver clientSn=1771 sn=67
[RESPONDER][SEND] sn=67 client=0 req=1835 msg=ClientResponse{orderSn=67,clientSn=1835}
[MESSENGER][OK] client=0 deliver clientSn=1835 sn=67
[RESPONDER][SEND] sn=67 client=0 req=1775 msg=ClientResponse{orderSn=67,clientSn=1775}
[MESSENGER][OK] client=0 deliver clientSn=1775 sn=67
[RESPONDER][SEND] sn=67 client=0 req=1839 msg=ClientResponse{orderSn=67,clientSn=1839}
[MESSENGER][OK] client=0 deliver clientSn=1839 sn=67
[RESPONDER][SEND] sn=67 client=0 req=1779 msg=ClientResponse{orderSn=67,clientSn=1779}
[MESSENGER][OK] client=0 deliver clientSn=1779 sn=67
[RESPONDER][SEND] sn=67 client=0 req=1843 msg=ClientResponse{orderSn=67,clientSn=1843}
[MESSENGER][OK] client=0 deliver clientSn=1843 sn=67
[RESPONDER][SEND] sn=67 client=0 req=1783 msg=ClientResponse{orderSn=67,clientSn=1783}
[MESSENGER][OK] client=0 deliver clientSn=1783 sn=67
[RESPONDER][SEND] sn=67 client=0 req=1847 msg=ClientResponse{orderSn=67,clientSn=1847}
[MESSENGER][OK] client=0 deliver clientSn=1847 sn=67
[RESPONDER][SEND] sn=67 client=0 req=1787 msg=ClientResponse{orderSn=67,clientSn=1787}
[MESSENGER][OK] client=0 deliver clientSn=1787 sn=67
[RESPONDER][SEND] sn=67 client=0 req=1851 msg=ClientResponse{orderSn=67,clientSn=1851}
[MESSENGER][OK] client=0 deliver clientSn=1851 sn=67
[RESPONDER][SEND] sn=67 client=0 req=1791 msg=ClientResponse{orderSn=67,clientSn=1791}
[MESSENGER][OK] client=0 deliver clientSn=1791 sn=67
[RESPONDER][SEND] sn=67 client=0 req=1855 msg=ClientResponse{orderSn=67,clientSn=1855}
[MESSENGER][OK] client=0 deliver clientSn=1855 sn=67
[RESPONDER][ENTRY][DONE] sn=67 sent=32/32
21:01:30.846 INF Handling PREPREPARE. nReq=32 senderID=0 sn=68
21:01:30.846 DBG Creating new Batch. nReq=32
21:01:30.849 DBG Sending PREPARE. senderID=2 sn=68 view=0
21:01:30.849 INF Handling PREPREPARE. nReq=32 senderID=3 sn=71
21:01:30.849 DBG Creating new Batch. nReq=32
21:01:30.852 DBG Sending COMMIT. senderID=2 sn=68 view=0
21:01:30.852 DBG Sending PREPARE. senderID=2 sn=71 view=0
21:01:30.852 DBG Sending COMMIT. senderID=2 sn=71 view=0
21:01:30.852 INF Committed entry. latency=0 nReq=32 sn=68
21:01:30.853 INF Delivered batch. nReq=32 sn=68
21:01:30.853 DBG Starting timer. sn=72 view=0
[RESPONDER][ENTRY] sn=68 nreq=32
[RESPONDER][SEND] sn=68 client=0 req=1920 msg=ClientResponse{orderSn=68,clientSn=1920}
[MESSENGER][OK] client=0 deliver clientSn=1920 sn=68
[RESPONDER][SEND] sn=68 client=0 req=1984 msg=ClientResponse{orderSn=68,clientSn=1984}
[MESSENGER][OK] client=0 deliver clientSn=1984 sn=68
[RESPONDER][SEND] sn=68 client=0 req=1924 msg=ClientResponse{orderSn=68,clientSn=1924}
[MESSENGER][OK] client=0 deliver clientSn=1924 sn=68
[RESPONDER][SEND] sn=68 client=0 req=1988 msg=ClientResponse{orderSn=68,clientSn=1988}
[MESSENGER][OK] client=0 deliver clientSn=1988 sn=68
[RESPONDER][SEND] sn=68 client=0 req=1928 msg=ClientResponse{orderSn=68,clientSn=1928}
[MESSENGER][OK] client=0 deliver clientSn=1928 sn=68
[RESPONDER][SEND] sn=68 client=0 req=1992 msg=ClientResponse{orderSn=68,clientSn=1992}
[MESSENGER][OK] client=0 deliver clientSn=1992 sn=68
[RESPONDER][SEND] sn=68 client=0 req=1932 msg=ClientResponse{orderSn=68,clientSn=1932}
[MESSENGER][OK] client=0 deliver clientSn=1932 sn=68
[RESPONDER][SEND] sn=68 client=0 req=1996 msg=ClientResponse{orderSn=68,clientSn=1996}
[MESSENGER][OK] client=0 deliver clientSn=1996 sn=68
[RESPONDER][SEND] sn=68 client=0 req=1936 msg=ClientResponse{orderSn=68,clientSn=1936}
[MESSENGER][OK] client=0 deliver clientSn=1936 sn=68
[RESPONDER][SEND] sn=68 client=0 req=2000 msg=ClientResponse{orderSn=68,clientSn=2000}
[MESSENGER][OK] client=0 deliver clientSn=2000 sn=68
[RESPONDER][SEND] sn=68 client=0 req=1940 msg=ClientResponse{orderSn=68,clientSn=1940}
[MESSENGER][OK] client=0 deliver clientSn=1940 sn=68
[RESPONDER][SEND] sn=68 client=0 req=2004 msg=ClientResponse{orderSn=68,clientSn=2004}
[MESSENGER][OK] client=0 deliver clientSn=2004 sn=68
[RESPONDER][SEND] sn=68 client=0 req=1944 msg=ClientResponse{orderSn=68,clientSn=1944}
[MESSENGER][OK] client=0 deliver clientSn=1944 sn=68
[RESPONDER][SEND] sn=68 client=0 req=2008 msg=ClientResponse{orderSn=68,clientSn=2008}
[MESSENGER][OK] client=0 deliver clientSn=2008 sn=68
[RESPONDER][SEND] sn=68 client=0 req=1948 msg=ClientResponse{orderSn=68,clientSn=1948}
[MESSENGER][OK] client=0 deliver clientSn=1948 sn=68
[RESPONDER][SEND] sn=68 client=0 req=2012 msg=ClientResponse{orderSn=68,clientSn=2012}
[MESSENGER][OK] client=0 deliver clientSn=2012 sn=68
[RESPONDER][SEND] sn=68 client=0 req=1888 msg=ClientResponse{orderSn=68,clientSn=1888}
[MESSENGER][OK] client=0 deliver clientSn=1888 sn=68
[RESPONDER][SEND] sn=68 client=0 req=1952 msg=ClientResponse{orderSn=68,clientSn=1952}
[MESSENGER][OK] client=0 deliver clientSn=1952 sn=68
[RESPONDER][SEND] sn=68 client=0 req=1892 msg=ClientResponse{orderSn=68,clientSn=1892}
[MESSENGER][OK] client=0 deliver clientSn=1892 sn=68
[RESPONDER][SEND] sn=68 client=0 req=1956 msg=ClientResponse{orderSn=68,clientSn=1956}
[MESSENGER][OK] client=0 deliver clientSn=1956 sn=68
[RESPONDER][SEND] sn=68 client=0 req=1896 msg=ClientResponse{orderSn=68,clientSn=1896}
[MESSENGER][OK] client=0 deliver clientSn=1896 sn=68
[RESPONDER][SEND] sn=68 client=0 req=1960 msg=ClientResponse{orderSn=68,clientSn=1960}
[MESSENGER][OK] client=0 deliver clientSn=1960 sn=68
[RESPONDER][SEND] sn=68 client=0 req=1900 msg=ClientResponse{orderSn=68,clientSn=1900}
[MESSENGER][OK] client=0 deliver clientSn=1900 sn=68
[RESPONDER][SEND] sn=68 client=0 req=1964 msg=ClientResponse{orderSn=68,clientSn=1964}
[MESSENGER][OK] client=0 deliver clientSn=1964 sn=68
[RESPONDER][SEND] sn=68 client=0 req=1904 msg=ClientResponse{orderSn=68,clientSn=1904}
[MESSENGER][OK] client=0 deliver clientSn=1904 sn=68
[RESPONDER][SEND] sn=68 client=0 req=1968 msg=ClientResponse{orderSn=68,clientSn=1968}
[MESSENGER][OK] client=0 deliver clientSn=1968 sn=68
[RESPONDER][SEND] sn=68 client=0 req=1908 msg=ClientResponse{orderSn=68,clientSn=1908}
[MESSENGER][OK] client=0 deliver clientSn=1908 sn=68
[RESPONDER][SEND] sn=68 client=0 req=1972 msg=ClientResponse{orderSn=68,clientSn=1972}
[MESSENGER][OK] client=0 deliver clientSn=1972 sn=68
[RESPONDER][SEND] sn=68 client=0 req=1912 msg=ClientResponse{orderSn=68,clientSn=1912}
[MESSENGER][OK] client=0 deliver clientSn=1912 sn=68
[RESPONDER][SEND] sn=68 client=0 req=1976 msg=ClientResponse{orderSn=68,clientSn=1976}
[MESSENGER][OK] client=0 deliver clientSn=1976 sn=68
[RESPONDER][SEND] sn=68 client=0 req=1916 msg=ClientResponse{orderSn=68,clientSn=1916}
[MESSENGER][OK] client=0 deliver clientSn=1916 sn=68
[RESPONDER][SEND] sn=68 client=0 req=1980 msg=ClientResponse{orderSn=68,clientSn=1980}
[MESSENGER][OK] client=0 deliver clientSn=1980 sn=68
[RESPONDER][ENTRY][DONE] sn=68 sent=32/32
21:01:30.855 DBG Batch ready. batchSize=4096
21:01:30.855 DBG Batch cut. left=0 nBuckets=16 nReq=32 next=0
21:01:30.856 DBG Waiting for batch. batchSize=4096
21:01:30.856 INF Committed entry. latency=0 nReq=32 sn=71
21:01:30.856 DBG Starting timer. sn=75 view=0
21:01:30.858 INF Sending PREPREPARE. nReq=32 senderID=2 sn=70 view=0
21:01:30.862 INF Handling PREPREPARE. nReq=32 senderID=1 sn=69
21:01:30.862 DBG Creating new Batch. nReq=32
21:01:30.867 DBG Sending PREPARE. senderID=2 sn=69 view=0
21:01:30.869 DBG Sending COMMIT. senderID=2 sn=70 view=0
21:01:30.869 DBG Sending COMMIT. senderID=2 sn=69 view=0
21:01:30.871 INF Committed entry. latency=0 nReq=32 sn=69
21:01:30.871 INF Delivered batch. nReq=32 sn=69
21:01:30.871 DBG Starting timer. sn=73 view=0
[RESPONDER][ENTRY] sn=69 nreq=32
[RESPONDER][SEND] sn=69 client=0 req=1921 msg=ClientResponse{orderSn=69,clientSn=1921}
[MESSENGER][OK] client=0 deliver clientSn=1921 sn=69
[RESPONDER][SEND] sn=69 client=0 req=1985 msg=ClientResponse{orderSn=69,clientSn=1985}
[MESSENGER][OK] client=0 deliver clientSn=1985 sn=69
[RESPONDER][SEND] sn=69 client=0 req=1925 msg=ClientResponse{orderSn=69,clientSn=1925}
[MESSENGER][OK] client=0 deliver clientSn=1925 sn=69
[RESPONDER][SEND] sn=69 client=0 req=1989 msg=ClientResponse{orderSn=69,clientSn=1989}
[MESSENGER][OK] client=0 deliver clientSn=1989 sn=69
[RESPONDER][SEND] sn=69 client=0 req=1929 msg=ClientResponse{orderSn=69,clientSn=1929}
[MESSENGER][OK] client=0 deliver clientSn=1929 sn=69
[RESPONDER][SEND] sn=69 client=0 req=1993 msg=ClientResponse{orderSn=69,clientSn=1993}
[MESSENGER][OK] client=0 deliver clientSn=1993 sn=69
[RESPONDER][SEND] sn=69 client=0 req=1933 msg=ClientResponse{orderSn=69,clientSn=1933}
[MESSENGER][OK] client=0 deliver clientSn=1933 sn=69
[RESPONDER][SEND] sn=69 client=0 req=1997 msg=ClientResponse{orderSn=69,clientSn=1997}
[MESSENGER][OK] client=0 deliver clientSn=1997 sn=69
[RESPONDER][SEND] sn=69 client=0 req=1937 msg=ClientResponse{orderSn=69,clientSn=1937}
[MESSENGER][OK] client=0 deliver clientSn=1937 sn=69
[RESPONDER][SEND] sn=69 client=0 req=2001 msg=ClientResponse{orderSn=69,clientSn=2001}
[MESSENGER][OK] client=0 deliver clientSn=2001 sn=69
[RESPONDER][SEND] sn=69 client=0 req=1941 msg=ClientResponse{orderSn=69,clientSn=1941}
[MESSENGER][OK] client=0 deliver clientSn=1941 sn=69
[RESPONDER][SEND] sn=69 client=0 req=2005 msg=ClientResponse{orderSn=69,clientSn=2005}
[MESSENGER][OK] client=0 deliver clientSn=2005 sn=69
[RESPONDER][SEND] sn=69 client=0 req=1945 msg=ClientResponse{orderSn=69,clientSn=1945}
[MESSENGER][OK] client=0 deliver clientSn=1945 sn=69
[RESPONDER][SEND] sn=69 client=0 req=2009 msg=ClientResponse{orderSn=69,clientSn=2009}
[MESSENGER][OK] client=0 deliver clientSn=2009 sn=69
[RESPONDER][SEND] sn=69 client=0 req=1949 msg=ClientResponse{orderSn=69,clientSn=1949}
[MESSENGER][OK] client=0 deliver clientSn=1949 sn=69
[RESPONDER][SEND] sn=69 client=0 req=2013 msg=ClientResponse{orderSn=69,clientSn=2013}
[MESSENGER][OK] client=0 deliver clientSn=2013 sn=69
[RESPONDER][SEND] sn=69 client=0 req=1889 msg=ClientResponse{orderSn=69,clientSn=1889}
[MESSENGER][OK] client=0 deliver clientSn=1889 sn=69
[RESPONDER][SEND] sn=69 client=0 req=1953 msg=ClientResponse{orderSn=69,clientSn=1953}
[MESSENGER][OK] client=0 deliver clientSn=1953 sn=69
[RESPONDER][SEND] sn=69 client=0 req=1893 msg=ClientResponse{orderSn=69,clientSn=1893}
[MESSENGER][OK] client=0 deliver clientSn=1893 sn=69
[RESPONDER][SEND] sn=69 client=0 req=1957 msg=ClientResponse{orderSn=69,clientSn=1957}
[MESSENGER][OK] client=0 deliver clientSn=1957 sn=69
[RESPONDER][SEND] sn=69 client=0 req=1897 msg=ClientResponse{orderSn=69,clientSn=1897}
[MESSENGER][OK] client=0 deliver clientSn=1897 sn=69
[RESPONDER][SEND] sn=69 client=0 req=1961 msg=ClientResponse{orderSn=69,clientSn=1961}
[MESSENGER][OK] client=0 deliver clientSn=1961 sn=69
[RESPONDER][SEND] sn=69 client=0 req=1901 msg=ClientResponse{orderSn=69,clientSn=1901}
21:01:30.873 INF Committed entry. latency=0 nReq=32 sn=70
[MESSENGER][OK] client=0 deliver clientSn=1901 sn=69
[RESPONDER][SEND] sn=69 client=0 req=1965 msg=ClientResponse{orderSn=69,clientSn=1965}
[MESSENGER][OK] client=0 deliver clientSn=1965 sn=69
[RESPONDER][SEND] sn=69 client=0 req=1905 msg=ClientResponse{orderSn=69,clientSn=1905}
[MESSENGER][OK] client=0 deliver clientSn=1905 sn=69
[RESPONDER][SEND] sn=69 client=0 req=1969 msg=ClientResponse{orderSn=69,clientSn=1969}
21:01:30.873 INF Delivered batch. nReq=32 sn=70
21:01:30.873 INF Delivered batch. nReq=32 sn=71
[MESSENGER][OK] client=0 deliver clientSn=1969 sn=69
[RESPONDER][SEND] sn=69 client=0 req=1909 msg=ClientResponse{orderSn=69,clientSn=1909}
[MESSENGER][OK] client=0 deliver clientSn=1909 sn=69
[RESPONDER][SEND] sn=69 client=0 req=1973 msg=ClientResponse{orderSn=69,clientSn=1973}
[MESSENGER][OK] client=0 deliver clientSn=1973 sn=69
[RESPONDER][SEND] sn=69 client=0 req=1913 msg=ClientResponse{orderSn=69,clientSn=1913}
21:01:30.873 DBG Starting timer. sn=74 view=0
[MESSENGER][OK] client=0 deliver clientSn=1913 sn=69
[RESPONDER][SEND] sn=69 client=0 req=1977 msg=ClientResponse{orderSn=69,clientSn=1977}
[MESSENGER][OK] client=0 deliver clientSn=1977 sn=69
[RESPONDER][SEND] sn=69 client=0 req=1917 msg=ClientResponse{orderSn=69,clientSn=1917}
[MESSENGER][OK] client=0 deliver clientSn=1917 sn=69
[RESPONDER][SEND] sn=69 client=0 req=1981 msg=ClientResponse{orderSn=69,clientSn=1981}
[MESSENGER][OK] client=0 deliver clientSn=1981 sn=69
[RESPONDER][ENTRY][DONE] sn=69 sent=32/32
[RESPONDER][ENTRY] sn=70 nreq=32
[RESPONDER][SEND] sn=70 client=0 req=1922 msg=ClientResponse{orderSn=70,clientSn=1922}
[MESSENGER][OK] client=0 deliver clientSn=1922 sn=70
[RESPONDER][SEND] sn=70 client=0 req=1986 msg=ClientResponse{orderSn=70,clientSn=1986}
[MESSENGER][OK] client=0 deliver clientSn=1986 sn=70
[RESPONDER][SEND] sn=70 client=0 req=1926 msg=ClientResponse{orderSn=70,clientSn=1926}
[MESSENGER][OK] client=0 deliver clientSn=1926 sn=70
[RESPONDER][SEND] sn=70 client=0 req=1990 msg=ClientResponse{orderSn=70,clientSn=1990}
[MESSENGER][OK] client=0 deliver clientSn=1990 sn=70
[RESPONDER][SEND] sn=70 client=0 req=1930 msg=ClientResponse{orderSn=70,clientSn=1930}
[MESSENGER][OK] client=0 deliver clientSn=1930 sn=70
[RESPONDER][SEND] sn=70 client=0 req=1994 msg=ClientResponse{orderSn=70,clientSn=1994}
[MESSENGER][OK] client=0 deliver clientSn=1994 sn=70
[RESPONDER][SEND] sn=70 client=0 req=1934 msg=ClientResponse{orderSn=70,clientSn=1934}
[MESSENGER][OK] client=0 deliver clientSn=1934 sn=70
[RESPONDER][SEND] sn=70 client=0 req=1998 msg=ClientResponse{orderSn=70,clientSn=1998}
[MESSENGER][OK] client=0 deliver clientSn=1998 sn=70
[RESPONDER][SEND] sn=70 client=0 req=1938 msg=ClientResponse{orderSn=70,clientSn=1938}
[MESSENGER][OK] client=0 deliver clientSn=1938 sn=70
[RESPONDER][SEND] sn=70 client=0 req=2002 msg=ClientResponse{orderSn=70,clientSn=2002}
[MESSENGER][OK] client=0 deliver clientSn=2002 sn=70
[RESPONDER][SEND] sn=70 client=0 req=1942 msg=ClientResponse{orderSn=70,clientSn=1942}
[MESSENGER][OK] client=0 deliver clientSn=1942 sn=70
[RESPONDER][SEND] sn=70 client=0 req=2006 msg=ClientResponse{orderSn=70,clientSn=2006}
[MESSENGER][OK] client=0 deliver clientSn=2006 sn=70
[RESPONDER][SEND] sn=70 client=0 req=1946 msg=ClientResponse{orderSn=70,clientSn=1946}
[MESSENGER][OK] client=0 deliver clientSn=1946 sn=70
[RESPONDER][SEND] sn=70 client=0 req=2010 msg=ClientResponse{orderSn=70,clientSn=2010}
[MESSENGER][OK] client=0 deliver clientSn=2010 sn=70
[RESPONDER][SEND] sn=70 client=0 req=1886 msg=ClientResponse{orderSn=70,clientSn=1886}
[MESSENGER][OK] client=0 deliver clientSn=1886 sn=70
[RESPONDER][SEND] sn=70 client=0 req=1950 msg=ClientResponse{orderSn=70,clientSn=1950}
[MESSENGER][OK] client=0 deliver clientSn=1950 sn=70
[RESPONDER][SEND] sn=70 client=0 req=1890 msg=ClientResponse{orderSn=70,clientSn=1890}
[MESSENGER][OK] client=0 deliver clientSn=1890 sn=70
[RESPONDER][SEND] sn=70 client=0 req=1954 msg=ClientResponse{orderSn=70,clientSn=1954}
[MESSENGER][OK] client=0 deliver clientSn=1954 sn=70
[RESPONDER][SEND] sn=70 client=0 req=1894 msg=ClientResponse{orderSn=70,clientSn=1894}
[MESSENGER][OK] client=0 deliver clientSn=1894 sn=70
[RESPONDER][SEND] sn=70 client=0 req=1958 msg=ClientResponse{orderSn=70,clientSn=1958}
[MESSENGER][OK] client=0 deliver clientSn=1958 sn=70
[RESPONDER][SEND] sn=70 client=0 req=1898 msg=ClientResponse{orderSn=70,clientSn=1898}
[MESSENGER][OK] client=0 deliver clientSn=1898 sn=70
[RESPONDER][SEND] sn=70 client=0 req=1962 msg=ClientResponse{orderSn=70,clientSn=1962}
[MESSENGER][OK] client=0 deliver clientSn=1962 sn=70
[RESPONDER][SEND] sn=70 client=0 req=1902 msg=ClientResponse{orderSn=70,clientSn=1902}
[MESSENGER][OK] client=0 deliver clientSn=1902 sn=70
[RESPONDER][SEND] sn=70 client=0 req=1966 msg=ClientResponse{orderSn=70,clientSn=1966}
[MESSENGER][OK] client=0 deliver clientSn=1966 sn=70
[RESPONDER][SEND] sn=70 client=0 req=1906 msg=ClientResponse{orderSn=70,clientSn=1906}
[MESSENGER][OK] client=0 deliver clientSn=1906 sn=70
[RESPONDER][SEND] sn=70 client=0 req=1970 msg=ClientResponse{orderSn=70,clientSn=1970}
[MESSENGER][OK] client=0 deliver clientSn=1970 sn=70
[RESPONDER][SEND] sn=70 client=0 req=1910 msg=ClientResponse{orderSn=70,clientSn=1910}
[MESSENGER][OK] client=0 deliver clientSn=1910 sn=70
[RESPONDER][SEND] sn=70 client=0 req=1974 msg=ClientResponse{orderSn=70,clientSn=1974}
[MESSENGER][OK] client=0 deliver clientSn=1974 sn=70
[RESPONDER][SEND] sn=70 client=0 req=1914 msg=ClientResponse{orderSn=70,clientSn=1914}
[MESSENGER][OK] client=0 deliver clientSn=1914 sn=70
[RESPONDER][SEND] sn=70 client=0 req=1978 msg=ClientResponse{orderSn=70,clientSn=1978}
[MESSENGER][OK] client=0 deliver clientSn=1978 sn=70
[RESPONDER][SEND] sn=70 client=0 req=1918 msg=ClientResponse{orderSn=70,clientSn=1918}
[MESSENGER][OK] client=0 deliver clientSn=1918 sn=70
[RESPONDER][SEND] sn=70 client=0 req=1982 msg=ClientResponse{orderSn=70,clientSn=1982}
[MESSENGER][OK] client=0 deliver clientSn=1982 sn=70
[RESPONDER][ENTRY][DONE] sn=70 sent=32/32
[RESPONDER][ENTRY] sn=71 nreq=32
[RESPONDER][SEND] sn=71 client=0 req=1923 msg=ClientResponse{orderSn=71,clientSn=1923}
[MESSENGER][OK] client=0 deliver clientSn=1923 sn=71
[RESPONDER][SEND] sn=71 client=0 req=1987 msg=ClientResponse{orderSn=71,clientSn=1987}
[MESSENGER][OK] client=0 deliver clientSn=1987 sn=71
[RESPONDER][SEND] sn=71 client=0 req=1927 msg=ClientResponse{orderSn=71,clientSn=1927}
[MESSENGER][OK] client=0 deliver clientSn=1927 sn=71
[RESPONDER][SEND] sn=71 client=0 req=1991 msg=ClientResponse{orderSn=71,clientSn=1991}
[MESSENGER][OK] client=0 deliver clientSn=1991 sn=71
[RESPONDER][SEND] sn=71 client=0 req=1931 msg=ClientResponse{orderSn=71,clientSn=1931}
[MESSENGER][OK] client=0 deliver clientSn=1931 sn=71
[RESPONDER][SEND] sn=71 client=0 req=1995 msg=ClientResponse{orderSn=71,clientSn=1995}
[MESSENGER][OK] client=0 deliver clientSn=1995 sn=71
[RESPONDER][SEND] sn=71 client=0 req=1935 msg=ClientResponse{orderSn=71,clientSn=1935}
[MESSENGER][OK] client=0 deliver clientSn=1935 sn=71
[RESPONDER][SEND] sn=71 client=0 req=1999 msg=ClientResponse{orderSn=71,clientSn=1999}
[MESSENGER][OK] client=0 deliver clientSn=1999 sn=71
[RESPONDER][SEND] sn=71 client=0 req=1939 msg=ClientResponse{orderSn=71,clientSn=1939}
[MESSENGER][OK] client=0 deliver clientSn=1939 sn=71
[RESPONDER][SEND] sn=71 client=0 req=2003 msg=ClientResponse{orderSn=71,clientSn=2003}
[MESSENGER][OK] client=0 deliver clientSn=2003 sn=71
[RESPONDER][SEND] sn=71 client=0 req=1943 msg=ClientResponse{orderSn=71,clientSn=1943}
[MESSENGER][OK] client=0 deliver clientSn=1943 sn=71
[RESPONDER][SEND] sn=71 client=0 req=2007 msg=ClientResponse{orderSn=71,clientSn=2007}
[MESSENGER][OK] client=0 deliver clientSn=2007 sn=71
[RESPONDER][SEND] sn=71 client=0 req=1947 msg=ClientResponse{orderSn=71,clientSn=1947}
[MESSENGER][OK] client=0 deliver clientSn=1947 sn=71
[RESPONDER][SEND] sn=71 client=0 req=2011 msg=ClientResponse{orderSn=71,clientSn=2011}
[MESSENGER][OK] client=0 deliver clientSn=2011 sn=71
[RESPONDER][SEND] sn=71 client=0 req=1887 msg=ClientResponse{orderSn=71,clientSn=1887}
[MESSENGER][OK] client=0 deliver clientSn=1887 sn=71
[RESPONDER][SEND] sn=71 client=0 req=1951 msg=ClientResponse{orderSn=71,clientSn=1951}
[MESSENGER][OK] client=0 deliver clientSn=1951 sn=71
[RESPONDER][SEND] sn=71 client=0 req=1891 msg=ClientResponse{orderSn=71,clientSn=1891}
[MESSENGER][OK] client=0 deliver clientSn=1891 sn=71
[RESPONDER][SEND] sn=71 client=0 req=1955 msg=ClientResponse{orderSn=71,clientSn=1955}
[MESSENGER][OK] client=0 deliver clientSn=1955 sn=71
[RESPONDER][SEND] sn=71 client=0 req=1895 msg=ClientResponse{orderSn=71,clientSn=1895}
[MESSENGER][OK] client=0 deliver clientSn=1895 sn=71
[RESPONDER][SEND] sn=71 client=0 req=1959 msg=ClientResponse{orderSn=71,clientSn=1959}
[MESSENGER][OK] client=0 deliver clientSn=1959 sn=71
[RESPONDER][SEND] sn=71 client=0 req=1899 msg=ClientResponse{orderSn=71,clientSn=1899}
[MESSENGER][OK] client=0 deliver clientSn=1899 sn=71
[RESPONDER][SEND] sn=71 client=0 req=1963 msg=ClientResponse{orderSn=71,clientSn=1963}
[MESSENGER][OK] client=0 deliver clientSn=1963 sn=71
[RESPONDER][SEND] sn=71 client=0 req=1903 msg=ClientResponse{orderSn=71,clientSn=1903}
[MESSENGER][OK] client=0 deliver clientSn=1903 sn=71
[RESPONDER][SEND] sn=71 client=0 req=1967 msg=ClientResponse{orderSn=71,clientSn=1967}
[MESSENGER][OK] client=0 deliver clientSn=1967 sn=71
[RESPONDER][SEND] sn=71 client=0 req=1907 msg=ClientResponse{orderSn=71,clientSn=1907}
[MESSENGER][OK] client=0 deliver clientSn=1907 sn=71
[RESPONDER][SEND] sn=71 client=0 req=1971 msg=ClientResponse{orderSn=71,clientSn=1971}
[MESSENGER][OK] client=0 deliver clientSn=1971 sn=71
[RESPONDER][SEND] sn=71 client=0 req=1911 msg=ClientResponse{orderSn=71,clientSn=1911}
[MESSENGER][OK] client=0 deliver clientSn=1911 sn=71
[RESPONDER][SEND] sn=71 client=0 req=1975 msg=ClientResponse{orderSn=71,clientSn=1975}
[MESSENGER][OK] client=0 deliver clientSn=1975 sn=71
[RESPONDER][SEND] sn=71 client=0 req=1915 msg=ClientResponse{orderSn=71,clientSn=1915}
[MESSENGER][OK] client=0 deliver clientSn=1915 sn=71
[RESPONDER][SEND] sn=71 client=0 req=1979 msg=ClientResponse{orderSn=71,clientSn=1979}
[MESSENGER][OK] client=0 deliver clientSn=1979 sn=71
[RESPONDER][SEND] sn=71 client=0 req=1919 msg=ClientResponse{orderSn=71,clientSn=1919}
[MESSENGER][OK] client=0 deliver clientSn=1919 sn=71
[RESPONDER][SEND] sn=71 client=0 req=1983 msg=ClientResponse{orderSn=71,clientSn=1983}
[MESSENGER][OK] client=0 deliver clientSn=1983 sn=71
[RESPONDER][ENTRY][DONE] sn=71 sent=32/32
21:01:31.846 INF Handling PREPREPARE. nReq=32 senderID=0 sn=72
21:01:31.847 DBG Creating new Batch. nReq=32
21:01:31.848 INF Handling PREPREPARE. nReq=32 senderID=3 sn=75
21:01:31.848 DBG Creating new Batch. nReq=32
21:01:31.850 DBG Sending PREPARE. senderID=2 sn=75 view=0
21:01:31.851 DBG Sending PREPARE. senderID=2 sn=72 view=0
21:01:31.851 DBG Sending COMMIT. senderID=2 sn=72 view=0
21:01:31.853 DBG Sending COMMIT. senderID=2 sn=75 view=0
21:01:31.855 INF Committed entry. latency=0 nReq=32 sn=75
21:01:31.855 INF Delivered batch. nReq=32 sn=72
21:01:31.855 DBG Starting timer. sn=79 view=0
[RESPONDER][ENTRY] sn=72 nreq=32
[RESPONDER][SEND] sn=72 client=0 req=2048 msg=ClientResponse{orderSn=72,clientSn=2048}
[MESSENGER][OK] client=0 deliver clientSn=2048 sn=72
[RESPONDER][SEND] sn=72 client=0 req=2112 msg=ClientResponse{orderSn=72,clientSn=2112}
21:01:31.853 INF Committed entry. latency=0 nReq=32 sn=72
[MESSENGER][OK] client=0 deliver clientSn=2112 sn=72
[RESPONDER][SEND] sn=72 client=0 req=2052 msg=ClientResponse{orderSn=72,clientSn=2052}
[MESSENGER][OK] client=0 deliver clientSn=2052 sn=72
[RESPONDER][SEND] sn=72 client=0 req=2116 msg=ClientResponse{orderSn=72,clientSn=2116}
[MESSENGER][OK] client=0 deliver clientSn=2116 sn=72
[RESPONDER][SEND] sn=72 client=0 req=2056 msg=ClientResponse{orderSn=72,clientSn=2056}
21:01:31.855 DBG Starting timer. sn=76 view=0
[MESSENGER][OK] client=0 deliver clientSn=2056 sn=72
[RESPONDER][SEND] sn=72 client=0 req=2120 msg=ClientResponse{orderSn=72,clientSn=2120}
[MESSENGER][OK] client=0 deliver clientSn=2120 sn=72
[RESPONDER][SEND] sn=72 client=0 req=2060 msg=ClientResponse{orderSn=72,clientSn=2060}
[MESSENGER][OK] client=0 deliver clientSn=2060 sn=72
[RESPONDER][SEND] sn=72 client=0 req=2124 msg=ClientResponse{orderSn=72,clientSn=2124}
[MESSENGER][OK] client=0 deliver clientSn=2124 sn=72
[RESPONDER][SEND] sn=72 client=0 req=2064 msg=ClientResponse{orderSn=72,clientSn=2064}
[MESSENGER][OK] client=0 deliver clientSn=2064 sn=72
[RESPONDER][SEND] sn=72 client=0 req=2128 msg=ClientResponse{orderSn=72,clientSn=2128}
[MESSENGER][OK] client=0 deliver clientSn=2128 sn=72
[RESPONDER][SEND] sn=72 client=0 req=2068 msg=ClientResponse{orderSn=72,clientSn=2068}
[MESSENGER][OK] client=0 deliver clientSn=2068 sn=72
[RESPONDER][SEND] sn=72 client=0 req=2132 msg=ClientResponse{orderSn=72,clientSn=2132}
[MESSENGER][OK] client=0 deliver clientSn=2132 sn=72
[RESPONDER][SEND] sn=72 client=0 req=2072 msg=ClientResponse{orderSn=72,clientSn=2072}
[MESSENGER][OK] client=0 deliver clientSn=2072 sn=72
[RESPONDER][SEND] sn=72 client=0 req=2136 msg=ClientResponse{orderSn=72,clientSn=2136}
[MESSENGER][OK] client=0 deliver clientSn=2136 sn=72
[RESPONDER][SEND] sn=72 client=0 req=2076 msg=ClientResponse{orderSn=72,clientSn=2076}
[MESSENGER][OK] client=0 deliver clientSn=2076 sn=72
[RESPONDER][SEND] sn=72 client=0 req=2140 msg=ClientResponse{orderSn=72,clientSn=2140}
[MESSENGER][OK] client=0 deliver clientSn=2140 sn=72
[RESPONDER][SEND] sn=72 client=0 req=2016 msg=ClientResponse{orderSn=72,clientSn=2016}
[MESSENGER][OK] client=0 deliver clientSn=2016 sn=72
[RESPONDER][SEND] sn=72 client=0 req=2080 msg=ClientResponse{orderSn=72,clientSn=2080}
[MESSENGER][OK] client=0 deliver clientSn=2080 sn=72
[RESPONDER][SEND] sn=72 client=0 req=2020 msg=ClientResponse{orderSn=72,clientSn=2020}
[MESSENGER][OK] client=0 deliver clientSn=2020 sn=72
[RESPONDER][SEND] sn=72 client=0 req=2084 msg=ClientResponse{orderSn=72,clientSn=2084}
21:01:31.856 DBG Batch ready. batchSize=4096
[MESSENGER][OK] client=0 deliver clientSn=2084 sn=72
[RESPONDER][SEND] sn=72 client=0 req=2024 msg=ClientResponse{orderSn=72,clientSn=2024}
[MESSENGER][OK] client=0 deliver clientSn=2024 sn=72
[RESPONDER][SEND] sn=72 client=0 req=2088 msg=ClientResponse{orderSn=72,clientSn=2088}
[MESSENGER][OK] client=0 deliver clientSn=2088 sn=72
[RESPONDER][SEND] sn=72 client=0 req=2028 msg=ClientResponse{orderSn=72,clientSn=2028}
[MESSENGER][OK] client=0 deliver clientSn=2028 sn=72
[RESPONDER][SEND] sn=72 client=0 req=2092 msg=ClientResponse{orderSn=72,clientSn=2092}
[MESSENGER][OK] client=0 deliver clientSn=2092 sn=72
[RESPONDER][SEND] sn=72 client=0 req=2032 msg=ClientResponse{orderSn=72,clientSn=2032}
[MESSENGER][OK] client=0 deliver clientSn=2032 sn=72
[RESPONDER][SEND] sn=72 client=0 req=2096 msg=ClientResponse{orderSn=72,clientSn=2096}
[MESSENGER][OK] client=0 deliver clientSn=2096 sn=72
[RESPONDER][SEND] sn=72 client=0 req=2036 msg=ClientResponse{orderSn=72,clientSn=2036}
[MESSENGER][OK] client=0 deliver clientSn=2036 sn=72
[RESPONDER][SEND] sn=72 client=0 req=2100 msg=ClientResponse{orderSn=72,clientSn=2100}
[MESSENGER][OK] client=0 deliver clientSn=2100 sn=72
[RESPONDER][SEND] sn=72 client=0 req=2040 msg=ClientResponse{orderSn=72,clientSn=2040}
21:01:31.857 DBG Batch cut. left=0 nBuckets=16 nReq=32 next=0
[MESSENGER][OK] client=0 deliver clientSn=2040 sn=72
[RESPONDER][SEND] sn=72 client=0 req=2104 msg=ClientResponse{orderSn=72,clientSn=2104}
[MESSENGER][OK] client=0 deliver clientSn=2104 sn=72
[RESPONDER][SEND] sn=72 client=0 req=2044 msg=ClientResponse{orderSn=72,clientSn=2044}
[MESSENGER][OK] client=0 deliver clientSn=2044 sn=72
[RESPONDER][SEND] sn=72 client=0 req=2108 msg=ClientResponse{orderSn=72,clientSn=2108}
[MESSENGER][OK] client=0 deliver clientSn=2108 sn=72
[RESPONDER][ENTRY][DONE] sn=72 sent=32/32
21:01:31.858 DBG Waiting for batch. batchSize=4096
21:01:31.858 INF Sending PREPREPARE. nReq=32 senderID=2 sn=74 view=0
21:01:31.865 INF Handling PREPREPARE. nReq=32 senderID=1 sn=73
21:01:31.865 DBG Creating new Batch. nReq=32
21:01:31.866 DBG Sending COMMIT. senderID=2 sn=74 view=0
21:01:31.867 INF Committed entry. latency=0 nReq=32 sn=74
21:01:31.867 DBG Starting timer. sn=78 view=0
21:01:31.868 DBG Sending PREPARE. senderID=2 sn=73 view=0
21:01:31.870 DBG Sending COMMIT. senderID=2 sn=73 view=0
21:01:31.871 INF Committed entry. latency=0 nReq=32 sn=73
21:01:31.872 INF Delivered batch. nReq=32 sn=73
[RESPONDER][ENTRY] sn=73 nreq=32
[RESPONDER][SEND] sn=73 client=0 req=2049 msg=ClientResponse{orderSn=73,clientSn=2049}
[MESSENGER][OK] client=0 deliver clientSn=2049 sn=73
[RESPONDER][SEND] sn=73 client=0 req=2113 msg=ClientResponse{orderSn=73,clientSn=2113}
[MESSENGER][OK] client=0 deliver clientSn=2113 sn=73
[RESPONDER][SEND] sn=73 client=0 req=2053 msg=ClientResponse{orderSn=73,clientSn=2053}
[MESSENGER][OK] client=0 deliver clientSn=2053 sn=73
[RESPONDER][SEND] sn=73 client=0 req=2117 msg=ClientResponse{orderSn=73,clientSn=2117}
[MESSENGER][OK] client=0 deliver clientSn=2117 sn=73
[RESPONDER][SEND] sn=73 client=0 req=2057 msg=ClientResponse{orderSn=73,clientSn=2057}
[MESSENGER][OK] client=0 deliver clientSn=2057 sn=73
[RESPONDER][SEND] sn=73 client=0 req=2121 msg=ClientResponse{orderSn=73,clientSn=2121}
[MESSENGER][OK] client=0 deliver clientSn=2121 sn=73
21:01:31.873 INF Delivered batch. nReq=32 sn=74
[RESPONDER][SEND] sn=73 client=0 req=2061 msg=ClientResponse{orderSn=73,clientSn=2061}
[MESSENGER][OK] client=0 deliver clientSn=2061 sn=73
[RESPONDER][SEND] sn=73 client=0 req=2125 msg=ClientResponse{orderSn=73,clientSn=2125}
21:01:31.873 INF Delivered batch. nReq=32 sn=75
[MESSENGER][OK] client=0 deliver clientSn=2125 sn=73
[RESPONDER][SEND] sn=73 client=0 req=2065 msg=ClientResponse{orderSn=73,clientSn=2065}
[MESSENGER][OK] client=0 deliver clientSn=2065 sn=73
[RESPONDER][SEND] sn=73 client=0 req=2129 msg=ClientResponse{orderSn=73,clientSn=2129}
[MESSENGER][OK] client=0 deliver clientSn=2129 sn=73
[RESPONDER][SEND] sn=73 client=0 req=2069 msg=ClientResponse{orderSn=73,clientSn=2069}
21:01:31.873 DBG Starting timer. sn=77 view=0
[MESSENGER][OK] client=0 deliver clientSn=2069 sn=73
[RESPONDER][SEND] sn=73 client=0 req=2133 msg=ClientResponse{orderSn=73,clientSn=2133}
[MESSENGER][OK] client=0 deliver clientSn=2133 sn=73
[RESPONDER][SEND] sn=73 client=0 req=2073 msg=ClientResponse{orderSn=73,clientSn=2073}
[MESSENGER][OK] client=0 deliver clientSn=2073 sn=73
[RESPONDER][SEND] sn=73 client=0 req=2137 msg=ClientResponse{orderSn=73,clientSn=2137}
[MESSENGER][OK] client=0 deliver clientSn=2137 sn=73
[RESPONDER][SEND] sn=73 client=0 req=2077 msg=ClientResponse{orderSn=73,clientSn=2077}
[MESSENGER][OK] client=0 deliver clientSn=2077 sn=73
[RESPONDER][SEND] sn=73 client=0 req=2141 msg=ClientResponse{orderSn=73,clientSn=2141}
[MESSENGER][OK] client=0 deliver clientSn=2141 sn=73
[RESPONDER][SEND] sn=73 client=0 req=2017 msg=ClientResponse{orderSn=73,clientSn=2017}
[MESSENGER][OK] client=0 deliver clientSn=2017 sn=73
[RESPONDER][SEND] sn=73 client=0 req=2081 msg=ClientResponse{orderSn=73,clientSn=2081}
[MESSENGER][OK] client=0 deliver clientSn=2081 sn=73
[RESPONDER][SEND] sn=73 client=0 req=2021 msg=ClientResponse{orderSn=73,clientSn=2021}
[MESSENGER][OK] client=0 deliver clientSn=2021 sn=73
[RESPONDER][SEND] sn=73 client=0 req=2085 msg=ClientResponse{orderSn=73,clientSn=2085}
[MESSENGER][OK] client=0 deliver clientSn=2085 sn=73
[RESPONDER][SEND] sn=73 client=0 req=2025 msg=ClientResponse{orderSn=73,clientSn=2025}
[MESSENGER][OK] client=0 deliver clientSn=2025 sn=73
[RESPONDER][SEND] sn=73 client=0 req=2089 msg=ClientResponse{orderSn=73,clientSn=2089}
[MESSENGER][OK] client=0 deliver clientSn=2089 sn=73
[RESPONDER][SEND] sn=73 client=0 req=2029 msg=ClientResponse{orderSn=73,clientSn=2029}
[MESSENGER][OK] client=0 deliver clientSn=2029 sn=73
[RESPONDER][SEND] sn=73 client=0 req=2093 msg=ClientResponse{orderSn=73,clientSn=2093}
[MESSENGER][OK] client=0 deliver clientSn=2093 sn=73
[RESPONDER][SEND] sn=73 client=0 req=2033 msg=ClientResponse{orderSn=73,clientSn=2033}
[MESSENGER][OK] client=0 deliver clientSn=2033 sn=73
[RESPONDER][SEND] sn=73 client=0 req=2097 msg=ClientResponse{orderSn=73,clientSn=2097}
[MESSENGER][OK] client=0 deliver clientSn=2097 sn=73
[RESPONDER][SEND] sn=73 client=0 req=2037 msg=ClientResponse{orderSn=73,clientSn=2037}
[MESSENGER][OK] client=0 deliver clientSn=2037 sn=73
[RESPONDER][SEND] sn=73 client=0 req=2101 msg=ClientResponse{orderSn=73,clientSn=2101}
[MESSENGER][OK] client=0 deliver clientSn=2101 sn=73
[RESPONDER][SEND] sn=73 client=0 req=2041 msg=ClientResponse{orderSn=73,clientSn=2041}
[MESSENGER][OK] client=0 deliver clientSn=2041 sn=73
[RESPONDER][SEND] sn=73 client=0 req=2105 msg=ClientResponse{orderSn=73,clientSn=2105}
[MESSENGER][OK] client=0 deliver clientSn=2105 sn=73
[RESPONDER][SEND] sn=73 client=0 req=2045 msg=ClientResponse{orderSn=73,clientSn=2045}
[MESSENGER][OK] client=0 deliver clientSn=2045 sn=73
[RESPONDER][SEND] sn=73 client=0 req=2109 msg=ClientResponse{orderSn=73,clientSn=2109}
[MESSENGER][OK] client=0 deliver clientSn=2109 sn=73
[RESPONDER][ENTRY][DONE] sn=73 sent=32/32
[RESPONDER][ENTRY] sn=74 nreq=32
[RESPONDER][SEND] sn=74 client=0 req=2050 msg=ClientResponse{orderSn=74,clientSn=2050}
[MESSENGER][OK] client=0 deliver clientSn=2050 sn=74
[RESPONDER][SEND] sn=74 client=0 req=2114 msg=ClientResponse{orderSn=74,clientSn=2114}
[MESSENGER][OK] client=0 deliver clientSn=2114 sn=74
[RESPONDER][SEND] sn=74 client=0 req=2054 msg=ClientResponse{orderSn=74,clientSn=2054}
[MESSENGER][OK] client=0 deliver clientSn=2054 sn=74
[RESPONDER][SEND] sn=74 client=0 req=2118 msg=ClientResponse{orderSn=74,clientSn=2118}
[MESSENGER][OK] client=0 deliver clientSn=2118 sn=74
[RESPONDER][SEND] sn=74 client=0 req=2058 msg=ClientResponse{orderSn=74,clientSn=2058}
[MESSENGER][OK] client=0 deliver clientSn=2058 sn=74
[RESPONDER][SEND] sn=74 client=0 req=2122 msg=ClientResponse{orderSn=74,clientSn=2122}
[MESSENGER][OK] client=0 deliver clientSn=2122 sn=74
[RESPONDER][SEND] sn=74 client=0 req=2062 msg=ClientResponse{orderSn=74,clientSn=2062}
[MESSENGER][OK] client=0 deliver clientSn=2062 sn=74
[RESPONDER][SEND] sn=74 client=0 req=2126 msg=ClientResponse{orderSn=74,clientSn=2126}
[MESSENGER][OK] client=0 deliver clientSn=2126 sn=74
[RESPONDER][SEND] sn=74 client=0 req=2066 msg=ClientResponse{orderSn=74,clientSn=2066}
[MESSENGER][OK] client=0 deliver clientSn=2066 sn=74
[RESPONDER][SEND] sn=74 client=0 req=2130 msg=ClientResponse{orderSn=74,clientSn=2130}
[MESSENGER][OK] client=0 deliver clientSn=2130 sn=74
[RESPONDER][SEND] sn=74 client=0 req=2070 msg=ClientResponse{orderSn=74,clientSn=2070}
[MESSENGER][OK] client=0 deliver clientSn=2070 sn=74
[RESPONDER][SEND] sn=74 client=0 req=2134 msg=ClientResponse{orderSn=74,clientSn=2134}
[MESSENGER][OK] client=0 deliver clientSn=2134 sn=74
[RESPONDER][SEND] sn=74 client=0 req=2074 msg=ClientResponse{orderSn=74,clientSn=2074}
[MESSENGER][OK] client=0 deliver clientSn=2074 sn=74
[RESPONDER][SEND] sn=74 client=0 req=2138 msg=ClientResponse{orderSn=74,clientSn=2138}
[MESSENGER][OK] client=0 deliver clientSn=2138 sn=74
[RESPONDER][SEND] sn=74 client=0 req=2014 msg=ClientResponse{orderSn=74,clientSn=2014}
[MESSENGER][OK] client=0 deliver clientSn=2014 sn=74
[RESPONDER][SEND] sn=74 client=0 req=2078 msg=ClientResponse{orderSn=74,clientSn=2078}
[MESSENGER][OK] client=0 deliver clientSn=2078 sn=74
[RESPONDER][SEND] sn=74 client=0 req=2018 msg=ClientResponse{orderSn=74,clientSn=2018}
[MESSENGER][OK] client=0 deliver clientSn=2018 sn=74
[RESPONDER][SEND] sn=74 client=0 req=2082 msg=ClientResponse{orderSn=74,clientSn=2082}
[MESSENGER][OK] client=0 deliver clientSn=2082 sn=74
[RESPONDER][SEND] sn=74 client=0 req=2022 msg=ClientResponse{orderSn=74,clientSn=2022}
[MESSENGER][OK] client=0 deliver clientSn=2022 sn=74
[RESPONDER][SEND] sn=74 client=0 req=2086 msg=ClientResponse{orderSn=74,clientSn=2086}
[MESSENGER][OK] client=0 deliver clientSn=2086 sn=74
[RESPONDER][SEND] sn=74 client=0 req=2026 msg=ClientResponse{orderSn=74,clientSn=2026}
[MESSENGER][OK] client=0 deliver clientSn=2026 sn=74
[RESPONDER][SEND] sn=74 client=0 req=2090 msg=ClientResponse{orderSn=74,clientSn=2090}
[MESSENGER][OK] client=0 deliver clientSn=2090 sn=74
[RESPONDER][SEND] sn=74 client=0 req=2030 msg=ClientResponse{orderSn=74,clientSn=2030}
[MESSENGER][OK] client=0 deliver clientSn=2030 sn=74
[RESPONDER][SEND] sn=74 client=0 req=2094 msg=ClientResponse{orderSn=74,clientSn=2094}
[MESSENGER][OK] client=0 deliver clientSn=2094 sn=74
[RESPONDER][SEND] sn=74 client=0 req=2034 msg=ClientResponse{orderSn=74,clientSn=2034}
[MESSENGER][OK] client=0 deliver clientSn=2034 sn=74
[RESPONDER][SEND] sn=74 client=0 req=2098 msg=ClientResponse{orderSn=74,clientSn=2098}
[MESSENGER][OK] client=0 deliver clientSn=2098 sn=74
[RESPONDER][SEND] sn=74 client=0 req=2038 msg=ClientResponse{orderSn=74,clientSn=2038}
[MESSENGER][OK] client=0 deliver clientSn=2038 sn=74
[RESPONDER][SEND] sn=74 client=0 req=2102 msg=ClientResponse{orderSn=74,clientSn=2102}
[MESSENGER][OK] client=0 deliver clientSn=2102 sn=74
[RESPONDER][SEND] sn=74 client=0 req=2042 msg=ClientResponse{orderSn=74,clientSn=2042}
[MESSENGER][OK] client=0 deliver clientSn=2042 sn=74
[RESPONDER][SEND] sn=74 client=0 req=2106 msg=ClientResponse{orderSn=74,clientSn=2106}
[MESSENGER][OK] client=0 deliver clientSn=2106 sn=74
[RESPONDER][SEND] sn=74 client=0 req=2046 msg=ClientResponse{orderSn=74,clientSn=2046}
[MESSENGER][OK] client=0 deliver clientSn=2046 sn=74
[RESPONDER][SEND] sn=74 client=0 req=2110 msg=ClientResponse{orderSn=74,clientSn=2110}
[MESSENGER][OK] client=0 deliver clientSn=2110 sn=74
[RESPONDER][ENTRY][DONE] sn=74 sent=32/32
[RESPONDER][ENTRY] sn=75 nreq=32
[RESPONDER][SEND] sn=75 client=0 req=2051 msg=ClientResponse{orderSn=75,clientSn=2051}
[MESSENGER][OK] client=0 deliver clientSn=2051 sn=75
[RESPONDER][SEND] sn=75 client=0 req=2115 msg=ClientResponse{orderSn=75,clientSn=2115}
[MESSENGER][OK] client=0 deliver clientSn=2115 sn=75
[RESPONDER][SEND] sn=75 client=0 req=2055 msg=ClientResponse{orderSn=75,clientSn=2055}
[MESSENGER][OK] client=0 deliver clientSn=2055 sn=75
[RESPONDER][SEND] sn=75 client=0 req=2119 msg=ClientResponse{orderSn=75,clientSn=2119}
[MESSENGER][OK] client=0 deliver clientSn=2119 sn=75
[RESPONDER][SEND] sn=75 client=0 req=2059 msg=ClientResponse{orderSn=75,clientSn=2059}
[MESSENGER][OK] client=0 deliver clientSn=2059 sn=75
[RESPONDER][SEND] sn=75 client=0 req=2123 msg=ClientResponse{orderSn=75,clientSn=2123}
[MESSENGER][OK] client=0 deliver clientSn=2123 sn=75
[RESPONDER][SEND] sn=75 client=0 req=2063 msg=ClientResponse{orderSn=75,clientSn=2063}
[MESSENGER][OK] client=0 deliver clientSn=2063 sn=75
[RESPONDER][SEND] sn=75 client=0 req=2127 msg=ClientResponse{orderSn=75,clientSn=2127}
[MESSENGER][OK] client=0 deliver clientSn=2127 sn=75
[RESPONDER][SEND] sn=75 client=0 req=2067 msg=ClientResponse{orderSn=75,clientSn=2067}
[MESSENGER][OK] client=0 deliver clientSn=2067 sn=75
[RESPONDER][SEND] sn=75 client=0 req=2131 msg=ClientResponse{orderSn=75,clientSn=2131}
[MESSENGER][OK] client=0 deliver clientSn=2131 sn=75
[RESPONDER][SEND] sn=75 client=0 req=2071 msg=ClientResponse{orderSn=75,clientSn=2071}
[MESSENGER][OK] client=0 deliver clientSn=2071 sn=75
[RESPONDER][SEND] sn=75 client=0 req=2135 msg=ClientResponse{orderSn=75,clientSn=2135}
[MESSENGER][OK] client=0 deliver clientSn=2135 sn=75
[RESPONDER][SEND] sn=75 client=0 req=2075 msg=ClientResponse{orderSn=75,clientSn=2075}
[MESSENGER][OK] client=0 deliver clientSn=2075 sn=75
[RESPONDER][SEND] sn=75 client=0 req=2139 msg=ClientResponse{orderSn=75,clientSn=2139}
[MESSENGER][OK] client=0 deliver clientSn=2139 sn=75
[RESPONDER][SEND] sn=75 client=0 req=2015 msg=ClientResponse{orderSn=75,clientSn=2015}
[MESSENGER][OK] client=0 deliver clientSn=2015 sn=75
[RESPONDER][SEND] sn=75 client=0 req=2079 msg=ClientResponse{orderSn=75,clientSn=2079}
[MESSENGER][OK] client=0 deliver clientSn=2079 sn=75
[RESPONDER][SEND] sn=75 client=0 req=2019 msg=ClientResponse{orderSn=75,clientSn=2019}
[MESSENGER][OK] client=0 deliver clientSn=2019 sn=75
[RESPONDER][SEND] sn=75 client=0 req=2083 msg=ClientResponse{orderSn=75,clientSn=2083}
[MESSENGER][OK] client=0 deliver clientSn=2083 sn=75
[RESPONDER][SEND] sn=75 client=0 req=2023 msg=ClientResponse{orderSn=75,clientSn=2023}
[MESSENGER][OK] client=0 deliver clientSn=2023 sn=75
[RESPONDER][SEND] sn=75 client=0 req=2087 msg=ClientResponse{orderSn=75,clientSn=2087}
[MESSENGER][OK] client=0 deliver clientSn=2087 sn=75
[RESPONDER][SEND] sn=75 client=0 req=2027 msg=ClientResponse{orderSn=75,clientSn=2027}
[MESSENGER][OK] client=0 deliver clientSn=2027 sn=75
[RESPONDER][SEND] sn=75 client=0 req=2091 msg=ClientResponse{orderSn=75,clientSn=2091}
[MESSENGER][OK] client=0 deliver clientSn=2091 sn=75
[RESPONDER][SEND] sn=75 client=0 req=2031 msg=ClientResponse{orderSn=75,clientSn=2031}
[MESSENGER][OK] client=0 deliver clientSn=2031 sn=75
[RESPONDER][SEND] sn=75 client=0 req=2095 msg=ClientResponse{orderSn=75,clientSn=2095}
[MESSENGER][OK] client=0 deliver clientSn=2095 sn=75
[RESPONDER][SEND] sn=75 client=0 req=2035 msg=ClientResponse{orderSn=75,clientSn=2035}
[MESSENGER][OK] client=0 deliver clientSn=2035 sn=75
[RESPONDER][SEND] sn=75 client=0 req=2099 msg=ClientResponse{orderSn=75,clientSn=2099}
[MESSENGER][OK] client=0 deliver clientSn=2099 sn=75
[RESPONDER][SEND] sn=75 client=0 req=2039 msg=ClientResponse{orderSn=75,clientSn=2039}
[MESSENGER][OK] client=0 deliver clientSn=2039 sn=75
[RESPONDER][SEND] sn=75 client=0 req=2103 msg=ClientResponse{orderSn=75,clientSn=2103}
[MESSENGER][OK] client=0 deliver clientSn=2103 sn=75
[RESPONDER][SEND] sn=75 client=0 req=2043 msg=ClientResponse{orderSn=75,clientSn=2043}
[MESSENGER][OK] client=0 deliver clientSn=2043 sn=75
[RESPONDER][SEND] sn=75 client=0 req=2107 msg=ClientResponse{orderSn=75,clientSn=2107}
[MESSENGER][OK] client=0 deliver clientSn=2107 sn=75
[RESPONDER][SEND] sn=75 client=0 req=2047 msg=ClientResponse{orderSn=75,clientSn=2047}
[MESSENGER][OK] client=0 deliver clientSn=2047 sn=75
[RESPONDER][SEND] sn=75 client=0 req=2111 msg=ClientResponse{orderSn=75,clientSn=2111}
[MESSENGER][OK] client=0 deliver clientSn=2111 sn=75
[RESPONDER][ENTRY][DONE] sn=75 sent=32/32
21:01:32.849 INF Handling PREPREPARE. nReq=32 senderID=0 sn=76
21:01:32.849 DBG Creating new Batch. nReq=32
21:01:32.851 INF Handling PREPREPARE. nReq=32 senderID=3 sn=79
21:01:32.851 DBG Creating new Batch. nReq=32
21:01:32.852 DBG Sending PREPARE. senderID=2 sn=76 view=0
21:01:32.853 DBG Sending COMMIT. senderID=2 sn=76 view=0
21:01:32.854 DBG Sending PREPARE. senderID=2 sn=79 view=0
21:01:32.856 DBG Sending COMMIT. senderID=2 sn=79 view=0
21:01:32.856 INF Committed entry. latency=0 nReq=32 sn=76
21:01:32.856 INF Delivered batch. nReq=32 sn=76
21:01:32.856 DBG Starting timer. sn=80 view=0
[RESPONDER][ENTRY] sn=76 nreq=32
[RESPONDER][SEND] sn=76 client=0 req=2176 msg=ClientResponse{orderSn=76,clientSn=2176}
[MESSENGER][OK] client=0 deliver clientSn=2176 sn=76
[RESPONDER][SEND] sn=76 client=0 req=2240 msg=ClientResponse{orderSn=76,clientSn=2240}
[MESSENGER][OK] client=0 deliver clientSn=2240 sn=76
[RESPONDER][SEND] sn=76 client=0 req=2180 msg=ClientResponse{orderSn=76,clientSn=2180}
[MESSENGER][OK] client=0 deliver clientSn=2180 sn=76
[RESPONDER][SEND] sn=76 client=0 req=2244 msg=ClientResponse{orderSn=76,clientSn=2244}
[MESSENGER][OK] client=0 deliver clientSn=2244 sn=76
[RESPONDER][SEND] sn=76 client=0 req=2184 msg=ClientResponse{orderSn=76,clientSn=2184}
[MESSENGER][OK] client=0 deliver clientSn=2184 sn=76
[RESPONDER][SEND] sn=76 client=0 req=2248 msg=ClientResponse{orderSn=76,clientSn=2248}
[MESSENGER][OK] client=0 deliver clientSn=2248 sn=76
[RESPONDER][SEND] sn=76 client=0 req=2188 msg=ClientResponse{orderSn=76,clientSn=2188}
[MESSENGER][OK] client=0 deliver clientSn=2188 sn=76
[RESPONDER][SEND] sn=76 client=0 req=2252 msg=ClientResponse{orderSn=76,clientSn=2252}
[MESSENGER][OK] client=0 deliver clientSn=2252 sn=76
[RESPONDER][SEND] sn=76 client=0 req=2192 msg=ClientResponse{orderSn=76,clientSn=2192}
[MESSENGER][OK] client=0 deliver clientSn=2192 sn=76
[RESPONDER][SEND] sn=76 client=0 req=2256 msg=ClientResponse{orderSn=76,clientSn=2256}
[MESSENGER][OK] client=0 deliver clientSn=2256 sn=76
[RESPONDER][SEND] sn=76 client=0 req=2196 msg=ClientResponse{orderSn=76,clientSn=2196}
[MESSENGER][OK] client=0 deliver clientSn=2196 sn=76
[RESPONDER][SEND] sn=76 client=0 req=2260 msg=ClientResponse{orderSn=76,clientSn=2260}
21:01:32.857 INF Committed entry. latency=0 nReq=32 sn=79
[MESSENGER][OK] client=0 deliver clientSn=2260 sn=76
[RESPONDER][SEND] sn=76 client=0 req=2200 msg=ClientResponse{orderSn=76,clientSn=2200}
[MESSENGER][OK] client=0 deliver clientSn=2200 sn=76
[RESPONDER][SEND] sn=76 client=0 req=2264 msg=ClientResponse{orderSn=76,clientSn=2264}
[MESSENGER][OK] client=0 deliver clientSn=2264 sn=76
[RESPONDER][SEND] sn=76 client=0 req=2204 msg=ClientResponse{orderSn=76,clientSn=2204}
21:01:32.857 DBG Starting timer. sn=83 view=0
[MESSENGER][OK] client=0 deliver clientSn=2204 sn=76
[RESPONDER][SEND] sn=76 client=0 req=2268 msg=ClientResponse{orderSn=76,clientSn=2268}
[MESSENGER][OK] client=0 deliver clientSn=2268 sn=76
[RESPONDER][SEND] sn=76 client=0 req=2144 msg=ClientResponse{orderSn=76,clientSn=2144}
[MESSENGER][OK] client=0 deliver clientSn=2144 sn=76
[RESPONDER][SEND] sn=76 client=0 req=2208 msg=ClientResponse{orderSn=76,clientSn=2208}
[MESSENGER][OK] client=0 deliver clientSn=2208 sn=76
[RESPONDER][SEND] sn=76 client=0 req=2148 msg=ClientResponse{orderSn=76,clientSn=2148}
[MESSENGER][OK] client=0 deliver clientSn=2148 sn=76
[RESPONDER][SEND] sn=76 client=0 req=2212 msg=ClientResponse{orderSn=76,clientSn=2212}
[MESSENGER][OK] client=0 deliver clientSn=2212 sn=76
[RESPONDER][SEND] sn=76 client=0 req=2152 msg=ClientResponse{orderSn=76,clientSn=2152}
[MESSENGER][OK] client=0 deliver clientSn=2152 sn=76
[RESPONDER][SEND] sn=76 client=0 req=2216 msg=ClientResponse{orderSn=76,clientSn=2216}
[MESSENGER][OK] client=0 deliver clientSn=2216 sn=76
[RESPONDER][SEND] sn=76 client=0 req=2156 msg=ClientResponse{orderSn=76,clientSn=2156}
[MESSENGER][OK] client=0 deliver clientSn=2156 sn=76
[RESPONDER][SEND] sn=76 client=0 req=2220 msg=ClientResponse{orderSn=76,clientSn=2220}
[MESSENGER][OK] client=0 deliver clientSn=2220 sn=76
[RESPONDER][SEND] sn=76 client=0 req=2160 msg=ClientResponse{orderSn=76,clientSn=2160}
[MESSENGER][OK] client=0 deliver clientSn=2160 sn=76
[RESPONDER][SEND] sn=76 client=0 req=2224 msg=ClientResponse{orderSn=76,clientSn=2224}
[MESSENGER][OK] client=0 deliver clientSn=2224 sn=76
[RESPONDER][SEND] sn=76 client=0 req=2164 msg=ClientResponse{orderSn=76,clientSn=2164}
[MESSENGER][OK] client=0 deliver clientSn=2164 sn=76
[RESPONDER][SEND] sn=76 client=0 req=2228 msg=ClientResponse{orderSn=76,clientSn=2228}
[MESSENGER][OK] client=0 deliver clientSn=2228 sn=76
[RESPONDER][SEND] sn=76 client=0 req=2168 msg=ClientResponse{orderSn=76,clientSn=2168}
[MESSENGER][OK] client=0 deliver clientSn=2168 sn=76
[RESPONDER][SEND] sn=76 client=0 req=2232 msg=ClientResponse{orderSn=76,clientSn=2232}
[MESSENGER][OK] client=0 deliver clientSn=2232 sn=76
[RESPONDER][SEND] sn=76 client=0 req=2172 msg=ClientResponse{orderSn=76,clientSn=2172}
[MESSENGER][OK] client=0 deliver clientSn=2172 sn=76
[RESPONDER][SEND] sn=76 client=0 req=2236 msg=ClientResponse{orderSn=76,clientSn=2236}
[MESSENGER][OK] client=0 deliver clientSn=2236 sn=76
[RESPONDER][ENTRY][DONE] sn=76 sent=32/32
21:01:32.858 DBG Batch ready. batchSize=4096
21:01:32.859 DBG Batch cut. left=0 nBuckets=16 nReq=33 next=0
21:01:32.859 DBG Waiting for batch. batchSize=4096
21:01:32.860 INF Sending PREPREPARE. nReq=33 senderID=2 sn=78 view=0
21:01:32.865 INF Handling PREPREPARE. nReq=32 senderID=1 sn=77
21:01:32.866 DBG Creating new Batch. nReq=32
21:01:32.869 DBG Sending COMMIT. senderID=2 sn=78 view=0
21:01:32.869 DBG Sending PREPARE. senderID=2 sn=77 view=0
21:01:32.872 DBG Sending COMMIT. senderID=2 sn=77 view=0
21:01:32.872 INF Committed entry. latency=0 nReq=33 sn=78
21:01:32.872 DBG Starting timer. sn=82 view=0
21:01:32.873 INF Committed entry. latency=0 nReq=32 sn=77
21:01:32.873 INF Delivered batch. nReq=32 sn=77
21:01:32.874 INF Delivered batch. nReq=33 sn=78
[RESPONDER][ENTRY] sn=77 nreq=32
[RESPONDER][SEND] sn=77 client=0 req=2177 msg=ClientResponse{orderSn=77,clientSn=2177}
[MESSENGER][OK] client=0 deliver clientSn=2177 sn=77
[RESPONDER][SEND] sn=77 client=0 req=2241 msg=ClientResponse{orderSn=77,clientSn=2241}
[MESSENGER][OK] client=0 deliver clientSn=2241 sn=77
[RESPONDER][SEND] sn=77 client=0 req=2181 msg=ClientResponse{orderSn=77,clientSn=2181}
21:01:32.874 INF Delivered batch. nReq=32 sn=79
[MESSENGER][OK] client=0 deliver clientSn=2181 sn=77
[RESPONDER][SEND] sn=77 client=0 req=2245 msg=ClientResponse{orderSn=77,clientSn=2245}
[MESSENGER][OK] client=0 deliver clientSn=2245 sn=77
[RESPONDER][SEND] sn=77 client=0 req=2185 msg=ClientResponse{orderSn=77,clientSn=2185}
[MESSENGER][OK] client=0 deliver clientSn=2185 sn=77
21:01:32.874 DBG Starting timer. sn=81 view=0
[RESPONDER][SEND] sn=77 client=0 req=2249 msg=ClientResponse{orderSn=77,clientSn=2249}
[MESSENGER][OK] client=0 deliver clientSn=2249 sn=77
[RESPONDER][SEND] sn=77 client=0 req=2189 msg=ClientResponse{orderSn=77,clientSn=2189}
[MESSENGER][OK] client=0 deliver clientSn=2189 sn=77
[RESPONDER][SEND] sn=77 client=0 req=2253 msg=ClientResponse{orderSn=77,clientSn=2253}
[MESSENGER][OK] client=0 deliver clientSn=2253 sn=77
[RESPONDER][SEND] sn=77 client=0 req=2193 msg=ClientResponse{orderSn=77,clientSn=2193}
[MESSENGER][OK] client=0 deliver clientSn=2193 sn=77
[RESPONDER][SEND] sn=77 client=0 req=2257 msg=ClientResponse{orderSn=77,clientSn=2257}
[MESSENGER][OK] client=0 deliver clientSn=2257 sn=77
[RESPONDER][SEND] sn=77 client=0 req=2197 msg=ClientResponse{orderSn=77,clientSn=2197}
[MESSENGER][OK] client=0 deliver clientSn=2197 sn=77
[RESPONDER][SEND] sn=77 client=0 req=2261 msg=ClientResponse{orderSn=77,clientSn=2261}
[MESSENGER][OK] client=0 deliver clientSn=2261 sn=77
[RESPONDER][SEND] sn=77 client=0 req=2201 msg=ClientResponse{orderSn=77,clientSn=2201}
[MESSENGER][OK] client=0 deliver clientSn=2201 sn=77
[RESPONDER][SEND] sn=77 client=0 req=2265 msg=ClientResponse{orderSn=77,clientSn=2265}
[MESSENGER][OK] client=0 deliver clientSn=2265 sn=77
[RESPONDER][SEND] sn=77 client=0 req=2205 msg=ClientResponse{orderSn=77,clientSn=2205}
[MESSENGER][OK] client=0 deliver clientSn=2205 sn=77
[RESPONDER][SEND] sn=77 client=0 req=2269 msg=ClientResponse{orderSn=77,clientSn=2269}
[MESSENGER][OK] client=0 deliver clientSn=2269 sn=77
[RESPONDER][SEND] sn=77 client=0 req=2145 msg=ClientResponse{orderSn=77,clientSn=2145}
[MESSENGER][OK] client=0 deliver clientSn=2145 sn=77
[RESPONDER][SEND] sn=77 client=0 req=2209 msg=ClientResponse{orderSn=77,clientSn=2209}
[MESSENGER][OK] client=0 deliver clientSn=2209 sn=77
[RESPONDER][SEND] sn=77 client=0 req=2149 msg=ClientResponse{orderSn=77,clientSn=2149}
[MESSENGER][OK] client=0 deliver clientSn=2149 sn=77
[RESPONDER][SEND] sn=77 client=0 req=2213 msg=ClientResponse{orderSn=77,clientSn=2213}
[MESSENGER][OK] client=0 deliver clientSn=2213 sn=77
[RESPONDER][SEND] sn=77 client=0 req=2153 msg=ClientResponse{orderSn=77,clientSn=2153}
[MESSENGER][OK] client=0 deliver clientSn=2153 sn=77
[RESPONDER][SEND] sn=77 client=0 req=2217 msg=ClientResponse{orderSn=77,clientSn=2217}
[MESSENGER][OK] client=0 deliver clientSn=2217 sn=77
[RESPONDER][SEND] sn=77 client=0 req=2157 msg=ClientResponse{orderSn=77,clientSn=2157}
[MESSENGER][OK] client=0 deliver clientSn=2157 sn=77
[RESPONDER][SEND] sn=77 client=0 req=2221 msg=ClientResponse{orderSn=77,clientSn=2221}
[MESSENGER][OK] client=0 deliver clientSn=2221 sn=77
[RESPONDER][SEND] sn=77 client=0 req=2161 msg=ClientResponse{orderSn=77,clientSn=2161}
[MESSENGER][OK] client=0 deliver clientSn=2161 sn=77
[RESPONDER][SEND] sn=77 client=0 req=2225 msg=ClientResponse{orderSn=77,clientSn=2225}
[MESSENGER][OK] client=0 deliver clientSn=2225 sn=77
[RESPONDER][SEND] sn=77 client=0 req=2165 msg=ClientResponse{orderSn=77,clientSn=2165}
[MESSENGER][OK] client=0 deliver clientSn=2165 sn=77
[RESPONDER][SEND] sn=77 client=0 req=2229 msg=ClientResponse{orderSn=77,clientSn=2229}
[MESSENGER][OK] client=0 deliver clientSn=2229 sn=77
[RESPONDER][SEND] sn=77 client=0 req=2169 msg=ClientResponse{orderSn=77,clientSn=2169}
[MESSENGER][OK] client=0 deliver clientSn=2169 sn=77
[RESPONDER][SEND] sn=77 client=0 req=2233 msg=ClientResponse{orderSn=77,clientSn=2233}
[MESSENGER][OK] client=0 deliver clientSn=2233 sn=77
[RESPONDER][SEND] sn=77 client=0 req=2173 msg=ClientResponse{orderSn=77,clientSn=2173}
[MESSENGER][OK] client=0 deliver clientSn=2173 sn=77
[RESPONDER][SEND] sn=77 client=0 req=2237 msg=ClientResponse{orderSn=77,clientSn=2237}
[MESSENGER][OK] client=0 deliver clientSn=2237 sn=77
[RESPONDER][ENTRY][DONE] sn=77 sent=32/32
[RESPONDER][ENTRY] sn=78 nreq=33
[RESPONDER][SEND] sn=78 client=0 req=2178 msg=ClientResponse{orderSn=78,clientSn=2178}
[MESSENGER][OK] client=0 deliver clientSn=2178 sn=78
[RESPONDER][SEND] sn=78 client=0 req=2242 msg=ClientResponse{orderSn=78,clientSn=2242}
[MESSENGER][OK] client=0 deliver clientSn=2242 sn=78
[RESPONDER][SEND] sn=78 client=0 req=2182 msg=ClientResponse{orderSn=78,clientSn=2182}
[MESSENGER][OK] client=0 deliver clientSn=2182 sn=78
[RESPONDER][SEND] sn=78 client=0 req=2246 msg=ClientResponse{orderSn=78,clientSn=2246}
[MESSENGER][OK] client=0 deliver clientSn=2246 sn=78
[RESPONDER][SEND] sn=78 client=0 req=2186 msg=ClientResponse{orderSn=78,clientSn=2186}
[MESSENGER][OK] client=0 deliver clientSn=2186 sn=78
[RESPONDER][SEND] sn=78 client=0 req=2250 msg=ClientResponse{orderSn=78,clientSn=2250}
[MESSENGER][OK] client=0 deliver clientSn=2250 sn=78
[RESPONDER][SEND] sn=78 client=0 req=2190 msg=ClientResponse{orderSn=78,clientSn=2190}
[MESSENGER][OK] client=0 deliver clientSn=2190 sn=78
[RESPONDER][SEND] sn=78 client=0 req=2254 msg=ClientResponse{orderSn=78,clientSn=2254}
[MESSENGER][OK] client=0 deliver clientSn=2254 sn=78
[RESPONDER][SEND] sn=78 client=0 req=2194 msg=ClientResponse{orderSn=78,clientSn=2194}
[MESSENGER][OK] client=0 deliver clientSn=2194 sn=78
[RESPONDER][SEND] sn=78 client=0 req=2258 msg=ClientResponse{orderSn=78,clientSn=2258}
[MESSENGER][OK] client=0 deliver clientSn=2258 sn=78
[RESPONDER][SEND] sn=78 client=0 req=2198 msg=ClientResponse{orderSn=78,clientSn=2198}
[MESSENGER][OK] client=0 deliver clientSn=2198 sn=78
[RESPONDER][SEND] sn=78 client=0 req=2262 msg=ClientResponse{orderSn=78,clientSn=2262}
[MESSENGER][OK] client=0 deliver clientSn=2262 sn=78
[RESPONDER][SEND] sn=78 client=0 req=2202 msg=ClientResponse{orderSn=78,clientSn=2202}
[MESSENGER][OK] client=0 deliver clientSn=2202 sn=78
[RESPONDER][SEND] sn=78 client=0 req=2266 msg=ClientResponse{orderSn=78,clientSn=2266}
[MESSENGER][OK] client=0 deliver clientSn=2266 sn=78
[RESPONDER][SEND] sn=78 client=0 req=2142 msg=ClientResponse{orderSn=78,clientSn=2142}
[MESSENGER][OK] client=0 deliver clientSn=2142 sn=78
[RESPONDER][SEND] sn=78 client=0 req=2206 msg=ClientResponse{orderSn=78,clientSn=2206}
[MESSENGER][OK] client=0 deliver clientSn=2206 sn=78
[RESPONDER][SEND] sn=78 client=0 req=2146 msg=ClientResponse{orderSn=78,clientSn=2146}
[MESSENGER][OK] client=0 deliver clientSn=2146 sn=78
[RESPONDER][SEND] sn=78 client=0 req=2210 msg=ClientResponse{orderSn=78,clientSn=2210}
[MESSENGER][OK] client=0 deliver clientSn=2210 sn=78
[RESPONDER][SEND] sn=78 client=0 req=2150 msg=ClientResponse{orderSn=78,clientSn=2150}
[MESSENGER][OK] client=0 deliver clientSn=2150 sn=78
[RESPONDER][SEND] sn=78 client=0 req=2214 msg=ClientResponse{orderSn=78,clientSn=2214}
[MESSENGER][OK] client=0 deliver clientSn=2214 sn=78
[RESPONDER][SEND] sn=78 client=0 req=2154 msg=ClientResponse{orderSn=78,clientSn=2154}
[MESSENGER][OK] client=0 deliver clientSn=2154 sn=78
[RESPONDER][SEND] sn=78 client=0 req=2218 msg=ClientResponse{orderSn=78,clientSn=2218}
[MESSENGER][OK] client=0 deliver clientSn=2218 sn=78
[RESPONDER][SEND] sn=78 client=0 req=2158 msg=ClientResponse{orderSn=78,clientSn=2158}
[MESSENGER][OK] client=0 deliver clientSn=2158 sn=78
[RESPONDER][SEND] sn=78 client=0 req=2222 msg=ClientResponse{orderSn=78,clientSn=2222}
[MESSENGER][OK] client=0 deliver clientSn=2222 sn=78
[RESPONDER][SEND] sn=78 client=0 req=2162 msg=ClientResponse{orderSn=78,clientSn=2162}
[MESSENGER][OK] client=0 deliver clientSn=2162 sn=78
[RESPONDER][SEND] sn=78 client=0 req=2226 msg=ClientResponse{orderSn=78,clientSn=2226}
[MESSENGER][OK] client=0 deliver clientSn=2226 sn=78
[RESPONDER][SEND] sn=78 client=0 req=2166 msg=ClientResponse{orderSn=78,clientSn=2166}
[MESSENGER][OK] client=0 deliver clientSn=2166 sn=78
[RESPONDER][SEND] sn=78 client=0 req=2230 msg=ClientResponse{orderSn=78,clientSn=2230}
[MESSENGER][OK] client=0 deliver clientSn=2230 sn=78
[RESPONDER][SEND] sn=78 client=0 req=2170 msg=ClientResponse{orderSn=78,clientSn=2170}
[MESSENGER][OK] client=0 deliver clientSn=2170 sn=78
[RESPONDER][SEND] sn=78 client=0 req=2234 msg=ClientResponse{orderSn=78,clientSn=2234}
[MESSENGER][OK] client=0 deliver clientSn=2234 sn=78
[RESPONDER][SEND] sn=78 client=0 req=2174 msg=ClientResponse{orderSn=78,clientSn=2174}
[MESSENGER][OK] client=0 deliver clientSn=2174 sn=78
[RESPONDER][SEND] sn=78 client=0 req=2238 msg=ClientResponse{orderSn=78,clientSn=2238}
[MESSENGER][OK] client=0 deliver clientSn=2238 sn=78
[RESPONDER][SEND] sn=78 client=0 req=2270 msg=ClientResponse{orderSn=78,clientSn=2270}
[MESSENGER][OK] client=0 deliver clientSn=2270 sn=78
[RESPONDER][ENTRY][DONE] sn=78 sent=33/33
[RESPONDER][ENTRY] sn=79 nreq=32
[RESPONDER][SEND] sn=79 client=0 req=2179 msg=ClientResponse{orderSn=79,clientSn=2179}
[MESSENGER][OK] client=0 deliver clientSn=2179 sn=79
[RESPONDER][SEND] sn=79 client=0 req=2243 msg=ClientResponse{orderSn=79,clientSn=2243}
[MESSENGER][OK] client=0 deliver clientSn=2243 sn=79
[RESPONDER][SEND] sn=79 client=0 req=2183 msg=ClientResponse{orderSn=79,clientSn=2183}
[MESSENGER][OK] client=0 deliver clientSn=2183 sn=79
[RESPONDER][SEND] sn=79 client=0 req=2247 msg=ClientResponse{orderSn=79,clientSn=2247}
[MESSENGER][OK] client=0 deliver clientSn=2247 sn=79
[RESPONDER][SEND] sn=79 client=0 req=2187 msg=ClientResponse{orderSn=79,clientSn=2187}
[MESSENGER][OK] client=0 deliver clientSn=2187 sn=79
[RESPONDER][SEND] sn=79 client=0 req=2251 msg=ClientResponse{orderSn=79,clientSn=2251}
[MESSENGER][OK] client=0 deliver clientSn=2251 sn=79
[RESPONDER][SEND] sn=79 client=0 req=2191 msg=ClientResponse{orderSn=79,clientSn=2191}
[MESSENGER][OK] client=0 deliver clientSn=2191 sn=79
[RESPONDER][SEND] sn=79 client=0 req=2255 msg=ClientResponse{orderSn=79,clientSn=2255}
[MESSENGER][OK] client=0 deliver clientSn=2255 sn=79
[RESPONDER][SEND] sn=79 client=0 req=2195 msg=ClientResponse{orderSn=79,clientSn=2195}
[MESSENGER][OK] client=0 deliver clientSn=2195 sn=79
[RESPONDER][SEND] sn=79 client=0 req=2259 msg=ClientResponse{orderSn=79,clientSn=2259}
[MESSENGER][OK] client=0 deliver clientSn=2259 sn=79
[RESPONDER][SEND] sn=79 client=0 req=2199 msg=ClientResponse{orderSn=79,clientSn=2199}
[MESSENGER][OK] client=0 deliver clientSn=2199 sn=79
[RESPONDER][SEND] sn=79 client=0 req=2263 msg=ClientResponse{orderSn=79,clientSn=2263}
[MESSENGER][OK] client=0 deliver clientSn=2263 sn=79
[RESPONDER][SEND] sn=79 client=0 req=2203 msg=ClientResponse{orderSn=79,clientSn=2203}
[MESSENGER][OK] client=0 deliver clientSn=2203 sn=79
[RESPONDER][SEND] sn=79 client=0 req=2267 msg=ClientResponse{orderSn=79,clientSn=2267}
[MESSENGER][OK] client=0 deliver clientSn=2267 sn=79
[RESPONDER][SEND] sn=79 client=0 req=2143 msg=ClientResponse{orderSn=79,clientSn=2143}
[MESSENGER][OK] client=0 deliver clientSn=2143 sn=79
[RESPONDER][SEND] sn=79 client=0 req=2207 msg=ClientResponse{orderSn=79,clientSn=2207}
[MESSENGER][OK] client=0 deliver clientSn=2207 sn=79
[RESPONDER][SEND] sn=79 client=0 req=2147 msg=ClientResponse{orderSn=79,clientSn=2147}
[MESSENGER][OK] client=0 deliver clientSn=2147 sn=79
[RESPONDER][SEND] sn=79 client=0 req=2211 msg=ClientResponse{orderSn=79,clientSn=2211}
[MESSENGER][OK] client=0 deliver clientSn=2211 sn=79
[RESPONDER][SEND] sn=79 client=0 req=2151 msg=ClientResponse{orderSn=79,clientSn=2151}
[MESSENGER][OK] client=0 deliver clientSn=2151 sn=79
[RESPONDER][SEND] sn=79 client=0 req=2215 msg=ClientResponse{orderSn=79,clientSn=2215}
[MESSENGER][OK] client=0 deliver clientSn=2215 sn=79
[RESPONDER][SEND] sn=79 client=0 req=2155 msg=ClientResponse{orderSn=79,clientSn=2155}
[MESSENGER][OK] client=0 deliver clientSn=2155 sn=79
[RESPONDER][SEND] sn=79 client=0 req=2219 msg=ClientResponse{orderSn=79,clientSn=2219}
[MESSENGER][OK] client=0 deliver clientSn=2219 sn=79
[RESPONDER][SEND] sn=79 client=0 req=2159 msg=ClientResponse{orderSn=79,clientSn=2159}
[MESSENGER][OK] client=0 deliver clientSn=2159 sn=79
[RESPONDER][SEND] sn=79 client=0 req=2223 msg=ClientResponse{orderSn=79,clientSn=2223}
[MESSENGER][OK] client=0 deliver clientSn=2223 sn=79
[RESPONDER][SEND] sn=79 client=0 req=2163 msg=ClientResponse{orderSn=79,clientSn=2163}
[MESSENGER][OK] client=0 deliver clientSn=2163 sn=79
[RESPONDER][SEND] sn=79 client=0 req=2227 msg=ClientResponse{orderSn=79,clientSn=2227}
[MESSENGER][OK] client=0 deliver clientSn=2227 sn=79
[RESPONDER][SEND] sn=79 client=0 req=2167 msg=ClientResponse{orderSn=79,clientSn=2167}
[MESSENGER][OK] client=0 deliver clientSn=2167 sn=79
[RESPONDER][SEND] sn=79 client=0 req=2231 msg=ClientResponse{orderSn=79,clientSn=2231}
[MESSENGER][OK] client=0 deliver clientSn=2231 sn=79
[RESPONDER][SEND] sn=79 client=0 req=2171 msg=ClientResponse{orderSn=79,clientSn=2171}
[MESSENGER][OK] client=0 deliver clientSn=2171 sn=79
[RESPONDER][SEND] sn=79 client=0 req=2235 msg=ClientResponse{orderSn=79,clientSn=2235}
[MESSENGER][OK] client=0 deliver clientSn=2235 sn=79
[RESPONDER][SEND] sn=79 client=0 req=2175 msg=ClientResponse{orderSn=79,clientSn=2175}
[MESSENGER][OK] client=0 deliver clientSn=2175 sn=79
[RESPONDER][SEND] sn=79 client=0 req=2239 msg=ClientResponse{orderSn=79,clientSn=2239}
[MESSENGER][OK] client=0 deliver clientSn=2239 sn=79
[RESPONDER][ENTRY][DONE] sn=79 sent=32/32
21:01:33.850 INF Handling PREPREPARE. nReq=32 senderID=0 sn=80
21:01:33.850 DBG Creating new Batch. nReq=32
21:01:33.851 INF Handling PREPREPARE. nReq=32 senderID=3 sn=83
21:01:33.851 DBG Creating new Batch. nReq=32
21:01:33.855 DBG Sending PREPARE. senderID=2 sn=83 view=0
21:01:33.856 DBG Sending PREPARE. senderID=2 sn=80 view=0
21:01:33.856 DBG Sending COMMIT. senderID=2 sn=83 view=0
21:01:33.856 DBG Sending COMMIT. senderID=2 sn=80 view=0
21:01:33.858 INF Committed entry. latency=0 nReq=32 sn=80
21:01:33.858 INF Committed entry. latency=0 nReq=32 sn=83
21:01:33.858 INF Delivered batch. nReq=32 sn=80
21:01:33.858 DBG Starting timer. sn=84 view=0
[RESPONDER][ENTRY] sn=80 nreq=32
[RESPONDER][SEND] sn=80 client=0 req=2304 msg=ClientResponse{orderSn=80,clientSn=2304}
21:01:33.858 DBG Starting timer. sn=87 view=0
[MESSENGER][OK] client=0 deliver clientSn=2304 sn=80
[RESPONDER][SEND] sn=80 client=0 req=2368 msg=ClientResponse{orderSn=80,clientSn=2368}
[MESSENGER][OK] client=0 deliver clientSn=2368 sn=80
[RESPONDER][SEND] sn=80 client=0 req=2308 msg=ClientResponse{orderSn=80,clientSn=2308}
[MESSENGER][OK] client=0 deliver clientSn=2308 sn=80
[RESPONDER][SEND] sn=80 client=0 req=2372 msg=ClientResponse{orderSn=80,clientSn=2372}
[MESSENGER][OK] client=0 deliver clientSn=2372 sn=80
[RESPONDER][SEND] sn=80 client=0 req=2312 msg=ClientResponse{orderSn=80,clientSn=2312}
[MESSENGER][OK] client=0 deliver clientSn=2312 sn=80
[RESPONDER][SEND] sn=80 client=0 req=2376 msg=ClientResponse{orderSn=80,clientSn=2376}
[MESSENGER][OK] client=0 deliver clientSn=2376 sn=80
[RESPONDER][SEND] sn=80 client=0 req=2316 msg=ClientResponse{orderSn=80,clientSn=2316}
[MESSENGER][OK] client=0 deliver clientSn=2316 sn=80
[RESPONDER][SEND] sn=80 client=0 req=2380 msg=ClientResponse{orderSn=80,clientSn=2380}
[MESSENGER][OK] client=0 deliver clientSn=2380 sn=80
[RESPONDER][SEND] sn=80 client=0 req=2320 msg=ClientResponse{orderSn=80,clientSn=2320}
[MESSENGER][OK] client=0 deliver clientSn=2320 sn=80
[RESPONDER][SEND] sn=80 client=0 req=2384 msg=ClientResponse{orderSn=80,clientSn=2384}
[MESSENGER][OK] client=0 deliver clientSn=2384 sn=80
[RESPONDER][SEND] sn=80 client=0 req=2324 msg=ClientResponse{orderSn=80,clientSn=2324}
[MESSENGER][OK] client=0 deliver clientSn=2324 sn=80
[RESPONDER][SEND] sn=80 client=0 req=2388 msg=ClientResponse{orderSn=80,clientSn=2388}
[MESSENGER][OK] client=0 deliver clientSn=2388 sn=80
[RESPONDER][SEND] sn=80 client=0 req=2328 msg=ClientResponse{orderSn=80,clientSn=2328}
[MESSENGER][OK] client=0 deliver clientSn=2328 sn=80
[RESPONDER][SEND] sn=80 client=0 req=2392 msg=ClientResponse{orderSn=80,clientSn=2392}
[MESSENGER][OK] client=0 deliver clientSn=2392 sn=80
[RESPONDER][SEND] sn=80 client=0 req=2332 msg=ClientResponse{orderSn=80,clientSn=2332}
[MESSENGER][OK] client=0 deliver clientSn=2332 sn=80
[RESPONDER][SEND] sn=80 client=0 req=2396 msg=ClientResponse{orderSn=80,clientSn=2396}
[MESSENGER][OK] client=0 deliver clientSn=2396 sn=80
[RESPONDER][SEND] sn=80 client=0 req=2272 msg=ClientResponse{orderSn=80,clientSn=2272}
[MESSENGER][OK] client=0 deliver clientSn=2272 sn=80
[RESPONDER][SEND] sn=80 client=0 req=2336 msg=ClientResponse{orderSn=80,clientSn=2336}
[MESSENGER][OK] client=0 deliver clientSn=2336 sn=80
[RESPONDER][SEND] sn=80 client=0 req=2276 msg=ClientResponse{orderSn=80,clientSn=2276}
[MESSENGER][OK] client=0 deliver clientSn=2276 sn=80
[RESPONDER][SEND] sn=80 client=0 req=2340 msg=ClientResponse{orderSn=80,clientSn=2340}
[MESSENGER][OK] client=0 deliver clientSn=2340 sn=80
[RESPONDER][SEND] sn=80 client=0 req=2280 msg=ClientResponse{orderSn=80,clientSn=2280}
[MESSENGER][OK] client=0 deliver clientSn=2280 sn=80
[RESPONDER][SEND] sn=80 client=0 req=2344 msg=ClientResponse{orderSn=80,clientSn=2344}
[MESSENGER][OK] client=0 deliver clientSn=2344 sn=80
[RESPONDER][SEND] sn=80 client=0 req=2284 msg=ClientResponse{orderSn=80,clientSn=2284}
[MESSENGER][OK] client=0 deliver clientSn=2284 sn=80
[RESPONDER][SEND] sn=80 client=0 req=2348 msg=ClientResponse{orderSn=80,clientSn=2348}
[MESSENGER][OK] client=0 deliver clientSn=2348 sn=80
[RESPONDER][SEND] sn=80 client=0 req=2288 msg=ClientResponse{orderSn=80,clientSn=2288}
[MESSENGER][OK] client=0 deliver clientSn=2288 sn=80
[RESPONDER][SEND] sn=80 client=0 req=2352 msg=ClientResponse{orderSn=80,clientSn=2352}
[MESSENGER][OK] client=0 deliver clientSn=2352 sn=80
[RESPONDER][SEND] sn=80 client=0 req=2292 msg=ClientResponse{orderSn=80,clientSn=2292}
[MESSENGER][OK] client=0 deliver clientSn=2292 sn=80
[RESPONDER][SEND] sn=80 client=0 req=2356 msg=ClientResponse{orderSn=80,clientSn=2356}
[MESSENGER][OK] client=0 deliver clientSn=2356 sn=80
[RESPONDER][SEND] sn=80 client=0 req=2296 msg=ClientResponse{orderSn=80,clientSn=2296}
[MESSENGER][OK] client=0 deliver clientSn=2296 sn=80
[RESPONDER][SEND] sn=80 client=0 req=2360 msg=ClientResponse{orderSn=80,clientSn=2360}
[MESSENGER][OK] client=0 deliver clientSn=2360 sn=80
[RESPONDER][SEND] sn=80 client=0 req=2300 msg=ClientResponse{orderSn=80,clientSn=2300}
[MESSENGER][OK] client=0 deliver clientSn=2300 sn=80
[RESPONDER][SEND] sn=80 client=0 req=2364 msg=ClientResponse{orderSn=80,clientSn=2364}
21:01:33.860 DBG Batch ready. batchSize=4096
[MESSENGER][OK] client=0 deliver clientSn=2364 sn=80
[RESPONDER][ENTRY][DONE] sn=80 sent=32/32
21:01:33.860 DBG Batch cut. left=0 nBuckets=16 nReq=32 next=0
21:01:33.861 DBG Waiting for batch. batchSize=4096
21:01:33.862 INF Sending PREPREPARE. nReq=32 senderID=2 sn=82 view=0
21:01:33.869 INF Handling PREPREPARE. nReq=32 senderID=1 sn=81
21:01:33.869 DBG Creating new Batch. nReq=32
21:01:33.872 DBG Sending COMMIT. senderID=2 sn=82 view=0
21:01:33.873 DBG Sending PREPARE. senderID=2 sn=81 view=0
21:01:33.873 DBG Sending COMMIT. senderID=2 sn=81 view=0
21:01:33.875 INF Committed entry. latency=0 nReq=32 sn=82
21:01:33.875 DBG Starting timer. sn=86 view=0
21:01:33.876 INF Committed entry. latency=0 nReq=32 sn=81
21:01:33.876 INF Delivered batch. nReq=32 sn=81
[RESPONDER][ENTRY] sn=81 nreq=32
[RESPONDER][SEND] sn=81 client=0 req=2305 msg=ClientResponse{orderSn=81,clientSn=2305}
21:01:33.876 INF Delivered batch. nReq=32 sn=82
[MESSENGER][OK] client=0 deliver clientSn=2305 sn=81
[RESPONDER][SEND] sn=81 client=0 req=2369 msg=ClientResponse{orderSn=81,clientSn=2369}
[MESSENGER][OK] client=0 deliver clientSn=2369 sn=81
[RESPONDER][SEND] sn=81 client=0 req=2309 msg=ClientResponse{orderSn=81,clientSn=2309}
[MESSENGER][OK] client=0 deliver clientSn=2309 sn=81
[RESPONDER][SEND] sn=81 client=0 req=2373 msg=ClientResponse{orderSn=81,clientSn=2373}
[MESSENGER][OK] client=0 deliver clientSn=2373 sn=81
21:01:33.876 INF Delivered batch. nReq=32 sn=83
[RESPONDER][SEND] sn=81 client=0 req=2313 msg=ClientResponse{orderSn=81,clientSn=2313}
[MESSENGER][OK] client=0 deliver clientSn=2313 sn=81
[RESPONDER][SEND] sn=81 client=0 req=2377 msg=ClientResponse{orderSn=81,clientSn=2377}
21:01:33.876 DBG Starting timer. sn=85 view=0
[MESSENGER][OK] client=0 deliver clientSn=2377 sn=81
[RESPONDER][SEND] sn=81 client=0 req=2317 msg=ClientResponse{orderSn=81,clientSn=2317}
[MESSENGER][OK] client=0 deliver clientSn=2317 sn=81
[RESPONDER][SEND] sn=81 client=0 req=2381 msg=ClientResponse{orderSn=81,clientSn=2381}
[MESSENGER][OK] client=0 deliver clientSn=2381 sn=81
[RESPONDER][SEND] sn=81 client=0 req=2321 msg=ClientResponse{orderSn=81,clientSn=2321}
[MESSENGER][OK] client=0 deliver clientSn=2321 sn=81
[RESPONDER][SEND] sn=81 client=0 req=2385 msg=ClientResponse{orderSn=81,clientSn=2385}
[MESSENGER][OK] client=0 deliver clientSn=2385 sn=81
[RESPONDER][SEND] sn=81 client=0 req=2325 msg=ClientResponse{orderSn=81,clientSn=2325}
[MESSENGER][OK] client=0 deliver clientSn=2325 sn=81
[RESPONDER][SEND] sn=81 client=0 req=2389 msg=ClientResponse{orderSn=81,clientSn=2389}
[MESSENGER][OK] client=0 deliver clientSn=2389 sn=81
[RESPONDER][SEND] sn=81 client=0 req=2329 msg=ClientResponse{orderSn=81,clientSn=2329}
[MESSENGER][OK] client=0 deliver clientSn=2329 sn=81
[RESPONDER][SEND] sn=81 client=0 req=2393 msg=ClientResponse{orderSn=81,clientSn=2393}
[MESSENGER][OK] client=0 deliver clientSn=2393 sn=81
[RESPONDER][SEND] sn=81 client=0 req=2333 msg=ClientResponse{orderSn=81,clientSn=2333}
[MESSENGER][OK] client=0 deliver clientSn=2333 sn=81
[RESPONDER][SEND] sn=81 client=0 req=2397 msg=ClientResponse{orderSn=81,clientSn=2397}
[MESSENGER][OK] client=0 deliver clientSn=2397 sn=81
[RESPONDER][SEND] sn=81 client=0 req=2273 msg=ClientResponse{orderSn=81,clientSn=2273}
[MESSENGER][OK] client=0 deliver clientSn=2273 sn=81
[RESPONDER][SEND] sn=81 client=0 req=2337 msg=ClientResponse{orderSn=81,clientSn=2337}
[MESSENGER][OK] client=0 deliver clientSn=2337 sn=81
[RESPONDER][SEND] sn=81 client=0 req=2277 msg=ClientResponse{orderSn=81,clientSn=2277}
[MESSENGER][OK] client=0 deliver clientSn=2277 sn=81
[RESPONDER][SEND] sn=81 client=0 req=2341 msg=ClientResponse{orderSn=81,clientSn=2341}
[MESSENGER][OK] client=0 deliver clientSn=2341 sn=81
[RESPONDER][SEND] sn=81 client=0 req=2281 msg=ClientResponse{orderSn=81,clientSn=2281}
[MESSENGER][OK] client=0 deliver clientSn=2281 sn=81
[RESPONDER][SEND] sn=81 client=0 req=2345 msg=ClientResponse{orderSn=81,clientSn=2345}
[MESSENGER][OK] client=0 deliver clientSn=2345 sn=81
[RESPONDER][SEND] sn=81 client=0 req=2285 msg=ClientResponse{orderSn=81,clientSn=2285}
[MESSENGER][OK] client=0 deliver clientSn=2285 sn=81
[RESPONDER][SEND] sn=81 client=0 req=2349 msg=ClientResponse{orderSn=81,clientSn=2349}
[MESSENGER][OK] client=0 deliver clientSn=2349 sn=81
[RESPONDER][SEND] sn=81 client=0 req=2289 msg=ClientResponse{orderSn=81,clientSn=2289}
[MESSENGER][OK] client=0 deliver clientSn=2289 sn=81
[RESPONDER][SEND] sn=81 client=0 req=2353 msg=ClientResponse{orderSn=81,clientSn=2353}
[MESSENGER][OK] client=0 deliver clientSn=2353 sn=81
[RESPONDER][SEND] sn=81 client=0 req=2293 msg=ClientResponse{orderSn=81,clientSn=2293}
[MESSENGER][OK] client=0 deliver clientSn=2293 sn=81
[RESPONDER][SEND] sn=81 client=0 req=2357 msg=ClientResponse{orderSn=81,clientSn=2357}
[MESSENGER][OK] client=0 deliver clientSn=2357 sn=81
[RESPONDER][SEND] sn=81 client=0 req=2297 msg=ClientResponse{orderSn=81,clientSn=2297}
[MESSENGER][OK] client=0 deliver clientSn=2297 sn=81
[RESPONDER][SEND] sn=81 client=0 req=2361 msg=ClientResponse{orderSn=81,clientSn=2361}
[MESSENGER][OK] client=0 deliver clientSn=2361 sn=81
[RESPONDER][SEND] sn=81 client=0 req=2301 msg=ClientResponse{orderSn=81,clientSn=2301}
[MESSENGER][OK] client=0 deliver clientSn=2301 sn=81
[RESPONDER][SEND] sn=81 client=0 req=2365 msg=ClientResponse{orderSn=81,clientSn=2365}
[MESSENGER][OK] client=0 deliver clientSn=2365 sn=81
[RESPONDER][ENTRY][DONE] sn=81 sent=32/32
[RESPONDER][ENTRY] sn=82 nreq=32
[RESPONDER][SEND] sn=82 client=0 req=2306 msg=ClientResponse{orderSn=82,clientSn=2306}
[MESSENGER][OK] client=0 deliver clientSn=2306 sn=82
[RESPONDER][SEND] sn=82 client=0 req=2370 msg=ClientResponse{orderSn=82,clientSn=2370}
[MESSENGER][OK] client=0 deliver clientSn=2370 sn=82
[RESPONDER][SEND] sn=82 client=0 req=2310 msg=ClientResponse{orderSn=82,clientSn=2310}
[MESSENGER][OK] client=0 deliver clientSn=2310 sn=82
[RESPONDER][SEND] sn=82 client=0 req=2374 msg=ClientResponse{orderSn=82,clientSn=2374}
[MESSENGER][OK] client=0 deliver clientSn=2374 sn=82
[RESPONDER][SEND] sn=82 client=0 req=2314 msg=ClientResponse{orderSn=82,clientSn=2314}
[MESSENGER][OK] client=0 deliver clientSn=2314 sn=82
[RESPONDER][SEND] sn=82 client=0 req=2378 msg=ClientResponse{orderSn=82,clientSn=2378}
[MESSENGER][OK] client=0 deliver clientSn=2378 sn=82
[RESPONDER][SEND] sn=82 client=0 req=2318 msg=ClientResponse{orderSn=82,clientSn=2318}
[MESSENGER][OK] client=0 deliver clientSn=2318 sn=82
[RESPONDER][SEND] sn=82 client=0 req=2382 msg=ClientResponse{orderSn=82,clientSn=2382}
[MESSENGER][OK] client=0 deliver clientSn=2382 sn=82
[RESPONDER][SEND] sn=82 client=0 req=2322 msg=ClientResponse{orderSn=82,clientSn=2322}
[MESSENGER][OK] client=0 deliver clientSn=2322 sn=82
[RESPONDER][SEND] sn=82 client=0 req=2386 msg=ClientResponse{orderSn=82,clientSn=2386}
[MESSENGER][OK] client=0 deliver clientSn=2386 sn=82
[RESPONDER][SEND] sn=82 client=0 req=2326 msg=ClientResponse{orderSn=82,clientSn=2326}
[MESSENGER][OK] client=0 deliver clientSn=2326 sn=82
[RESPONDER][SEND] sn=82 client=0 req=2390 msg=ClientResponse{orderSn=82,clientSn=2390}
[MESSENGER][OK] client=0 deliver clientSn=2390 sn=82
[RESPONDER][SEND] sn=82 client=0 req=2330 msg=ClientResponse{orderSn=82,clientSn=2330}
[MESSENGER][OK] client=0 deliver clientSn=2330 sn=82
[RESPONDER][SEND] sn=82 client=0 req=2394 msg=ClientResponse{orderSn=82,clientSn=2394}
[MESSENGER][OK] client=0 deliver clientSn=2394 sn=82
[RESPONDER][SEND] sn=82 client=0 req=2334 msg=ClientResponse{orderSn=82,clientSn=2334}
[MESSENGER][OK] client=0 deliver clientSn=2334 sn=82
[RESPONDER][SEND] sn=82 client=0 req=2398 msg=ClientResponse{orderSn=82,clientSn=2398}
[MESSENGER][OK] client=0 deliver clientSn=2398 sn=82
[RESPONDER][SEND] sn=82 client=0 req=2274 msg=ClientResponse{orderSn=82,clientSn=2274}
[MESSENGER][OK] client=0 deliver clientSn=2274 sn=82
[RESPONDER][SEND] sn=82 client=0 req=2338 msg=ClientResponse{orderSn=82,clientSn=2338}
[MESSENGER][OK] client=0 deliver clientSn=2338 sn=82
[RESPONDER][SEND] sn=82 client=0 req=2278 msg=ClientResponse{orderSn=82,clientSn=2278}
[MESSENGER][OK] client=0 deliver clientSn=2278 sn=82
[RESPONDER][SEND] sn=82 client=0 req=2342 msg=ClientResponse{orderSn=82,clientSn=2342}
[MESSENGER][OK] client=0 deliver clientSn=2342 sn=82
[RESPONDER][SEND] sn=82 client=0 req=2282 msg=ClientResponse{orderSn=82,clientSn=2282}
[MESSENGER][OK] client=0 deliver clientSn=2282 sn=82
[RESPONDER][SEND] sn=82 client=0 req=2346 msg=ClientResponse{orderSn=82,clientSn=2346}
[MESSENGER][OK] client=0 deliver clientSn=2346 sn=82
[RESPONDER][SEND] sn=82 client=0 req=2286 msg=ClientResponse{orderSn=82,clientSn=2286}
[MESSENGER][OK] client=0 deliver clientSn=2286 sn=82
[RESPONDER][SEND] sn=82 client=0 req=2350 msg=ClientResponse{orderSn=82,clientSn=2350}
[MESSENGER][OK] client=0 deliver clientSn=2350 sn=82
[RESPONDER][SEND] sn=82 client=0 req=2290 msg=ClientResponse{orderSn=82,clientSn=2290}
[MESSENGER][OK] client=0 deliver clientSn=2290 sn=82
[RESPONDER][SEND] sn=82 client=0 req=2354 msg=ClientResponse{orderSn=82,clientSn=2354}
[MESSENGER][OK] client=0 deliver clientSn=2354 sn=82
[RESPONDER][SEND] sn=82 client=0 req=2294 msg=ClientResponse{orderSn=82,clientSn=2294}
[MESSENGER][OK] client=0 deliver clientSn=2294 sn=82
[RESPONDER][SEND] sn=82 client=0 req=2358 msg=ClientResponse{orderSn=82,clientSn=2358}
[MESSENGER][OK] client=0 deliver clientSn=2358 sn=82
[RESPONDER][SEND] sn=82 client=0 req=2298 msg=ClientResponse{orderSn=82,clientSn=2298}
[MESSENGER][OK] client=0 deliver clientSn=2298 sn=82
[RESPONDER][SEND] sn=82 client=0 req=2362 msg=ClientResponse{orderSn=82,clientSn=2362}
[MESSENGER][OK] client=0 deliver clientSn=2362 sn=82
[RESPONDER][SEND] sn=82 client=0 req=2302 msg=ClientResponse{orderSn=82,clientSn=2302}
[MESSENGER][OK] client=0 deliver clientSn=2302 sn=82
[RESPONDER][SEND] sn=82 client=0 req=2366 msg=ClientResponse{orderSn=82,clientSn=2366}
[MESSENGER][OK] client=0 deliver clientSn=2366 sn=82
[RESPONDER][ENTRY][DONE] sn=82 sent=32/32
[RESPONDER][ENTRY] sn=83 nreq=32
[RESPONDER][SEND] sn=83 client=0 req=2307 msg=ClientResponse{orderSn=83,clientSn=2307}
[MESSENGER][OK] client=0 deliver clientSn=2307 sn=83
[RESPONDER][SEND] sn=83 client=0 req=2371 msg=ClientResponse{orderSn=83,clientSn=2371}
[MESSENGER][OK] client=0 deliver clientSn=2371 sn=83
[RESPONDER][SEND] sn=83 client=0 req=2311 msg=ClientResponse{orderSn=83,clientSn=2311}
[MESSENGER][OK] client=0 deliver clientSn=2311 sn=83
[RESPONDER][SEND] sn=83 client=0 req=2375 msg=ClientResponse{orderSn=83,clientSn=2375}
[MESSENGER][OK] client=0 deliver clientSn=2375 sn=83
[RESPONDER][SEND] sn=83 client=0 req=2315 msg=ClientResponse{orderSn=83,clientSn=2315}
[MESSENGER][OK] client=0 deliver clientSn=2315 sn=83
[RESPONDER][SEND] sn=83 client=0 req=2379 msg=ClientResponse{orderSn=83,clientSn=2379}
[MESSENGER][OK] client=0 deliver clientSn=2379 sn=83
[RESPONDER][SEND] sn=83 client=0 req=2319 msg=ClientResponse{orderSn=83,clientSn=2319}
[MESSENGER][OK] client=0 deliver clientSn=2319 sn=83
[RESPONDER][SEND] sn=83 client=0 req=2383 msg=ClientResponse{orderSn=83,clientSn=2383}
[MESSENGER][OK] client=0 deliver clientSn=2383 sn=83
[RESPONDER][SEND] sn=83 client=0 req=2323 msg=ClientResponse{orderSn=83,clientSn=2323}
[MESSENGER][OK] client=0 deliver clientSn=2323 sn=83
[RESPONDER][SEND] sn=83 client=0 req=2387 msg=ClientResponse{orderSn=83,clientSn=2387}
[MESSENGER][OK] client=0 deliver clientSn=2387 sn=83
[RESPONDER][SEND] sn=83 client=0 req=2327 msg=ClientResponse{orderSn=83,clientSn=2327}
[MESSENGER][OK] client=0 deliver clientSn=2327 sn=83
[RESPONDER][SEND] sn=83 client=0 req=2391 msg=ClientResponse{orderSn=83,clientSn=2391}
[MESSENGER][OK] client=0 deliver clientSn=2391 sn=83
[RESPONDER][SEND] sn=83 client=0 req=2331 msg=ClientResponse{orderSn=83,clientSn=2331}
[MESSENGER][OK] client=0 deliver clientSn=2331 sn=83
[RESPONDER][SEND] sn=83 client=0 req=2395 msg=ClientResponse{orderSn=83,clientSn=2395}
[MESSENGER][OK] client=0 deliver clientSn=2395 sn=83
[RESPONDER][SEND] sn=83 client=0 req=2271 msg=ClientResponse{orderSn=83,clientSn=2271}
[MESSENGER][OK] client=0 deliver clientSn=2271 sn=83
[RESPONDER][SEND] sn=83 client=0 req=2335 msg=ClientResponse{orderSn=83,clientSn=2335}
[MESSENGER][OK] client=0 deliver clientSn=2335 sn=83
[RESPONDER][SEND] sn=83 client=0 req=2275 msg=ClientResponse{orderSn=83,clientSn=2275}
[MESSENGER][OK] client=0 deliver clientSn=2275 sn=83
[RESPONDER][SEND] sn=83 client=0 req=2339 msg=ClientResponse{orderSn=83,clientSn=2339}
[MESSENGER][OK] client=0 deliver clientSn=2339 sn=83
[RESPONDER][SEND] sn=83 client=0 req=2279 msg=ClientResponse{orderSn=83,clientSn=2279}
[MESSENGER][OK] client=0 deliver clientSn=2279 sn=83
[RESPONDER][SEND] sn=83 client=0 req=2343 msg=ClientResponse{orderSn=83,clientSn=2343}
[MESSENGER][OK] client=0 deliver clientSn=2343 sn=83
[RESPONDER][SEND] sn=83 client=0 req=2283 msg=ClientResponse{orderSn=83,clientSn=2283}
[MESSENGER][OK] client=0 deliver clientSn=2283 sn=83
[RESPONDER][SEND] sn=83 client=0 req=2347 msg=ClientResponse{orderSn=83,clientSn=2347}
[MESSENGER][OK] client=0 deliver clientSn=2347 sn=83
[RESPONDER][SEND] sn=83 client=0 req=2287 msg=ClientResponse{orderSn=83,clientSn=2287}
[MESSENGER][OK] client=0 deliver clientSn=2287 sn=83
[RESPONDER][SEND] sn=83 client=0 req=2351 msg=ClientResponse{orderSn=83,clientSn=2351}
[MESSENGER][OK] client=0 deliver clientSn=2351 sn=83
[RESPONDER][SEND] sn=83 client=0 req=2291 msg=ClientResponse{orderSn=83,clientSn=2291}
[MESSENGER][OK] client=0 deliver clientSn=2291 sn=83
[RESPONDER][SEND] sn=83 client=0 req=2355 msg=ClientResponse{orderSn=83,clientSn=2355}
[MESSENGER][OK] client=0 deliver clientSn=2355 sn=83
[RESPONDER][SEND] sn=83 client=0 req=2295 msg=ClientResponse{orderSn=83,clientSn=2295}
[MESSENGER][OK] client=0 deliver clientSn=2295 sn=83
[RESPONDER][SEND] sn=83 client=0 req=2359 msg=ClientResponse{orderSn=83,clientSn=2359}
[MESSENGER][OK] client=0 deliver clientSn=2359 sn=83
[RESPONDER][SEND] sn=83 client=0 req=2299 msg=ClientResponse{orderSn=83,clientSn=2299}
[MESSENGER][OK] client=0 deliver clientSn=2299 sn=83
[RESPONDER][SEND] sn=83 client=0 req=2363 msg=ClientResponse{orderSn=83,clientSn=2363}
[MESSENGER][OK] client=0 deliver clientSn=2363 sn=83
[RESPONDER][SEND] sn=83 client=0 req=2303 msg=ClientResponse{orderSn=83,clientSn=2303}
[MESSENGER][OK] client=0 deliver clientSn=2303 sn=83
[RESPONDER][SEND] sn=83 client=0 req=2367 msg=ClientResponse{orderSn=83,clientSn=2367}
[MESSENGER][OK] client=0 deliver clientSn=2367 sn=83
[RESPONDER][ENTRY][DONE] sn=83 sent=32/32
21:01:34.851 INF Handling PREPREPARE. nReq=32 senderID=0 sn=84
21:01:34.851 DBG Creating new Batch. nReq=32
21:01:34.853 DBG Sending PREPARE. senderID=2 sn=84 view=0
21:01:34.854 INF Handling PREPREPARE. nReq=32 senderID=3 sn=87
21:01:34.854 DBG Creating new Batch. nReq=32
21:01:34.854 DBG Sending COMMIT. senderID=2 sn=84 view=0
21:01:34.858 DBG Sending PREPARE. senderID=2 sn=87 view=0
21:01:34.858 INF Committed entry. latency=0 nReq=32 sn=84
21:01:34.859 INF Delivered batch. nReq=32 sn=84
21:01:34.859 DBG Starting timer. sn=88 view=0
[RESPONDER][ENTRY] sn=84 nreq=32
[RESPONDER][SEND] sn=84 client=0 req=2432 msg=ClientResponse{orderSn=84,clientSn=2432}
[MESSENGER][OK] client=0 deliver clientSn=2432 sn=84
[RESPONDER][SEND] sn=84 client=0 req=2496 msg=ClientResponse{orderSn=84,clientSn=2496}
[MESSENGER][OK] client=0 deliver clientSn=2496 sn=84
[RESPONDER][SEND] sn=84 client=0 req=2436 msg=ClientResponse{orderSn=84,clientSn=2436}
[MESSENGER][OK] client=0 deliver clientSn=2436 sn=84
[RESPONDER][SEND] sn=84 client=0 req=2500 msg=ClientResponse{orderSn=84,clientSn=2500}
[MESSENGER][OK] client=0 deliver clientSn=2500 sn=84
[RESPONDER][SEND] sn=84 client=0 req=2440 msg=ClientResponse{orderSn=84,clientSn=2440}
[MESSENGER][OK] client=0 deliver clientSn=2440 sn=84
[RESPONDER][SEND] sn=84 client=0 req=2504 msg=ClientResponse{orderSn=84,clientSn=2504}
[MESSENGER][OK] client=0 deliver clientSn=2504 sn=84
[RESPONDER][SEND] sn=84 client=0 req=2444 msg=ClientResponse{orderSn=84,clientSn=2444}
[MESSENGER][OK] client=0 deliver clientSn=2444 sn=84
[RESPONDER][SEND] sn=84 client=0 req=2508 msg=ClientResponse{orderSn=84,clientSn=2508}
[MESSENGER][OK] client=0 deliver clientSn=2508 sn=84
[RESPONDER][SEND] sn=84 client=0 req=2448 msg=ClientResponse{orderSn=84,clientSn=2448}
[MESSENGER][OK] client=0 deliver clientSn=2448 sn=84
[RESPONDER][SEND] sn=84 client=0 req=2512 msg=ClientResponse{orderSn=84,clientSn=2512}
[MESSENGER][OK] client=0 deliver clientSn=2512 sn=84
[RESPONDER][SEND] sn=84 client=0 req=2452 msg=ClientResponse{orderSn=84,clientSn=2452}
[MESSENGER][OK] client=0 deliver clientSn=2452 sn=84
[RESPONDER][SEND] sn=84 client=0 req=2516 msg=ClientResponse{orderSn=84,clientSn=2516}
[MESSENGER][OK] client=0 deliver clientSn=2516 sn=84
[RESPONDER][SEND] sn=84 client=0 req=2456 msg=ClientResponse{orderSn=84,clientSn=2456}
[MESSENGER][OK] client=0 deliver clientSn=2456 sn=84
[RESPONDER][SEND] sn=84 client=0 req=2520 msg=ClientResponse{orderSn=84,clientSn=2520}
[MESSENGER][OK] client=0 deliver clientSn=2520 sn=84
[RESPONDER][SEND] sn=84 client=0 req=2460 msg=ClientResponse{orderSn=84,clientSn=2460}
[MESSENGER][OK] client=0 deliver clientSn=2460 sn=84
[RESPONDER][SEND] sn=84 client=0 req=2524 msg=ClientResponse{orderSn=84,clientSn=2524}
[MESSENGER][OK] client=0 deliver clientSn=2524 sn=84
[RESPONDER][SEND] sn=84 client=0 req=2400 msg=ClientResponse{orderSn=84,clientSn=2400}
[MESSENGER][OK] client=0 deliver clientSn=2400 sn=84
[RESPONDER][SEND] sn=84 client=0 req=2464 msg=ClientResponse{orderSn=84,clientSn=2464}
[MESSENGER][OK] client=0 deliver clientSn=2464 sn=84
[RESPONDER][SEND] sn=84 client=0 req=2404 msg=ClientResponse{orderSn=84,clientSn=2404}
[MESSENGER][OK] client=0 deliver clientSn=2404 sn=84
[RESPONDER][SEND] sn=84 client=0 req=2468 msg=ClientResponse{orderSn=84,clientSn=2468}
21:01:34.859 DBG Sending COMMIT. senderID=2 sn=87 view=0
[MESSENGER][OK] client=0 deliver clientSn=2468 sn=84
[RESPONDER][SEND] sn=84 client=0 req=2408 msg=ClientResponse{orderSn=84,clientSn=2408}
[MESSENGER][OK] client=0 deliver clientSn=2408 sn=84
[RESPONDER][SEND] sn=84 client=0 req=2472 msg=ClientResponse{orderSn=84,clientSn=2472}
[MESSENGER][OK] client=0 deliver clientSn=2472 sn=84
[RESPONDER][SEND] sn=84 client=0 req=2412 msg=ClientResponse{orderSn=84,clientSn=2412}
[MESSENGER][OK] client=0 deliver clientSn=2412 sn=84
[RESPONDER][SEND] sn=84 client=0 req=2476 msg=ClientResponse{orderSn=84,clientSn=2476}
[MESSENGER][OK] client=0 deliver clientSn=2476 sn=84
[RESPONDER][SEND] sn=84 client=0 req=2416 msg=ClientResponse{orderSn=84,clientSn=2416}
[MESSENGER][OK] client=0 deliver clientSn=2416 sn=84
[RESPONDER][SEND] sn=84 client=0 req=2480 msg=ClientResponse{orderSn=84,clientSn=2480}
[MESSENGER][OK] client=0 deliver clientSn=2480 sn=84
[RESPONDER][SEND] sn=84 client=0 req=2420 msg=ClientResponse{orderSn=84,clientSn=2420}
[MESSENGER][OK] client=0 deliver clientSn=2420 sn=84
[RESPONDER][SEND] sn=84 client=0 req=2484 msg=ClientResponse{orderSn=84,clientSn=2484}
[MESSENGER][OK] client=0 deliver clientSn=2484 sn=84
[RESPONDER][SEND] sn=84 client=0 req=2424 msg=ClientResponse{orderSn=84,clientSn=2424}
[MESSENGER][OK] client=0 deliver clientSn=2424 sn=84
[RESPONDER][SEND] sn=84 client=0 req=2488 msg=ClientResponse{orderSn=84,clientSn=2488}
[MESSENGER][OK] client=0 deliver clientSn=2488 sn=84
[RESPONDER][SEND] sn=84 client=0 req=2428 msg=ClientResponse{orderSn=84,clientSn=2428}
[MESSENGER][OK] client=0 deliver clientSn=2428 sn=84
[RESPONDER][SEND] sn=84 client=0 req=2492 msg=ClientResponse{orderSn=84,clientSn=2492}
[MESSENGER][OK] client=0 deliver clientSn=2492 sn=84
[RESPONDER][ENTRY][DONE] sn=84 sent=32/32
21:01:34.862 DBG Batch ready. batchSize=4096
21:01:34.862 DBG Batch cut. left=0 nBuckets=16 nReq=32 next=0
21:01:34.862 DBG Waiting for batch. batchSize=4096
21:01:34.862 INF Committed entry. latency=0 nReq=32 sn=87
21:01:34.863 INF Sending PREPREPARE. nReq=32 senderID=2 sn=86 view=0
21:01:34.863 DBG Starting timer. sn=91 view=0
21:01:34.868 INF Handling PREPREPARE. nReq=32 senderID=1 sn=85
21:01:34.868 DBG Creating new Batch. nReq=32
21:01:34.872 DBG Sending COMMIT. senderID=2 sn=86 view=0
21:01:34.873 DBG Sending PREPARE. senderID=2 sn=85 view=0
21:01:34.873 DBG Sending COMMIT. senderID=2 sn=85 view=0
21:01:34.873 INF Committed entry. latency=0 nReq=32 sn=86
21:01:34.874 DBG Starting timer. sn=90 view=0
21:01:34.875 INF Committed entry. latency=0 nReq=32 sn=85
21:01:34.875 INF Delivered batch. nReq=32 sn=85
21:01:34.875 INF Delivered batch. nReq=32 sn=86
21:01:34.875 INF Delivered batch. nReq=32 sn=87
[RESPONDER][ENTRY] sn=85 nreq=32
[RESPONDER][SEND] sn=85 client=0 req=2433 msg=ClientResponse{orderSn=85,clientSn=2433}
21:01:34.875 DBG Starting timer. sn=89 view=0
[MESSENGER][OK] client=0 deliver clientSn=2433 sn=85
[RESPONDER][SEND] sn=85 client=0 req=2497 msg=ClientResponse{orderSn=85,clientSn=2497}
[MESSENGER][OK] client=0 deliver clientSn=2497 sn=85
[RESPONDER][SEND] sn=85 client=0 req=2437 msg=ClientResponse{orderSn=85,clientSn=2437}
[MESSENGER][OK] client=0 deliver clientSn=2437 sn=85
[RESPONDER][SEND] sn=85 client=0 req=2501 msg=ClientResponse{orderSn=85,clientSn=2501}
[MESSENGER][OK] client=0 deliver clientSn=2501 sn=85
[RESPONDER][SEND] sn=85 client=0 req=2441 msg=ClientResponse{orderSn=85,clientSn=2441}
[MESSENGER][OK] client=0 deliver clientSn=2441 sn=85
[RESPONDER][SEND] sn=85 client=0 req=2505 msg=ClientResponse{orderSn=85,clientSn=2505}
[MESSENGER][OK] client=0 deliver clientSn=2505 sn=85
[RESPONDER][SEND] sn=85 client=0 req=2445 msg=ClientResponse{orderSn=85,clientSn=2445}
[MESSENGER][OK] client=0 deliver clientSn=2445 sn=85
[RESPONDER][SEND] sn=85 client=0 req=2509 msg=ClientResponse{orderSn=85,clientSn=2509}
[MESSENGER][OK] client=0 deliver clientSn=2509 sn=85
[RESPONDER][SEND] sn=85 client=0 req=2449 msg=ClientResponse{orderSn=85,clientSn=2449}
[MESSENGER][OK] client=0 deliver clientSn=2449 sn=85
[RESPONDER][SEND] sn=85 client=0 req=2513 msg=ClientResponse{orderSn=85,clientSn=2513}
[MESSENGER][OK] client=0 deliver clientSn=2513 sn=85
[RESPONDER][SEND] sn=85 client=0 req=2453 msg=ClientResponse{orderSn=85,clientSn=2453}
[MESSENGER][OK] client=0 deliver clientSn=2453 sn=85
[RESPONDER][SEND] sn=85 client=0 req=2517 msg=ClientResponse{orderSn=85,clientSn=2517}
[MESSENGER][OK] client=0 deliver clientSn=2517 sn=85
[RESPONDER][SEND] sn=85 client=0 req=2457 msg=ClientResponse{orderSn=85,clientSn=2457}
[MESSENGER][OK] client=0 deliver clientSn=2457 sn=85
[RESPONDER][SEND] sn=85 client=0 req=2521 msg=ClientResponse{orderSn=85,clientSn=2521}
[MESSENGER][OK] client=0 deliver clientSn=2521 sn=85
[RESPONDER][SEND] sn=85 client=0 req=2461 msg=ClientResponse{orderSn=85,clientSn=2461}
[MESSENGER][OK] client=0 deliver clientSn=2461 sn=85
[RESPONDER][SEND] sn=85 client=0 req=2525 msg=ClientResponse{orderSn=85,clientSn=2525}
[MESSENGER][OK] client=0 deliver clientSn=2525 sn=85
[RESPONDER][SEND] sn=85 client=0 req=2401 msg=ClientResponse{orderSn=85,clientSn=2401}
[MESSENGER][OK] client=0 deliver clientSn=2401 sn=85
[RESPONDER][SEND] sn=85 client=0 req=2465 msg=ClientResponse{orderSn=85,clientSn=2465}
[MESSENGER][OK] client=0 deliver clientSn=2465 sn=85
[RESPONDER][SEND] sn=85 client=0 req=2405 msg=ClientResponse{orderSn=85,clientSn=2405}
[MESSENGER][OK] client=0 deliver clientSn=2405 sn=85
[RESPONDER][SEND] sn=85 client=0 req=2469 msg=ClientResponse{orderSn=85,clientSn=2469}
[MESSENGER][OK] client=0 deliver clientSn=2469 sn=85
[RESPONDER][SEND] sn=85 client=0 req=2409 msg=ClientResponse{orderSn=85,clientSn=2409}
[MESSENGER][OK] client=0 deliver clientSn=2409 sn=85
[RESPONDER][SEND] sn=85 client=0 req=2473 msg=ClientResponse{orderSn=85,clientSn=2473}
[MESSENGER][OK] client=0 deliver clientSn=2473 sn=85
[RESPONDER][SEND] sn=85 client=0 req=2413 msg=ClientResponse{orderSn=85,clientSn=2413}
[MESSENGER][OK] client=0 deliver clientSn=2413 sn=85
[RESPONDER][SEND] sn=85 client=0 req=2477 msg=ClientResponse{orderSn=85,clientSn=2477}
[MESSENGER][OK] client=0 deliver clientSn=2477 sn=85
[RESPONDER][SEND] sn=85 client=0 req=2417 msg=ClientResponse{orderSn=85,clientSn=2417}
[MESSENGER][OK] client=0 deliver clientSn=2417 sn=85
[RESPONDER][SEND] sn=85 client=0 req=2481 msg=ClientResponse{orderSn=85,clientSn=2481}
[MESSENGER][OK] client=0 deliver clientSn=2481 sn=85
[RESPONDER][SEND] sn=85 client=0 req=2421 msg=ClientResponse{orderSn=85,clientSn=2421}
[MESSENGER][OK] client=0 deliver clientSn=2421 sn=85
[RESPONDER][SEND] sn=85 client=0 req=2485 msg=ClientResponse{orderSn=85,clientSn=2485}
[MESSENGER][OK] client=0 deliver clientSn=2485 sn=85
[RESPONDER][SEND] sn=85 client=0 req=2425 msg=ClientResponse{orderSn=85,clientSn=2425}
[MESSENGER][OK] client=0 deliver clientSn=2425 sn=85
[RESPONDER][SEND] sn=85 client=0 req=2489 msg=ClientResponse{orderSn=85,clientSn=2489}
[MESSENGER][OK] client=0 deliver clientSn=2489 sn=85
[RESPONDER][SEND] sn=85 client=0 req=2429 msg=ClientResponse{orderSn=85,clientSn=2429}
[MESSENGER][OK] client=0 deliver clientSn=2429 sn=85
[RESPONDER][SEND] sn=85 client=0 req=2493 msg=ClientResponse{orderSn=85,clientSn=2493}
[MESSENGER][OK] client=0 deliver clientSn=2493 sn=85
[RESPONDER][ENTRY][DONE] sn=85 sent=32/32
[RESPONDER][ENTRY] sn=86 nreq=32
[RESPONDER][SEND] sn=86 client=0 req=2434 msg=ClientResponse{orderSn=86,clientSn=2434}
[MESSENGER][OK] client=0 deliver clientSn=2434 sn=86
[RESPONDER][SEND] sn=86 client=0 req=2498 msg=ClientResponse{orderSn=86,clientSn=2498}
[MESSENGER][OK] client=0 deliver clientSn=2498 sn=86
[RESPONDER][SEND] sn=86 client=0 req=2438 msg=ClientResponse{orderSn=86,clientSn=2438}
[MESSENGER][OK] client=0 deliver clientSn=2438 sn=86
[RESPONDER][SEND] sn=86 client=0 req=2502 msg=ClientResponse{orderSn=86,clientSn=2502}
[MESSENGER][OK] client=0 deliver clientSn=2502 sn=86
[RESPONDER][SEND] sn=86 client=0 req=2442 msg=ClientResponse{orderSn=86,clientSn=2442}
[MESSENGER][OK] client=0 deliver clientSn=2442 sn=86
[RESPONDER][SEND] sn=86 client=0 req=2506 msg=ClientResponse{orderSn=86,clientSn=2506}
[MESSENGER][OK] client=0 deliver clientSn=2506 sn=86
[RESPONDER][SEND] sn=86 client=0 req=2446 msg=ClientResponse{orderSn=86,clientSn=2446}
[MESSENGER][OK] client=0 deliver clientSn=2446 sn=86
[RESPONDER][SEND] sn=86 client=0 req=2510 msg=ClientResponse{orderSn=86,clientSn=2510}
[MESSENGER][OK] client=0 deliver clientSn=2510 sn=86
[RESPONDER][SEND] sn=86 client=0 req=2450 msg=ClientResponse{orderSn=86,clientSn=2450}
[MESSENGER][OK] client=0 deliver clientSn=2450 sn=86
[RESPONDER][SEND] sn=86 client=0 req=2514 msg=ClientResponse{orderSn=86,clientSn=2514}
[MESSENGER][OK] client=0 deliver clientSn=2514 sn=86
[RESPONDER][SEND] sn=86 client=0 req=2454 msg=ClientResponse{orderSn=86,clientSn=2454}
[MESSENGER][OK] client=0 deliver clientSn=2454 sn=86
[RESPONDER][SEND] sn=86 client=0 req=2518 msg=ClientResponse{orderSn=86,clientSn=2518}
[MESSENGER][OK] client=0 deliver clientSn=2518 sn=86
[RESPONDER][SEND] sn=86 client=0 req=2458 msg=ClientResponse{orderSn=86,clientSn=2458}
[MESSENGER][OK] client=0 deliver clientSn=2458 sn=86
[RESPONDER][SEND] sn=86 client=0 req=2522 msg=ClientResponse{orderSn=86,clientSn=2522}
[MESSENGER][OK] client=0 deliver clientSn=2522 sn=86
[RESPONDER][SEND] sn=86 client=0 req=2462 msg=ClientResponse{orderSn=86,clientSn=2462}
[MESSENGER][OK] client=0 deliver clientSn=2462 sn=86
[RESPONDER][SEND] sn=86 client=0 req=2526 msg=ClientResponse{orderSn=86,clientSn=2526}
[MESSENGER][OK] client=0 deliver clientSn=2526 sn=86
[RESPONDER][SEND] sn=86 client=0 req=2402 msg=ClientResponse{orderSn=86,clientSn=2402}
[MESSENGER][OK] client=0 deliver clientSn=2402 sn=86
[RESPONDER][SEND] sn=86 client=0 req=2466 msg=ClientResponse{orderSn=86,clientSn=2466}
[MESSENGER][OK] client=0 deliver clientSn=2466 sn=86
[RESPONDER][SEND] sn=86 client=0 req=2406 msg=ClientResponse{orderSn=86,clientSn=2406}
[MESSENGER][OK] client=0 deliver clientSn=2406 sn=86
[RESPONDER][SEND] sn=86 client=0 req=2470 msg=ClientResponse{orderSn=86,clientSn=2470}
[MESSENGER][OK] client=0 deliver clientSn=2470 sn=86
[RESPONDER][SEND] sn=86 client=0 req=2410 msg=ClientResponse{orderSn=86,clientSn=2410}
[MESSENGER][OK] client=0 deliver clientSn=2410 sn=86
[RESPONDER][SEND] sn=86 client=0 req=2474 msg=ClientResponse{orderSn=86,clientSn=2474}
[MESSENGER][OK] client=0 deliver clientSn=2474 sn=86
[RESPONDER][SEND] sn=86 client=0 req=2414 msg=ClientResponse{orderSn=86,clientSn=2414}
[MESSENGER][OK] client=0 deliver clientSn=2414 sn=86
[RESPONDER][SEND] sn=86 client=0 req=2478 msg=ClientResponse{orderSn=86,clientSn=2478}
[MESSENGER][OK] client=0 deliver clientSn=2478 sn=86
[RESPONDER][SEND] sn=86 client=0 req=2418 msg=ClientResponse{orderSn=86,clientSn=2418}
[MESSENGER][OK] client=0 deliver clientSn=2418 sn=86
[RESPONDER][SEND] sn=86 client=0 req=2482 msg=ClientResponse{orderSn=86,clientSn=2482}
[MESSENGER][OK] client=0 deliver clientSn=2482 sn=86
[RESPONDER][SEND] sn=86 client=0 req=2422 msg=ClientResponse{orderSn=86,clientSn=2422}
[MESSENGER][OK] client=0 deliver clientSn=2422 sn=86
[RESPONDER][SEND] sn=86 client=0 req=2486 msg=ClientResponse{orderSn=86,clientSn=2486}
[MESSENGER][OK] client=0 deliver clientSn=2486 sn=86
[RESPONDER][SEND] sn=86 client=0 req=2426 msg=ClientResponse{orderSn=86,clientSn=2426}
[MESSENGER][OK] client=0 deliver clientSn=2426 sn=86
[RESPONDER][SEND] sn=86 client=0 req=2490 msg=ClientResponse{orderSn=86,clientSn=2490}
[MESSENGER][OK] client=0 deliver clientSn=2490 sn=86
[RESPONDER][SEND] sn=86 client=0 req=2430 msg=ClientResponse{orderSn=86,clientSn=2430}
[MESSENGER][OK] client=0 deliver clientSn=2430 sn=86
[RESPONDER][SEND] sn=86 client=0 req=2494 msg=ClientResponse{orderSn=86,clientSn=2494}
[MESSENGER][OK] client=0 deliver clientSn=2494 sn=86
[RESPONDER][ENTRY][DONE] sn=86 sent=32/32
[RESPONDER][ENTRY] sn=87 nreq=32
[RESPONDER][SEND] sn=87 client=0 req=2435 msg=ClientResponse{orderSn=87,clientSn=2435}
[MESSENGER][OK] client=0 deliver clientSn=2435 sn=87
[RESPONDER][SEND] sn=87 client=0 req=2499 msg=ClientResponse{orderSn=87,clientSn=2499}
[MESSENGER][OK] client=0 deliver clientSn=2499 sn=87
[RESPONDER][SEND] sn=87 client=0 req=2439 msg=ClientResponse{orderSn=87,clientSn=2439}
[MESSENGER][OK] client=0 deliver clientSn=2439 sn=87
[RESPONDER][SEND] sn=87 client=0 req=2503 msg=ClientResponse{orderSn=87,clientSn=2503}
[MESSENGER][OK] client=0 deliver clientSn=2503 sn=87
[RESPONDER][SEND] sn=87 client=0 req=2443 msg=ClientResponse{orderSn=87,clientSn=2443}
[MESSENGER][OK] client=0 deliver clientSn=2443 sn=87
[RESPONDER][SEND] sn=87 client=0 req=2507 msg=ClientResponse{orderSn=87,clientSn=2507}
[MESSENGER][OK] client=0 deliver clientSn=2507 sn=87
[RESPONDER][SEND] sn=87 client=0 req=2447 msg=ClientResponse{orderSn=87,clientSn=2447}
[MESSENGER][OK] client=0 deliver clientSn=2447 sn=87
[RESPONDER][SEND] sn=87 client=0 req=2511 msg=ClientResponse{orderSn=87,clientSn=2511}
[MESSENGER][OK] client=0 deliver clientSn=2511 sn=87
[RESPONDER][SEND] sn=87 client=0 req=2451 msg=ClientResponse{orderSn=87,clientSn=2451}
[MESSENGER][OK] client=0 deliver clientSn=2451 sn=87
[RESPONDER][SEND] sn=87 client=0 req=2515 msg=ClientResponse{orderSn=87,clientSn=2515}
[MESSENGER][OK] client=0 deliver clientSn=2515 sn=87
[RESPONDER][SEND] sn=87 client=0 req=2455 msg=ClientResponse{orderSn=87,clientSn=2455}
[MESSENGER][OK] client=0 deliver clientSn=2455 sn=87
[RESPONDER][SEND] sn=87 client=0 req=2519 msg=ClientResponse{orderSn=87,clientSn=2519}
[MESSENGER][OK] client=0 deliver clientSn=2519 sn=87
[RESPONDER][SEND] sn=87 client=0 req=2459 msg=ClientResponse{orderSn=87,clientSn=2459}
[MESSENGER][OK] client=0 deliver clientSn=2459 sn=87
[RESPONDER][SEND] sn=87 client=0 req=2523 msg=ClientResponse{orderSn=87,clientSn=2523}
[MESSENGER][OK] client=0 deliver clientSn=2523 sn=87
[RESPONDER][SEND] sn=87 client=0 req=2399 msg=ClientResponse{orderSn=87,clientSn=2399}
[MESSENGER][OK] client=0 deliver clientSn=2399 sn=87
[RESPONDER][SEND] sn=87 client=0 req=2463 msg=ClientResponse{orderSn=87,clientSn=2463}
[MESSENGER][OK] client=0 deliver clientSn=2463 sn=87
[RESPONDER][SEND] sn=87 client=0 req=2403 msg=ClientResponse{orderSn=87,clientSn=2403}
[MESSENGER][OK] client=0 deliver clientSn=2403 sn=87
[RESPONDER][SEND] sn=87 client=0 req=2467 msg=ClientResponse{orderSn=87,clientSn=2467}
[MESSENGER][OK] client=0 deliver clientSn=2467 sn=87
[RESPONDER][SEND] sn=87 client=0 req=2407 msg=ClientResponse{orderSn=87,clientSn=2407}
[MESSENGER][OK] client=0 deliver clientSn=2407 sn=87
[RESPONDER][SEND] sn=87 client=0 req=2471 msg=ClientResponse{orderSn=87,clientSn=2471}
[MESSENGER][OK] client=0 deliver clientSn=2471 sn=87
[RESPONDER][SEND] sn=87 client=0 req=2411 msg=ClientResponse{orderSn=87,clientSn=2411}
[MESSENGER][OK] client=0 deliver clientSn=2411 sn=87
[RESPONDER][SEND] sn=87 client=0 req=2475 msg=ClientResponse{orderSn=87,clientSn=2475}
[MESSENGER][OK] client=0 deliver clientSn=2475 sn=87
[RESPONDER][SEND] sn=87 client=0 req=2415 msg=ClientResponse{orderSn=87,clientSn=2415}
[MESSENGER][OK] client=0 deliver clientSn=2415 sn=87
[RESPONDER][SEND] sn=87 client=0 req=2479 msg=ClientResponse{orderSn=87,clientSn=2479}
[MESSENGER][OK] client=0 deliver clientSn=2479 sn=87
[RESPONDER][SEND] sn=87 client=0 req=2419 msg=ClientResponse{orderSn=87,clientSn=2419}
[MESSENGER][OK] client=0 deliver clientSn=2419 sn=87
[RESPONDER][SEND] sn=87 client=0 req=2483 msg=ClientResponse{orderSn=87,clientSn=2483}
[MESSENGER][OK] client=0 deliver clientSn=2483 sn=87
[RESPONDER][SEND] sn=87 client=0 req=2423 msg=ClientResponse{orderSn=87,clientSn=2423}
[MESSENGER][OK] client=0 deliver clientSn=2423 sn=87
[RESPONDER][SEND] sn=87 client=0 req=2487 msg=ClientResponse{orderSn=87,clientSn=2487}
[MESSENGER][OK] client=0 deliver clientSn=2487 sn=87
[RESPONDER][SEND] sn=87 client=0 req=2427 msg=ClientResponse{orderSn=87,clientSn=2427}
[MESSENGER][OK] client=0 deliver clientSn=2427 sn=87
[RESPONDER][SEND] sn=87 client=0 req=2491 msg=ClientResponse{orderSn=87,clientSn=2491}
[MESSENGER][OK] client=0 deliver clientSn=2491 sn=87
[RESPONDER][SEND] sn=87 client=0 req=2431 msg=ClientResponse{orderSn=87,clientSn=2431}
[MESSENGER][OK] client=0 deliver clientSn=2431 sn=87
[RESPONDER][SEND] sn=87 client=0 req=2495 msg=ClientResponse{orderSn=87,clientSn=2495}
[MESSENGER][OK] client=0 deliver clientSn=2495 sn=87
[RESPONDER][ENTRY][DONE] sn=87 sent=32/32
21:01:35.853 INF Handling PREPREPARE. nReq=32 senderID=0 sn=88
21:01:35.853 DBG Creating new Batch. nReq=32
21:01:35.855 INF Handling PREPREPARE. nReq=32 senderID=3 sn=91
21:01:35.855 DBG Creating new Batch. nReq=32
21:01:35.855 DBG Sending PREPARE. senderID=2 sn=88 view=0
21:01:35.857 DBG Sending COMMIT. senderID=2 sn=88 view=0
21:01:35.858 DBG Sending PREPARE. senderID=2 sn=91 view=0
21:01:35.860 DBG Sending COMMIT. senderID=2 sn=91 view=0
21:01:35.860 INF Committed entry. latency=0 nReq=32 sn=88
21:01:35.860 INF Delivered batch. nReq=32 sn=88
[RESPONDER][ENTRY] sn=88 nreq=32
[RESPONDER][SEND] sn=88 client=0 req=2560 msg=ClientResponse{orderSn=88,clientSn=2560}
21:01:35.860 DBG Starting timer. sn=92 view=0
[MESSENGER][OK] client=0 deliver clientSn=2560 sn=88
[RESPONDER][SEND] sn=88 client=0 req=2624 msg=ClientResponse{orderSn=88,clientSn=2624}
[MESSENGER][OK] client=0 deliver clientSn=2624 sn=88
[RESPONDER][SEND] sn=88 client=0 req=2564 msg=ClientResponse{orderSn=88,clientSn=2564}
[MESSENGER][OK] client=0 deliver clientSn=2564 sn=88
[RESPONDER][SEND] sn=88 client=0 req=2628 msg=ClientResponse{orderSn=88,clientSn=2628}
[MESSENGER][OK] client=0 deliver clientSn=2628 sn=88
[RESPONDER][SEND] sn=88 client=0 req=2568 msg=ClientResponse{orderSn=88,clientSn=2568}
[MESSENGER][OK] client=0 deliver clientSn=2568 sn=88
[RESPONDER][SEND] sn=88 client=0 req=2632 msg=ClientResponse{orderSn=88,clientSn=2632}
[MESSENGER][OK] client=0 deliver clientSn=2632 sn=88
[RESPONDER][SEND] sn=88 client=0 req=2572 msg=ClientResponse{orderSn=88,clientSn=2572}
[MESSENGER][OK] client=0 deliver clientSn=2572 sn=88
[RESPONDER][SEND] sn=88 client=0 req=2636 msg=ClientResponse{orderSn=88,clientSn=2636}
[MESSENGER][OK] client=0 deliver clientSn=2636 sn=88
[RESPONDER][SEND] sn=88 client=0 req=2576 msg=ClientResponse{orderSn=88,clientSn=2576}
[MESSENGER][OK] client=0 deliver clientSn=2576 sn=88
[RESPONDER][SEND] sn=88 client=0 req=2640 msg=ClientResponse{orderSn=88,clientSn=2640}
[MESSENGER][OK] client=0 deliver clientSn=2640 sn=88
[RESPONDER][SEND] sn=88 client=0 req=2580 msg=ClientResponse{orderSn=88,clientSn=2580}
[MESSENGER][OK] client=0 deliver clientSn=2580 sn=88
[RESPONDER][SEND] sn=88 client=0 req=2644 msg=ClientResponse{orderSn=88,clientSn=2644}
[MESSENGER][OK] client=0 deliver clientSn=2644 sn=88
[RESPONDER][SEND] sn=88 client=0 req=2584 msg=ClientResponse{orderSn=88,clientSn=2584}
[MESSENGER][OK] client=0 deliver clientSn=2584 sn=88
[RESPONDER][SEND] sn=88 client=0 req=2648 msg=ClientResponse{orderSn=88,clientSn=2648}
[MESSENGER][OK] client=0 deliver clientSn=2648 sn=88
[RESPONDER][SEND] sn=88 client=0 req=2588 msg=ClientResponse{orderSn=88,clientSn=2588}
[MESSENGER][OK] client=0 deliver clientSn=2588 sn=88
[RESPONDER][SEND] sn=88 client=0 req=2652 msg=ClientResponse{orderSn=88,clientSn=2652}
[MESSENGER][OK] client=0 deliver clientSn=2652 sn=88
[RESPONDER][SEND] sn=88 client=0 req=2528 msg=ClientResponse{orderSn=88,clientSn=2528}
[MESSENGER][OK] client=0 deliver clientSn=2528 sn=88
[RESPONDER][SEND] sn=88 client=0 req=2592 msg=ClientResponse{orderSn=88,clientSn=2592}
[MESSENGER][OK] client=0 deliver clientSn=2592 sn=88
[RESPONDER][SEND] sn=88 client=0 req=2532 msg=ClientResponse{orderSn=88,clientSn=2532}
[MESSENGER][OK] client=0 deliver clientSn=2532 sn=88
[RESPONDER][SEND] sn=88 client=0 req=2596 msg=ClientResponse{orderSn=88,clientSn=2596}
[MESSENGER][OK] client=0 deliver clientSn=2596 sn=88
[RESPONDER][SEND] sn=88 client=0 req=2536 msg=ClientResponse{orderSn=88,clientSn=2536}
[MESSENGER][OK] client=0 deliver clientSn=2536 sn=88
[RESPONDER][SEND] sn=88 client=0 req=2600 msg=ClientResponse{orderSn=88,clientSn=2600}
[MESSENGER][OK] client=0 deliver clientSn=2600 sn=88
[RESPONDER][SEND] sn=88 client=0 req=2540 msg=ClientResponse{orderSn=88,clientSn=2540}
[MESSENGER][OK] client=0 deliver clientSn=2540 sn=88
[RESPONDER][SEND] sn=88 client=0 req=2604 msg=ClientResponse{orderSn=88,clientSn=2604}
[MESSENGER][OK] client=0 deliver clientSn=2604 sn=88
[RESPONDER][SEND] sn=88 client=0 req=2544 msg=ClientResponse{orderSn=88,clientSn=2544}
[MESSENGER][OK] client=0 deliver clientSn=2544 sn=88
[RESPONDER][SEND] sn=88 client=0 req=2608 msg=ClientResponse{orderSn=88,clientSn=2608}
[MESSENGER][OK] client=0 deliver clientSn=2608 sn=88
[RESPONDER][SEND] sn=88 client=0 req=2548 msg=ClientResponse{orderSn=88,clientSn=2548}
[MESSENGER][OK] client=0 deliver clientSn=2548 sn=88
[RESPONDER][SEND] sn=88 client=0 req=2612 msg=ClientResponse{orderSn=88,clientSn=2612}
[MESSENGER][OK] client=0 deliver clientSn=2612 sn=88
[RESPONDER][SEND] sn=88 client=0 req=2552 msg=ClientResponse{orderSn=88,clientSn=2552}
[MESSENGER][OK] client=0 deliver clientSn=2552 sn=88
[RESPONDER][SEND] sn=88 client=0 req=2616 msg=ClientResponse{orderSn=88,clientSn=2616}
[MESSENGER][OK] client=0 deliver clientSn=2616 sn=88
[RESPONDER][SEND] sn=88 client=0 req=2556 msg=ClientResponse{orderSn=88,clientSn=2556}
[MESSENGER][OK] client=0 deliver clientSn=2556 sn=88
[RESPONDER][SEND] sn=88 client=0 req=2620 msg=ClientResponse{orderSn=88,clientSn=2620}
[MESSENGER][OK] client=0 deliver clientSn=2620 sn=88
[RESPONDER][ENTRY][DONE] sn=88 sent=32/32
21:01:35.863 DBG Batch ready. batchSize=4096
21:01:35.863 INF Committed entry. latency=0 nReq=32 sn=91
21:01:35.863 DBG Starting timer. sn=95 view=0
21:01:35.863 DBG Batch cut. left=0 nBuckets=16 nReq=32 next=0
21:01:35.864 DBG Waiting for batch. batchSize=4096
21:01:35.865 INF Sending PREPREPARE. nReq=32 senderID=2 sn=90 view=0
21:01:35.868 INF Handling PREPREPARE. nReq=32 senderID=1 sn=89
21:01:35.869 DBG Creating new Batch. nReq=32
21:01:35.873 DBG Sending PREPARE. senderID=2 sn=89 view=0
21:01:35.875 DBG Sending COMMIT. senderID=2 sn=89 view=0
21:01:35.875 DBG Sending COMMIT. senderID=2 sn=90 view=0
21:01:35.876 INF Committed entry. latency=0 nReq=32 sn=90
21:01:35.877 DBG Starting timer. sn=94 view=0
21:01:35.877 INF Committed entry. latency=0 nReq=32 sn=89
21:01:35.877 INF Delivered batch. nReq=32 sn=89
21:01:35.877 INF Delivered batch. nReq=32 sn=90
[RESPONDER][ENTRY] sn=89 nreq=32
21:01:35.877 INF Delivered batch. nReq=32 sn=91
[RESPONDER][SEND] sn=89 client=0 req=2561 msg=ClientResponse{orderSn=89,clientSn=2561}
21:01:35.877 DBG Starting timer. sn=93 view=0
[MESSENGER][OK] client=0 deliver clientSn=2561 sn=89
[RESPONDER][SEND] sn=89 client=0 req=2625 msg=ClientResponse{orderSn=89,clientSn=2625}
[MESSENGER][OK] client=0 deliver clientSn=2625 sn=89
[RESPONDER][SEND] sn=89 client=0 req=2565 msg=ClientResponse{orderSn=89,clientSn=2565}
[MESSENGER][OK] client=0 deliver clientSn=2565 sn=89
[RESPONDER][SEND] sn=89 client=0 req=2629 msg=ClientResponse{orderSn=89,clientSn=2629}
[MESSENGER][OK] client=0 deliver clientSn=2629 sn=89
[RESPONDER][SEND] sn=89 client=0 req=2569 msg=ClientResponse{orderSn=89,clientSn=2569}
[MESSENGER][OK] client=0 deliver clientSn=2569 sn=89
[RESPONDER][SEND] sn=89 client=0 req=2633 msg=ClientResponse{orderSn=89,clientSn=2633}
[MESSENGER][OK] client=0 deliver clientSn=2633 sn=89
[RESPONDER][SEND] sn=89 client=0 req=2573 msg=ClientResponse{orderSn=89,clientSn=2573}
[MESSENGER][OK] client=0 deliver clientSn=2573 sn=89
[RESPONDER][SEND] sn=89 client=0 req=2637 msg=ClientResponse{orderSn=89,clientSn=2637}
[MESSENGER][OK] client=0 deliver clientSn=2637 sn=89
[RESPONDER][SEND] sn=89 client=0 req=2577 msg=ClientResponse{orderSn=89,clientSn=2577}
[MESSENGER][OK] client=0 deliver clientSn=2577 sn=89
[RESPONDER][SEND] sn=89 client=0 req=2641 msg=ClientResponse{orderSn=89,clientSn=2641}
[MESSENGER][OK] client=0 deliver clientSn=2641 sn=89
[RESPONDER][SEND] sn=89 client=0 req=2581 msg=ClientResponse{orderSn=89,clientSn=2581}
[MESSENGER][OK] client=0 deliver clientSn=2581 sn=89
[RESPONDER][SEND] sn=89 client=0 req=2645 msg=ClientResponse{orderSn=89,clientSn=2645}
[MESSENGER][OK] client=0 deliver clientSn=2645 sn=89
[RESPONDER][SEND] sn=89 client=0 req=2585 msg=ClientResponse{orderSn=89,clientSn=2585}
[MESSENGER][OK] client=0 deliver clientSn=2585 sn=89
[RESPONDER][SEND] sn=89 client=0 req=2649 msg=ClientResponse{orderSn=89,clientSn=2649}
[MESSENGER][OK] client=0 deliver clientSn=2649 sn=89
[RESPONDER][SEND] sn=89 client=0 req=2589 msg=ClientResponse{orderSn=89,clientSn=2589}
[MESSENGER][OK] client=0 deliver clientSn=2589 sn=89
[RESPONDER][SEND] sn=89 client=0 req=2653 msg=ClientResponse{orderSn=89,clientSn=2653}
[MESSENGER][OK] client=0 deliver clientSn=2653 sn=89
[RESPONDER][SEND] sn=89 client=0 req=2529 msg=ClientResponse{orderSn=89,clientSn=2529}
[MESSENGER][OK] client=0 deliver clientSn=2529 sn=89
[RESPONDER][SEND] sn=89 client=0 req=2593 msg=ClientResponse{orderSn=89,clientSn=2593}
[MESSENGER][OK] client=0 deliver clientSn=2593 sn=89
[RESPONDER][SEND] sn=89 client=0 req=2533 msg=ClientResponse{orderSn=89,clientSn=2533}
[MESSENGER][OK] client=0 deliver clientSn=2533 sn=89
[RESPONDER][SEND] sn=89 client=0 req=2597 msg=ClientResponse{orderSn=89,clientSn=2597}
[MESSENGER][OK] client=0 deliver clientSn=2597 sn=89
[RESPONDER][SEND] sn=89 client=0 req=2537 msg=ClientResponse{orderSn=89,clientSn=2537}
[MESSENGER][OK] client=0 deliver clientSn=2537 sn=89
[RESPONDER][SEND] sn=89 client=0 req=2601 msg=ClientResponse{orderSn=89,clientSn=2601}
[MESSENGER][OK] client=0 deliver clientSn=2601 sn=89
[RESPONDER][SEND] sn=89 client=0 req=2541 msg=ClientResponse{orderSn=89,clientSn=2541}
[MESSENGER][OK] client=0 deliver clientSn=2541 sn=89
[RESPONDER][SEND] sn=89 client=0 req=2605 msg=ClientResponse{orderSn=89,clientSn=2605}
[MESSENGER][OK] client=0 deliver clientSn=2605 sn=89
[RESPONDER][SEND] sn=89 client=0 req=2545 msg=ClientResponse{orderSn=89,clientSn=2545}
[MESSENGER][OK] client=0 deliver clientSn=2545 sn=89
[RESPONDER][SEND] sn=89 client=0 req=2609 msg=ClientResponse{orderSn=89,clientSn=2609}
[MESSENGER][OK] client=0 deliver clientSn=2609 sn=89
[RESPONDER][SEND] sn=89 client=0 req=2549 msg=ClientResponse{orderSn=89,clientSn=2549}
[MESSENGER][OK] client=0 deliver clientSn=2549 sn=89
[RESPONDER][SEND] sn=89 client=0 req=2613 msg=ClientResponse{orderSn=89,clientSn=2613}
[MESSENGER][OK] client=0 deliver clientSn=2613 sn=89
[RESPONDER][SEND] sn=89 client=0 req=2553 msg=ClientResponse{orderSn=89,clientSn=2553}
[MESSENGER][OK] client=0 deliver clientSn=2553 sn=89
[RESPONDER][SEND] sn=89 client=0 req=2617 msg=ClientResponse{orderSn=89,clientSn=2617}
[MESSENGER][OK] client=0 deliver clientSn=2617 sn=89
[RESPONDER][SEND] sn=89 client=0 req=2557 msg=ClientResponse{orderSn=89,clientSn=2557}
[MESSENGER][OK] client=0 deliver clientSn=2557 sn=89
[RESPONDER][SEND] sn=89 client=0 req=2621 msg=ClientResponse{orderSn=89,clientSn=2621}
[MESSENGER][OK] client=0 deliver clientSn=2621 sn=89
[RESPONDER][ENTRY][DONE] sn=89 sent=32/32
[RESPONDER][ENTRY] sn=90 nreq=32
[RESPONDER][SEND] sn=90 client=0 req=2562 msg=ClientResponse{orderSn=90,clientSn=2562}
[MESSENGER][OK] client=0 deliver clientSn=2562 sn=90
[RESPONDER][SEND] sn=90 client=0 req=2626 msg=ClientResponse{orderSn=90,clientSn=2626}
[MESSENGER][OK] client=0 deliver clientSn=2626 sn=90
[RESPONDER][SEND] sn=90 client=0 req=2566 msg=ClientResponse{orderSn=90,clientSn=2566}
[MESSENGER][OK] client=0 deliver clientSn=2566 sn=90
[RESPONDER][SEND] sn=90 client=0 req=2630 msg=ClientResponse{orderSn=90,clientSn=2630}
[MESSENGER][OK] client=0 deliver clientSn=2630 sn=90
[RESPONDER][SEND] sn=90 client=0 req=2570 msg=ClientResponse{orderSn=90,clientSn=2570}
[MESSENGER][OK] client=0 deliver clientSn=2570 sn=90
[RESPONDER][SEND] sn=90 client=0 req=2634 msg=ClientResponse{orderSn=90,clientSn=2634}
[MESSENGER][OK] client=0 deliver clientSn=2634 sn=90
[RESPONDER][SEND] sn=90 client=0 req=2574 msg=ClientResponse{orderSn=90,clientSn=2574}
[MESSENGER][OK] client=0 deliver clientSn=2574 sn=90
[RESPONDER][SEND] sn=90 client=0 req=2638 msg=ClientResponse{orderSn=90,clientSn=2638}
[MESSENGER][OK] client=0 deliver clientSn=2638 sn=90
[RESPONDER][SEND] sn=90 client=0 req=2578 msg=ClientResponse{orderSn=90,clientSn=2578}
[MESSENGER][OK] client=0 deliver clientSn=2578 sn=90
[RESPONDER][SEND] sn=90 client=0 req=2642 msg=ClientResponse{orderSn=90,clientSn=2642}
[MESSENGER][OK] client=0 deliver clientSn=2642 sn=90
[RESPONDER][SEND] sn=90 client=0 req=2582 msg=ClientResponse{orderSn=90,clientSn=2582}
[MESSENGER][OK] client=0 deliver clientSn=2582 sn=90
[RESPONDER][SEND] sn=90 client=0 req=2646 msg=ClientResponse{orderSn=90,clientSn=2646}
[MESSENGER][OK] client=0 deliver clientSn=2646 sn=90
[RESPONDER][SEND] sn=90 client=0 req=2586 msg=ClientResponse{orderSn=90,clientSn=2586}
[MESSENGER][OK] client=0 deliver clientSn=2586 sn=90
[RESPONDER][SEND] sn=90 client=0 req=2650 msg=ClientResponse{orderSn=90,clientSn=2650}
[MESSENGER][OK] client=0 deliver clientSn=2650 sn=90
[RESPONDER][SEND] sn=90 client=0 req=2590 msg=ClientResponse{orderSn=90,clientSn=2590}
[MESSENGER][OK] client=0 deliver clientSn=2590 sn=90
[RESPONDER][SEND] sn=90 client=0 req=2654 msg=ClientResponse{orderSn=90,clientSn=2654}
[MESSENGER][OK] client=0 deliver clientSn=2654 sn=90
[RESPONDER][SEND] sn=90 client=0 req=2530 msg=ClientResponse{orderSn=90,clientSn=2530}
[MESSENGER][OK] client=0 deliver clientSn=2530 sn=90
[RESPONDER][SEND] sn=90 client=0 req=2594 msg=ClientResponse{orderSn=90,clientSn=2594}
[MESSENGER][OK] client=0 deliver clientSn=2594 sn=90
[RESPONDER][SEND] sn=90 client=0 req=2534 msg=ClientResponse{orderSn=90,clientSn=2534}
[MESSENGER][OK] client=0 deliver clientSn=2534 sn=90
[RESPONDER][SEND] sn=90 client=0 req=2598 msg=ClientResponse{orderSn=90,clientSn=2598}
[MESSENGER][OK] client=0 deliver clientSn=2598 sn=90
[RESPONDER][SEND] sn=90 client=0 req=2538 msg=ClientResponse{orderSn=90,clientSn=2538}
[MESSENGER][OK] client=0 deliver clientSn=2538 sn=90
[RESPONDER][SEND] sn=90 client=0 req=2602 msg=ClientResponse{orderSn=90,clientSn=2602}
[MESSENGER][OK] client=0 deliver clientSn=2602 sn=90
[RESPONDER][SEND] sn=90 client=0 req=2542 msg=ClientResponse{orderSn=90,clientSn=2542}
[MESSENGER][OK] client=0 deliver clientSn=2542 sn=90
[RESPONDER][SEND] sn=90 client=0 req=2606 msg=ClientResponse{orderSn=90,clientSn=2606}
[MESSENGER][OK] client=0 deliver clientSn=2606 sn=90
[RESPONDER][SEND] sn=90 client=0 req=2546 msg=ClientResponse{orderSn=90,clientSn=2546}
[MESSENGER][OK] client=0 deliver clientSn=2546 sn=90
[RESPONDER][SEND] sn=90 client=0 req=2610 msg=ClientResponse{orderSn=90,clientSn=2610}
[MESSENGER][OK] client=0 deliver clientSn=2610 sn=90
[RESPONDER][SEND] sn=90 client=0 req=2550 msg=ClientResponse{orderSn=90,clientSn=2550}
[MESSENGER][OK] client=0 deliver clientSn=2550 sn=90
[RESPONDER][SEND] sn=90 client=0 req=2614 msg=ClientResponse{orderSn=90,clientSn=2614}
[MESSENGER][OK] client=0 deliver clientSn=2614 sn=90
[RESPONDER][SEND] sn=90 client=0 req=2554 msg=ClientResponse{orderSn=90,clientSn=2554}
[MESSENGER][OK] client=0 deliver clientSn=2554 sn=90
[RESPONDER][SEND] sn=90 client=0 req=2618 msg=ClientResponse{orderSn=90,clientSn=2618}
[MESSENGER][OK] client=0 deliver clientSn=2618 sn=90
[RESPONDER][SEND] sn=90 client=0 req=2558 msg=ClientResponse{orderSn=90,clientSn=2558}
[MESSENGER][OK] client=0 deliver clientSn=2558 sn=90
[RESPONDER][SEND] sn=90 client=0 req=2622 msg=ClientResponse{orderSn=90,clientSn=2622}
[MESSENGER][OK] client=0 deliver clientSn=2622 sn=90
[RESPONDER][ENTRY][DONE] sn=90 sent=32/32
[RESPONDER][ENTRY] sn=91 nreq=32
[RESPONDER][SEND] sn=91 client=0 req=2563 msg=ClientResponse{orderSn=91,clientSn=2563}
[MESSENGER][OK] client=0 deliver clientSn=2563 sn=91
[RESPONDER][SEND] sn=91 client=0 req=2627 msg=ClientResponse{orderSn=91,clientSn=2627}
[MESSENGER][OK] client=0 deliver clientSn=2627 sn=91
[RESPONDER][SEND] sn=91 client=0 req=2567 msg=ClientResponse{orderSn=91,clientSn=2567}
[MESSENGER][OK] client=0 deliver clientSn=2567 sn=91
[RESPONDER][SEND] sn=91 client=0 req=2631 msg=ClientResponse{orderSn=91,clientSn=2631}
[MESSENGER][OK] client=0 deliver clientSn=2631 sn=91
[RESPONDER][SEND] sn=91 client=0 req=2571 msg=ClientResponse{orderSn=91,clientSn=2571}
[MESSENGER][OK] client=0 deliver clientSn=2571 sn=91
[RESPONDER][SEND] sn=91 client=0 req=2635 msg=ClientResponse{orderSn=91,clientSn=2635}
[MESSENGER][OK] client=0 deliver clientSn=2635 sn=91
[RESPONDER][SEND] sn=91 client=0 req=2575 msg=ClientResponse{orderSn=91,clientSn=2575}
[MESSENGER][OK] client=0 deliver clientSn=2575 sn=91
[RESPONDER][SEND] sn=91 client=0 req=2639 msg=ClientResponse{orderSn=91,clientSn=2639}
[MESSENGER][OK] client=0 deliver clientSn=2639 sn=91
[RESPONDER][SEND] sn=91 client=0 req=2579 msg=ClientResponse{orderSn=91,clientSn=2579}
[MESSENGER][OK] client=0 deliver clientSn=2579 sn=91
[RESPONDER][SEND] sn=91 client=0 req=2643 msg=ClientResponse{orderSn=91,clientSn=2643}
[MESSENGER][OK] client=0 deliver clientSn=2643 sn=91
[RESPONDER][SEND] sn=91 client=0 req=2583 msg=ClientResponse{orderSn=91,clientSn=2583}
[MESSENGER][OK] client=0 deliver clientSn=2583 sn=91
[RESPONDER][SEND] sn=91 client=0 req=2647 msg=ClientResponse{orderSn=91,clientSn=2647}
[MESSENGER][OK] client=0 deliver clientSn=2647 sn=91
[RESPONDER][SEND] sn=91 client=0 req=2587 msg=ClientResponse{orderSn=91,clientSn=2587}
[MESSENGER][OK] client=0 deliver clientSn=2587 sn=91
[RESPONDER][SEND] sn=91 client=0 req=2651 msg=ClientResponse{orderSn=91,clientSn=2651}
[MESSENGER][OK] client=0 deliver clientSn=2651 sn=91
[RESPONDER][SEND] sn=91 client=0 req=2527 msg=ClientResponse{orderSn=91,clientSn=2527}
[MESSENGER][OK] client=0 deliver clientSn=2527 sn=91
[RESPONDER][SEND] sn=91 client=0 req=2591 msg=ClientResponse{orderSn=91,clientSn=2591}
[MESSENGER][OK] client=0 deliver clientSn=2591 sn=91
[RESPONDER][SEND] sn=91 client=0 req=2531 msg=ClientResponse{orderSn=91,clientSn=2531}
[MESSENGER][OK] client=0 deliver clientSn=2531 sn=91
[RESPONDER][SEND] sn=91 client=0 req=2595 msg=ClientResponse{orderSn=91,clientSn=2595}
[MESSENGER][OK] client=0 deliver clientSn=2595 sn=91
[RESPONDER][SEND] sn=91 client=0 req=2535 msg=ClientResponse{orderSn=91,clientSn=2535}
[MESSENGER][OK] client=0 deliver clientSn=2535 sn=91
[RESPONDER][SEND] sn=91 client=0 req=2599 msg=ClientResponse{orderSn=91,clientSn=2599}
[MESSENGER][OK] client=0 deliver clientSn=2599 sn=91
[RESPONDER][SEND] sn=91 client=0 req=2539 msg=ClientResponse{orderSn=91,clientSn=2539}
[MESSENGER][OK] client=0 deliver clientSn=2539 sn=91
[RESPONDER][SEND] sn=91 client=0 req=2603 msg=ClientResponse{orderSn=91,clientSn=2603}
[MESSENGER][OK] client=0 deliver clientSn=2603 sn=91
[RESPONDER][SEND] sn=91 client=0 req=2543 msg=ClientResponse{orderSn=91,clientSn=2543}
[MESSENGER][OK] client=0 deliver clientSn=2543 sn=91
[RESPONDER][SEND] sn=91 client=0 req=2607 msg=ClientResponse{orderSn=91,clientSn=2607}
[MESSENGER][OK] client=0 deliver clientSn=2607 sn=91
[RESPONDER][SEND] sn=91 client=0 req=2547 msg=ClientResponse{orderSn=91,clientSn=2547}
[MESSENGER][OK] client=0 deliver clientSn=2547 sn=91
[RESPONDER][SEND] sn=91 client=0 req=2611 msg=ClientResponse{orderSn=91,clientSn=2611}
[MESSENGER][OK] client=0 deliver clientSn=2611 sn=91
[RESPONDER][SEND] sn=91 client=0 req=2551 msg=ClientResponse{orderSn=91,clientSn=2551}
[MESSENGER][OK] client=0 deliver clientSn=2551 sn=91
[RESPONDER][SEND] sn=91 client=0 req=2615 msg=ClientResponse{orderSn=91,clientSn=2615}
[MESSENGER][OK] client=0 deliver clientSn=2615 sn=91
[RESPONDER][SEND] sn=91 client=0 req=2555 msg=ClientResponse{orderSn=91,clientSn=2555}
[MESSENGER][OK] client=0 deliver clientSn=2555 sn=91
[RESPONDER][SEND] sn=91 client=0 req=2619 msg=ClientResponse{orderSn=91,clientSn=2619}
[MESSENGER][OK] client=0 deliver clientSn=2619 sn=91
[RESPONDER][SEND] sn=91 client=0 req=2559 msg=ClientResponse{orderSn=91,clientSn=2559}
[MESSENGER][OK] client=0 deliver clientSn=2559 sn=91
[RESPONDER][SEND] sn=91 client=0 req=2623 msg=ClientResponse{orderSn=91,clientSn=2623}
[MESSENGER][OK] client=0 deliver clientSn=2623 sn=91
[RESPONDER][ENTRY][DONE] sn=91 sent=32/32
21:01:36.854 INF Handling PREPREPARE. nReq=32 senderID=0 sn=92
21:01:36.854 DBG Creating new Batch. nReq=32
21:01:36.856 INF Handling PREPREPARE. nReq=32 senderID=3 sn=95
21:01:36.856 DBG Creating new Batch. nReq=32
21:01:36.856 DBG Sending PREPARE. senderID=2 sn=92 view=0
21:01:36.859 DBG Sending PREPARE. senderID=2 sn=95 view=0
21:01:36.859 DBG Sending COMMIT. senderID=2 sn=92 view=0
21:01:36.860 DBG Sending COMMIT. senderID=2 sn=95 view=0
21:01:36.861 INF Committed entry. latency=0 nReq=32 sn=92
21:01:36.861 INF Delivered batch. nReq=32 sn=92
[RESPONDER][ENTRY] sn=92 nreq=32
[RESPONDER][SEND] sn=92 client=0 req=2688 msg=ClientResponse{orderSn=92,clientSn=2688}
21:01:36.861 DBG Starting timer. sn=96 view=0
[MESSENGER][OK] client=0 deliver clientSn=2688 sn=92
[RESPONDER][SEND] sn=92 client=0 req=2752 msg=ClientResponse{orderSn=92,clientSn=2752}
[MESSENGER][OK] client=0 deliver clientSn=2752 sn=92
[RESPONDER][SEND] sn=92 client=0 req=2692 msg=ClientResponse{orderSn=92,clientSn=2692}
[MESSENGER][OK] client=0 deliver clientSn=2692 sn=92
[RESPONDER][SEND] sn=92 client=0 req=2756 msg=ClientResponse{orderSn=92,clientSn=2756}
[MESSENGER][OK] client=0 deliver clientSn=2756 sn=92
[RESPONDER][SEND] sn=92 client=0 req=2696 msg=ClientResponse{orderSn=92,clientSn=2696}
[MESSENGER][OK] client=0 deliver clientSn=2696 sn=92
[RESPONDER][SEND] sn=92 client=0 req=2760 msg=ClientResponse{orderSn=92,clientSn=2760}
[MESSENGER][OK] client=0 deliver clientSn=2760 sn=92
[RESPONDER][SEND] sn=92 client=0 req=2700 msg=ClientResponse{orderSn=92,clientSn=2700}
[MESSENGER][OK] client=0 deliver clientSn=2700 sn=92
[RESPONDER][SEND] sn=92 client=0 req=2764 msg=ClientResponse{orderSn=92,clientSn=2764}
[MESSENGER][OK] client=0 deliver clientSn=2764 sn=92
[RESPONDER][SEND] sn=92 client=0 req=2704 msg=ClientResponse{orderSn=92,clientSn=2704}
[MESSENGER][OK] client=0 deliver clientSn=2704 sn=92
[RESPONDER][SEND] sn=92 client=0 req=2768 msg=ClientResponse{orderSn=92,clientSn=2768}
[MESSENGER][OK] client=0 deliver clientSn=2768 sn=92
[RESPONDER][SEND] sn=92 client=0 req=2708 msg=ClientResponse{orderSn=92,clientSn=2708}
[MESSENGER][OK] client=0 deliver clientSn=2708 sn=92
[RESPONDER][SEND] sn=92 client=0 req=2772 msg=ClientResponse{orderSn=92,clientSn=2772}
[MESSENGER][OK] client=0 deliver clientSn=2772 sn=92
[RESPONDER][SEND] sn=92 client=0 req=2712 msg=ClientResponse{orderSn=92,clientSn=2712}
[MESSENGER][OK] client=0 deliver clientSn=2712 sn=92
[RESPONDER][SEND] sn=92 client=0 req=2776 msg=ClientResponse{orderSn=92,clientSn=2776}
[MESSENGER][OK] client=0 deliver clientSn=2776 sn=92
[RESPONDER][SEND] sn=92 client=0 req=2716 msg=ClientResponse{orderSn=92,clientSn=2716}
[MESSENGER][OK] client=0 deliver clientSn=2716 sn=92
[RESPONDER][SEND] sn=92 client=0 req=2780 msg=ClientResponse{orderSn=92,clientSn=2780}
[MESSENGER][OK] client=0 deliver clientSn=2780 sn=92
[RESPONDER][SEND] sn=92 client=0 req=2656 msg=ClientResponse{orderSn=92,clientSn=2656}
[MESSENGER][OK] client=0 deliver clientSn=2656 sn=92
[RESPONDER][SEND] sn=92 client=0 req=2720 msg=ClientResponse{orderSn=92,clientSn=2720}
21:01:36.862 INF Committed entry. latency=0 nReq=32 sn=95
21:01:36.862 DBG Starting timer. sn=99 view=0
[MESSENGER][OK] client=0 deliver clientSn=2720 sn=92
[RESPONDER][SEND] sn=92 client=0 req=2660 msg=ClientResponse{orderSn=92,clientSn=2660}
[MESSENGER][OK] client=0 deliver clientSn=2660 sn=92
[RESPONDER][SEND] sn=92 client=0 req=2724 msg=ClientResponse{orderSn=92,clientSn=2724}
[MESSENGER][OK] client=0 deliver clientSn=2724 sn=92
[RESPONDER][SEND] sn=92 client=0 req=2664 msg=ClientResponse{orderSn=92,clientSn=2664}
[MESSENGER][OK] client=0 deliver clientSn=2664 sn=92
[RESPONDER][SEND] sn=92 client=0 req=2728 msg=ClientResponse{orderSn=92,clientSn=2728}
[MESSENGER][OK] client=0 deliver clientSn=2728 sn=92
[RESPONDER][SEND] sn=92 client=0 req=2668 msg=ClientResponse{orderSn=92,clientSn=2668}
[MESSENGER][OK] client=0 deliver clientSn=2668 sn=92
[RESPONDER][SEND] sn=92 client=0 req=2732 msg=ClientResponse{orderSn=92,clientSn=2732}
[MESSENGER][OK] client=0 deliver clientSn=2732 sn=92
[RESPONDER][SEND] sn=92 client=0 req=2672 msg=ClientResponse{orderSn=92,clientSn=2672}
[MESSENGER][OK] client=0 deliver clientSn=2672 sn=92
[RESPONDER][SEND] sn=92 client=0 req=2736 msg=ClientResponse{orderSn=92,clientSn=2736}
[MESSENGER][OK] client=0 deliver clientSn=2736 sn=92
[RESPONDER][SEND] sn=92 client=0 req=2676 msg=ClientResponse{orderSn=92,clientSn=2676}
[MESSENGER][OK] client=0 deliver clientSn=2676 sn=92
[RESPONDER][SEND] sn=92 client=0 req=2740 msg=ClientResponse{orderSn=92,clientSn=2740}
[MESSENGER][OK] client=0 deliver clientSn=2740 sn=92
[RESPONDER][SEND] sn=92 client=0 req=2680 msg=ClientResponse{orderSn=92,clientSn=2680}
[MESSENGER][OK] client=0 deliver clientSn=2680 sn=92
[RESPONDER][SEND] sn=92 client=0 req=2744 msg=ClientResponse{orderSn=92,clientSn=2744}
[MESSENGER][OK] client=0 deliver clientSn=2744 sn=92
[RESPONDER][SEND] sn=92 client=0 req=2684 msg=ClientResponse{orderSn=92,clientSn=2684}
[MESSENGER][OK] client=0 deliver clientSn=2684 sn=92
[RESPONDER][SEND] sn=92 client=0 req=2748 msg=ClientResponse{orderSn=92,clientSn=2748}
[MESSENGER][OK] client=0 deliver clientSn=2748 sn=92
[RESPONDER][ENTRY][DONE] sn=92 sent=32/32
21:01:36.864 DBG Batch ready. batchSize=4096
21:01:36.865 DBG Batch cut. left=0 nBuckets=16 nReq=32 next=0
21:01:36.865 DBG Waiting for batch. batchSize=4096
21:01:36.867 INF Sending PREPREPARE. nReq=32 senderID=2 sn=94 view=0
21:01:36.872 INF Handling PREPREPARE. nReq=32 senderID=1 sn=93
21:01:36.872 DBG Creating new Batch. nReq=32
21:01:36.876 DBG Sending PREPARE. senderID=2 sn=93 view=0
21:01:36.876 DBG Sending COMMIT. senderID=2 sn=93 view=0
21:01:36.877 DBG Sending COMMIT. senderID=2 sn=94 view=0
21:01:36.878 INF Committed entry. latency=0 nReq=32 sn=93
21:01:36.878 INF Committed entry. latency=0 nReq=32 sn=94
21:01:36.878 INF Delivered batch. nReq=32 sn=93
21:01:36.878 INF Delivered batch. nReq=32 sn=94
21:01:36.878 INF Delivered batch. nReq=32 sn=95
21:01:36.878 DBG Starting timer. sn=97 view=0
[RESPONDER][ENTRY] sn=93 nreq=32
[RESPONDER][SEND] sn=93 client=0 req=2689 msg=ClientResponse{orderSn=93,clientSn=2689}
[MESSENGER][OK] client=0 deliver clientSn=2689 sn=93
[RESPONDER][SEND] sn=93 client=0 req=2753 msg=ClientResponse{orderSn=93,clientSn=2753}
[MESSENGER][OK] client=0 deliver clientSn=2753 sn=93
[RESPONDER][SEND] sn=93 client=0 req=2693 msg=ClientResponse{orderSn=93,clientSn=2693}
[MESSENGER][OK] client=0 deliver clientSn=2693 sn=93
[RESPONDER][SEND] sn=93 client=0 req=2757 msg=ClientResponse{orderSn=93,clientSn=2757}
[MESSENGER][OK] client=0 deliver clientSn=2757 sn=93
[RESPONDER][SEND] sn=93 client=0 req=2697 msg=ClientResponse{orderSn=93,clientSn=2697}
[MESSENGER][OK] client=0 deliver clientSn=2697 sn=93
[RESPONDER][SEND] sn=93 client=0 req=2761 msg=ClientResponse{orderSn=93,clientSn=2761}
[MESSENGER][OK] client=0 deliver clientSn=2761 sn=93
[RESPONDER][SEND] sn=93 client=0 req=2701 msg=ClientResponse{orderSn=93,clientSn=2701}
[MESSENGER][OK] client=0 deliver clientSn=2701 sn=93
[RESPONDER][SEND] sn=93 client=0 req=2765 msg=ClientResponse{orderSn=93,clientSn=2765}
[MESSENGER][OK] client=0 deliver clientSn=2765 sn=93
[RESPONDER][SEND] sn=93 client=0 req=2705 msg=ClientResponse{orderSn=93,clientSn=2705}
[MESSENGER][OK] client=0 deliver clientSn=2705 sn=93
[RESPONDER][SEND] sn=93 client=0 req=2769 msg=ClientResponse{orderSn=93,clientSn=2769}
21:01:36.879 DBG Starting timer. sn=98 view=0
[MESSENGER][OK] client=0 deliver clientSn=2769 sn=93
[RESPONDER][SEND] sn=93 client=0 req=2709 msg=ClientResponse{orderSn=93,clientSn=2709}
[MESSENGER][OK] client=0 deliver clientSn=2709 sn=93
[RESPONDER][SEND] sn=93 client=0 req=2773 msg=ClientResponse{orderSn=93,clientSn=2773}
[MESSENGER][OK] client=0 deliver clientSn=2773 sn=93
[RESPONDER][SEND] sn=93 client=0 req=2713 msg=ClientResponse{orderSn=93,clientSn=2713}
[MESSENGER][OK] client=0 deliver clientSn=2713 sn=93
[RESPONDER][SEND] sn=93 client=0 req=2777 msg=ClientResponse{orderSn=93,clientSn=2777}
[MESSENGER][OK] client=0 deliver clientSn=2777 sn=93
[RESPONDER][SEND] sn=93 client=0 req=2717 msg=ClientResponse{orderSn=93,clientSn=2717}
[MESSENGER][OK] client=0 deliver clientSn=2717 sn=93
[RESPONDER][SEND] sn=93 client=0 req=2781 msg=ClientResponse{orderSn=93,clientSn=2781}
[MESSENGER][OK] client=0 deliver clientSn=2781 sn=93
[RESPONDER][SEND] sn=93 client=0 req=2657 msg=ClientResponse{orderSn=93,clientSn=2657}
[MESSENGER][OK] client=0 deliver clientSn=2657 sn=93
[RESPONDER][SEND] sn=93 client=0 req=2721 msg=ClientResponse{orderSn=93,clientSn=2721}
[MESSENGER][OK] client=0 deliver clientSn=2721 sn=93
[RESPONDER][SEND] sn=93 client=0 req=2661 msg=ClientResponse{orderSn=93,clientSn=2661}
[MESSENGER][OK] client=0 deliver clientSn=2661 sn=93
[RESPONDER][SEND] sn=93 client=0 req=2725 msg=ClientResponse{orderSn=93,clientSn=2725}
[MESSENGER][OK] client=0 deliver clientSn=2725 sn=93
[RESPONDER][SEND] sn=93 client=0 req=2665 msg=ClientResponse{orderSn=93,clientSn=2665}
[MESSENGER][OK] client=0 deliver clientSn=2665 sn=93
[RESPONDER][SEND] sn=93 client=0 req=2729 msg=ClientResponse{orderSn=93,clientSn=2729}
[MESSENGER][OK] client=0 deliver clientSn=2729 sn=93
[RESPONDER][SEND] sn=93 client=0 req=2669 msg=ClientResponse{orderSn=93,clientSn=2669}
[MESSENGER][OK] client=0 deliver clientSn=2669 sn=93
[RESPONDER][SEND] sn=93 client=0 req=2733 msg=ClientResponse{orderSn=93,clientSn=2733}
[MESSENGER][OK] client=0 deliver clientSn=2733 sn=93
[RESPONDER][SEND] sn=93 client=0 req=2673 msg=ClientResponse{orderSn=93,clientSn=2673}
[MESSENGER][OK] client=0 deliver clientSn=2673 sn=93
[RESPONDER][SEND] sn=93 client=0 req=2737 msg=ClientResponse{orderSn=93,clientSn=2737}
[MESSENGER][OK] client=0 deliver clientSn=2737 sn=93
[RESPONDER][SEND] sn=93 client=0 req=2677 msg=ClientResponse{orderSn=93,clientSn=2677}
[MESSENGER][OK] client=0 deliver clientSn=2677 sn=93
[RESPONDER][SEND] sn=93 client=0 req=2741 msg=ClientResponse{orderSn=93,clientSn=2741}
[MESSENGER][OK] client=0 deliver clientSn=2741 sn=93
[RESPONDER][SEND] sn=93 client=0 req=2681 msg=ClientResponse{orderSn=93,clientSn=2681}
[MESSENGER][OK] client=0 deliver clientSn=2681 sn=93
[RESPONDER][SEND] sn=93 client=0 req=2745 msg=ClientResponse{orderSn=93,clientSn=2745}
[MESSENGER][OK] client=0 deliver clientSn=2745 sn=93
[RESPONDER][SEND] sn=93 client=0 req=2685 msg=ClientResponse{orderSn=93,clientSn=2685}
[MESSENGER][OK] client=0 deliver clientSn=2685 sn=93
[RESPONDER][SEND] sn=93 client=0 req=2749 msg=ClientResponse{orderSn=93,clientSn=2749}
[MESSENGER][OK] client=0 deliver clientSn=2749 sn=93
[RESPONDER][ENTRY][DONE] sn=93 sent=32/32
[RESPONDER][ENTRY] sn=94 nreq=32
[RESPONDER][SEND] sn=94 client=0 req=2690 msg=ClientResponse{orderSn=94,clientSn=2690}
[MESSENGER][OK] client=0 deliver clientSn=2690 sn=94
[RESPONDER][SEND] sn=94 client=0 req=2754 msg=ClientResponse{orderSn=94,clientSn=2754}
[MESSENGER][OK] client=0 deliver clientSn=2754 sn=94
[RESPONDER][SEND] sn=94 client=0 req=2694 msg=ClientResponse{orderSn=94,clientSn=2694}
[MESSENGER][OK] client=0 deliver clientSn=2694 sn=94
[RESPONDER][SEND] sn=94 client=0 req=2758 msg=ClientResponse{orderSn=94,clientSn=2758}
[MESSENGER][OK] client=0 deliver clientSn=2758 sn=94
[RESPONDER][SEND] sn=94 client=0 req=2698 msg=ClientResponse{orderSn=94,clientSn=2698}
[MESSENGER][OK] client=0 deliver clientSn=2698 sn=94
[RESPONDER][SEND] sn=94 client=0 req=2762 msg=ClientResponse{orderSn=94,clientSn=2762}
[MESSENGER][OK] client=0 deliver clientSn=2762 sn=94
[RESPONDER][SEND] sn=94 client=0 req=2702 msg=ClientResponse{orderSn=94,clientSn=2702}
[MESSENGER][OK] client=0 deliver clientSn=2702 sn=94
[RESPONDER][SEND] sn=94 client=0 req=2766 msg=ClientResponse{orderSn=94,clientSn=2766}
[MESSENGER][OK] client=0 deliver clientSn=2766 sn=94
[RESPONDER][SEND] sn=94 client=0 req=2706 msg=ClientResponse{orderSn=94,clientSn=2706}
[MESSENGER][OK] client=0 deliver clientSn=2706 sn=94
[RESPONDER][SEND] sn=94 client=0 req=2770 msg=ClientResponse{orderSn=94,clientSn=2770}
[MESSENGER][OK] client=0 deliver clientSn=2770 sn=94
[RESPONDER][SEND] sn=94 client=0 req=2710 msg=ClientResponse{orderSn=94,clientSn=2710}
[MESSENGER][OK] client=0 deliver clientSn=2710 sn=94
[RESPONDER][SEND] sn=94 client=0 req=2774 msg=ClientResponse{orderSn=94,clientSn=2774}
[MESSENGER][OK] client=0 deliver clientSn=2774 sn=94
[RESPONDER][SEND] sn=94 client=0 req=2714 msg=ClientResponse{orderSn=94,clientSn=2714}
[MESSENGER][OK] client=0 deliver clientSn=2714 sn=94
[RESPONDER][SEND] sn=94 client=0 req=2778 msg=ClientResponse{orderSn=94,clientSn=2778}
[MESSENGER][OK] client=0 deliver clientSn=2778 sn=94
[RESPONDER][SEND] sn=94 client=0 req=2718 msg=ClientResponse{orderSn=94,clientSn=2718}
[MESSENGER][OK] client=0 deliver clientSn=2718 sn=94
[RESPONDER][SEND] sn=94 client=0 req=2782 msg=ClientResponse{orderSn=94,clientSn=2782}
[MESSENGER][OK] client=0 deliver clientSn=2782 sn=94
[RESPONDER][SEND] sn=94 client=0 req=2658 msg=ClientResponse{orderSn=94,clientSn=2658}
[MESSENGER][OK] client=0 deliver clientSn=2658 sn=94
[RESPONDER][SEND] sn=94 client=0 req=2722 msg=ClientResponse{orderSn=94,clientSn=2722}
[MESSENGER][OK] client=0 deliver clientSn=2722 sn=94
[RESPONDER][SEND] sn=94 client=0 req=2662 msg=ClientResponse{orderSn=94,clientSn=2662}
[MESSENGER][OK] client=0 deliver clientSn=2662 sn=94
[RESPONDER][SEND] sn=94 client=0 req=2726 msg=ClientResponse{orderSn=94,clientSn=2726}
[MESSENGER][OK] client=0 deliver clientSn=2726 sn=94
[RESPONDER][SEND] sn=94 client=0 req=2666 msg=ClientResponse{orderSn=94,clientSn=2666}
[MESSENGER][OK] client=0 deliver clientSn=2666 sn=94
[RESPONDER][SEND] sn=94 client=0 req=2730 msg=ClientResponse{orderSn=94,clientSn=2730}
[MESSENGER][OK] client=0 deliver clientSn=2730 sn=94
[RESPONDER][SEND] sn=94 client=0 req=2670 msg=ClientResponse{orderSn=94,clientSn=2670}
[MESSENGER][OK] client=0 deliver clientSn=2670 sn=94
[RESPONDER][SEND] sn=94 client=0 req=2734 msg=ClientResponse{orderSn=94,clientSn=2734}
[MESSENGER][OK] client=0 deliver clientSn=2734 sn=94
[RESPONDER][SEND] sn=94 client=0 req=2674 msg=ClientResponse{orderSn=94,clientSn=2674}
[MESSENGER][OK] client=0 deliver clientSn=2674 sn=94
[RESPONDER][SEND] sn=94 client=0 req=2738 msg=ClientResponse{orderSn=94,clientSn=2738}
[MESSENGER][OK] client=0 deliver clientSn=2738 sn=94
[RESPONDER][SEND] sn=94 client=0 req=2678 msg=ClientResponse{orderSn=94,clientSn=2678}
[MESSENGER][OK] client=0 deliver clientSn=2678 sn=94
[RESPONDER][SEND] sn=94 client=0 req=2742 msg=ClientResponse{orderSn=94,clientSn=2742}
[MESSENGER][OK] client=0 deliver clientSn=2742 sn=94
[RESPONDER][SEND] sn=94 client=0 req=2682 msg=ClientResponse{orderSn=94,clientSn=2682}
[MESSENGER][OK] client=0 deliver clientSn=2682 sn=94
[RESPONDER][SEND] sn=94 client=0 req=2746 msg=ClientResponse{orderSn=94,clientSn=2746}
[MESSENGER][OK] client=0 deliver clientSn=2746 sn=94
[RESPONDER][SEND] sn=94 client=0 req=2686 msg=ClientResponse{orderSn=94,clientSn=2686}
[MESSENGER][OK] client=0 deliver clientSn=2686 sn=94
[RESPONDER][SEND] sn=94 client=0 req=2750 msg=ClientResponse{orderSn=94,clientSn=2750}
[MESSENGER][OK] client=0 deliver clientSn=2750 sn=94
[RESPONDER][ENTRY][DONE] sn=94 sent=32/32
[RESPONDER][ENTRY] sn=95 nreq=32
[RESPONDER][SEND] sn=95 client=0 req=2691 msg=ClientResponse{orderSn=95,clientSn=2691}
[MESSENGER][OK] client=0 deliver clientSn=2691 sn=95
[RESPONDER][SEND] sn=95 client=0 req=2755 msg=ClientResponse{orderSn=95,clientSn=2755}
[MESSENGER][OK] client=0 deliver clientSn=2755 sn=95
[RESPONDER][SEND] sn=95 client=0 req=2695 msg=ClientResponse{orderSn=95,clientSn=2695}
[MESSENGER][OK] client=0 deliver clientSn=2695 sn=95
[RESPONDER][SEND] sn=95 client=0 req=2759 msg=ClientResponse{orderSn=95,clientSn=2759}
[MESSENGER][OK] client=0 deliver clientSn=2759 sn=95
[RESPONDER][SEND] sn=95 client=0 req=2699 msg=ClientResponse{orderSn=95,clientSn=2699}
[MESSENGER][OK] client=0 deliver clientSn=2699 sn=95
[RESPONDER][SEND] sn=95 client=0 req=2763 msg=ClientResponse{orderSn=95,clientSn=2763}
[MESSENGER][OK] client=0 deliver clientSn=2763 sn=95
[RESPONDER][SEND] sn=95 client=0 req=2703 msg=ClientResponse{orderSn=95,clientSn=2703}
[MESSENGER][OK] client=0 deliver clientSn=2703 sn=95
[RESPONDER][SEND] sn=95 client=0 req=2767 msg=ClientResponse{orderSn=95,clientSn=2767}
[MESSENGER][OK] client=0 deliver clientSn=2767 sn=95
[RESPONDER][SEND] sn=95 client=0 req=2707 msg=ClientResponse{orderSn=95,clientSn=2707}
[MESSENGER][OK] client=0 deliver clientSn=2707 sn=95
[RESPONDER][SEND] sn=95 client=0 req=2771 msg=ClientResponse{orderSn=95,clientSn=2771}
[MESSENGER][OK] client=0 deliver clientSn=2771 sn=95
[RESPONDER][SEND] sn=95 client=0 req=2711 msg=ClientResponse{orderSn=95,clientSn=2711}
[MESSENGER][OK] client=0 deliver clientSn=2711 sn=95
[RESPONDER][SEND] sn=95 client=0 req=2775 msg=ClientResponse{orderSn=95,clientSn=2775}
[MESSENGER][OK] client=0 deliver clientSn=2775 sn=95
[RESPONDER][SEND] sn=95 client=0 req=2715 msg=ClientResponse{orderSn=95,clientSn=2715}
[MESSENGER][OK] client=0 deliver clientSn=2715 sn=95
[RESPONDER][SEND] sn=95 client=0 req=2779 msg=ClientResponse{orderSn=95,clientSn=2779}
[MESSENGER][OK] client=0 deliver clientSn=2779 sn=95
[RESPONDER][SEND] sn=95 client=0 req=2655 msg=ClientResponse{orderSn=95,clientSn=2655}
[MESSENGER][OK] client=0 deliver clientSn=2655 sn=95
[RESPONDER][SEND] sn=95 client=0 req=2719 msg=ClientResponse{orderSn=95,clientSn=2719}
[MESSENGER][OK] client=0 deliver clientSn=2719 sn=95
[RESPONDER][SEND] sn=95 client=0 req=2659 msg=ClientResponse{orderSn=95,clientSn=2659}
[MESSENGER][OK] client=0 deliver clientSn=2659 sn=95
[RESPONDER][SEND] sn=95 client=0 req=2723 msg=ClientResponse{orderSn=95,clientSn=2723}
[MESSENGER][OK] client=0 deliver clientSn=2723 sn=95
[RESPONDER][SEND] sn=95 client=0 req=2663 msg=ClientResponse{orderSn=95,clientSn=2663}
[MESSENGER][OK] client=0 deliver clientSn=2663 sn=95
[RESPONDER][SEND] sn=95 client=0 req=2727 msg=ClientResponse{orderSn=95,clientSn=2727}
[MESSENGER][OK] client=0 deliver clientSn=2727 sn=95
[RESPONDER][SEND] sn=95 client=0 req=2667 msg=ClientResponse{orderSn=95,clientSn=2667}
[MESSENGER][OK] client=0 deliver clientSn=2667 sn=95
[RESPONDER][SEND] sn=95 client=0 req=2731 msg=ClientResponse{orderSn=95,clientSn=2731}
[MESSENGER][OK] client=0 deliver clientSn=2731 sn=95
[RESPONDER][SEND] sn=95 client=0 req=2671 msg=ClientResponse{orderSn=95,clientSn=2671}
[MESSENGER][OK] client=0 deliver clientSn=2671 sn=95
[RESPONDER][SEND] sn=95 client=0 req=2735 msg=ClientResponse{orderSn=95,clientSn=2735}
[MESSENGER][OK] client=0 deliver clientSn=2735 sn=95
[RESPONDER][SEND] sn=95 client=0 req=2675 msg=ClientResponse{orderSn=95,clientSn=2675}
[MESSENGER][OK] client=0 deliver clientSn=2675 sn=95
[RESPONDER][SEND] sn=95 client=0 req=2739 msg=ClientResponse{orderSn=95,clientSn=2739}
[MESSENGER][OK] client=0 deliver clientSn=2739 sn=95
[RESPONDER][SEND] sn=95 client=0 req=2679 msg=ClientResponse{orderSn=95,clientSn=2679}
[MESSENGER][OK] client=0 deliver clientSn=2679 sn=95
[RESPONDER][SEND] sn=95 client=0 req=2743 msg=ClientResponse{orderSn=95,clientSn=2743}
[MESSENGER][OK] client=0 deliver clientSn=2743 sn=95
[RESPONDER][SEND] sn=95 client=0 req=2683 msg=ClientResponse{orderSn=95,clientSn=2683}
[MESSENGER][OK] client=0 deliver clientSn=2683 sn=95
[RESPONDER][SEND] sn=95 client=0 req=2747 msg=ClientResponse{orderSn=95,clientSn=2747}
[MESSENGER][OK] client=0 deliver clientSn=2747 sn=95
[RESPONDER][SEND] sn=95 client=0 req=2687 msg=ClientResponse{orderSn=95,clientSn=2687}
[MESSENGER][OK] client=0 deliver clientSn=2687 sn=95
[RESPONDER][SEND] sn=95 client=0 req=2751 msg=ClientResponse{orderSn=95,clientSn=2751}
[MESSENGER][OK] client=0 deliver clientSn=2751 sn=95
[RESPONDER][ENTRY][DONE] sn=95 sent=32/32
21:01:37.855 INF Handling PREPREPARE. nReq=32 senderID=0 sn=96
21:01:37.855 DBG Creating new Batch. nReq=32
21:01:37.856 INF Handling PREPREPARE. nReq=32 senderID=3 sn=99
21:01:37.857 DBG Creating new Batch. nReq=32
21:01:37.859 DBG Sending PREPARE. senderID=2 sn=96 view=0
21:01:37.859 DBG Sending PREPARE. senderID=2 sn=99 view=0
21:01:37.862 DBG Sending COMMIT. senderID=2 sn=96 view=0
21:01:37.862 DBG Sending COMMIT. senderID=2 sn=99 view=0
21:01:37.862 INF Committed entry. latency=0 nReq=32 sn=96
21:01:37.862 INF Committed entry. latency=0 nReq=32 sn=99
21:01:37.862 INF Delivered batch. nReq=32 sn=96
[RESPONDER][ENTRY] sn=96 nreq=32
[RESPONDER][SEND] sn=96 client=0 req=2816 msg=ClientResponse{orderSn=96,clientSn=2816}
[MESSENGER][OK] client=0 deliver clientSn=2816 sn=96
[RESPONDER][SEND] sn=96 client=0 req=2880 msg=ClientResponse{orderSn=96,clientSn=2880}
21:01:37.863 DBG Starting timer. sn=100 view=0
[MESSENGER][OK] client=0 deliver clientSn=2880 sn=96
[RESPONDER][SEND] sn=96 client=0 req=2820 msg=ClientResponse{orderSn=96,clientSn=2820}
[MESSENGER][OK] client=0 deliver clientSn=2820 sn=96
[RESPONDER][SEND] sn=96 client=0 req=2884 msg=ClientResponse{orderSn=96,clientSn=2884}
[MESSENGER][OK] client=0 deliver clientSn=2884 sn=96
[RESPONDER][SEND] sn=96 client=0 req=2824 msg=ClientResponse{orderSn=96,clientSn=2824}
[MESSENGER][OK] client=0 deliver clientSn=2824 sn=96
[RESPONDER][SEND] sn=96 client=0 req=2888 msg=ClientResponse{orderSn=96,clientSn=2888}
21:01:37.863 DBG Starting timer. sn=103 view=0
[MESSENGER][OK] client=0 deliver clientSn=2888 sn=96
[RESPONDER][SEND] sn=96 client=0 req=2828 msg=ClientResponse{orderSn=96,clientSn=2828}
[MESSENGER][OK] client=0 deliver clientSn=2828 sn=96
[RESPONDER][SEND] sn=96 client=0 req=2892 msg=ClientResponse{orderSn=96,clientSn=2892}
[MESSENGER][OK] client=0 deliver clientSn=2892 sn=96
[RESPONDER][SEND] sn=96 client=0 req=2832 msg=ClientResponse{orderSn=96,clientSn=2832}
[MESSENGER][OK] client=0 deliver clientSn=2832 sn=96
[RESPONDER][SEND] sn=96 client=0 req=2896 msg=ClientResponse{orderSn=96,clientSn=2896}
[MESSENGER][OK] client=0 deliver clientSn=2896 sn=96
[RESPONDER][SEND] sn=96 client=0 req=2836 msg=ClientResponse{orderSn=96,clientSn=2836}
[MESSENGER][OK] client=0 deliver clientSn=2836 sn=96
[RESPONDER][SEND] sn=96 client=0 req=2900 msg=ClientResponse{orderSn=96,clientSn=2900}
[MESSENGER][OK] client=0 deliver clientSn=2900 sn=96
[RESPONDER][SEND] sn=96 client=0 req=2840 msg=ClientResponse{orderSn=96,clientSn=2840}
[MESSENGER][OK] client=0 deliver clientSn=2840 sn=96
[RESPONDER][SEND] sn=96 client=0 req=2904 msg=ClientResponse{orderSn=96,clientSn=2904}
[MESSENGER][OK] client=0 deliver clientSn=2904 sn=96
[RESPONDER][SEND] sn=96 client=0 req=2844 msg=ClientResponse{orderSn=96,clientSn=2844}
[MESSENGER][OK] client=0 deliver clientSn=2844 sn=96
[RESPONDER][SEND] sn=96 client=0 req=2908 msg=ClientResponse{orderSn=96,clientSn=2908}
[MESSENGER][OK] client=0 deliver clientSn=2908 sn=96
[RESPONDER][SEND] sn=96 client=0 req=2784 msg=ClientResponse{orderSn=96,clientSn=2784}
[MESSENGER][OK] client=0 deliver clientSn=2784 sn=96
[RESPONDER][SEND] sn=96 client=0 req=2848 msg=ClientResponse{orderSn=96,clientSn=2848}
[MESSENGER][OK] client=0 deliver clientSn=2848 sn=96
[RESPONDER][SEND] sn=96 client=0 req=2788 msg=ClientResponse{orderSn=96,clientSn=2788}
[MESSENGER][OK] client=0 deliver clientSn=2788 sn=96
[RESPONDER][SEND] sn=96 client=0 req=2852 msg=ClientResponse{orderSn=96,clientSn=2852}
[MESSENGER][OK] client=0 deliver clientSn=2852 sn=96
[RESPONDER][SEND] sn=96 client=0 req=2792 msg=ClientResponse{orderSn=96,clientSn=2792}
[MESSENGER][OK] client=0 deliver clientSn=2792 sn=96
[RESPONDER][SEND] sn=96 client=0 req=2856 msg=ClientResponse{orderSn=96,clientSn=2856}
[MESSENGER][OK] client=0 deliver clientSn=2856 sn=96
[RESPONDER][SEND] sn=96 client=0 req=2796 msg=ClientResponse{orderSn=96,clientSn=2796}
[MESSENGER][OK] client=0 deliver clientSn=2796 sn=96
[RESPONDER][SEND] sn=96 client=0 req=2860 msg=ClientResponse{orderSn=96,clientSn=2860}
[MESSENGER][OK] client=0 deliver clientSn=2860 sn=96
[RESPONDER][SEND] sn=96 client=0 req=2800 msg=ClientResponse{orderSn=96,clientSn=2800}
[MESSENGER][OK] client=0 deliver clientSn=2800 sn=96
[RESPONDER][SEND] sn=96 client=0 req=2864 msg=ClientResponse{orderSn=96,clientSn=2864}
[MESSENGER][OK] client=0 deliver clientSn=2864 sn=96
[RESPONDER][SEND] sn=96 client=0 req=2804 msg=ClientResponse{orderSn=96,clientSn=2804}
[MESSENGER][OK] client=0 deliver clientSn=2804 sn=96
[RESPONDER][SEND] sn=96 client=0 req=2868 msg=ClientResponse{orderSn=96,clientSn=2868}
[MESSENGER][OK] client=0 deliver clientSn=2868 sn=96
[RESPONDER][SEND] sn=96 client=0 req=2808 msg=ClientResponse{orderSn=96,clientSn=2808}
[MESSENGER][OK] client=0 deliver clientSn=2808 sn=96
[RESPONDER][SEND] sn=96 client=0 req=2872 msg=ClientResponse{orderSn=96,clientSn=2872}
[MESSENGER][OK] client=0 deliver clientSn=2872 sn=96
[RESPONDER][SEND] sn=96 client=0 req=2812 msg=ClientResponse{orderSn=96,clientSn=2812}
[MESSENGER][OK] client=0 deliver clientSn=2812 sn=96
[RESPONDER][SEND] sn=96 client=0 req=2876 msg=ClientResponse{orderSn=96,clientSn=2876}
[MESSENGER][OK] client=0 deliver clientSn=2876 sn=96
[RESPONDER][ENTRY][DONE] sn=96 sent=32/32
21:01:37.866 DBG Batch ready. batchSize=4096
21:01:37.866 DBG Batch cut. left=0 nBuckets=16 nReq=32 next=0
21:01:37.867 DBG Waiting for batch. batchSize=4096
21:01:37.868 INF Sending PREPREPARE. nReq=32 senderID=2 sn=98 view=0
21:01:37.871 INF Handling PREPREPARE. nReq=32 senderID=1 sn=97
21:01:37.871 DBG Creating new Batch. nReq=32
21:01:37.877 DBG Sending PREPARE. senderID=2 sn=97 view=0
21:01:37.877 DBG Sending COMMIT. senderID=2 sn=97 view=0
21:01:37.879 DBG Sending COMMIT. senderID=2 sn=98 view=0
21:01:37.879 INF Committed entry. latency=0 nReq=32 sn=97
21:01:37.879 INF Committed entry. latency=0 nReq=32 sn=98
21:01:37.879 INF Delivered batch. nReq=32 sn=97
21:01:37.879 INF Delivered batch. nReq=32 sn=98
[RESPONDER][ENTRY] sn=97 nreq=32
[RESPONDER][SEND] sn=97 client=0 req=2817 msg=ClientResponse{orderSn=97,clientSn=2817}
21:01:37.880 INF Delivered batch. nReq=32 sn=99
[MESSENGER][OK] client=0 deliver clientSn=2817 sn=97
[RESPONDER][SEND] sn=97 client=0 req=2881 msg=ClientResponse{orderSn=97,clientSn=2881}
[MESSENGER][OK] client=0 deliver clientSn=2881 sn=97
[RESPONDER][SEND] sn=97 client=0 req=2821 msg=ClientResponse{orderSn=97,clientSn=2821}
21:01:37.880 DBG Starting timer. sn=101 view=0
[MESSENGER][OK] client=0 deliver clientSn=2821 sn=97
[RESPONDER][SEND] sn=97 client=0 req=2885 msg=ClientResponse{orderSn=97,clientSn=2885}
[MESSENGER][OK] client=0 deliver clientSn=2885 sn=97
[RESPONDER][SEND] sn=97 client=0 req=2825 msg=ClientResponse{orderSn=97,clientSn=2825}
[MESSENGER][OK] client=0 deliver clientSn=2825 sn=97
[RESPONDER][SEND] sn=97 client=0 req=2889 msg=ClientResponse{orderSn=97,clientSn=2889}
[MESSENGER][OK] client=0 deliver clientSn=2889 sn=97
[RESPONDER][SEND] sn=97 client=0 req=2829 msg=ClientResponse{orderSn=97,clientSn=2829}
[MESSENGER][OK] client=0 deliver clientSn=2829 sn=97
[RESPONDER][SEND] sn=97 client=0 req=2893 msg=ClientResponse{orderSn=97,clientSn=2893}
21:01:37.880 DBG Starting timer. sn=102 view=0
[MESSENGER][OK] client=0 deliver clientSn=2893 sn=97
[RESPONDER][SEND] sn=97 client=0 req=2833 msg=ClientResponse{orderSn=97,clientSn=2833}
[MESSENGER][OK] client=0 deliver clientSn=2833 sn=97
[RESPONDER][SEND] sn=97 client=0 req=2897 msg=ClientResponse{orderSn=97,clientSn=2897}
[MESSENGER][OK] client=0 deliver clientSn=2897 sn=97
[RESPONDER][SEND] sn=97 client=0 req=2837 msg=ClientResponse{orderSn=97,clientSn=2837}
[MESSENGER][OK] client=0 deliver clientSn=2837 sn=97
[RESPONDER][SEND] sn=97 client=0 req=2901 msg=ClientResponse{orderSn=97,clientSn=2901}
[MESSENGER][OK] client=0 deliver clientSn=2901 sn=97
[RESPONDER][SEND] sn=97 client=0 req=2841 msg=ClientResponse{orderSn=97,clientSn=2841}
[MESSENGER][OK] client=0 deliver clientSn=2841 sn=97
[RESPONDER][SEND] sn=97 client=0 req=2905 msg=ClientResponse{orderSn=97,clientSn=2905}
[MESSENGER][OK] client=0 deliver clientSn=2905 sn=97
[RESPONDER][SEND] sn=97 client=0 req=2845 msg=ClientResponse{orderSn=97,clientSn=2845}
[MESSENGER][OK] client=0 deliver clientSn=2845 sn=97
[RESPONDER][SEND] sn=97 client=0 req=2909 msg=ClientResponse{orderSn=97,clientSn=2909}
[MESSENGER][OK] client=0 deliver clientSn=2909 sn=97
[RESPONDER][SEND] sn=97 client=0 req=2785 msg=ClientResponse{orderSn=97,clientSn=2785}
[MESSENGER][OK] client=0 deliver clientSn=2785 sn=97
[RESPONDER][SEND] sn=97 client=0 req=2849 msg=ClientResponse{orderSn=97,clientSn=2849}
[MESSENGER][OK] client=0 deliver clientSn=2849 sn=97
[RESPONDER][SEND] sn=97 client=0 req=2789 msg=ClientResponse{orderSn=97,clientSn=2789}
[MESSENGER][OK] client=0 deliver clientSn=2789 sn=97
[RESPONDER][SEND] sn=97 client=0 req=2853 msg=ClientResponse{orderSn=97,clientSn=2853}
[MESSENGER][OK] client=0 deliver clientSn=2853 sn=97
[RESPONDER][SEND] sn=97 client=0 req=2793 msg=ClientResponse{orderSn=97,clientSn=2793}
[MESSENGER][OK] client=0 deliver clientSn=2793 sn=97
[RESPONDER][SEND] sn=97 client=0 req=2857 msg=ClientResponse{orderSn=97,clientSn=2857}
[MESSENGER][OK] client=0 deliver clientSn=2857 sn=97
[RESPONDER][SEND] sn=97 client=0 req=2797 msg=ClientResponse{orderSn=97,clientSn=2797}
[MESSENGER][OK] client=0 deliver clientSn=2797 sn=97
[RESPONDER][SEND] sn=97 client=0 req=2861 msg=ClientResponse{orderSn=97,clientSn=2861}
[MESSENGER][OK] client=0 deliver clientSn=2861 sn=97
[RESPONDER][SEND] sn=97 client=0 req=2801 msg=ClientResponse{orderSn=97,clientSn=2801}
[MESSENGER][OK] client=0 deliver clientSn=2801 sn=97
[RESPONDER][SEND] sn=97 client=0 req=2865 msg=ClientResponse{orderSn=97,clientSn=2865}
[MESSENGER][OK] client=0 deliver clientSn=2865 sn=97
[RESPONDER][SEND] sn=97 client=0 req=2805 msg=ClientResponse{orderSn=97,clientSn=2805}
[MESSENGER][OK] client=0 deliver clientSn=2805 sn=97
[RESPONDER][SEND] sn=97 client=0 req=2869 msg=ClientResponse{orderSn=97,clientSn=2869}
[MESSENGER][OK] client=0 deliver clientSn=2869 sn=97
[RESPONDER][SEND] sn=97 client=0 req=2809 msg=ClientResponse{orderSn=97,clientSn=2809}
[MESSENGER][OK] client=0 deliver clientSn=2809 sn=97
[RESPONDER][SEND] sn=97 client=0 req=2873 msg=ClientResponse{orderSn=97,clientSn=2873}
[MESSENGER][OK] client=0 deliver clientSn=2873 sn=97
[RESPONDER][SEND] sn=97 client=0 req=2813 msg=ClientResponse{orderSn=97,clientSn=2813}
[MESSENGER][OK] client=0 deliver clientSn=2813 sn=97
[RESPONDER][SEND] sn=97 client=0 req=2877 msg=ClientResponse{orderSn=97,clientSn=2877}
[MESSENGER][OK] client=0 deliver clientSn=2877 sn=97
[RESPONDER][ENTRY][DONE] sn=97 sent=32/32
[RESPONDER][ENTRY] sn=98 nreq=32
[RESPONDER][SEND] sn=98 client=0 req=2818 msg=ClientResponse{orderSn=98,clientSn=2818}
[MESSENGER][OK] client=0 deliver clientSn=2818 sn=98
[RESPONDER][SEND] sn=98 client=0 req=2882 msg=ClientResponse{orderSn=98,clientSn=2882}
[MESSENGER][OK] client=0 deliver clientSn=2882 sn=98
[RESPONDER][SEND] sn=98 client=0 req=2822 msg=ClientResponse{orderSn=98,clientSn=2822}
[MESSENGER][OK] client=0 deliver clientSn=2822 sn=98
[RESPONDER][SEND] sn=98 client=0 req=2886 msg=ClientResponse{orderSn=98,clientSn=2886}
[MESSENGER][OK] client=0 deliver clientSn=2886 sn=98
[RESPONDER][SEND] sn=98 client=0 req=2826 msg=ClientResponse{orderSn=98,clientSn=2826}
[MESSENGER][OK] client=0 deliver clientSn=2826 sn=98
[RESPONDER][SEND] sn=98 client=0 req=2890 msg=ClientResponse{orderSn=98,clientSn=2890}
[MESSENGER][OK] client=0 deliver clientSn=2890 sn=98
[RESPONDER][SEND] sn=98 client=0 req=2830 msg=ClientResponse{orderSn=98,clientSn=2830}
[MESSENGER][OK] client=0 deliver clientSn=2830 sn=98
[RESPONDER][SEND] sn=98 client=0 req=2894 msg=ClientResponse{orderSn=98,clientSn=2894}
[MESSENGER][OK] client=0 deliver clientSn=2894 sn=98
[RESPONDER][SEND] sn=98 client=0 req=2834 msg=ClientResponse{orderSn=98,clientSn=2834}
[MESSENGER][OK] client=0 deliver clientSn=2834 sn=98
[RESPONDER][SEND] sn=98 client=0 req=2898 msg=ClientResponse{orderSn=98,clientSn=2898}
[MESSENGER][OK] client=0 deliver clientSn=2898 sn=98
[RESPONDER][SEND] sn=98 client=0 req=2838 msg=ClientResponse{orderSn=98,clientSn=2838}
[MESSENGER][OK] client=0 deliver clientSn=2838 sn=98
[RESPONDER][SEND] sn=98 client=0 req=2902 msg=ClientResponse{orderSn=98,clientSn=2902}
[MESSENGER][OK] client=0 deliver clientSn=2902 sn=98
[RESPONDER][SEND] sn=98 client=0 req=2842 msg=ClientResponse{orderSn=98,clientSn=2842}
[MESSENGER][OK] client=0 deliver clientSn=2842 sn=98
[RESPONDER][SEND] sn=98 client=0 req=2906 msg=ClientResponse{orderSn=98,clientSn=2906}
[MESSENGER][OK] client=0 deliver clientSn=2906 sn=98
[RESPONDER][SEND] sn=98 client=0 req=2846 msg=ClientResponse{orderSn=98,clientSn=2846}
[MESSENGER][OK] client=0 deliver clientSn=2846 sn=98
[RESPONDER][SEND] sn=98 client=0 req=2910 msg=ClientResponse{orderSn=98,clientSn=2910}
[MESSENGER][OK] client=0 deliver clientSn=2910 sn=98
[RESPONDER][SEND] sn=98 client=0 req=2786 msg=ClientResponse{orderSn=98,clientSn=2786}
[MESSENGER][OK] client=0 deliver clientSn=2786 sn=98
[RESPONDER][SEND] sn=98 client=0 req=2850 msg=ClientResponse{orderSn=98,clientSn=2850}
[MESSENGER][OK] client=0 deliver clientSn=2850 sn=98
[RESPONDER][SEND] sn=98 client=0 req=2790 msg=ClientResponse{orderSn=98,clientSn=2790}
[MESSENGER][OK] client=0 deliver clientSn=2790 sn=98
[RESPONDER][SEND] sn=98 client=0 req=2854 msg=ClientResponse{orderSn=98,clientSn=2854}
[MESSENGER][OK] client=0 deliver clientSn=2854 sn=98
[RESPONDER][SEND] sn=98 client=0 req=2794 msg=ClientResponse{orderSn=98,clientSn=2794}
[MESSENGER][OK] client=0 deliver clientSn=2794 sn=98
[RESPONDER][SEND] sn=98 client=0 req=2858 msg=ClientResponse{orderSn=98,clientSn=2858}
[MESSENGER][OK] client=0 deliver clientSn=2858 sn=98
[RESPONDER][SEND] sn=98 client=0 req=2798 msg=ClientResponse{orderSn=98,clientSn=2798}
[MESSENGER][OK] client=0 deliver clientSn=2798 sn=98
[RESPONDER][SEND] sn=98 client=0 req=2862 msg=ClientResponse{orderSn=98,clientSn=2862}
[MESSENGER][OK] client=0 deliver clientSn=2862 sn=98
[RESPONDER][SEND] sn=98 client=0 req=2802 msg=ClientResponse{orderSn=98,clientSn=2802}
[MESSENGER][OK] client=0 deliver clientSn=2802 sn=98
[RESPONDER][SEND] sn=98 client=0 req=2866 msg=ClientResponse{orderSn=98,clientSn=2866}
[MESSENGER][OK] client=0 deliver clientSn=2866 sn=98
[RESPONDER][SEND] sn=98 client=0 req=2806 msg=ClientResponse{orderSn=98,clientSn=2806}
[MESSENGER][OK] client=0 deliver clientSn=2806 sn=98
[RESPONDER][SEND] sn=98 client=0 req=2870 msg=ClientResponse{orderSn=98,clientSn=2870}
[MESSENGER][OK] client=0 deliver clientSn=2870 sn=98
[RESPONDER][SEND] sn=98 client=0 req=2810 msg=ClientResponse{orderSn=98,clientSn=2810}
[MESSENGER][OK] client=0 deliver clientSn=2810 sn=98
[RESPONDER][SEND] sn=98 client=0 req=2874 msg=ClientResponse{orderSn=98,clientSn=2874}
[MESSENGER][OK] client=0 deliver clientSn=2874 sn=98
[RESPONDER][SEND] sn=98 client=0 req=2814 msg=ClientResponse{orderSn=98,clientSn=2814}
[MESSENGER][OK] client=0 deliver clientSn=2814 sn=98
[RESPONDER][SEND] sn=98 client=0 req=2878 msg=ClientResponse{orderSn=98,clientSn=2878}
[MESSENGER][OK] client=0 deliver clientSn=2878 sn=98
[RESPONDER][ENTRY][DONE] sn=98 sent=32/32
[RESPONDER][ENTRY] sn=99 nreq=32
[RESPONDER][SEND] sn=99 client=0 req=2819 msg=ClientResponse{orderSn=99,clientSn=2819}
[MESSENGER][OK] client=0 deliver clientSn=2819 sn=99
[RESPONDER][SEND] sn=99 client=0 req=2883 msg=ClientResponse{orderSn=99,clientSn=2883}
[MESSENGER][OK] client=0 deliver clientSn=2883 sn=99
[RESPONDER][SEND] sn=99 client=0 req=2823 msg=ClientResponse{orderSn=99,clientSn=2823}
[MESSENGER][OK] client=0 deliver clientSn=2823 sn=99
[RESPONDER][SEND] sn=99 client=0 req=2887 msg=ClientResponse{orderSn=99,clientSn=2887}
[MESSENGER][OK] client=0 deliver clientSn=2887 sn=99
[RESPONDER][SEND] sn=99 client=0 req=2827 msg=ClientResponse{orderSn=99,clientSn=2827}
[MESSENGER][OK] client=0 deliver clientSn=2827 sn=99
[RESPONDER][SEND] sn=99 client=0 req=2891 msg=ClientResponse{orderSn=99,clientSn=2891}
[MESSENGER][OK] client=0 deliver clientSn=2891 sn=99
[RESPONDER][SEND] sn=99 client=0 req=2831 msg=ClientResponse{orderSn=99,clientSn=2831}
[MESSENGER][OK] client=0 deliver clientSn=2831 sn=99
[RESPONDER][SEND] sn=99 client=0 req=2895 msg=ClientResponse{orderSn=99,clientSn=2895}
[MESSENGER][OK] client=0 deliver clientSn=2895 sn=99
[RESPONDER][SEND] sn=99 client=0 req=2835 msg=ClientResponse{orderSn=99,clientSn=2835}
[MESSENGER][OK] client=0 deliver clientSn=2835 sn=99
[RESPONDER][SEND] sn=99 client=0 req=2899 msg=ClientResponse{orderSn=99,clientSn=2899}
[MESSENGER][OK] client=0 deliver clientSn=2899 sn=99
[RESPONDER][SEND] sn=99 client=0 req=2839 msg=ClientResponse{orderSn=99,clientSn=2839}
[MESSENGER][OK] client=0 deliver clientSn=2839 sn=99
[RESPONDER][SEND] sn=99 client=0 req=2903 msg=ClientResponse{orderSn=99,clientSn=2903}
[MESSENGER][OK] client=0 deliver clientSn=2903 sn=99
[RESPONDER][SEND] sn=99 client=0 req=2843 msg=ClientResponse{orderSn=99,clientSn=2843}
[MESSENGER][OK] client=0 deliver clientSn=2843 sn=99
[RESPONDER][SEND] sn=99 client=0 req=2907 msg=ClientResponse{orderSn=99,clientSn=2907}
[MESSENGER][OK] client=0 deliver clientSn=2907 sn=99
[RESPONDER][SEND] sn=99 client=0 req=2783 msg=ClientResponse{orderSn=99,clientSn=2783}
[MESSENGER][OK] client=0 deliver clientSn=2783 sn=99
[RESPONDER][SEND] sn=99 client=0 req=2847 msg=ClientResponse{orderSn=99,clientSn=2847}
[MESSENGER][OK] client=0 deliver clientSn=2847 sn=99
[RESPONDER][SEND] sn=99 client=0 req=2787 msg=ClientResponse{orderSn=99,clientSn=2787}
[MESSENGER][OK] client=0 deliver clientSn=2787 sn=99
[RESPONDER][SEND] sn=99 client=0 req=2851 msg=ClientResponse{orderSn=99,clientSn=2851}
[MESSENGER][OK] client=0 deliver clientSn=2851 sn=99
[RESPONDER][SEND] sn=99 client=0 req=2791 msg=ClientResponse{orderSn=99,clientSn=2791}
[MESSENGER][OK] client=0 deliver clientSn=2791 sn=99
[RESPONDER][SEND] sn=99 client=0 req=2855 msg=ClientResponse{orderSn=99,clientSn=2855}
[MESSENGER][OK] client=0 deliver clientSn=2855 sn=99
[RESPONDER][SEND] sn=99 client=0 req=2795 msg=ClientResponse{orderSn=99,clientSn=2795}
[MESSENGER][OK] client=0 deliver clientSn=2795 sn=99
[RESPONDER][SEND] sn=99 client=0 req=2859 msg=ClientResponse{orderSn=99,clientSn=2859}
[MESSENGER][OK] client=0 deliver clientSn=2859 sn=99
[RESPONDER][SEND] sn=99 client=0 req=2799 msg=ClientResponse{orderSn=99,clientSn=2799}
[MESSENGER][OK] client=0 deliver clientSn=2799 sn=99
[RESPONDER][SEND] sn=99 client=0 req=2863 msg=ClientResponse{orderSn=99,clientSn=2863}
[MESSENGER][OK] client=0 deliver clientSn=2863 sn=99
[RESPONDER][SEND] sn=99 client=0 req=2803 msg=ClientResponse{orderSn=99,clientSn=2803}
[MESSENGER][OK] client=0 deliver clientSn=2803 sn=99
[RESPONDER][SEND] sn=99 client=0 req=2867 msg=ClientResponse{orderSn=99,clientSn=2867}
[MESSENGER][OK] client=0 deliver clientSn=2867 sn=99
[RESPONDER][SEND] sn=99 client=0 req=2807 msg=ClientResponse{orderSn=99,clientSn=2807}
[MESSENGER][OK] client=0 deliver clientSn=2807 sn=99
[RESPONDER][SEND] sn=99 client=0 req=2871 msg=ClientResponse{orderSn=99,clientSn=2871}
[MESSENGER][OK] client=0 deliver clientSn=2871 sn=99
[RESPONDER][SEND] sn=99 client=0 req=2811 msg=ClientResponse{orderSn=99,clientSn=2811}
[MESSENGER][OK] client=0 deliver clientSn=2811 sn=99
[RESPONDER][SEND] sn=99 client=0 req=2875 msg=ClientResponse{orderSn=99,clientSn=2875}
[MESSENGER][OK] client=0 deliver clientSn=2875 sn=99
[RESPONDER][SEND] sn=99 client=0 req=2815 msg=ClientResponse{orderSn=99,clientSn=2815}
[MESSENGER][OK] client=0 deliver clientSn=2815 sn=99
[RESPONDER][SEND] sn=99 client=0 req=2879 msg=ClientResponse{orderSn=99,clientSn=2879}
[MESSENGER][OK] client=0 deliver clientSn=2879 sn=99
[RESPONDER][ENTRY][DONE] sn=99 sent=32/32
21:01:38.856 INF Handling PREPREPARE. nReq=32 senderID=0 sn=100
21:01:38.857 DBG Creating new Batch. nReq=32
21:01:38.858 INF Handling PREPREPARE. nReq=32 senderID=3 sn=103
21:01:38.859 DBG Creating new Batch. nReq=32
21:01:38.860 DBG Sending PREPARE. senderID=2 sn=100 view=0
21:01:38.860 DBG Sending COMMIT. senderID=2 sn=100 view=0
21:01:38.861 DBG Sending PREPARE. senderID=2 sn=103 view=0
21:01:38.863 INF Committed entry. latency=0 nReq=32 sn=100
21:01:38.864 INF Delivered batch. nReq=32 sn=100
21:01:38.864 DBG Sending COMMIT. senderID=2 sn=103 view=0
21:01:38.864 DBG Starting timer. sn=104 view=0
[RESPONDER][ENTRY] sn=100 nreq=32
[RESPONDER][SEND] sn=100 client=0 req=2944 msg=ClientResponse{orderSn=100,clientSn=2944}
[MESSENGER][OK] client=0 deliver clientSn=2944 sn=100
[RESPONDER][SEND] sn=100 client=0 req=3008 msg=ClientResponse{orderSn=100,clientSn=3008}
[MESSENGER][OK] client=0 deliver clientSn=3008 sn=100
[RESPONDER][SEND] sn=100 client=0 req=2948 msg=ClientResponse{orderSn=100,clientSn=2948}
[MESSENGER][OK] client=0 deliver clientSn=2948 sn=100
[RESPONDER][SEND] sn=100 client=0 req=3012 msg=ClientResponse{orderSn=100,clientSn=3012}
[MESSENGER][OK] client=0 deliver clientSn=3012 sn=100
[RESPONDER][SEND] sn=100 client=0 req=2952 msg=ClientResponse{orderSn=100,clientSn=2952}
[MESSENGER][OK] client=0 deliver clientSn=2952 sn=100
[RESPONDER][SEND] sn=100 client=0 req=3016 msg=ClientResponse{orderSn=100,clientSn=3016}
[MESSENGER][OK] client=0 deliver clientSn=3016 sn=100
[RESPONDER][SEND] sn=100 client=0 req=2956 msg=ClientResponse{orderSn=100,clientSn=2956}
21:01:38.864 INF Committed entry. latency=0 nReq=32 sn=103
[MESSENGER][OK] client=0 deliver clientSn=2956 sn=100
[RESPONDER][SEND] sn=100 client=0 req=3020 msg=ClientResponse{orderSn=100,clientSn=3020}
[MESSENGER][OK] client=0 deliver clientSn=3020 sn=100
[RESPONDER][SEND] sn=100 client=0 req=2960 msg=ClientResponse{orderSn=100,clientSn=2960}
[MESSENGER][OK] client=0 deliver clientSn=2960 sn=100
[RESPONDER][SEND] sn=100 client=0 req=3024 msg=ClientResponse{orderSn=100,clientSn=3024}
21:01:38.864 DBG Starting timer. sn=107 view=0
[MESSENGER][OK] client=0 deliver clientSn=3024 sn=100
[RESPONDER][SEND] sn=100 client=0 req=2964 msg=ClientResponse{orderSn=100,clientSn=2964}
[MESSENGER][OK] client=0 deliver clientSn=2964 sn=100
[RESPONDER][SEND] sn=100 client=0 req=3028 msg=ClientResponse{orderSn=100,clientSn=3028}
[MESSENGER][OK] client=0 deliver clientSn=3028 sn=100
[RESPONDER][SEND] sn=100 client=0 req=2968 msg=ClientResponse{orderSn=100,clientSn=2968}
[MESSENGER][OK] client=0 deliver clientSn=2968 sn=100
[RESPONDER][SEND] sn=100 client=0 req=3032 msg=ClientResponse{orderSn=100,clientSn=3032}
[MESSENGER][OK] client=0 deliver clientSn=3032 sn=100
[RESPONDER][SEND] sn=100 client=0 req=2972 msg=ClientResponse{orderSn=100,clientSn=2972}
[MESSENGER][OK] client=0 deliver clientSn=2972 sn=100
[RESPONDER][SEND] sn=100 client=0 req=3036 msg=ClientResponse{orderSn=100,clientSn=3036}
[MESSENGER][OK] client=0 deliver clientSn=3036 sn=100
[RESPONDER][SEND] sn=100 client=0 req=2912 msg=ClientResponse{orderSn=100,clientSn=2912}
[MESSENGER][OK] client=0 deliver clientSn=2912 sn=100
[RESPONDER][SEND] sn=100 client=0 req=2976 msg=ClientResponse{orderSn=100,clientSn=2976}
[MESSENGER][OK] client=0 deliver clientSn=2976 sn=100
[RESPONDER][SEND] sn=100 client=0 req=2916 msg=ClientResponse{orderSn=100,clientSn=2916}
[MESSENGER][OK] client=0 deliver clientSn=2916 sn=100
[RESPONDER][SEND] sn=100 client=0 req=2980 msg=ClientResponse{orderSn=100,clientSn=2980}
[MESSENGER][OK] client=0 deliver clientSn=2980 sn=100
[RESPONDER][SEND] sn=100 client=0 req=2920 msg=ClientResponse{orderSn=100,clientSn=2920}
[MESSENGER][OK] client=0 deliver clientSn=2920 sn=100
[RESPONDER][SEND] sn=100 client=0 req=2984 msg=ClientResponse{orderSn=100,clientSn=2984}
[MESSENGER][OK] client=0 deliver clientSn=2984 sn=100
[RESPONDER][SEND] sn=100 client=0 req=2924 msg=ClientResponse{orderSn=100,clientSn=2924}
[MESSENGER][OK] client=0 deliver clientSn=2924 sn=100
[RESPONDER][SEND] sn=100 client=0 req=2988 msg=ClientResponse{orderSn=100,clientSn=2988}
[MESSENGER][OK] client=0 deliver clientSn=2988 sn=100
[RESPONDER][SEND] sn=100 client=0 req=2928 msg=ClientResponse{orderSn=100,clientSn=2928}
[MESSENGER][OK] client=0 deliver clientSn=2928 sn=100
[RESPONDER][SEND] sn=100 client=0 req=2992 msg=ClientResponse{orderSn=100,clientSn=2992}
[MESSENGER][OK] client=0 deliver clientSn=2992 sn=100
[RESPONDER][SEND] sn=100 client=0 req=2932 msg=ClientResponse{orderSn=100,clientSn=2932}
[MESSENGER][OK] client=0 deliver clientSn=2932 sn=100
[RESPONDER][SEND] sn=100 client=0 req=2996 msg=ClientResponse{orderSn=100,clientSn=2996}
[MESSENGER][OK] client=0 deliver clientSn=2996 sn=100
[RESPONDER][SEND] sn=100 client=0 req=2936 msg=ClientResponse{orderSn=100,clientSn=2936}
[MESSENGER][OK] client=0 deliver clientSn=2936 sn=100
[RESPONDER][SEND] sn=100 client=0 req=3000 msg=ClientResponse{orderSn=100,clientSn=3000}
[MESSENGER][OK] client=0 deliver clientSn=3000 sn=100
[RESPONDER][SEND] sn=100 client=0 req=2940 msg=ClientResponse{orderSn=100,clientSn=2940}
[MESSENGER][OK] client=0 deliver clientSn=2940 sn=100
[RESPONDER][SEND] sn=100 client=0 req=3004 msg=ClientResponse{orderSn=100,clientSn=3004}
[MESSENGER][OK] client=0 deliver clientSn=3004 sn=100
[RESPONDER][ENTRY][DONE] sn=100 sent=32/32
21:01:38.867 DBG Batch ready. batchSize=4096
21:01:38.867 DBG Batch cut. left=0 nBuckets=16 nReq=32 next=0
21:01:38.868 DBG Waiting for batch. batchSize=4096
21:01:38.868 INF Sending PREPREPARE. nReq=32 senderID=2 sn=102 view=0
21:01:38.874 INF Handling PREPREPARE. nReq=32 senderID=1 sn=101
21:01:38.874 DBG Creating new Batch. nReq=32
21:01:38.876 DBG Sending COMMIT. senderID=2 sn=102 view=0
21:01:38.879 INF Committed entry. latency=0 nReq=32 sn=102
21:01:38.880 DBG Starting timer. sn=106 view=0
21:01:38.880 DBG Sending PREPARE. senderID=2 sn=101 view=0
21:01:38.880 DBG Sending COMMIT. senderID=2 sn=101 view=0
21:01:38.882 INF Committed entry. latency=0 nReq=32 sn=101
21:01:38.882 INF Delivered batch. nReq=32 sn=101
21:01:38.882 INF Delivered batch. nReq=32 sn=102
[RESPONDER][ENTRY] sn=101 nreq=32
[RESPONDER][SEND] sn=101 client=0 req=2945 msg=ClientResponse{orderSn=101,clientSn=2945}
21:01:38.882 INF Delivered batch. nReq=32 sn=103
[MESSENGER][OK] client=0 deliver clientSn=2945 sn=101
[RESPONDER][SEND] sn=101 client=0 req=3009 msg=ClientResponse{orderSn=101,clientSn=3009}
[MESSENGER][OK] client=0 deliver clientSn=3009 sn=101
[RESPONDER][SEND] sn=101 client=0 req=2949 msg=ClientResponse{orderSn=101,clientSn=2949}
[MESSENGER][OK] client=0 deliver clientSn=2949 sn=101
21:01:38.882 DBG Starting timer. sn=105 view=0
[RESPONDER][SEND] sn=101 client=0 req=3013 msg=ClientResponse{orderSn=101,clientSn=3013}
[MESSENGER][OK] client=0 deliver clientSn=3013 sn=101
[RESPONDER][SEND] sn=101 client=0 req=2953 msg=ClientResponse{orderSn=101,clientSn=2953}
[MESSENGER][OK] client=0 deliver clientSn=2953 sn=101
[RESPONDER][SEND] sn=101 client=0 req=3017 msg=ClientResponse{orderSn=101,clientSn=3017}
[MESSENGER][OK] client=0 deliver clientSn=3017 sn=101
[RESPONDER][SEND] sn=101 client=0 req=2957 msg=ClientResponse{orderSn=101,clientSn=2957}
[MESSENGER][OK] client=0 deliver clientSn=2957 sn=101
[RESPONDER][SEND] sn=101 client=0 req=3021 msg=ClientResponse{orderSn=101,clientSn=3021}
[MESSENGER][OK] client=0 deliver clientSn=3021 sn=101
[RESPONDER][SEND] sn=101 client=0 req=2961 msg=ClientResponse{orderSn=101,clientSn=2961}
[MESSENGER][OK] client=0 deliver clientSn=2961 sn=101
[RESPONDER][SEND] sn=101 client=0 req=3025 msg=ClientResponse{orderSn=101,clientSn=3025}
[MESSENGER][OK] client=0 deliver clientSn=3025 sn=101
[RESPONDER][SEND] sn=101 client=0 req=2965 msg=ClientResponse{orderSn=101,clientSn=2965}
[MESSENGER][OK] client=0 deliver clientSn=2965 sn=101
[RESPONDER][SEND] sn=101 client=0 req=3029 msg=ClientResponse{orderSn=101,clientSn=3029}
[MESSENGER][OK] client=0 deliver clientSn=3029 sn=101
[RESPONDER][SEND] sn=101 client=0 req=2969 msg=ClientResponse{orderSn=101,clientSn=2969}
[MESSENGER][OK] client=0 deliver clientSn=2969 sn=101
[RESPONDER][SEND] sn=101 client=0 req=3033 msg=ClientResponse{orderSn=101,clientSn=3033}
[MESSENGER][OK] client=0 deliver clientSn=3033 sn=101
[RESPONDER][SEND] sn=101 client=0 req=2973 msg=ClientResponse{orderSn=101,clientSn=2973}
[MESSENGER][OK] client=0 deliver clientSn=2973 sn=101
[RESPONDER][SEND] sn=101 client=0 req=3037 msg=ClientResponse{orderSn=101,clientSn=3037}
[MESSENGER][OK] client=0 deliver clientSn=3037 sn=101
[RESPONDER][SEND] sn=101 client=0 req=2913 msg=ClientResponse{orderSn=101,clientSn=2913}
[MESSENGER][OK] client=0 deliver clientSn=2913 sn=101
[RESPONDER][SEND] sn=101 client=0 req=2977 msg=ClientResponse{orderSn=101,clientSn=2977}
[MESSENGER][OK] client=0 deliver clientSn=2977 sn=101
[RESPONDER][SEND] sn=101 client=0 req=2917 msg=ClientResponse{orderSn=101,clientSn=2917}
[MESSENGER][OK] client=0 deliver clientSn=2917 sn=101
[RESPONDER][SEND] sn=101 client=0 req=2981 msg=ClientResponse{orderSn=101,clientSn=2981}
[MESSENGER][OK] client=0 deliver clientSn=2981 sn=101
[RESPONDER][SEND] sn=101 client=0 req=2921 msg=ClientResponse{orderSn=101,clientSn=2921}
[MESSENGER][OK] client=0 deliver clientSn=2921 sn=101
[RESPONDER][SEND] sn=101 client=0 req=2985 msg=ClientResponse{orderSn=101,clientSn=2985}
[MESSENGER][OK] client=0 deliver clientSn=2985 sn=101
[RESPONDER][SEND] sn=101 client=0 req=2925 msg=ClientResponse{orderSn=101,clientSn=2925}
[MESSENGER][OK] client=0 deliver clientSn=2925 sn=101
[RESPONDER][SEND] sn=101 client=0 req=2989 msg=ClientResponse{orderSn=101,clientSn=2989}
[MESSENGER][OK] client=0 deliver clientSn=2989 sn=101
[RESPONDER][SEND] sn=101 client=0 req=2929 msg=ClientResponse{orderSn=101,clientSn=2929}
[MESSENGER][OK] client=0 deliver clientSn=2929 sn=101
[RESPONDER][SEND] sn=101 client=0 req=2993 msg=ClientResponse{orderSn=101,clientSn=2993}
[MESSENGER][OK] client=0 deliver clientSn=2993 sn=101
[RESPONDER][SEND] sn=101 client=0 req=2933 msg=ClientResponse{orderSn=101,clientSn=2933}
[MESSENGER][OK] client=0 deliver clientSn=2933 sn=101
[RESPONDER][SEND] sn=101 client=0 req=2997 msg=ClientResponse{orderSn=101,clientSn=2997}
[MESSENGER][OK] client=0 deliver clientSn=2997 sn=101
[RESPONDER][SEND] sn=101 client=0 req=2937 msg=ClientResponse{orderSn=101,clientSn=2937}
[MESSENGER][OK] client=0 deliver clientSn=2937 sn=101
[RESPONDER][SEND] sn=101 client=0 req=3001 msg=ClientResponse{orderSn=101,clientSn=3001}
[MESSENGER][OK] client=0 deliver clientSn=3001 sn=101
[RESPONDER][SEND] sn=101 client=0 req=2941 msg=ClientResponse{orderSn=101,clientSn=2941}
[MESSENGER][OK] client=0 deliver clientSn=2941 sn=101
[RESPONDER][SEND] sn=101 client=0 req=3005 msg=ClientResponse{orderSn=101,clientSn=3005}
[MESSENGER][OK] client=0 deliver clientSn=3005 sn=101
[RESPONDER][ENTRY][DONE] sn=101 sent=32/32
[RESPONDER][ENTRY] sn=102 nreq=32
[RESPONDER][SEND] sn=102 client=0 req=2946 msg=ClientResponse{orderSn=102,clientSn=2946}
[MESSENGER][OK] client=0 deliver clientSn=2946 sn=102
[RESPONDER][SEND] sn=102 client=0 req=3010 msg=ClientResponse{orderSn=102,clientSn=3010}
[MESSENGER][OK] client=0 deliver clientSn=3010 sn=102
[RESPONDER][SEND] sn=102 client=0 req=2950 msg=ClientResponse{orderSn=102,clientSn=2950}
[MESSENGER][OK] client=0 deliver clientSn=2950 sn=102
[RESPONDER][SEND] sn=102 client=0 req=3014 msg=ClientResponse{orderSn=102,clientSn=3014}
[MESSENGER][OK] client=0 deliver clientSn=3014 sn=102
[RESPONDER][SEND] sn=102 client=0 req=2954 msg=ClientResponse{orderSn=102,clientSn=2954}
[MESSENGER][OK] client=0 deliver clientSn=2954 sn=102
[RESPONDER][SEND] sn=102 client=0 req=3018 msg=ClientResponse{orderSn=102,clientSn=3018}
[MESSENGER][OK] client=0 deliver clientSn=3018 sn=102
[RESPONDER][SEND] sn=102 client=0 req=2958 msg=ClientResponse{orderSn=102,clientSn=2958}
[MESSENGER][OK] client=0 deliver clientSn=2958 sn=102
[RESPONDER][SEND] sn=102 client=0 req=3022 msg=ClientResponse{orderSn=102,clientSn=3022}
[MESSENGER][OK] client=0 deliver clientSn=3022 sn=102
[RESPONDER][SEND] sn=102 client=0 req=2962 msg=ClientResponse{orderSn=102,clientSn=2962}
[MESSENGER][OK] client=0 deliver clientSn=2962 sn=102
[RESPONDER][SEND] sn=102 client=0 req=3026 msg=ClientResponse{orderSn=102,clientSn=3026}
[MESSENGER][OK] client=0 deliver clientSn=3026 sn=102
[RESPONDER][SEND] sn=102 client=0 req=2966 msg=ClientResponse{orderSn=102,clientSn=2966}
[MESSENGER][OK] client=0 deliver clientSn=2966 sn=102
[RESPONDER][SEND] sn=102 client=0 req=3030 msg=ClientResponse{orderSn=102,clientSn=3030}
[MESSENGER][OK] client=0 deliver clientSn=3030 sn=102
[RESPONDER][SEND] sn=102 client=0 req=2970 msg=ClientResponse{orderSn=102,clientSn=2970}
[MESSENGER][OK] client=0 deliver clientSn=2970 sn=102
[RESPONDER][SEND] sn=102 client=0 req=3034 msg=ClientResponse{orderSn=102,clientSn=3034}
[MESSENGER][OK] client=0 deliver clientSn=3034 sn=102
[RESPONDER][SEND] sn=102 client=0 req=2974 msg=ClientResponse{orderSn=102,clientSn=2974}
[MESSENGER][OK] client=0 deliver clientSn=2974 sn=102
[RESPONDER][SEND] sn=102 client=0 req=3038 msg=ClientResponse{orderSn=102,clientSn=3038}
[MESSENGER][OK] client=0 deliver clientSn=3038 sn=102
[RESPONDER][SEND] sn=102 client=0 req=2914 msg=ClientResponse{orderSn=102,clientSn=2914}
[MESSENGER][OK] client=0 deliver clientSn=2914 sn=102
[RESPONDER][SEND] sn=102 client=0 req=2978 msg=ClientResponse{orderSn=102,clientSn=2978}
[MESSENGER][OK] client=0 deliver clientSn=2978 sn=102
[RESPONDER][SEND] sn=102 client=0 req=2918 msg=ClientResponse{orderSn=102,clientSn=2918}
[MESSENGER][OK] client=0 deliver clientSn=2918 sn=102
[RESPONDER][SEND] sn=102 client=0 req=2982 msg=ClientResponse{orderSn=102,clientSn=2982}
[MESSENGER][OK] client=0 deliver clientSn=2982 sn=102
[RESPONDER][SEND] sn=102 client=0 req=2922 msg=ClientResponse{orderSn=102,clientSn=2922}
[MESSENGER][OK] client=0 deliver clientSn=2922 sn=102
[RESPONDER][SEND] sn=102 client=0 req=2986 msg=ClientResponse{orderSn=102,clientSn=2986}
[MESSENGER][OK] client=0 deliver clientSn=2986 sn=102
[RESPONDER][SEND] sn=102 client=0 req=2926 msg=ClientResponse{orderSn=102,clientSn=2926}
[MESSENGER][OK] client=0 deliver clientSn=2926 sn=102
[RESPONDER][SEND] sn=102 client=0 req=2990 msg=ClientResponse{orderSn=102,clientSn=2990}
[MESSENGER][OK] client=0 deliver clientSn=2990 sn=102
[RESPONDER][SEND] sn=102 client=0 req=2930 msg=ClientResponse{orderSn=102,clientSn=2930}
[MESSENGER][OK] client=0 deliver clientSn=2930 sn=102
[RESPONDER][SEND] sn=102 client=0 req=2994 msg=ClientResponse{orderSn=102,clientSn=2994}
[MESSENGER][OK] client=0 deliver clientSn=2994 sn=102
[RESPONDER][SEND] sn=102 client=0 req=2934 msg=ClientResponse{orderSn=102,clientSn=2934}
[MESSENGER][OK] client=0 deliver clientSn=2934 sn=102
[RESPONDER][SEND] sn=102 client=0 req=2998 msg=ClientResponse{orderSn=102,clientSn=2998}
[MESSENGER][OK] client=0 deliver clientSn=2998 sn=102
[RESPONDER][SEND] sn=102 client=0 req=2938 msg=ClientResponse{orderSn=102,clientSn=2938}
[MESSENGER][OK] client=0 deliver clientSn=2938 sn=102
[RESPONDER][SEND] sn=102 client=0 req=3002 msg=ClientResponse{orderSn=102,clientSn=3002}
[MESSENGER][OK] client=0 deliver clientSn=3002 sn=102
[RESPONDER][SEND] sn=102 client=0 req=2942 msg=ClientResponse{orderSn=102,clientSn=2942}
[MESSENGER][OK] client=0 deliver clientSn=2942 sn=102
[RESPONDER][SEND] sn=102 client=0 req=3006 msg=ClientResponse{orderSn=102,clientSn=3006}
[MESSENGER][OK] client=0 deliver clientSn=3006 sn=102
[RESPONDER][ENTRY][DONE] sn=102 sent=32/32
[RESPONDER][ENTRY] sn=103 nreq=32
[RESPONDER][SEND] sn=103 client=0 req=2947 msg=ClientResponse{orderSn=103,clientSn=2947}
[MESSENGER][OK] client=0 deliver clientSn=2947 sn=103
[RESPONDER][SEND] sn=103 client=0 req=3011 msg=ClientResponse{orderSn=103,clientSn=3011}
[MESSENGER][OK] client=0 deliver clientSn=3011 sn=103
[RESPONDER][SEND] sn=103 client=0 req=2951 msg=ClientResponse{orderSn=103,clientSn=2951}
[MESSENGER][OK] client=0 deliver clientSn=2951 sn=103
[RESPONDER][SEND] sn=103 client=0 req=3015 msg=ClientResponse{orderSn=103,clientSn=3015}
[MESSENGER][OK] client=0 deliver clientSn=3015 sn=103
[RESPONDER][SEND] sn=103 client=0 req=2955 msg=ClientResponse{orderSn=103,clientSn=2955}
[MESSENGER][OK] client=0 deliver clientSn=2955 sn=103
[RESPONDER][SEND] sn=103 client=0 req=3019 msg=ClientResponse{orderSn=103,clientSn=3019}
[MESSENGER][OK] client=0 deliver clientSn=3019 sn=103
[RESPONDER][SEND] sn=103 client=0 req=2959 msg=ClientResponse{orderSn=103,clientSn=2959}
[MESSENGER][OK] client=0 deliver clientSn=2959 sn=103
[RESPONDER][SEND] sn=103 client=0 req=3023 msg=ClientResponse{orderSn=103,clientSn=3023}
[MESSENGER][OK] client=0 deliver clientSn=3023 sn=103
[RESPONDER][SEND] sn=103 client=0 req=2963 msg=ClientResponse{orderSn=103,clientSn=2963}
[MESSENGER][OK] client=0 deliver clientSn=2963 sn=103
[RESPONDER][SEND] sn=103 client=0 req=3027 msg=ClientResponse{orderSn=103,clientSn=3027}
[MESSENGER][OK] client=0 deliver clientSn=3027 sn=103
[RESPONDER][SEND] sn=103 client=0 req=2967 msg=ClientResponse{orderSn=103,clientSn=2967}
[MESSENGER][OK] client=0 deliver clientSn=2967 sn=103
[RESPONDER][SEND] sn=103 client=0 req=3031 msg=ClientResponse{orderSn=103,clientSn=3031}
[MESSENGER][OK] client=0 deliver clientSn=3031 sn=103
[RESPONDER][SEND] sn=103 client=0 req=2971 msg=ClientResponse{orderSn=103,clientSn=2971}
[MESSENGER][OK] client=0 deliver clientSn=2971 sn=103
[RESPONDER][SEND] sn=103 client=0 req=3035 msg=ClientResponse{orderSn=103,clientSn=3035}
[MESSENGER][OK] client=0 deliver clientSn=3035 sn=103
[RESPONDER][SEND] sn=103 client=0 req=2911 msg=ClientResponse{orderSn=103,clientSn=2911}
[MESSENGER][OK] client=0 deliver clientSn=2911 sn=103
[RESPONDER][SEND] sn=103 client=0 req=2975 msg=ClientResponse{orderSn=103,clientSn=2975}
[MESSENGER][OK] client=0 deliver clientSn=2975 sn=103
[RESPONDER][SEND] sn=103 client=0 req=2915 msg=ClientResponse{orderSn=103,clientSn=2915}
[MESSENGER][OK] client=0 deliver clientSn=2915 sn=103
[RESPONDER][SEND] sn=103 client=0 req=2979 msg=ClientResponse{orderSn=103,clientSn=2979}
[MESSENGER][OK] client=0 deliver clientSn=2979 sn=103
[RESPONDER][SEND] sn=103 client=0 req=2919 msg=ClientResponse{orderSn=103,clientSn=2919}
[MESSENGER][OK] client=0 deliver clientSn=2919 sn=103
[RESPONDER][SEND] sn=103 client=0 req=2983 msg=ClientResponse{orderSn=103,clientSn=2983}
[MESSENGER][OK] client=0 deliver clientSn=2983 sn=103
[RESPONDER][SEND] sn=103 client=0 req=2923 msg=ClientResponse{orderSn=103,clientSn=2923}
[MESSENGER][OK] client=0 deliver clientSn=2923 sn=103
[RESPONDER][SEND] sn=103 client=0 req=2987 msg=ClientResponse{orderSn=103,clientSn=2987}
[MESSENGER][OK] client=0 deliver clientSn=2987 sn=103
[RESPONDER][SEND] sn=103 client=0 req=2927 msg=ClientResponse{orderSn=103,clientSn=2927}
[MESSENGER][OK] client=0 deliver clientSn=2927 sn=103
[RESPONDER][SEND] sn=103 client=0 req=2991 msg=ClientResponse{orderSn=103,clientSn=2991}
[MESSENGER][OK] client=0 deliver clientSn=2991 sn=103
[RESPONDER][SEND] sn=103 client=0 req=2931 msg=ClientResponse{orderSn=103,clientSn=2931}
[MESSENGER][OK] client=0 deliver clientSn=2931 sn=103
[RESPONDER][SEND] sn=103 client=0 req=2995 msg=ClientResponse{orderSn=103,clientSn=2995}
[MESSENGER][OK] client=0 deliver clientSn=2995 sn=103
[RESPONDER][SEND] sn=103 client=0 req=2935 msg=ClientResponse{orderSn=103,clientSn=2935}
[MESSENGER][OK] client=0 deliver clientSn=2935 sn=103
[RESPONDER][SEND] sn=103 client=0 req=2999 msg=ClientResponse{orderSn=103,clientSn=2999}
[MESSENGER][OK] client=0 deliver clientSn=2999 sn=103
[RESPONDER][SEND] sn=103 client=0 req=2939 msg=ClientResponse{orderSn=103,clientSn=2939}
[MESSENGER][OK] client=0 deliver clientSn=2939 sn=103
[RESPONDER][SEND] sn=103 client=0 req=3003 msg=ClientResponse{orderSn=103,clientSn=3003}
[MESSENGER][OK] client=0 deliver clientSn=3003 sn=103
[RESPONDER][SEND] sn=103 client=0 req=2943 msg=ClientResponse{orderSn=103,clientSn=2943}
[MESSENGER][OK] client=0 deliver clientSn=2943 sn=103
[RESPONDER][SEND] sn=103 client=0 req=3007 msg=ClientResponse{orderSn=103,clientSn=3007}
[MESSENGER][OK] client=0 deliver clientSn=3007 sn=103
[RESPONDER][ENTRY][DONE] sn=103 sent=32/32
21:01:39.859 INF Handling PREPREPARE. nReq=32 senderID=0 sn=104
21:01:39.859 DBG Creating new Batch. nReq=32
21:01:39.859 INF Handling PREPREPARE. nReq=32 senderID=3 sn=107
21:01:39.860 DBG Creating new Batch. nReq=32
21:01:39.864 DBG Sending PREPARE. senderID=2 sn=107 view=0
21:01:39.864 DBG Sending COMMIT. senderID=2 sn=107 view=0
21:01:39.864 DBG Sending PREPARE. senderID=2 sn=104 view=0
21:01:39.864 DBG Sending COMMIT. senderID=2 sn=104 view=0
21:01:39.866 INF Committed entry. latency=0 nReq=32 sn=104
21:01:39.866 INF Delivered batch. nReq=32 sn=104
[RESPONDER][ENTRY] sn=104 nreq=32
[RESPONDER][SEND] sn=104 client=0 req=3072 msg=ClientResponse{orderSn=104,clientSn=3072}
21:01:39.866 DBG Starting timer. sn=108 view=0
21:01:39.866 INF Committed entry. latency=0 nReq=32 sn=107
[MESSENGER][OK] client=0 deliver clientSn=3072 sn=104
[RESPONDER][SEND] sn=104 client=0 req=3136 msg=ClientResponse{orderSn=104,clientSn=3136}
[MESSENGER][OK] client=0 deliver clientSn=3136 sn=104
[RESPONDER][SEND] sn=104 client=0 req=3076 msg=ClientResponse{orderSn=104,clientSn=3076}
[MESSENGER][OK] client=0 deliver clientSn=3076 sn=104
[RESPONDER][SEND] sn=104 client=0 req=3140 msg=ClientResponse{orderSn=104,clientSn=3140}
[MESSENGER][OK] client=0 deliver clientSn=3140 sn=104
[RESPONDER][SEND] sn=104 client=0 req=3080 msg=ClientResponse{orderSn=104,clientSn=3080}
[MESSENGER][OK] client=0 deliver clientSn=3080 sn=104
[RESPONDER][SEND] sn=104 client=0 req=3144 msg=ClientResponse{orderSn=104,clientSn=3144}
[MESSENGER][OK] client=0 deliver clientSn=3144 sn=104
[RESPONDER][SEND] sn=104 client=0 req=3084 msg=ClientResponse{orderSn=104,clientSn=3084}
21:01:39.867 DBG Starting timer. sn=111 view=0
[MESSENGER][OK] client=0 deliver clientSn=3084 sn=104
[RESPONDER][SEND] sn=104 client=0 req=3148 msg=ClientResponse{orderSn=104,clientSn=3148}
[MESSENGER][OK] client=0 deliver clientSn=3148 sn=104
[RESPONDER][SEND] sn=104 client=0 req=3088 msg=ClientResponse{orderSn=104,clientSn=3088}
[MESSENGER][OK] client=0 deliver clientSn=3088 sn=104
[RESPONDER][SEND] sn=104 client=0 req=3152 msg=ClientResponse{orderSn=104,clientSn=3152}
[MESSENGER][OK] client=0 deliver clientSn=3152 sn=104
[RESPONDER][SEND] sn=104 client=0 req=3092 msg=ClientResponse{orderSn=104,clientSn=3092}
[MESSENGER][OK] client=0 deliver clientSn=3092 sn=104
[RESPONDER][SEND] sn=104 client=0 req=3156 msg=ClientResponse{orderSn=104,clientSn=3156}
[MESSENGER][OK] client=0 deliver clientSn=3156 sn=104
[RESPONDER][SEND] sn=104 client=0 req=3096 msg=ClientResponse{orderSn=104,clientSn=3096}
[MESSENGER][OK] client=0 deliver clientSn=3096 sn=104
[RESPONDER][SEND] sn=104 client=0 req=3160 msg=ClientResponse{orderSn=104,clientSn=3160}
[MESSENGER][OK] client=0 deliver clientSn=3160 sn=104
[RESPONDER][SEND] sn=104 client=0 req=3100 msg=ClientResponse{orderSn=104,clientSn=3100}
[MESSENGER][OK] client=0 deliver clientSn=3100 sn=104
[RESPONDER][SEND] sn=104 client=0 req=3164 msg=ClientResponse{orderSn=104,clientSn=3164}
[MESSENGER][OK] client=0 deliver clientSn=3164 sn=104
[RESPONDER][SEND] sn=104 client=0 req=3040 msg=ClientResponse{orderSn=104,clientSn=3040}
[MESSENGER][OK] client=0 deliver clientSn=3040 sn=104
[RESPONDER][SEND] sn=104 client=0 req=3104 msg=ClientResponse{orderSn=104,clientSn=3104}
[MESSENGER][OK] client=0 deliver clientSn=3104 sn=104
[RESPONDER][SEND] sn=104 client=0 req=3044 msg=ClientResponse{orderSn=104,clientSn=3044}
[MESSENGER][OK] client=0 deliver clientSn=3044 sn=104
[RESPONDER][SEND] sn=104 client=0 req=3108 msg=ClientResponse{orderSn=104,clientSn=3108}
[MESSENGER][OK] client=0 deliver clientSn=3108 sn=104
[RESPONDER][SEND] sn=104 client=0 req=3048 msg=ClientResponse{orderSn=104,clientSn=3048}
[MESSENGER][OK] client=0 deliver clientSn=3048 sn=104
[RESPONDER][SEND] sn=104 client=0 req=3112 msg=ClientResponse{orderSn=104,clientSn=3112}
[MESSENGER][OK] client=0 deliver clientSn=3112 sn=104
[RESPONDER][SEND] sn=104 client=0 req=3052 msg=ClientResponse{orderSn=104,clientSn=3052}
[MESSENGER][OK] client=0 deliver clientSn=3052 sn=104
[RESPONDER][SEND] sn=104 client=0 req=3116 msg=ClientResponse{orderSn=104,clientSn=3116}
[MESSENGER][OK] client=0 deliver clientSn=3116 sn=104
[RESPONDER][SEND] sn=104 client=0 req=3056 msg=ClientResponse{orderSn=104,clientSn=3056}
[MESSENGER][OK] client=0 deliver clientSn=3056 sn=104
[RESPONDER][SEND] sn=104 client=0 req=3120 msg=ClientResponse{orderSn=104,clientSn=3120}
[MESSENGER][OK] client=0 deliver clientSn=3120 sn=104
[RESPONDER][SEND] sn=104 client=0 req=3060 msg=ClientResponse{orderSn=104,clientSn=3060}
[MESSENGER][OK] client=0 deliver clientSn=3060 sn=104
[RESPONDER][SEND] sn=104 client=0 req=3124 msg=ClientResponse{orderSn=104,clientSn=3124}
[MESSENGER][OK] client=0 deliver clientSn=3124 sn=104
[RESPONDER][SEND] sn=104 client=0 req=3064 msg=ClientResponse{orderSn=104,clientSn=3064}
21:01:39.869 DBG Batch ready. batchSize=4096
[MESSENGER][OK] client=0 deliver clientSn=3064 sn=104
[RESPONDER][SEND] sn=104 client=0 req=3128 msg=ClientResponse{orderSn=104,clientSn=3128}
[MESSENGER][OK] client=0 deliver clientSn=3128 sn=104
[RESPONDER][SEND] sn=104 client=0 req=3068 msg=ClientResponse{orderSn=104,clientSn=3068}
[MESSENGER][OK] client=0 deliver clientSn=3068 sn=104
[RESPONDER][SEND] sn=104 client=0 req=3132 msg=ClientResponse{orderSn=104,clientSn=3132}
[MESSENGER][OK] client=0 deliver clientSn=3132 sn=104
[RESPONDER][ENTRY][DONE] sn=104 sent=32/32
21:01:39.869 DBG Batch cut. left=0 nBuckets=16 nReq=32 next=0
21:01:39.869 DBG Waiting for batch. batchSize=4096
21:01:39.871 INF Sending PREPREPARE. nReq=32 senderID=2 sn=106 view=0
21:01:39.874 INF Handling PREPREPARE. nReq=32 senderID=1 sn=105
21:01:39.874 DBG Creating new Batch. nReq=32
21:01:39.877 DBG Sending PREPARE. senderID=2 sn=105 view=0
21:01:39.881 DBG Sending COMMIT. senderID=2 sn=105 view=0
21:01:39.881 DBG Sending COMMIT. senderID=2 sn=106 view=0
21:01:39.882 INF Committed entry. latency=0 nReq=32 sn=105
21:01:39.883 INF Delivered batch. nReq=32 sn=105
[RESPONDER][ENTRY] sn=105 nreq=32
[RESPONDER][SEND] sn=105 client=0 req=3073 msg=ClientResponse{orderSn=105,clientSn=3073}
21:01:39.883 DBG Starting timer. sn=109 view=0
[MESSENGER][OK] client=0 deliver clientSn=3073 sn=105
[RESPONDER][SEND] sn=105 client=0 req=3137 msg=ClientResponse{orderSn=105,clientSn=3137}
[MESSENGER][OK] client=0 deliver clientSn=3137 sn=105
[RESPONDER][SEND] sn=105 client=0 req=3077 msg=ClientResponse{orderSn=105,clientSn=3077}
[MESSENGER][OK] client=0 deliver clientSn=3077 sn=105
[RESPONDER][SEND] sn=105 client=0 req=3141 msg=ClientResponse{orderSn=105,clientSn=3141}
[MESSENGER][OK] client=0 deliver clientSn=3141 sn=105
[RESPONDER][SEND] sn=105 client=0 req=3081 msg=ClientResponse{orderSn=105,clientSn=3081}
[MESSENGER][OK] client=0 deliver clientSn=3081 sn=105
[RESPONDER][SEND] sn=105 client=0 req=3145 msg=ClientResponse{orderSn=105,clientSn=3145}
[MESSENGER][OK] client=0 deliver clientSn=3145 sn=105
[RESPONDER][SEND] sn=105 client=0 req=3085 msg=ClientResponse{orderSn=105,clientSn=3085}
[MESSENGER][OK] client=0 deliver clientSn=3085 sn=105
[RESPONDER][SEND] sn=105 client=0 req=3149 msg=ClientResponse{orderSn=105,clientSn=3149}
[MESSENGER][OK] client=0 deliver clientSn=3149 sn=105
[RESPONDER][SEND] sn=105 client=0 req=3089 msg=ClientResponse{orderSn=105,clientSn=3089}
[MESSENGER][OK] client=0 deliver clientSn=3089 sn=105
[RESPONDER][SEND] sn=105 client=0 req=3153 msg=ClientResponse{orderSn=105,clientSn=3153}
[MESSENGER][OK] client=0 deliver clientSn=3153 sn=105
[RESPONDER][SEND] sn=105 client=0 req=3093 msg=ClientResponse{orderSn=105,clientSn=3093}
[MESSENGER][OK] client=0 deliver clientSn=3093 sn=105
[RESPONDER][SEND] sn=105 client=0 req=3157 msg=ClientResponse{orderSn=105,clientSn=3157}
[MESSENGER][OK] client=0 deliver clientSn=3157 sn=105
[RESPONDER][SEND] sn=105 client=0 req=3097 msg=ClientResponse{orderSn=105,clientSn=3097}
21:01:39.883 INF Committed entry. latency=0 nReq=32 sn=106
[MESSENGER][OK] client=0 deliver clientSn=3097 sn=105
[RESPONDER][SEND] sn=105 client=0 req=3161 msg=ClientResponse{orderSn=105,clientSn=3161}
[MESSENGER][OK] client=0 deliver clientSn=3161 sn=105
[RESPONDER][SEND] sn=105 client=0 req=3101 msg=ClientResponse{orderSn=105,clientSn=3101}
[MESSENGER][OK] client=0 deliver clientSn=3101 sn=105
[RESPONDER][SEND] sn=105 client=0 req=3165 msg=ClientResponse{orderSn=105,clientSn=3165}
[MESSENGER][OK] client=0 deliver clientSn=3165 sn=105
[RESPONDER][SEND] sn=105 client=0 req=3041 msg=ClientResponse{orderSn=105,clientSn=3041}
21:01:39.883 INF Delivered batch. nReq=32 sn=106
21:01:39.884 INF Delivered batch. nReq=32 sn=107
21:01:39.884 DBG Starting timer. sn=110 view=0
[MESSENGER][OK] client=0 deliver clientSn=3041 sn=105
[RESPONDER][SEND] sn=105 client=0 req=3105 msg=ClientResponse{orderSn=105,clientSn=3105}
[MESSENGER][OK] client=0 deliver clientSn=3105 sn=105
[RESPONDER][SEND] sn=105 client=0 req=3045 msg=ClientResponse{orderSn=105,clientSn=3045}
[MESSENGER][OK] client=0 deliver clientSn=3045 sn=105
[RESPONDER][SEND] sn=105 client=0 req=3109 msg=ClientResponse{orderSn=105,clientSn=3109}
[MESSENGER][OK] client=0 deliver clientSn=3109 sn=105
[RESPONDER][SEND] sn=105 client=0 req=3049 msg=ClientResponse{orderSn=105,clientSn=3049}
[MESSENGER][OK] client=0 deliver clientSn=3049 sn=105
[RESPONDER][SEND] sn=105 client=0 req=3113 msg=ClientResponse{orderSn=105,clientSn=3113}
[MESSENGER][OK] client=0 deliver clientSn=3113 sn=105
[RESPONDER][SEND] sn=105 client=0 req=3053 msg=ClientResponse{orderSn=105,clientSn=3053}
[MESSENGER][OK] client=0 deliver clientSn=3053 sn=105
[RESPONDER][SEND] sn=105 client=0 req=3117 msg=ClientResponse{orderSn=105,clientSn=3117}
[MESSENGER][OK] client=0 deliver clientSn=3117 sn=105
[RESPONDER][SEND] sn=105 client=0 req=3057 msg=ClientResponse{orderSn=105,clientSn=3057}
[MESSENGER][OK] client=0 deliver clientSn=3057 sn=105
[RESPONDER][SEND] sn=105 client=0 req=3121 msg=ClientResponse{orderSn=105,clientSn=3121}
[MESSENGER][OK] client=0 deliver clientSn=3121 sn=105
[RESPONDER][SEND] sn=105 client=0 req=3061 msg=ClientResponse{orderSn=105,clientSn=3061}
[MESSENGER][OK] client=0 deliver clientSn=3061 sn=105
[RESPONDER][SEND] sn=105 client=0 req=3125 msg=ClientResponse{orderSn=105,clientSn=3125}
[MESSENGER][OK] client=0 deliver clientSn=3125 sn=105
[RESPONDER][SEND] sn=105 client=0 req=3065 msg=ClientResponse{orderSn=105,clientSn=3065}
[MESSENGER][OK] client=0 deliver clientSn=3065 sn=105
[RESPONDER][SEND] sn=105 client=0 req=3129 msg=ClientResponse{orderSn=105,clientSn=3129}
[MESSENGER][OK] client=0 deliver clientSn=3129 sn=105
[RESPONDER][SEND] sn=105 client=0 req=3069 msg=ClientResponse{orderSn=105,clientSn=3069}
[MESSENGER][OK] client=0 deliver clientSn=3069 sn=105
[RESPONDER][SEND] sn=105 client=0 req=3133 msg=ClientResponse{orderSn=105,clientSn=3133}
[MESSENGER][OK] client=0 deliver clientSn=3133 sn=105
[RESPONDER][ENTRY][DONE] sn=105 sent=32/32
[RESPONDER][ENTRY] sn=106 nreq=32
[RESPONDER][SEND] sn=106 client=0 req=3074 msg=ClientResponse{orderSn=106,clientSn=3074}
[MESSENGER][OK] client=0 deliver clientSn=3074 sn=106
[RESPONDER][SEND] sn=106 client=0 req=3138 msg=ClientResponse{orderSn=106,clientSn=3138}
[MESSENGER][OK] client=0 deliver clientSn=3138 sn=106
[RESPONDER][SEND] sn=106 client=0 req=3078 msg=ClientResponse{orderSn=106,clientSn=3078}
[MESSENGER][OK] client=0 deliver clientSn=3078 sn=106
[RESPONDER][SEND] sn=106 client=0 req=3142 msg=ClientResponse{orderSn=106,clientSn=3142}
[MESSENGER][OK] client=0 deliver clientSn=3142 sn=106
[RESPONDER][SEND] sn=106 client=0 req=3082 msg=ClientResponse{orderSn=106,clientSn=3082}
[MESSENGER][OK] client=0 deliver clientSn=3082 sn=106
[RESPONDER][SEND] sn=106 client=0 req=3146 msg=ClientResponse{orderSn=106,clientSn=3146}
[MESSENGER][OK] client=0 deliver clientSn=3146 sn=106
[RESPONDER][SEND] sn=106 client=0 req=3086 msg=ClientResponse{orderSn=106,clientSn=3086}
[MESSENGER][OK] client=0 deliver clientSn=3086 sn=106
[RESPONDER][SEND] sn=106 client=0 req=3150 msg=ClientResponse{orderSn=106,clientSn=3150}
[MESSENGER][OK] client=0 deliver clientSn=3150 sn=106
[RESPONDER][SEND] sn=106 client=0 req=3090 msg=ClientResponse{orderSn=106,clientSn=3090}
[MESSENGER][OK] client=0 deliver clientSn=3090 sn=106
[RESPONDER][SEND] sn=106 client=0 req=3154 msg=ClientResponse{orderSn=106,clientSn=3154}
[MESSENGER][OK] client=0 deliver clientSn=3154 sn=106
[RESPONDER][SEND] sn=106 client=0 req=3094 msg=ClientResponse{orderSn=106,clientSn=3094}
[MESSENGER][OK] client=0 deliver clientSn=3094 sn=106
[RESPONDER][SEND] sn=106 client=0 req=3158 msg=ClientResponse{orderSn=106,clientSn=3158}
[MESSENGER][OK] client=0 deliver clientSn=3158 sn=106
[RESPONDER][SEND] sn=106 client=0 req=3098 msg=ClientResponse{orderSn=106,clientSn=3098}
[MESSENGER][OK] client=0 deliver clientSn=3098 sn=106
[RESPONDER][SEND] sn=106 client=0 req=3162 msg=ClientResponse{orderSn=106,clientSn=3162}
[MESSENGER][OK] client=0 deliver clientSn=3162 sn=106
[RESPONDER][SEND] sn=106 client=0 req=3102 msg=ClientResponse{orderSn=106,clientSn=3102}
[MESSENGER][OK] client=0 deliver clientSn=3102 sn=106
[RESPONDER][SEND] sn=106 client=0 req=3166 msg=ClientResponse{orderSn=106,clientSn=3166}
[MESSENGER][OK] client=0 deliver clientSn=3166 sn=106
[RESPONDER][SEND] sn=106 client=0 req=3042 msg=ClientResponse{orderSn=106,clientSn=3042}
[MESSENGER][OK] client=0 deliver clientSn=3042 sn=106
[RESPONDER][SEND] sn=106 client=0 req=3106 msg=ClientResponse{orderSn=106,clientSn=3106}
[MESSENGER][OK] client=0 deliver clientSn=3106 sn=106
[RESPONDER][SEND] sn=106 client=0 req=3046 msg=ClientResponse{orderSn=106,clientSn=3046}
[MESSENGER][OK] client=0 deliver clientSn=3046 sn=106
[RESPONDER][SEND] sn=106 client=0 req=3110 msg=ClientResponse{orderSn=106,clientSn=3110}
[MESSENGER][OK] client=0 deliver clientSn=3110 sn=106
[RESPONDER][SEND] sn=106 client=0 req=3050 msg=ClientResponse{orderSn=106,clientSn=3050}
[MESSENGER][OK] client=0 deliver clientSn=3050 sn=106
[RESPONDER][SEND] sn=106 client=0 req=3114 msg=ClientResponse{orderSn=106,clientSn=3114}
[MESSENGER][OK] client=0 deliver clientSn=3114 sn=106
[RESPONDER][SEND] sn=106 client=0 req=3054 msg=ClientResponse{orderSn=106,clientSn=3054}
[MESSENGER][OK] client=0 deliver clientSn=3054 sn=106
[RESPONDER][SEND] sn=106 client=0 req=3118 msg=ClientResponse{orderSn=106,clientSn=3118}
[MESSENGER][OK] client=0 deliver clientSn=3118 sn=106
[RESPONDER][SEND] sn=106 client=0 req=3058 msg=ClientResponse{orderSn=106,clientSn=3058}
[MESSENGER][OK] client=0 deliver clientSn=3058 sn=106
[RESPONDER][SEND] sn=106 client=0 req=3122 msg=ClientResponse{orderSn=106,clientSn=3122}
[MESSENGER][OK] client=0 deliver clientSn=3122 sn=106
[RESPONDER][SEND] sn=106 client=0 req=3062 msg=ClientResponse{orderSn=106,clientSn=3062}
[MESSENGER][OK] client=0 deliver clientSn=3062 sn=106
[RESPONDER][SEND] sn=106 client=0 req=3126 msg=ClientResponse{orderSn=106,clientSn=3126}
[MESSENGER][OK] client=0 deliver clientSn=3126 sn=106
[RESPONDER][SEND] sn=106 client=0 req=3066 msg=ClientResponse{orderSn=106,clientSn=3066}
[MESSENGER][OK] client=0 deliver clientSn=3066 sn=106
[RESPONDER][SEND] sn=106 client=0 req=3130 msg=ClientResponse{orderSn=106,clientSn=3130}
[MESSENGER][OK] client=0 deliver clientSn=3130 sn=106
[RESPONDER][SEND] sn=106 client=0 req=3070 msg=ClientResponse{orderSn=106,clientSn=3070}
[MESSENGER][OK] client=0 deliver clientSn=3070 sn=106
[RESPONDER][SEND] sn=106 client=0 req=3134 msg=ClientResponse{orderSn=106,clientSn=3134}
[MESSENGER][OK] client=0 deliver clientSn=3134 sn=106
[RESPONDER][ENTRY][DONE] sn=106 sent=32/32
[RESPONDER][ENTRY] sn=107 nreq=32
[RESPONDER][SEND] sn=107 client=0 req=3075 msg=ClientResponse{orderSn=107,clientSn=3075}
[MESSENGER][OK] client=0 deliver clientSn=3075 sn=107
[RESPONDER][SEND] sn=107 client=0 req=3139 msg=ClientResponse{orderSn=107,clientSn=3139}
[MESSENGER][OK] client=0 deliver clientSn=3139 sn=107
[RESPONDER][SEND] sn=107 client=0 req=3079 msg=ClientResponse{orderSn=107,clientSn=3079}
[MESSENGER][OK] client=0 deliver clientSn=3079 sn=107
[RESPONDER][SEND] sn=107 client=0 req=3143 msg=ClientResponse{orderSn=107,clientSn=3143}
[MESSENGER][OK] client=0 deliver clientSn=3143 sn=107
[RESPONDER][SEND] sn=107 client=0 req=3083 msg=ClientResponse{orderSn=107,clientSn=3083}
[MESSENGER][OK] client=0 deliver clientSn=3083 sn=107
[RESPONDER][SEND] sn=107 client=0 req=3147 msg=ClientResponse{orderSn=107,clientSn=3147}
[MESSENGER][OK] client=0 deliver clientSn=3147 sn=107
[RESPONDER][SEND] sn=107 client=0 req=3087 msg=ClientResponse{orderSn=107,clientSn=3087}
[MESSENGER][OK] client=0 deliver clientSn=3087 sn=107
[RESPONDER][SEND] sn=107 client=0 req=3151 msg=ClientResponse{orderSn=107,clientSn=3151}
[MESSENGER][OK] client=0 deliver clientSn=3151 sn=107
[RESPONDER][SEND] sn=107 client=0 req=3091 msg=ClientResponse{orderSn=107,clientSn=3091}
[MESSENGER][OK] client=0 deliver clientSn=3091 sn=107
[RESPONDER][SEND] sn=107 client=0 req=3155 msg=ClientResponse{orderSn=107,clientSn=3155}
[MESSENGER][OK] client=0 deliver clientSn=3155 sn=107
[RESPONDER][SEND] sn=107 client=0 req=3095 msg=ClientResponse{orderSn=107,clientSn=3095}
[MESSENGER][OK] client=0 deliver clientSn=3095 sn=107
[RESPONDER][SEND] sn=107 client=0 req=3159 msg=ClientResponse{orderSn=107,clientSn=3159}
[MESSENGER][OK] client=0 deliver clientSn=3159 sn=107
[RESPONDER][SEND] sn=107 client=0 req=3099 msg=ClientResponse{orderSn=107,clientSn=3099}
[MESSENGER][OK] client=0 deliver clientSn=3099 sn=107
[RESPONDER][SEND] sn=107 client=0 req=3163 msg=ClientResponse{orderSn=107,clientSn=3163}
[MESSENGER][OK] client=0 deliver clientSn=3163 sn=107
[RESPONDER][SEND] sn=107 client=0 req=3039 msg=ClientResponse{orderSn=107,clientSn=3039}
[MESSENGER][OK] client=0 deliver clientSn=3039 sn=107
[RESPONDER][SEND] sn=107 client=0 req=3103 msg=ClientResponse{orderSn=107,clientSn=3103}
[MESSENGER][OK] client=0 deliver clientSn=3103 sn=107
[RESPONDER][SEND] sn=107 client=0 req=3043 msg=ClientResponse{orderSn=107,clientSn=3043}
[MESSENGER][OK] client=0 deliver clientSn=3043 sn=107
[RESPONDER][SEND] sn=107 client=0 req=3107 msg=ClientResponse{orderSn=107,clientSn=3107}
[MESSENGER][OK] client=0 deliver clientSn=3107 sn=107
[RESPONDER][SEND] sn=107 client=0 req=3047 msg=ClientResponse{orderSn=107,clientSn=3047}
[MESSENGER][OK] client=0 deliver clientSn=3047 sn=107
[RESPONDER][SEND] sn=107 client=0 req=3111 msg=ClientResponse{orderSn=107,clientSn=3111}
[MESSENGER][OK] client=0 deliver clientSn=3111 sn=107
[RESPONDER][SEND] sn=107 client=0 req=3051 msg=ClientResponse{orderSn=107,clientSn=3051}
[MESSENGER][OK] client=0 deliver clientSn=3051 sn=107
[RESPONDER][SEND] sn=107 client=0 req=3115 msg=ClientResponse{orderSn=107,clientSn=3115}
[MESSENGER][OK] client=0 deliver clientSn=3115 sn=107
[RESPONDER][SEND] sn=107 client=0 req=3055 msg=ClientResponse{orderSn=107,clientSn=3055}
[MESSENGER][OK] client=0 deliver clientSn=3055 sn=107
[RESPONDER][SEND] sn=107 client=0 req=3119 msg=ClientResponse{orderSn=107,clientSn=3119}
[MESSENGER][OK] client=0 deliver clientSn=3119 sn=107
[RESPONDER][SEND] sn=107 client=0 req=3059 msg=ClientResponse{orderSn=107,clientSn=3059}
[MESSENGER][OK] client=0 deliver clientSn=3059 sn=107
[RESPONDER][SEND] sn=107 client=0 req=3123 msg=ClientResponse{orderSn=107,clientSn=3123}
[MESSENGER][OK] client=0 deliver clientSn=3123 sn=107
[RESPONDER][SEND] sn=107 client=0 req=3063 msg=ClientResponse{orderSn=107,clientSn=3063}
[MESSENGER][OK] client=0 deliver clientSn=3063 sn=107
[RESPONDER][SEND] sn=107 client=0 req=3127 msg=ClientResponse{orderSn=107,clientSn=3127}
[MESSENGER][OK] client=0 deliver clientSn=3127 sn=107
[RESPONDER][SEND] sn=107 client=0 req=3067 msg=ClientResponse{orderSn=107,clientSn=3067}
[MESSENGER][OK] client=0 deliver clientSn=3067 sn=107
[RESPONDER][SEND] sn=107 client=0 req=3131 msg=ClientResponse{orderSn=107,clientSn=3131}
[MESSENGER][OK] client=0 deliver clientSn=3131 sn=107
[RESPONDER][SEND] sn=107 client=0 req=3071 msg=ClientResponse{orderSn=107,clientSn=3071}
[MESSENGER][OK] client=0 deliver clientSn=3071 sn=107
[RESPONDER][SEND] sn=107 client=0 req=3135 msg=ClientResponse{orderSn=107,clientSn=3135}
[MESSENGER][OK] client=0 deliver clientSn=3135 sn=107
[RESPONDER][ENTRY][DONE] sn=107 sent=32/32
21:01:40.859 INF Handling PREPREPARE. nReq=32 senderID=0 sn=108
21:01:40.860 DBG Creating new Batch. nReq=32
21:01:40.862 INF Handling PREPREPARE. nReq=32 senderID=3 sn=111
21:01:40.862 DBG Creating new Batch. nReq=32
21:01:40.863 DBG Sending PREPARE. senderID=2 sn=108 view=0
21:01:40.863 DBG Sending COMMIT. senderID=2 sn=108 view=0
21:01:40.865 DBG Sending PREPARE. senderID=2 sn=111 view=0
21:01:40.866 DBG Sending COMMIT. senderID=2 sn=111 view=0
21:01:40.867 INF Committed entry. latency=0 nReq=32 sn=108
21:01:40.868 INF Delivered batch. nReq=32 sn=108
21:01:40.868 DBG Starting timer. sn=112 view=0
[RESPONDER][ENTRY] sn=108 nreq=32
[RESPONDER][SEND] sn=108 client=0 req=3200 msg=ClientResponse{orderSn=108,clientSn=3200}
[MESSENGER][OK] client=0 deliver clientSn=3200 sn=108
[RESPONDER][SEND] sn=108 client=0 req=3264 msg=ClientResponse{orderSn=108,clientSn=3264}
[MESSENGER][OK] client=0 deliver clientSn=3264 sn=108
[RESPONDER][SEND] sn=108 client=0 req=3204 msg=ClientResponse{orderSn=108,clientSn=3204}
[MESSENGER][OK] client=0 deliver clientSn=3204 sn=108
[RESPONDER][SEND] sn=108 client=0 req=3268 msg=ClientResponse{orderSn=108,clientSn=3268}
[MESSENGER][OK] client=0 deliver clientSn=3268 sn=108
[RESPONDER][SEND] sn=108 client=0 req=3208 msg=ClientResponse{orderSn=108,clientSn=3208}
[MESSENGER][OK] client=0 deliver clientSn=3208 sn=108
[RESPONDER][SEND] sn=108 client=0 req=3272 msg=ClientResponse{orderSn=108,clientSn=3272}
[MESSENGER][OK] client=0 deliver clientSn=3272 sn=108
[RESPONDER][SEND] sn=108 client=0 req=3212 msg=ClientResponse{orderSn=108,clientSn=3212}
21:01:40.868 INF Committed entry. latency=0 nReq=32 sn=111
[MESSENGER][OK] client=0 deliver clientSn=3212 sn=108
[RESPONDER][SEND] sn=108 client=0 req=3276 msg=ClientResponse{orderSn=108,clientSn=3276}
21:01:40.868 DBG Starting timer. sn=115 view=0
[MESSENGER][OK] client=0 deliver clientSn=3276 sn=108
[RESPONDER][SEND] sn=108 client=0 req=3216 msg=ClientResponse{orderSn=108,clientSn=3216}
[MESSENGER][OK] client=0 deliver clientSn=3216 sn=108
[RESPONDER][SEND] sn=108 client=0 req=3280 msg=ClientResponse{orderSn=108,clientSn=3280}
[MESSENGER][OK] client=0 deliver clientSn=3280 sn=108
[RESPONDER][SEND] sn=108 client=0 req=3220 msg=ClientResponse{orderSn=108,clientSn=3220}
[MESSENGER][OK] client=0 deliver clientSn=3220 sn=108
[RESPONDER][SEND] sn=108 client=0 req=3284 msg=ClientResponse{orderSn=108,clientSn=3284}
[MESSENGER][OK] client=0 deliver clientSn=3284 sn=108
[RESPONDER][SEND] sn=108 client=0 req=3224 msg=ClientResponse{orderSn=108,clientSn=3224}
[MESSENGER][OK] client=0 deliver clientSn=3224 sn=108
[RESPONDER][SEND] sn=108 client=0 req=3288 msg=ClientResponse{orderSn=108,clientSn=3288}
[MESSENGER][OK] client=0 deliver clientSn=3288 sn=108
[RESPONDER][SEND] sn=108 client=0 req=3228 msg=ClientResponse{orderSn=108,clientSn=3228}
[MESSENGER][OK] client=0 deliver clientSn=3228 sn=108
[RESPONDER][SEND] sn=108 client=0 req=3292 msg=ClientResponse{orderSn=108,clientSn=3292}
[MESSENGER][OK] client=0 deliver clientSn=3292 sn=108
[RESPONDER][SEND] sn=108 client=0 req=3168 msg=ClientResponse{orderSn=108,clientSn=3168}
[MESSENGER][OK] client=0 deliver clientSn=3168 sn=108
[RESPONDER][SEND] sn=108 client=0 req=3232 msg=ClientResponse{orderSn=108,clientSn=3232}
[MESSENGER][OK] client=0 deliver clientSn=3232 sn=108
[RESPONDER][SEND] sn=108 client=0 req=3172 msg=ClientResponse{orderSn=108,clientSn=3172}
[MESSENGER][OK] client=0 deliver clientSn=3172 sn=108
[RESPONDER][SEND] sn=108 client=0 req=3236 msg=ClientResponse{orderSn=108,clientSn=3236}
[MESSENGER][OK] client=0 deliver clientSn=3236 sn=108
[RESPONDER][SEND] sn=108 client=0 req=3176 msg=ClientResponse{orderSn=108,clientSn=3176}
[MESSENGER][OK] client=0 deliver clientSn=3176 sn=108
[RESPONDER][SEND] sn=108 client=0 req=3240 msg=ClientResponse{orderSn=108,clientSn=3240}
[MESSENGER][OK] client=0 deliver clientSn=3240 sn=108
[RESPONDER][SEND] sn=108 client=0 req=3180 msg=ClientResponse{orderSn=108,clientSn=3180}
[MESSENGER][OK] client=0 deliver clientSn=3180 sn=108
[RESPONDER][SEND] sn=108 client=0 req=3244 msg=ClientResponse{orderSn=108,clientSn=3244}
[MESSENGER][OK] client=0 deliver clientSn=3244 sn=108
[RESPONDER][SEND] sn=108 client=0 req=3184 msg=ClientResponse{orderSn=108,clientSn=3184}
[MESSENGER][OK] client=0 deliver clientSn=3184 sn=108
[RESPONDER][SEND] sn=108 client=0 req=3248 msg=ClientResponse{orderSn=108,clientSn=3248}
[MESSENGER][OK] client=0 deliver clientSn=3248 sn=108
[RESPONDER][SEND] sn=108 client=0 req=3188 msg=ClientResponse{orderSn=108,clientSn=3188}
[MESSENGER][OK] client=0 deliver clientSn=3188 sn=108
[RESPONDER][SEND] sn=108 client=0 req=3252 msg=ClientResponse{orderSn=108,clientSn=3252}
[MESSENGER][OK] client=0 deliver clientSn=3252 sn=108
[RESPONDER][SEND] sn=108 client=0 req=3192 msg=ClientResponse{orderSn=108,clientSn=3192}
[MESSENGER][OK] client=0 deliver clientSn=3192 sn=108
[RESPONDER][SEND] sn=108 client=0 req=3256 msg=ClientResponse{orderSn=108,clientSn=3256}
[MESSENGER][OK] client=0 deliver clientSn=3256 sn=108
[RESPONDER][SEND] sn=108 client=0 req=3196 msg=ClientResponse{orderSn=108,clientSn=3196}
[MESSENGER][OK] client=0 deliver clientSn=3196 sn=108
21:01:40.869 DBG Batch ready. batchSize=4096
[RESPONDER][SEND] sn=108 client=0 req=3260 msg=ClientResponse{orderSn=108,clientSn=3260}
[MESSENGER][OK] client=0 deliver clientSn=3260 sn=108
[RESPONDER][ENTRY][DONE] sn=108 sent=32/32
21:01:40.870 DBG Batch cut. left=0 nBuckets=16 nReq=32 next=0
21:01:40.870 DBG Waiting for batch. batchSize=4096
21:01:40.871 INF Sending PREPREPARE. nReq=32 senderID=2 sn=110 view=0
21:01:40.876 INF Handling PREPREPARE. nReq=32 senderID=1 sn=109
21:01:40.876 DBG Creating new Batch. nReq=32
21:01:40.881 DBG Sending PREPARE. senderID=2 sn=109 view=0
21:01:40.881 DBG Sending COMMIT. senderID=2 sn=109 view=0
21:01:40.882 DBG Sending COMMIT. senderID=2 sn=110 view=0
21:01:40.882 INF Committed entry. latency=0 nReq=32 sn=110
21:01:40.882 DBG Starting timer. sn=114 view=0
21:01:40.883 INF Committed entry. latency=0 nReq=32 sn=109
21:01:40.883 INF Delivered batch. nReq=32 sn=109
[RESPONDER][ENTRY] sn=109 nreq=32
[RESPONDER][SEND] sn=109 client=0 req=3201 msg=ClientResponse{orderSn=109,clientSn=3201}
21:01:40.883 INF Delivered batch. nReq=32 sn=110
[MESSENGER][OK] client=0 deliver clientSn=3201 sn=109
[RESPONDER][SEND] sn=109 client=0 req=3265 msg=ClientResponse{orderSn=109,clientSn=3265}
[MESSENGER][OK] client=0 deliver clientSn=3265 sn=109
[RESPONDER][SEND] sn=109 client=0 req=3205 msg=ClientResponse{orderSn=109,clientSn=3205}
[MESSENGER][OK] client=0 deliver clientSn=3205 sn=109
21:01:40.883 INF Delivered batch. nReq=32 sn=111
[RESPONDER][SEND] sn=109 client=0 req=3269 msg=ClientResponse{orderSn=109,clientSn=3269}
[MESSENGER][OK] client=0 deliver clientSn=3269 sn=109
[RESPONDER][SEND] sn=109 client=0 req=3209 msg=ClientResponse{orderSn=109,clientSn=3209}
21:01:40.884 DBG Starting timer. sn=113 view=0
[MESSENGER][OK] client=0 deliver clientSn=3209 sn=109
[RESPONDER][SEND] sn=109 client=0 req=3273 msg=ClientResponse{orderSn=109,clientSn=3273}
[MESSENGER][OK] client=0 deliver clientSn=3273 sn=109
[RESPONDER][SEND] sn=109 client=0 req=3213 msg=ClientResponse{orderSn=109,clientSn=3213}
[MESSENGER][OK] client=0 deliver clientSn=3213 sn=109
[RESPONDER][SEND] sn=109 client=0 req=3277 msg=ClientResponse{orderSn=109,clientSn=3277}
[MESSENGER][OK] client=0 deliver clientSn=3277 sn=109
[RESPONDER][SEND] sn=109 client=0 req=3217 msg=ClientResponse{orderSn=109,clientSn=3217}
[MESSENGER][OK] client=0 deliver clientSn=3217 sn=109
[RESPONDER][SEND] sn=109 client=0 req=3281 msg=ClientResponse{orderSn=109,clientSn=3281}
[MESSENGER][OK] client=0 deliver clientSn=3281 sn=109
[RESPONDER][SEND] sn=109 client=0 req=3221 msg=ClientResponse{orderSn=109,clientSn=3221}
[MESSENGER][OK] client=0 deliver clientSn=3221 sn=109
[RESPONDER][SEND] sn=109 client=0 req=3285 msg=ClientResponse{orderSn=109,clientSn=3285}
[MESSENGER][OK] client=0 deliver clientSn=3285 sn=109
[RESPONDER][SEND] sn=109 client=0 req=3225 msg=ClientResponse{orderSn=109,clientSn=3225}
[MESSENGER][OK] client=0 deliver clientSn=3225 sn=109
[RESPONDER][SEND] sn=109 client=0 req=3289 msg=ClientResponse{orderSn=109,clientSn=3289}
[MESSENGER][OK] client=0 deliver clientSn=3289 sn=109
[RESPONDER][SEND] sn=109 client=0 req=3229 msg=ClientResponse{orderSn=109,clientSn=3229}
[MESSENGER][OK] client=0 deliver clientSn=3229 sn=109
[RESPONDER][SEND] sn=109 client=0 req=3293 msg=ClientResponse{orderSn=109,clientSn=3293}
[MESSENGER][OK] client=0 deliver clientSn=3293 sn=109
[RESPONDER][SEND] sn=109 client=0 req=3169 msg=ClientResponse{orderSn=109,clientSn=3169}
[MESSENGER][OK] client=0 deliver clientSn=3169 sn=109
[RESPONDER][SEND] sn=109 client=0 req=3233 msg=ClientResponse{orderSn=109,clientSn=3233}
[MESSENGER][OK] client=0 deliver clientSn=3233 sn=109
[RESPONDER][SEND] sn=109 client=0 req=3173 msg=ClientResponse{orderSn=109,clientSn=3173}
[MESSENGER][OK] client=0 deliver clientSn=3173 sn=109
[RESPONDER][SEND] sn=109 client=0 req=3237 msg=ClientResponse{orderSn=109,clientSn=3237}
[MESSENGER][OK] client=0 deliver clientSn=3237 sn=109
[RESPONDER][SEND] sn=109 client=0 req=3177 msg=ClientResponse{orderSn=109,clientSn=3177}
[MESSENGER][OK] client=0 deliver clientSn=3177 sn=109
[RESPONDER][SEND] sn=109 client=0 req=3241 msg=ClientResponse{orderSn=109,clientSn=3241}
[MESSENGER][OK] client=0 deliver clientSn=3241 sn=109
[RESPONDER][SEND] sn=109 client=0 req=3181 msg=ClientResponse{orderSn=109,clientSn=3181}
[MESSENGER][OK] client=0 deliver clientSn=3181 sn=109
[RESPONDER][SEND] sn=109 client=0 req=3245 msg=ClientResponse{orderSn=109,clientSn=3245}
[MESSENGER][OK] client=0 deliver clientSn=3245 sn=109
[RESPONDER][SEND] sn=109 client=0 req=3185 msg=ClientResponse{orderSn=109,clientSn=3185}
[MESSENGER][OK] client=0 deliver clientSn=3185 sn=109
[RESPONDER][SEND] sn=109 client=0 req=3249 msg=ClientResponse{orderSn=109,clientSn=3249}
[MESSENGER][OK] client=0 deliver clientSn=3249 sn=109
[RESPONDER][SEND] sn=109 client=0 req=3189 msg=ClientResponse{orderSn=109,clientSn=3189}
[MESSENGER][OK] client=0 deliver clientSn=3189 sn=109
[RESPONDER][SEND] sn=109 client=0 req=3253 msg=ClientResponse{orderSn=109,clientSn=3253}
[MESSENGER][OK] client=0 deliver clientSn=3253 sn=109
[RESPONDER][SEND] sn=109 client=0 req=3193 msg=ClientResponse{orderSn=109,clientSn=3193}
[MESSENGER][OK] client=0 deliver clientSn=3193 sn=109
[RESPONDER][SEND] sn=109 client=0 req=3257 msg=ClientResponse{orderSn=109,clientSn=3257}
[MESSENGER][OK] client=0 deliver clientSn=3257 sn=109
[RESPONDER][SEND] sn=109 client=0 req=3197 msg=ClientResponse{orderSn=109,clientSn=3197}
[MESSENGER][OK] client=0 deliver clientSn=3197 sn=109
[RESPONDER][SEND] sn=109 client=0 req=3261 msg=ClientResponse{orderSn=109,clientSn=3261}
[MESSENGER][OK] client=0 deliver clientSn=3261 sn=109
[RESPONDER][ENTRY][DONE] sn=109 sent=32/32
[RESPONDER][ENTRY] sn=110 nreq=32
[RESPONDER][SEND] sn=110 client=0 req=3202 msg=ClientResponse{orderSn=110,clientSn=3202}
[MESSENGER][OK] client=0 deliver clientSn=3202 sn=110
[RESPONDER][SEND] sn=110 client=0 req=3266 msg=ClientResponse{orderSn=110,clientSn=3266}
[MESSENGER][OK] client=0 deliver clientSn=3266 sn=110
[RESPONDER][SEND] sn=110 client=0 req=3206 msg=ClientResponse{orderSn=110,clientSn=3206}
[MESSENGER][OK] client=0 deliver clientSn=3206 sn=110
[RESPONDER][SEND] sn=110 client=0 req=3270 msg=ClientResponse{orderSn=110,clientSn=3270}
[MESSENGER][OK] client=0 deliver clientSn=3270 sn=110
[RESPONDER][SEND] sn=110 client=0 req=3210 msg=ClientResponse{orderSn=110,clientSn=3210}
[MESSENGER][OK] client=0 deliver clientSn=3210 sn=110
[RESPONDER][SEND] sn=110 client=0 req=3274 msg=ClientResponse{orderSn=110,clientSn=3274}
[MESSENGER][OK] client=0 deliver clientSn=3274 sn=110
[RESPONDER][SEND] sn=110 client=0 req=3214 msg=ClientResponse{orderSn=110,clientSn=3214}
[MESSENGER][OK] client=0 deliver clientSn=3214 sn=110
[RESPONDER][SEND] sn=110 client=0 req=3278 msg=ClientResponse{orderSn=110,clientSn=3278}
[MESSENGER][OK] client=0 deliver clientSn=3278 sn=110
[RESPONDER][SEND] sn=110 client=0 req=3218 msg=ClientResponse{orderSn=110,clientSn=3218}
[MESSENGER][OK] client=0 deliver clientSn=3218 sn=110
[RESPONDER][SEND] sn=110 client=0 req=3282 msg=ClientResponse{orderSn=110,clientSn=3282}
[MESSENGER][OK] client=0 deliver clientSn=3282 sn=110
[RESPONDER][SEND] sn=110 client=0 req=3222 msg=ClientResponse{orderSn=110,clientSn=3222}
[MESSENGER][OK] client=0 deliver clientSn=3222 sn=110
[RESPONDER][SEND] sn=110 client=0 req=3286 msg=ClientResponse{orderSn=110,clientSn=3286}
[MESSENGER][OK] client=0 deliver clientSn=3286 sn=110
[RESPONDER][SEND] sn=110 client=0 req=3226 msg=ClientResponse{orderSn=110,clientSn=3226}
[MESSENGER][OK] client=0 deliver clientSn=3226 sn=110
[RESPONDER][SEND] sn=110 client=0 req=3290 msg=ClientResponse{orderSn=110,clientSn=3290}
[MESSENGER][OK] client=0 deliver clientSn=3290 sn=110
[RESPONDER][SEND] sn=110 client=0 req=3230 msg=ClientResponse{orderSn=110,clientSn=3230}
[MESSENGER][OK] client=0 deliver clientSn=3230 sn=110
[RESPONDER][SEND] sn=110 client=0 req=3294 msg=ClientResponse{orderSn=110,clientSn=3294}
[MESSENGER][OK] client=0 deliver clientSn=3294 sn=110
[RESPONDER][SEND] sn=110 client=0 req=3170 msg=ClientResponse{orderSn=110,clientSn=3170}
[MESSENGER][OK] client=0 deliver clientSn=3170 sn=110
[RESPONDER][SEND] sn=110 client=0 req=3234 msg=ClientResponse{orderSn=110,clientSn=3234}
[MESSENGER][OK] client=0 deliver clientSn=3234 sn=110
[RESPONDER][SEND] sn=110 client=0 req=3174 msg=ClientResponse{orderSn=110,clientSn=3174}
[MESSENGER][OK] client=0 deliver clientSn=3174 sn=110
[RESPONDER][SEND] sn=110 client=0 req=3238 msg=ClientResponse{orderSn=110,clientSn=3238}
[MESSENGER][OK] client=0 deliver clientSn=3238 sn=110
[RESPONDER][SEND] sn=110 client=0 req=3178 msg=ClientResponse{orderSn=110,clientSn=3178}
[MESSENGER][OK] client=0 deliver clientSn=3178 sn=110
[RESPONDER][SEND] sn=110 client=0 req=3242 msg=ClientResponse{orderSn=110,clientSn=3242}
[MESSENGER][OK] client=0 deliver clientSn=3242 sn=110
[RESPONDER][SEND] sn=110 client=0 req=3182 msg=ClientResponse{orderSn=110,clientSn=3182}
[MESSENGER][OK] client=0 deliver clientSn=3182 sn=110
[RESPONDER][SEND] sn=110 client=0 req=3246 msg=ClientResponse{orderSn=110,clientSn=3246}
[MESSENGER][OK] client=0 deliver clientSn=3246 sn=110
[RESPONDER][SEND] sn=110 client=0 req=3186 msg=ClientResponse{orderSn=110,clientSn=3186}
[MESSENGER][OK] client=0 deliver clientSn=3186 sn=110
[RESPONDER][SEND] sn=110 client=0 req=3250 msg=ClientResponse{orderSn=110,clientSn=3250}
[MESSENGER][OK] client=0 deliver clientSn=3250 sn=110
[RESPONDER][SEND] sn=110 client=0 req=3190 msg=ClientResponse{orderSn=110,clientSn=3190}
[MESSENGER][OK] client=0 deliver clientSn=3190 sn=110
[RESPONDER][SEND] sn=110 client=0 req=3254 msg=ClientResponse{orderSn=110,clientSn=3254}
[MESSENGER][OK] client=0 deliver clientSn=3254 sn=110
[RESPONDER][SEND] sn=110 client=0 req=3194 msg=ClientResponse{orderSn=110,clientSn=3194}
[MESSENGER][OK] client=0 deliver clientSn=3194 sn=110
[RESPONDER][SEND] sn=110 client=0 req=3258 msg=ClientResponse{orderSn=110,clientSn=3258}
[MESSENGER][OK] client=0 deliver clientSn=3258 sn=110
[RESPONDER][SEND] sn=110 client=0 req=3198 msg=ClientResponse{orderSn=110,clientSn=3198}
[MESSENGER][OK] client=0 deliver clientSn=3198 sn=110
[RESPONDER][SEND] sn=110 client=0 req=3262 msg=ClientResponse{orderSn=110,clientSn=3262}
[MESSENGER][OK] client=0 deliver clientSn=3262 sn=110
[RESPONDER][ENTRY][DONE] sn=110 sent=32/32
[RESPONDER][ENTRY] sn=111 nreq=32
[RESPONDER][SEND] sn=111 client=0 req=3203 msg=ClientResponse{orderSn=111,clientSn=3203}
[MESSENGER][OK] client=0 deliver clientSn=3203 sn=111
[RESPONDER][SEND] sn=111 client=0 req=3267 msg=ClientResponse{orderSn=111,clientSn=3267}
[MESSENGER][OK] client=0 deliver clientSn=3267 sn=111
[RESPONDER][SEND] sn=111 client=0 req=3207 msg=ClientResponse{orderSn=111,clientSn=3207}
[MESSENGER][OK] client=0 deliver clientSn=3207 sn=111
[RESPONDER][SEND] sn=111 client=0 req=3271 msg=ClientResponse{orderSn=111,clientSn=3271}
[MESSENGER][OK] client=0 deliver clientSn=3271 sn=111
[RESPONDER][SEND] sn=111 client=0 req=3211 msg=ClientResponse{orderSn=111,clientSn=3211}
[MESSENGER][OK] client=0 deliver clientSn=3211 sn=111
[RESPONDER][SEND] sn=111 client=0 req=3275 msg=ClientResponse{orderSn=111,clientSn=3275}
[MESSENGER][OK] client=0 deliver clientSn=3275 sn=111
[RESPONDER][SEND] sn=111 client=0 req=3215 msg=ClientResponse{orderSn=111,clientSn=3215}
[MESSENGER][OK] client=0 deliver clientSn=3215 sn=111
[RESPONDER][SEND] sn=111 client=0 req=3279 msg=ClientResponse{orderSn=111,clientSn=3279}
[MESSENGER][OK] client=0 deliver clientSn=3279 sn=111
[RESPONDER][SEND] sn=111 client=0 req=3219 msg=ClientResponse{orderSn=111,clientSn=3219}
[MESSENGER][OK] client=0 deliver clientSn=3219 sn=111
[RESPONDER][SEND] sn=111 client=0 req=3283 msg=ClientResponse{orderSn=111,clientSn=3283}
[MESSENGER][OK] client=0 deliver clientSn=3283 sn=111
[RESPONDER][SEND] sn=111 client=0 req=3223 msg=ClientResponse{orderSn=111,clientSn=3223}
[MESSENGER][OK] client=0 deliver clientSn=3223 sn=111
[RESPONDER][SEND] sn=111 client=0 req=3287 msg=ClientResponse{orderSn=111,clientSn=3287}
[MESSENGER][OK] client=0 deliver clientSn=3287 sn=111
[RESPONDER][SEND] sn=111 client=0 req=3227 msg=ClientResponse{orderSn=111,clientSn=3227}
[MESSENGER][OK] client=0 deliver clientSn=3227 sn=111
[RESPONDER][SEND] sn=111 client=0 req=3291 msg=ClientResponse{orderSn=111,clientSn=3291}
[MESSENGER][OK] client=0 deliver clientSn=3291 sn=111
[RESPONDER][SEND] sn=111 client=0 req=3167 msg=ClientResponse{orderSn=111,clientSn=3167}
[MESSENGER][OK] client=0 deliver clientSn=3167 sn=111
[RESPONDER][SEND] sn=111 client=0 req=3231 msg=ClientResponse{orderSn=111,clientSn=3231}
[MESSENGER][OK] client=0 deliver clientSn=3231 sn=111
[RESPONDER][SEND] sn=111 client=0 req=3171 msg=ClientResponse{orderSn=111,clientSn=3171}
[MESSENGER][OK] client=0 deliver clientSn=3171 sn=111
[RESPONDER][SEND] sn=111 client=0 req=3235 msg=ClientResponse{orderSn=111,clientSn=3235}
[MESSENGER][OK] client=0 deliver clientSn=3235 sn=111
[RESPONDER][SEND] sn=111 client=0 req=3175 msg=ClientResponse{orderSn=111,clientSn=3175}
[MESSENGER][OK] client=0 deliver clientSn=3175 sn=111
[RESPONDER][SEND] sn=111 client=0 req=3239 msg=ClientResponse{orderSn=111,clientSn=3239}
[MESSENGER][OK] client=0 deliver clientSn=3239 sn=111
[RESPONDER][SEND] sn=111 client=0 req=3179 msg=ClientResponse{orderSn=111,clientSn=3179}
[MESSENGER][OK] client=0 deliver clientSn=3179 sn=111
[RESPONDER][SEND] sn=111 client=0 req=3243 msg=ClientResponse{orderSn=111,clientSn=3243}
[MESSENGER][OK] client=0 deliver clientSn=3243 sn=111
[RESPONDER][SEND] sn=111 client=0 req=3183 msg=ClientResponse{orderSn=111,clientSn=3183}
[MESSENGER][OK] client=0 deliver clientSn=3183 sn=111
[RESPONDER][SEND] sn=111 client=0 req=3247 msg=ClientResponse{orderSn=111,clientSn=3247}
[MESSENGER][OK] client=0 deliver clientSn=3247 sn=111
[RESPONDER][SEND] sn=111 client=0 req=3187 msg=ClientResponse{orderSn=111,clientSn=3187}
[MESSENGER][OK] client=0 deliver clientSn=3187 sn=111
[RESPONDER][SEND] sn=111 client=0 req=3251 msg=ClientResponse{orderSn=111,clientSn=3251}
[MESSENGER][OK] client=0 deliver clientSn=3251 sn=111
[RESPONDER][SEND] sn=111 client=0 req=3191 msg=ClientResponse{orderSn=111,clientSn=3191}
[MESSENGER][OK] client=0 deliver clientSn=3191 sn=111
[RESPONDER][SEND] sn=111 client=0 req=3255 msg=ClientResponse{orderSn=111,clientSn=3255}
[MESSENGER][OK] client=0 deliver clientSn=3255 sn=111
[RESPONDER][SEND] sn=111 client=0 req=3195 msg=ClientResponse{orderSn=111,clientSn=3195}
[MESSENGER][OK] client=0 deliver clientSn=3195 sn=111
[RESPONDER][SEND] sn=111 client=0 req=3259 msg=ClientResponse{orderSn=111,clientSn=3259}
[MESSENGER][OK] client=0 deliver clientSn=3259 sn=111
[RESPONDER][SEND] sn=111 client=0 req=3199 msg=ClientResponse{orderSn=111,clientSn=3199}
[MESSENGER][OK] client=0 deliver clientSn=3199 sn=111
[RESPONDER][SEND] sn=111 client=0 req=3263 msg=ClientResponse{orderSn=111,clientSn=3263}
[MESSENGER][OK] client=0 deliver clientSn=3263 sn=111
[RESPONDER][ENTRY][DONE] sn=111 sent=32/32
21:01:41.861 INF Handling PREPREPARE. nReq=32 senderID=0 sn=112
21:01:41.861 DBG Creating new Batch. nReq=32
21:01:41.864 INF Handling PREPREPARE. nReq=32 senderID=3 sn=115
21:01:41.864 DBG Creating new Batch. nReq=32
21:01:41.865 DBG Sending PREPARE. senderID=2 sn=112 view=0
21:01:41.866 DBG Sending COMMIT. senderID=2 sn=112 view=0
21:01:41.868 DBG Sending PREPARE. senderID=2 sn=115 view=0
21:01:41.869 INF Committed entry. latency=0 nReq=32 sn=112
21:01:41.869 INF Delivered batch. nReq=32 sn=112
21:01:41.870 DBG Starting timer. sn=116 view=0
[RESPONDER][ENTRY] sn=112 nreq=32
[RESPONDER][SEND] sn=112 client=0 req=3328 msg=ClientResponse{orderSn=112,clientSn=3328}
[MESSENGER][OK] client=0 deliver clientSn=3328 sn=112
21:01:41.870 DBG Sending COMMIT. senderID=2 sn=115 view=0
[RESPONDER][SEND] sn=112 client=0 req=3392 msg=ClientResponse{orderSn=112,clientSn=3392}
[MESSENGER][OK] client=0 deliver clientSn=3392 sn=112
[RESPONDER][SEND] sn=112 client=0 req=3332 msg=ClientResponse{orderSn=112,clientSn=3332}
[MESSENGER][OK] client=0 deliver clientSn=3332 sn=112
[RESPONDER][SEND] sn=112 client=0 req=3396 msg=ClientResponse{orderSn=112,clientSn=3396}
[MESSENGER][OK] client=0 deliver clientSn=3396 sn=112
[RESPONDER][SEND] sn=112 client=0 req=3336 msg=ClientResponse{orderSn=112,clientSn=3336}
[MESSENGER][OK] client=0 deliver clientSn=3336 sn=112
[RESPONDER][SEND] sn=112 client=0 req=3400 msg=ClientResponse{orderSn=112,clientSn=3400}
[MESSENGER][OK] client=0 deliver clientSn=3400 sn=112
[RESPONDER][SEND] sn=112 client=0 req=3340 msg=ClientResponse{orderSn=112,clientSn=3340}
[MESSENGER][OK] client=0 deliver clientSn=3340 sn=112
[RESPONDER][SEND] sn=112 client=0 req=3404 msg=ClientResponse{orderSn=112,clientSn=3404}
[MESSENGER][OK] client=0 deliver clientSn=3404 sn=112
[RESPONDER][SEND] sn=112 client=0 req=3344 msg=ClientResponse{orderSn=112,clientSn=3344}
[MESSENGER][OK] client=0 deliver clientSn=3344 sn=112
[RESPONDER][SEND] sn=112 client=0 req=3408 msg=ClientResponse{orderSn=112,clientSn=3408}
[MESSENGER][OK] client=0 deliver clientSn=3408 sn=112
[RESPONDER][SEND] sn=112 client=0 req=3348 msg=ClientResponse{orderSn=112,clientSn=3348}
[MESSENGER][OK] client=0 deliver clientSn=3348 sn=112
[RESPONDER][SEND] sn=112 client=0 req=3412 msg=ClientResponse{orderSn=112,clientSn=3412}
[MESSENGER][OK] client=0 deliver clientSn=3412 sn=112
[RESPONDER][SEND] sn=112 client=0 req=3352 msg=ClientResponse{orderSn=112,clientSn=3352}
[MESSENGER][OK] client=0 deliver clientSn=3352 sn=112
[RESPONDER][SEND] sn=112 client=0 req=3416 msg=ClientResponse{orderSn=112,clientSn=3416}
[MESSENGER][OK] client=0 deliver clientSn=3416 sn=112
[RESPONDER][SEND] sn=112 client=0 req=3356 msg=ClientResponse{orderSn=112,clientSn=3356}
[MESSENGER][OK] client=0 deliver clientSn=3356 sn=112
[RESPONDER][SEND] sn=112 client=0 req=3420 msg=ClientResponse{orderSn=112,clientSn=3420}
[MESSENGER][OK] client=0 deliver clientSn=3420 sn=112
[RESPONDER][SEND] sn=112 client=0 req=3296 msg=ClientResponse{orderSn=112,clientSn=3296}
[MESSENGER][OK] client=0 deliver clientSn=3296 sn=112
[RESPONDER][SEND] sn=112 client=0 req=3360 msg=ClientResponse{orderSn=112,clientSn=3360}
[MESSENGER][OK] client=0 deliver clientSn=3360 sn=112
[RESPONDER][SEND] sn=112 client=0 req=3300 msg=ClientResponse{orderSn=112,clientSn=3300}
[MESSENGER][OK] client=0 deliver clientSn=3300 sn=112
[RESPONDER][SEND] sn=112 client=0 req=3364 msg=ClientResponse{orderSn=112,clientSn=3364}
[MESSENGER][OK] client=0 deliver clientSn=3364 sn=112
[RESPONDER][SEND] sn=112 client=0 req=3304 msg=ClientResponse{orderSn=112,clientSn=3304}
[MESSENGER][OK] client=0 deliver clientSn=3304 sn=112
[RESPONDER][SEND] sn=112 client=0 req=3368 msg=ClientResponse{orderSn=112,clientSn=3368}
[MESSENGER][OK] client=0 deliver clientSn=3368 sn=112
[RESPONDER][SEND] sn=112 client=0 req=3308 msg=ClientResponse{orderSn=112,clientSn=3308}
[MESSENGER][OK] client=0 deliver clientSn=3308 sn=112
[RESPONDER][SEND] sn=112 client=0 req=3372 msg=ClientResponse{orderSn=112,clientSn=3372}
[MESSENGER][OK] client=0 deliver clientSn=3372 sn=112
[RESPONDER][SEND] sn=112 client=0 req=3312 msg=ClientResponse{orderSn=112,clientSn=3312}
[MESSENGER][OK] client=0 deliver clientSn=3312 sn=112
[RESPONDER][SEND] sn=112 client=0 req=3376 msg=ClientResponse{orderSn=112,clientSn=3376}
[MESSENGER][OK] client=0 deliver clientSn=3376 sn=112
[RESPONDER][SEND] sn=112 client=0 req=3316 msg=ClientResponse{orderSn=112,clientSn=3316}
[MESSENGER][OK] client=0 deliver clientSn=3316 sn=112
[RESPONDER][SEND] sn=112 client=0 req=3380 msg=ClientResponse{orderSn=112,clientSn=3380}
[MESSENGER][OK] client=0 deliver clientSn=3380 sn=112
[RESPONDER][SEND] sn=112 client=0 req=3320 msg=ClientResponse{orderSn=112,clientSn=3320}
[MESSENGER][OK] client=0 deliver clientSn=3320 sn=112
[RESPONDER][SEND] sn=112 client=0 req=3384 msg=ClientResponse{orderSn=112,clientSn=3384}
[MESSENGER][OK] client=0 deliver clientSn=3384 sn=112
[RESPONDER][SEND] sn=112 client=0 req=3324 msg=ClientResponse{orderSn=112,clientSn=3324}
[MESSENGER][OK] client=0 deliver clientSn=3324 sn=112
[RESPONDER][SEND] sn=112 client=0 req=3388 msg=ClientResponse{orderSn=112,clientSn=3388}
[MESSENGER][OK] client=0 deliver clientSn=3388 sn=112
[RESPONDER][ENTRY][DONE] sn=112 sent=32/32
21:01:41.871 DBG Batch ready. batchSize=4096
21:01:41.872 DBG Batch cut. left=0 nBuckets=16 nReq=32 next=0
21:01:41.872 DBG Waiting for batch. batchSize=4096
21:01:41.874 INF Committed entry. latency=0 nReq=32 sn=115
21:01:41.874 DBG Starting timer. sn=119 view=0
21:01:41.875 INF Sending PREPREPARE. nReq=32 senderID=2 sn=114 view=0
21:01:41.878 INF Handling PREPREPARE. nReq=32 senderID=1 sn=113
21:01:41.878 DBG Creating new Batch. nReq=32
21:01:41.885 DBG Sending PREPARE. senderID=2 sn=113 view=0
21:01:41.886 DBG Sending COMMIT. senderID=2 sn=114 view=0
21:01:41.887 INF Committed entry. latency=0 nReq=32 sn=114
21:01:41.886 DBG Sending COMMIT. senderID=2 sn=113 view=0
21:01:41.887 DBG Starting timer. sn=118 view=0
21:01:41.888 INF Committed entry. latency=0 nReq=32 sn=113
21:01:41.889 INF Delivered batch. nReq=32 sn=113
21:01:41.889 INF Delivered batch. nReq=32 sn=114
21:01:41.889 INF Delivered batch. nReq=32 sn=115
[RESPONDER][ENTRY] sn=113 nreq=32
21:01:41.889 DBG Starting timer. sn=117 view=0
[RESPONDER][SEND] sn=113 client=0 req=3329 msg=ClientResponse{orderSn=113,clientSn=3329}
[MESSENGER][OK] client=0 deliver clientSn=3329 sn=113
[RESPONDER][SEND] sn=113 client=0 req=3393 msg=ClientResponse{orderSn=113,clientSn=3393}
[MESSENGER][OK] client=0 deliver clientSn=3393 sn=113
[RESPONDER][SEND] sn=113 client=0 req=3333 msg=ClientResponse{orderSn=113,clientSn=3333}
[MESSENGER][OK] client=0 deliver clientSn=3333 sn=113
[RESPONDER][SEND] sn=113 client=0 req=3397 msg=ClientResponse{orderSn=113,clientSn=3397}
[MESSENGER][OK] client=0 deliver clientSn=3397 sn=113
[RESPONDER][SEND] sn=113 client=0 req=3337 msg=ClientResponse{orderSn=113,clientSn=3337}
[MESSENGER][OK] client=0 deliver clientSn=3337 sn=113
[RESPONDER][SEND] sn=113 client=0 req=3401 msg=ClientResponse{orderSn=113,clientSn=3401}
[MESSENGER][OK] client=0 deliver clientSn=3401 sn=113
[RESPONDER][SEND] sn=113 client=0 req=3341 msg=ClientResponse{orderSn=113,clientSn=3341}
[MESSENGER][OK] client=0 deliver clientSn=3341 sn=113
[RESPONDER][SEND] sn=113 client=0 req=3405 msg=ClientResponse{orderSn=113,clientSn=3405}
[MESSENGER][OK] client=0 deliver clientSn=3405 sn=113
[RESPONDER][SEND] sn=113 client=0 req=3345 msg=ClientResponse{orderSn=113,clientSn=3345}
[MESSENGER][OK] client=0 deliver clientSn=3345 sn=113
[RESPONDER][SEND] sn=113 client=0 req=3409 msg=ClientResponse{orderSn=113,clientSn=3409}
[MESSENGER][OK] client=0 deliver clientSn=3409 sn=113
[RESPONDER][SEND] sn=113 client=0 req=3349 msg=ClientResponse{orderSn=113,clientSn=3349}
[MESSENGER][OK] client=0 deliver clientSn=3349 sn=113
[RESPONDER][SEND] sn=113 client=0 req=3413 msg=ClientResponse{orderSn=113,clientSn=3413}
[MESSENGER][OK] client=0 deliver clientSn=3413 sn=113
[RESPONDER][SEND] sn=113 client=0 req=3353 msg=ClientResponse{orderSn=113,clientSn=3353}
[MESSENGER][OK] client=0 deliver clientSn=3353 sn=113
[RESPONDER][SEND] sn=113 client=0 req=3417 msg=ClientResponse{orderSn=113,clientSn=3417}
[MESSENGER][OK] client=0 deliver clientSn=3417 sn=113
[RESPONDER][SEND] sn=113 client=0 req=3357 msg=ClientResponse{orderSn=113,clientSn=3357}
[MESSENGER][OK] client=0 deliver clientSn=3357 sn=113
[RESPONDER][SEND] sn=113 client=0 req=3421 msg=ClientResponse{orderSn=113,clientSn=3421}
[MESSENGER][OK] client=0 deliver clientSn=3421 sn=113
[RESPONDER][SEND] sn=113 client=0 req=3297 msg=ClientResponse{orderSn=113,clientSn=3297}
[MESSENGER][OK] client=0 deliver clientSn=3297 sn=113
[RESPONDER][SEND] sn=113 client=0 req=3361 msg=ClientResponse{orderSn=113,clientSn=3361}
[MESSENGER][OK] client=0 deliver clientSn=3361 sn=113
[RESPONDER][SEND] sn=113 client=0 req=3301 msg=ClientResponse{orderSn=113,clientSn=3301}
[MESSENGER][OK] client=0 deliver clientSn=3301 sn=113
[RESPONDER][SEND] sn=113 client=0 req=3365 msg=ClientResponse{orderSn=113,clientSn=3365}
[MESSENGER][OK] client=0 deliver clientSn=3365 sn=113
[RESPONDER][SEND] sn=113 client=0 req=3305 msg=ClientResponse{orderSn=113,clientSn=3305}
[MESSENGER][OK] client=0 deliver clientSn=3305 sn=113
[RESPONDER][SEND] sn=113 client=0 req=3369 msg=ClientResponse{orderSn=113,clientSn=3369}
[MESSENGER][OK] client=0 deliver clientSn=3369 sn=113
[RESPONDER][SEND] sn=113 client=0 req=3309 msg=ClientResponse{orderSn=113,clientSn=3309}
[MESSENGER][OK] client=0 deliver clientSn=3309 sn=113
[RESPONDER][SEND] sn=113 client=0 req=3373 msg=ClientResponse{orderSn=113,clientSn=3373}
[MESSENGER][OK] client=0 deliver clientSn=3373 sn=113
[RESPONDER][SEND] sn=113 client=0 req=3313 msg=ClientResponse{orderSn=113,clientSn=3313}
[MESSENGER][OK] client=0 deliver clientSn=3313 sn=113
[RESPONDER][SEND] sn=113 client=0 req=3377 msg=ClientResponse{orderSn=113,clientSn=3377}
[MESSENGER][OK] client=0 deliver clientSn=3377 sn=113
[RESPONDER][SEND] sn=113 client=0 req=3317 msg=ClientResponse{orderSn=113,clientSn=3317}
[MESSENGER][OK] client=0 deliver clientSn=3317 sn=113
[RESPONDER][SEND] sn=113 client=0 req=3381 msg=ClientResponse{orderSn=113,clientSn=3381}
[MESSENGER][OK] client=0 deliver clientSn=3381 sn=113
[RESPONDER][SEND] sn=113 client=0 req=3321 msg=ClientResponse{orderSn=113,clientSn=3321}
[MESSENGER][OK] client=0 deliver clientSn=3321 sn=113
[RESPONDER][SEND] sn=113 client=0 req=3385 msg=ClientResponse{orderSn=113,clientSn=3385}
[MESSENGER][OK] client=0 deliver clientSn=3385 sn=113
[RESPONDER][SEND] sn=113 client=0 req=3325 msg=ClientResponse{orderSn=113,clientSn=3325}
[MESSENGER][OK] client=0 deliver clientSn=3325 sn=113
[RESPONDER][SEND] sn=113 client=0 req=3389 msg=ClientResponse{orderSn=113,clientSn=3389}
[MESSENGER][OK] client=0 deliver clientSn=3389 sn=113
[RESPONDER][ENTRY][DONE] sn=113 sent=32/32
[RESPONDER][ENTRY] sn=114 nreq=32
[RESPONDER][SEND] sn=114 client=0 req=3330 msg=ClientResponse{orderSn=114,clientSn=3330}
[MESSENGER][OK] client=0 deliver clientSn=3330 sn=114
[RESPONDER][SEND] sn=114 client=0 req=3394 msg=ClientResponse{orderSn=114,clientSn=3394}
[MESSENGER][OK] client=0 deliver clientSn=3394 sn=114
[RESPONDER][SEND] sn=114 client=0 req=3334 msg=ClientResponse{orderSn=114,clientSn=3334}
[MESSENGER][OK] client=0 deliver clientSn=3334 sn=114
[RESPONDER][SEND] sn=114 client=0 req=3398 msg=ClientResponse{orderSn=114,clientSn=3398}
[MESSENGER][OK] client=0 deliver clientSn=3398 sn=114
[RESPONDER][SEND] sn=114 client=0 req=3338 msg=ClientResponse{orderSn=114,clientSn=3338}
[MESSENGER][OK] client=0 deliver clientSn=3338 sn=114
[RESPONDER][SEND] sn=114 client=0 req=3402 msg=ClientResponse{orderSn=114,clientSn=3402}
[MESSENGER][OK] client=0 deliver clientSn=3402 sn=114
[RESPONDER][SEND] sn=114 client=0 req=3342 msg=ClientResponse{orderSn=114,clientSn=3342}
[MESSENGER][OK] client=0 deliver clientSn=3342 sn=114
[RESPONDER][SEND] sn=114 client=0 req=3406 msg=ClientResponse{orderSn=114,clientSn=3406}
[MESSENGER][OK] client=0 deliver clientSn=3406 sn=114
[RESPONDER][SEND] sn=114 client=0 req=3346 msg=ClientResponse{orderSn=114,clientSn=3346}
[MESSENGER][OK] client=0 deliver clientSn=3346 sn=114
[RESPONDER][SEND] sn=114 client=0 req=3410 msg=ClientResponse{orderSn=114,clientSn=3410}
[MESSENGER][OK] client=0 deliver clientSn=3410 sn=114
[RESPONDER][SEND] sn=114 client=0 req=3350 msg=ClientResponse{orderSn=114,clientSn=3350}
[MESSENGER][OK] client=0 deliver clientSn=3350 sn=114
[RESPONDER][SEND] sn=114 client=0 req=3414 msg=ClientResponse{orderSn=114,clientSn=3414}
[MESSENGER][OK] client=0 deliver clientSn=3414 sn=114
[RESPONDER][SEND] sn=114 client=0 req=3354 msg=ClientResponse{orderSn=114,clientSn=3354}
[MESSENGER][OK] client=0 deliver clientSn=3354 sn=114
[RESPONDER][SEND] sn=114 client=0 req=3418 msg=ClientResponse{orderSn=114,clientSn=3418}
[MESSENGER][OK] client=0 deliver clientSn=3418 sn=114
[RESPONDER][SEND] sn=114 client=0 req=3358 msg=ClientResponse{orderSn=114,clientSn=3358}
[MESSENGER][OK] client=0 deliver clientSn=3358 sn=114
[RESPONDER][SEND] sn=114 client=0 req=3422 msg=ClientResponse{orderSn=114,clientSn=3422}
[MESSENGER][OK] client=0 deliver clientSn=3422 sn=114
[RESPONDER][SEND] sn=114 client=0 req=3298 msg=ClientResponse{orderSn=114,clientSn=3298}
[MESSENGER][OK] client=0 deliver clientSn=3298 sn=114
[RESPONDER][SEND] sn=114 client=0 req=3362 msg=ClientResponse{orderSn=114,clientSn=3362}
[MESSENGER][OK] client=0 deliver clientSn=3362 sn=114
[RESPONDER][SEND] sn=114 client=0 req=3302 msg=ClientResponse{orderSn=114,clientSn=3302}
[MESSENGER][OK] client=0 deliver clientSn=3302 sn=114
[RESPONDER][SEND] sn=114 client=0 req=3366 msg=ClientResponse{orderSn=114,clientSn=3366}
[MESSENGER][OK] client=0 deliver clientSn=3366 sn=114
[RESPONDER][SEND] sn=114 client=0 req=3306 msg=ClientResponse{orderSn=114,clientSn=3306}
[MESSENGER][OK] client=0 deliver clientSn=3306 sn=114
[RESPONDER][SEND] sn=114 client=0 req=3370 msg=ClientResponse{orderSn=114,clientSn=3370}
[MESSENGER][OK] client=0 deliver clientSn=3370 sn=114
[RESPONDER][SEND] sn=114 client=0 req=3310 msg=ClientResponse{orderSn=114,clientSn=3310}
[MESSENGER][OK] client=0 deliver clientSn=3310 sn=114
[RESPONDER][SEND] sn=114 client=0 req=3374 msg=ClientResponse{orderSn=114,clientSn=3374}
[MESSENGER][OK] client=0 deliver clientSn=3374 sn=114
[RESPONDER][SEND] sn=114 client=0 req=3314 msg=ClientResponse{orderSn=114,clientSn=3314}
[MESSENGER][OK] client=0 deliver clientSn=3314 sn=114
[RESPONDER][SEND] sn=114 client=0 req=3378 msg=ClientResponse{orderSn=114,clientSn=3378}
[MESSENGER][OK] client=0 deliver clientSn=3378 sn=114
[RESPONDER][SEND] sn=114 client=0 req=3318 msg=ClientResponse{orderSn=114,clientSn=3318}
[MESSENGER][OK] client=0 deliver clientSn=3318 sn=114
[RESPONDER][SEND] sn=114 client=0 req=3382 msg=ClientResponse{orderSn=114,clientSn=3382}
[MESSENGER][OK] client=0 deliver clientSn=3382 sn=114
[RESPONDER][SEND] sn=114 client=0 req=3322 msg=ClientResponse{orderSn=114,clientSn=3322}
[MESSENGER][OK] client=0 deliver clientSn=3322 sn=114
[RESPONDER][SEND] sn=114 client=0 req=3386 msg=ClientResponse{orderSn=114,clientSn=3386}
[MESSENGER][OK] client=0 deliver clientSn=3386 sn=114
[RESPONDER][SEND] sn=114 client=0 req=3326 msg=ClientResponse{orderSn=114,clientSn=3326}
[MESSENGER][OK] client=0 deliver clientSn=3326 sn=114
[RESPONDER][SEND] sn=114 client=0 req=3390 msg=ClientResponse{orderSn=114,clientSn=3390}
[MESSENGER][OK] client=0 deliver clientSn=3390 sn=114
[RESPONDER][ENTRY][DONE] sn=114 sent=32/32
[RESPONDER][ENTRY] sn=115 nreq=32
[RESPONDER][SEND] sn=115 client=0 req=3331 msg=ClientResponse{orderSn=115,clientSn=3331}
[MESSENGER][OK] client=0 deliver clientSn=3331 sn=115
[RESPONDER][SEND] sn=115 client=0 req=3395 msg=ClientResponse{orderSn=115,clientSn=3395}
[MESSENGER][OK] client=0 deliver clientSn=3395 sn=115
[RESPONDER][SEND] sn=115 client=0 req=3335 msg=ClientResponse{orderSn=115,clientSn=3335}
[MESSENGER][OK] client=0 deliver clientSn=3335 sn=115
[RESPONDER][SEND] sn=115 client=0 req=3399 msg=ClientResponse{orderSn=115,clientSn=3399}
[MESSENGER][OK] client=0 deliver clientSn=3399 sn=115
[RESPONDER][SEND] sn=115 client=0 req=3339 msg=ClientResponse{orderSn=115,clientSn=3339}
[MESSENGER][OK] client=0 deliver clientSn=3339 sn=115
[RESPONDER][SEND] sn=115 client=0 req=3403 msg=ClientResponse{orderSn=115,clientSn=3403}
[MESSENGER][OK] client=0 deliver clientSn=3403 sn=115
[RESPONDER][SEND] sn=115 client=0 req=3343 msg=ClientResponse{orderSn=115,clientSn=3343}
[MESSENGER][OK] client=0 deliver clientSn=3343 sn=115
[RESPONDER][SEND] sn=115 client=0 req=3407 msg=ClientResponse{orderSn=115,clientSn=3407}
[MESSENGER][OK] client=0 deliver clientSn=3407 sn=115
[RESPONDER][SEND] sn=115 client=0 req=3347 msg=ClientResponse{orderSn=115,clientSn=3347}
[MESSENGER][OK] client=0 deliver clientSn=3347 sn=115
[RESPONDER][SEND] sn=115 client=0 req=3411 msg=ClientResponse{orderSn=115,clientSn=3411}
[MESSENGER][OK] client=0 deliver clientSn=3411 sn=115
[RESPONDER][SEND] sn=115 client=0 req=3351 msg=ClientResponse{orderSn=115,clientSn=3351}
[MESSENGER][OK] client=0 deliver clientSn=3351 sn=115
[RESPONDER][SEND] sn=115 client=0 req=3415 msg=ClientResponse{orderSn=115,clientSn=3415}
[MESSENGER][OK] client=0 deliver clientSn=3415 sn=115
[RESPONDER][SEND] sn=115 client=0 req=3355 msg=ClientResponse{orderSn=115,clientSn=3355}
[MESSENGER][OK] client=0 deliver clientSn=3355 sn=115
[RESPONDER][SEND] sn=115 client=0 req=3419 msg=ClientResponse{orderSn=115,clientSn=3419}
[MESSENGER][OK] client=0 deliver clientSn=3419 sn=115
[RESPONDER][SEND] sn=115 client=0 req=3295 msg=ClientResponse{orderSn=115,clientSn=3295}
[MESSENGER][OK] client=0 deliver clientSn=3295 sn=115
[RESPONDER][SEND] sn=115 client=0 req=3359 msg=ClientResponse{orderSn=115,clientSn=3359}
[MESSENGER][OK] client=0 deliver clientSn=3359 sn=115
[RESPONDER][SEND] sn=115 client=0 req=3299 msg=ClientResponse{orderSn=115,clientSn=3299}
[MESSENGER][OK] client=0 deliver clientSn=3299 sn=115
[RESPONDER][SEND] sn=115 client=0 req=3363 msg=ClientResponse{orderSn=115,clientSn=3363}
[MESSENGER][OK] client=0 deliver clientSn=3363 sn=115
[RESPONDER][SEND] sn=115 client=0 req=3303 msg=ClientResponse{orderSn=115,clientSn=3303}
[MESSENGER][OK] client=0 deliver clientSn=3303 sn=115
[RESPONDER][SEND] sn=115 client=0 req=3367 msg=ClientResponse{orderSn=115,clientSn=3367}
[MESSENGER][OK] client=0 deliver clientSn=3367 sn=115
[RESPONDER][SEND] sn=115 client=0 req=3307 msg=ClientResponse{orderSn=115,clientSn=3307}
[MESSENGER][OK] client=0 deliver clientSn=3307 sn=115
[RESPONDER][SEND] sn=115 client=0 req=3371 msg=ClientResponse{orderSn=115,clientSn=3371}
[MESSENGER][OK] client=0 deliver clientSn=3371 sn=115
[RESPONDER][SEND] sn=115 client=0 req=3311 msg=ClientResponse{orderSn=115,clientSn=3311}
[MESSENGER][OK] client=0 deliver clientSn=3311 sn=115
[RESPONDER][SEND] sn=115 client=0 req=3375 msg=ClientResponse{orderSn=115,clientSn=3375}
[MESSENGER][OK] client=0 deliver clientSn=3375 sn=115
[RESPONDER][SEND] sn=115 client=0 req=3315 msg=ClientResponse{orderSn=115,clientSn=3315}
[MESSENGER][OK] client=0 deliver clientSn=3315 sn=115
[RESPONDER][SEND] sn=115 client=0 req=3379 msg=ClientResponse{orderSn=115,clientSn=3379}
[MESSENGER][OK] client=0 deliver clientSn=3379 sn=115
[RESPONDER][SEND] sn=115 client=0 req=3319 msg=ClientResponse{orderSn=115,clientSn=3319}
[MESSENGER][OK] client=0 deliver clientSn=3319 sn=115
[RESPONDER][SEND] sn=115 client=0 req=3383 msg=ClientResponse{orderSn=115,clientSn=3383}
[MESSENGER][OK] client=0 deliver clientSn=3383 sn=115
[RESPONDER][SEND] sn=115 client=0 req=3323 msg=ClientResponse{orderSn=115,clientSn=3323}
[MESSENGER][OK] client=0 deliver clientSn=3323 sn=115
[RESPONDER][SEND] sn=115 client=0 req=3387 msg=ClientResponse{orderSn=115,clientSn=3387}
[MESSENGER][OK] client=0 deliver clientSn=3387 sn=115
[RESPONDER][SEND] sn=115 client=0 req=3327 msg=ClientResponse{orderSn=115,clientSn=3327}
[MESSENGER][OK] client=0 deliver clientSn=3327 sn=115
[RESPONDER][SEND] sn=115 client=0 req=3391 msg=ClientResponse{orderSn=115,clientSn=3391}
[MESSENGER][OK] client=0 deliver clientSn=3391 sn=115
[RESPONDER][ENTRY][DONE] sn=115 sent=32/32
21:01:42.862 INF Handling PREPREPARE. nReq=32 senderID=0 sn=116
21:01:42.862 DBG Creating new Batch. nReq=32
21:01:42.865 INF Handling PREPREPARE. nReq=32 senderID=3 sn=119
21:01:42.865 DBG Creating new Batch. nReq=32
21:01:42.866 DBG Sending PREPARE. senderID=2 sn=116 view=0
21:01:42.866 DBG Sending COMMIT. senderID=2 sn=116 view=0
21:01:42.868 DBG Sending PREPARE. senderID=2 sn=119 view=0
21:01:42.869 INF Committed entry. latency=0 nReq=32 sn=116
21:01:42.869 INF Delivered batch. nReq=32 sn=116
21:01:42.869 DBG Starting timer. sn=120 view=0
21:01:42.869 DBG Sending COMMIT. senderID=2 sn=119 view=0
[RESPONDER][ENTRY] sn=116 nreq=32
[RESPONDER][SEND] sn=116 client=0 req=3456 msg=ClientResponse{orderSn=116,clientSn=3456}
[MESSENGER][OK] client=0 deliver clientSn=3456 sn=116
[RESPONDER][SEND] sn=116 client=0 req=3520 msg=ClientResponse{orderSn=116,clientSn=3520}
[MESSENGER][OK] client=0 deliver clientSn=3520 sn=116
[RESPONDER][SEND] sn=116 client=0 req=3460 msg=ClientResponse{orderSn=116,clientSn=3460}
[MESSENGER][OK] client=0 deliver clientSn=3460 sn=116
[RESPONDER][SEND] sn=116 client=0 req=3524 msg=ClientResponse{orderSn=116,clientSn=3524}
[MESSENGER][OK] client=0 deliver clientSn=3524 sn=116
[RESPONDER][SEND] sn=116 client=0 req=3464 msg=ClientResponse{orderSn=116,clientSn=3464}
[MESSENGER][OK] client=0 deliver clientSn=3464 sn=116
[RESPONDER][SEND] sn=116 client=0 req=3528 msg=ClientResponse{orderSn=116,clientSn=3528}
[MESSENGER][OK] client=0 deliver clientSn=3528 sn=116
[RESPONDER][SEND] sn=116 client=0 req=3468 msg=ClientResponse{orderSn=116,clientSn=3468}
[MESSENGER][OK] client=0 deliver clientSn=3468 sn=116
[RESPONDER][SEND] sn=116 client=0 req=3532 msg=ClientResponse{orderSn=116,clientSn=3532}
[MESSENGER][OK] client=0 deliver clientSn=3532 sn=116
[RESPONDER][SEND] sn=116 client=0 req=3472 msg=ClientResponse{orderSn=116,clientSn=3472}
[MESSENGER][OK] client=0 deliver clientSn=3472 sn=116
[RESPONDER][SEND] sn=116 client=0 req=3536 msg=ClientResponse{orderSn=116,clientSn=3536}
[MESSENGER][OK] client=0 deliver clientSn=3536 sn=116
[RESPONDER][SEND] sn=116 client=0 req=3476 msg=ClientResponse{orderSn=116,clientSn=3476}
[MESSENGER][OK] client=0 deliver clientSn=3476 sn=116
[RESPONDER][SEND] sn=116 client=0 req=3540 msg=ClientResponse{orderSn=116,clientSn=3540}
[MESSENGER][OK] client=0 deliver clientSn=3540 sn=116
[RESPONDER][SEND] sn=116 client=0 req=3480 msg=ClientResponse{orderSn=116,clientSn=3480}
[MESSENGER][OK] client=0 deliver clientSn=3480 sn=116
[RESPONDER][SEND] sn=116 client=0 req=3544 msg=ClientResponse{orderSn=116,clientSn=3544}
[MESSENGER][OK] client=0 deliver clientSn=3544 sn=116
[RESPONDER][SEND] sn=116 client=0 req=3484 msg=ClientResponse{orderSn=116,clientSn=3484}
[MESSENGER][OK] client=0 deliver clientSn=3484 sn=116
[RESPONDER][SEND] sn=116 client=0 req=3548 msg=ClientResponse{orderSn=116,clientSn=3548}
[MESSENGER][OK] client=0 deliver clientSn=3548 sn=116
[RESPONDER][SEND] sn=116 client=0 req=3424 msg=ClientResponse{orderSn=116,clientSn=3424}
[MESSENGER][OK] client=0 deliver clientSn=3424 sn=116
[RESPONDER][SEND] sn=116 client=0 req=3488 msg=ClientResponse{orderSn=116,clientSn=3488}
[MESSENGER][OK] client=0 deliver clientSn=3488 sn=116
[RESPONDER][SEND] sn=116 client=0 req=3428 msg=ClientResponse{orderSn=116,clientSn=3428}
[MESSENGER][OK] client=0 deliver clientSn=3428 sn=116
[RESPONDER][SEND] sn=116 client=0 req=3492 msg=ClientResponse{orderSn=116,clientSn=3492}
[MESSENGER][OK] client=0 deliver clientSn=3492 sn=116
[RESPONDER][SEND] sn=116 client=0 req=3432 msg=ClientResponse{orderSn=116,clientSn=3432}
[MESSENGER][OK] client=0 deliver clientSn=3432 sn=116
[RESPONDER][SEND] sn=116 client=0 req=3496 msg=ClientResponse{orderSn=116,clientSn=3496}
[MESSENGER][OK] client=0 deliver clientSn=3496 sn=116
[RESPONDER][SEND] sn=116 client=0 req=3436 msg=ClientResponse{orderSn=116,clientSn=3436}
[MESSENGER][OK] client=0 deliver clientSn=3436 sn=116
[RESPONDER][SEND] sn=116 client=0 req=3500 msg=ClientResponse{orderSn=116,clientSn=3500}
[MESSENGER][OK] client=0 deliver clientSn=3500 sn=116
[RESPONDER][SEND] sn=116 client=0 req=3440 msg=ClientResponse{orderSn=116,clientSn=3440}
[MESSENGER][OK] client=0 deliver clientSn=3440 sn=116
[RESPONDER][SEND] sn=116 client=0 req=3504 msg=ClientResponse{orderSn=116,clientSn=3504}
[MESSENGER][OK] client=0 deliver clientSn=3504 sn=116
[RESPONDER][SEND] sn=116 client=0 req=3444 msg=ClientResponse{orderSn=116,clientSn=3444}
[MESSENGER][OK] client=0 deliver clientSn=3444 sn=116
[RESPONDER][SEND] sn=116 client=0 req=3508 msg=ClientResponse{orderSn=116,clientSn=3508}
[MESSENGER][OK] client=0 deliver clientSn=3508 sn=116
[RESPONDER][SEND] sn=116 client=0 req=3448 msg=ClientResponse{orderSn=116,clientSn=3448}
21:01:42.870 INF Committed entry. latency=0 nReq=32 sn=119
21:01:42.871 DBG Starting timer. sn=123 view=0
[MESSENGER][OK] client=0 deliver clientSn=3448 sn=116
[RESPONDER][SEND] sn=116 client=0 req=3512 msg=ClientResponse{orderSn=116,clientSn=3512}
[MESSENGER][OK] client=0 deliver clientSn=3512 sn=116
[RESPONDER][SEND] sn=116 client=0 req=3452 msg=ClientResponse{orderSn=116,clientSn=3452}
[MESSENGER][OK] client=0 deliver clientSn=3452 sn=116
[RESPONDER][SEND] sn=116 client=0 req=3516 msg=ClientResponse{orderSn=116,clientSn=3516}
[MESSENGER][OK] client=0 deliver clientSn=3516 sn=116
[RESPONDER][ENTRY][DONE] sn=116 sent=32/32
21:01:42.873 DBG Batch ready. batchSize=4096
21:01:42.873 DBG Batch cut. left=0 nBuckets=16 nReq=32 next=0
21:01:42.873 DBG Waiting for batch. batchSize=4096
21:01:42.874 INF Sending PREPREPARE. nReq=32 senderID=2 sn=118 view=0
21:01:42.882 INF Handling PREPREPARE. nReq=32 senderID=1 sn=117
21:01:42.882 DBG Creating new Batch. nReq=32
21:01:42.883 DBG Sending COMMIT. senderID=2 sn=118 view=0
21:01:42.885 DBG Sending PREPARE. senderID=2 sn=117 view=0
21:01:42.885 INF Committed entry. latency=0 nReq=32 sn=118
21:01:42.885 DBG Sending COMMIT. senderID=2 sn=117 view=0
21:01:42.885 DBG Starting timer. sn=122 view=0
21:01:42.886 INF Committed entry. latency=0 nReq=32 sn=117
21:01:42.887 INF Delivered batch. nReq=32 sn=117
21:01:42.887 INF Delivered batch. nReq=32 sn=118
[RESPONDER][ENTRY] sn=117 nreq=32
[RESPONDER][SEND] sn=117 client=0 req=3457 msg=ClientResponse{orderSn=117,clientSn=3457}
[MESSENGER][OK] client=0 deliver clientSn=3457 sn=117
[RESPONDER][SEND] sn=117 client=0 req=3521 msg=ClientResponse{orderSn=117,clientSn=3521}
21:01:42.887 INF Delivered batch. nReq=32 sn=119
[MESSENGER][OK] client=0 deliver clientSn=3521 sn=117
[RESPONDER][SEND] sn=117 client=0 req=3461 msg=ClientResponse{orderSn=117,clientSn=3461}
[MESSENGER][OK] client=0 deliver clientSn=3461 sn=117
[RESPONDER][SEND] sn=117 client=0 req=3525 msg=ClientResponse{orderSn=117,clientSn=3525}
21:01:42.887 DBG Starting timer. sn=121 view=0
[MESSENGER][OK] client=0 deliver clientSn=3525 sn=117
[RESPONDER][SEND] sn=117 client=0 req=3465 msg=ClientResponse{orderSn=117,clientSn=3465}
[MESSENGER][OK] client=0 deliver clientSn=3465 sn=117
[RESPONDER][SEND] sn=117 client=0 req=3529 msg=ClientResponse{orderSn=117,clientSn=3529}
[MESSENGER][OK] client=0 deliver clientSn=3529 sn=117
[RESPONDER][SEND] sn=117 client=0 req=3469 msg=ClientResponse{orderSn=117,clientSn=3469}
[MESSENGER][OK] client=0 deliver clientSn=3469 sn=117
[RESPONDER][SEND] sn=117 client=0 req=3533 msg=ClientResponse{orderSn=117,clientSn=3533}
[MESSENGER][OK] client=0 deliver clientSn=3533 sn=117
[RESPONDER][SEND] sn=117 client=0 req=3473 msg=ClientResponse{orderSn=117,clientSn=3473}
[MESSENGER][OK] client=0 deliver clientSn=3473 sn=117
[RESPONDER][SEND] sn=117 client=0 req=3537 msg=ClientResponse{orderSn=117,clientSn=3537}
[MESSENGER][OK] client=0 deliver clientSn=3537 sn=117
[RESPONDER][SEND] sn=117 client=0 req=3477 msg=ClientResponse{orderSn=117,clientSn=3477}
[MESSENGER][OK] client=0 deliver clientSn=3477 sn=117
[RESPONDER][SEND] sn=117 client=0 req=3541 msg=ClientResponse{orderSn=117,clientSn=3541}
[MESSENGER][OK] client=0 deliver clientSn=3541 sn=117
[RESPONDER][SEND] sn=117 client=0 req=3481 msg=ClientResponse{orderSn=117,clientSn=3481}
[MESSENGER][OK] client=0 deliver clientSn=3481 sn=117
[RESPONDER][SEND] sn=117 client=0 req=3545 msg=ClientResponse{orderSn=117,clientSn=3545}
[MESSENGER][OK] client=0 deliver clientSn=3545 sn=117
[RESPONDER][SEND] sn=117 client=0 req=3485 msg=ClientResponse{orderSn=117,clientSn=3485}
[MESSENGER][OK] client=0 deliver clientSn=3485 sn=117
[RESPONDER][SEND] sn=117 client=0 req=3549 msg=ClientResponse{orderSn=117,clientSn=3549}
[MESSENGER][OK] client=0 deliver clientSn=3549 sn=117
[RESPONDER][SEND] sn=117 client=0 req=3425 msg=ClientResponse{orderSn=117,clientSn=3425}
[MESSENGER][OK] client=0 deliver clientSn=3425 sn=117
[RESPONDER][SEND] sn=117 client=0 req=3489 msg=ClientResponse{orderSn=117,clientSn=3489}
[MESSENGER][OK] client=0 deliver clientSn=3489 sn=117
[RESPONDER][SEND] sn=117 client=0 req=3429 msg=ClientResponse{orderSn=117,clientSn=3429}
[MESSENGER][OK] client=0 deliver clientSn=3429 sn=117
[RESPONDER][SEND] sn=117 client=0 req=3493 msg=ClientResponse{orderSn=117,clientSn=3493}
[MESSENGER][OK] client=0 deliver clientSn=3493 sn=117
[RESPONDER][SEND] sn=117 client=0 req=3433 msg=ClientResponse{orderSn=117,clientSn=3433}
[MESSENGER][OK] client=0 deliver clientSn=3433 sn=117
[RESPONDER][SEND] sn=117 client=0 req=3497 msg=ClientResponse{orderSn=117,clientSn=3497}
[MESSENGER][OK] client=0 deliver clientSn=3497 sn=117
[RESPONDER][SEND] sn=117 client=0 req=3437 msg=ClientResponse{orderSn=117,clientSn=3437}
[MESSENGER][OK] client=0 deliver clientSn=3437 sn=117
[RESPONDER][SEND] sn=117 client=0 req=3501 msg=ClientResponse{orderSn=117,clientSn=3501}
[MESSENGER][OK] client=0 deliver clientSn=3501 sn=117
[RESPONDER][SEND] sn=117 client=0 req=3441 msg=ClientResponse{orderSn=117,clientSn=3441}
[MESSENGER][OK] client=0 deliver clientSn=3441 sn=117
[RESPONDER][SEND] sn=117 client=0 req=3505 msg=ClientResponse{orderSn=117,clientSn=3505}
[MESSENGER][OK] client=0 deliver clientSn=3505 sn=117
[RESPONDER][SEND] sn=117 client=0 req=3445 msg=ClientResponse{orderSn=117,clientSn=3445}
[MESSENGER][OK] client=0 deliver clientSn=3445 sn=117
[RESPONDER][SEND] sn=117 client=0 req=3509 msg=ClientResponse{orderSn=117,clientSn=3509}
[MESSENGER][OK] client=0 deliver clientSn=3509 sn=117
[RESPONDER][SEND] sn=117 client=0 req=3449 msg=ClientResponse{orderSn=117,clientSn=3449}
[MESSENGER][OK] client=0 deliver clientSn=3449 sn=117
[RESPONDER][SEND] sn=117 client=0 req=3513 msg=ClientResponse{orderSn=117,clientSn=3513}
[MESSENGER][OK] client=0 deliver clientSn=3513 sn=117
[RESPONDER][SEND] sn=117 client=0 req=3453 msg=ClientResponse{orderSn=117,clientSn=3453}
[MESSENGER][OK] client=0 deliver clientSn=3453 sn=117
[RESPONDER][SEND] sn=117 client=0 req=3517 msg=ClientResponse{orderSn=117,clientSn=3517}
[MESSENGER][OK] client=0 deliver clientSn=3517 sn=117
[RESPONDER][ENTRY][DONE] sn=117 sent=32/32
[RESPONDER][ENTRY] sn=118 nreq=32
[RESPONDER][SEND] sn=118 client=0 req=3458 msg=ClientResponse{orderSn=118,clientSn=3458}
[MESSENGER][OK] client=0 deliver clientSn=3458 sn=118
[RESPONDER][SEND] sn=118 client=0 req=3522 msg=ClientResponse{orderSn=118,clientSn=3522}
[MESSENGER][OK] client=0 deliver clientSn=3522 sn=118
[RESPONDER][SEND] sn=118 client=0 req=3462 msg=ClientResponse{orderSn=118,clientSn=3462}
[MESSENGER][OK] client=0 deliver clientSn=3462 sn=118
[RESPONDER][SEND] sn=118 client=0 req=3526 msg=ClientResponse{orderSn=118,clientSn=3526}
[MESSENGER][OK] client=0 deliver clientSn=3526 sn=118
[RESPONDER][SEND] sn=118 client=0 req=3466 msg=ClientResponse{orderSn=118,clientSn=3466}
[MESSENGER][OK] client=0 deliver clientSn=3466 sn=118
[RESPONDER][SEND] sn=118 client=0 req=3530 msg=ClientResponse{orderSn=118,clientSn=3530}
[MESSENGER][OK] client=0 deliver clientSn=3530 sn=118
[RESPONDER][SEND] sn=118 client=0 req=3470 msg=ClientResponse{orderSn=118,clientSn=3470}
[MESSENGER][OK] client=0 deliver clientSn=3470 sn=118
[RESPONDER][SEND] sn=118 client=0 req=3534 msg=ClientResponse{orderSn=118,clientSn=3534}
[MESSENGER][OK] client=0 deliver clientSn=3534 sn=118
[RESPONDER][SEND] sn=118 client=0 req=3474 msg=ClientResponse{orderSn=118,clientSn=3474}
[MESSENGER][OK] client=0 deliver clientSn=3474 sn=118
[RESPONDER][SEND] sn=118 client=0 req=3538 msg=ClientResponse{orderSn=118,clientSn=3538}
[MESSENGER][OK] client=0 deliver clientSn=3538 sn=118
[RESPONDER][SEND] sn=118 client=0 req=3478 msg=ClientResponse{orderSn=118,clientSn=3478}
[MESSENGER][OK] client=0 deliver clientSn=3478 sn=118
[RESPONDER][SEND] sn=118 client=0 req=3542 msg=ClientResponse{orderSn=118,clientSn=3542}
[MESSENGER][OK] client=0 deliver clientSn=3542 sn=118
[RESPONDER][SEND] sn=118 client=0 req=3482 msg=ClientResponse{orderSn=118,clientSn=3482}
[MESSENGER][OK] client=0 deliver clientSn=3482 sn=118
[RESPONDER][SEND] sn=118 client=0 req=3546 msg=ClientResponse{orderSn=118,clientSn=3546}
[MESSENGER][OK] client=0 deliver clientSn=3546 sn=118
[RESPONDER][SEND] sn=118 client=0 req=3486 msg=ClientResponse{orderSn=118,clientSn=3486}
[MESSENGER][OK] client=0 deliver clientSn=3486 sn=118
[RESPONDER][SEND] sn=118 client=0 req=3550 msg=ClientResponse{orderSn=118,clientSn=3550}
[MESSENGER][OK] client=0 deliver clientSn=3550 sn=118
[RESPONDER][SEND] sn=118 client=0 req=3426 msg=ClientResponse{orderSn=118,clientSn=3426}
[MESSENGER][OK] client=0 deliver clientSn=3426 sn=118
[RESPONDER][SEND] sn=118 client=0 req=3490 msg=ClientResponse{orderSn=118,clientSn=3490}
[MESSENGER][OK] client=0 deliver clientSn=3490 sn=118
[RESPONDER][SEND] sn=118 client=0 req=3430 msg=ClientResponse{orderSn=118,clientSn=3430}
[MESSENGER][OK] client=0 deliver clientSn=3430 sn=118
[RESPONDER][SEND] sn=118 client=0 req=3494 msg=ClientResponse{orderSn=118,clientSn=3494}
[MESSENGER][OK] client=0 deliver clientSn=3494 sn=118
[RESPONDER][SEND] sn=118 client=0 req=3434 msg=ClientResponse{orderSn=118,clientSn=3434}
[MESSENGER][OK] client=0 deliver clientSn=3434 sn=118
[RESPONDER][SEND] sn=118 client=0 req=3498 msg=ClientResponse{orderSn=118,clientSn=3498}
[MESSENGER][OK] client=0 deliver clientSn=3498 sn=118
[RESPONDER][SEND] sn=118 client=0 req=3438 msg=ClientResponse{orderSn=118,clientSn=3438}
[MESSENGER][OK] client=0 deliver clientSn=3438 sn=118
[RESPONDER][SEND] sn=118 client=0 req=3502 msg=ClientResponse{orderSn=118,clientSn=3502}
[MESSENGER][OK] client=0 deliver clientSn=3502 sn=118
[RESPONDER][SEND] sn=118 client=0 req=3442 msg=ClientResponse{orderSn=118,clientSn=3442}
[MESSENGER][OK] client=0 deliver clientSn=3442 sn=118
[RESPONDER][SEND] sn=118 client=0 req=3506 msg=ClientResponse{orderSn=118,clientSn=3506}
[MESSENGER][OK] client=0 deliver clientSn=3506 sn=118
[RESPONDER][SEND] sn=118 client=0 req=3446 msg=ClientResponse{orderSn=118,clientSn=3446}
[MESSENGER][OK] client=0 deliver clientSn=3446 sn=118
[RESPONDER][SEND] sn=118 client=0 req=3510 msg=ClientResponse{orderSn=118,clientSn=3510}
[MESSENGER][OK] client=0 deliver clientSn=3510 sn=118
[RESPONDER][SEND] sn=118 client=0 req=3450 msg=ClientResponse{orderSn=118,clientSn=3450}
[MESSENGER][OK] client=0 deliver clientSn=3450 sn=118
[RESPONDER][SEND] sn=118 client=0 req=3514 msg=ClientResponse{orderSn=118,clientSn=3514}
[MESSENGER][OK] client=0 deliver clientSn=3514 sn=118
[RESPONDER][SEND] sn=118 client=0 req=3454 msg=ClientResponse{orderSn=118,clientSn=3454}
[MESSENGER][OK] client=0 deliver clientSn=3454 sn=118
[RESPONDER][SEND] sn=118 client=0 req=3518 msg=ClientResponse{orderSn=118,clientSn=3518}
[MESSENGER][OK] client=0 deliver clientSn=3518 sn=118
[RESPONDER][ENTRY][DONE] sn=118 sent=32/32
[RESPONDER][ENTRY] sn=119 nreq=32
[RESPONDER][SEND] sn=119 client=0 req=3459 msg=ClientResponse{orderSn=119,clientSn=3459}
[MESSENGER][OK] client=0 deliver clientSn=3459 sn=119
[RESPONDER][SEND] sn=119 client=0 req=3523 msg=ClientResponse{orderSn=119,clientSn=3523}
[MESSENGER][OK] client=0 deliver clientSn=3523 sn=119
[RESPONDER][SEND] sn=119 client=0 req=3463 msg=ClientResponse{orderSn=119,clientSn=3463}
[MESSENGER][OK] client=0 deliver clientSn=3463 sn=119
[RESPONDER][SEND] sn=119 client=0 req=3527 msg=ClientResponse{orderSn=119,clientSn=3527}
[MESSENGER][OK] client=0 deliver clientSn=3527 sn=119
[RESPONDER][SEND] sn=119 client=0 req=3467 msg=ClientResponse{orderSn=119,clientSn=3467}
[MESSENGER][OK] client=0 deliver clientSn=3467 sn=119
[RESPONDER][SEND] sn=119 client=0 req=3531 msg=ClientResponse{orderSn=119,clientSn=3531}
[MESSENGER][OK] client=0 deliver clientSn=3531 sn=119
[RESPONDER][SEND] sn=119 client=0 req=3471 msg=ClientResponse{orderSn=119,clientSn=3471}
[MESSENGER][OK] client=0 deliver clientSn=3471 sn=119
[RESPONDER][SEND] sn=119 client=0 req=3535 msg=ClientResponse{orderSn=119,clientSn=3535}
[MESSENGER][OK] client=0 deliver clientSn=3535 sn=119
[RESPONDER][SEND] sn=119 client=0 req=3475 msg=ClientResponse{orderSn=119,clientSn=3475}
[MESSENGER][OK] client=0 deliver clientSn=3475 sn=119
[RESPONDER][SEND] sn=119 client=0 req=3539 msg=ClientResponse{orderSn=119,clientSn=3539}
[MESSENGER][OK] client=0 deliver clientSn=3539 sn=119
[RESPONDER][SEND] sn=119 client=0 req=3479 msg=ClientResponse{orderSn=119,clientSn=3479}
[MESSENGER][OK] client=0 deliver clientSn=3479 sn=119
[RESPONDER][SEND] sn=119 client=0 req=3543 msg=ClientResponse{orderSn=119,clientSn=3543}
[MESSENGER][OK] client=0 deliver clientSn=3543 sn=119
[RESPONDER][SEND] sn=119 client=0 req=3483 msg=ClientResponse{orderSn=119,clientSn=3483}
[MESSENGER][OK] client=0 deliver clientSn=3483 sn=119
[RESPONDER][SEND] sn=119 client=0 req=3547 msg=ClientResponse{orderSn=119,clientSn=3547}
[MESSENGER][OK] client=0 deliver clientSn=3547 sn=119
[RESPONDER][SEND] sn=119 client=0 req=3423 msg=ClientResponse{orderSn=119,clientSn=3423}
[MESSENGER][OK] client=0 deliver clientSn=3423 sn=119
[RESPONDER][SEND] sn=119 client=0 req=3487 msg=ClientResponse{orderSn=119,clientSn=3487}
[MESSENGER][OK] client=0 deliver clientSn=3487 sn=119
[RESPONDER][SEND] sn=119 client=0 req=3427 msg=ClientResponse{orderSn=119,clientSn=3427}
[MESSENGER][OK] client=0 deliver clientSn=3427 sn=119
[RESPONDER][SEND] sn=119 client=0 req=3491 msg=ClientResponse{orderSn=119,clientSn=3491}
[MESSENGER][OK] client=0 deliver clientSn=3491 sn=119
[RESPONDER][SEND] sn=119 client=0 req=3431 msg=ClientResponse{orderSn=119,clientSn=3431}
[MESSENGER][OK] client=0 deliver clientSn=3431 sn=119
[RESPONDER][SEND] sn=119 client=0 req=3495 msg=ClientResponse{orderSn=119,clientSn=3495}
[MESSENGER][OK] client=0 deliver clientSn=3495 sn=119
[RESPONDER][SEND] sn=119 client=0 req=3435 msg=ClientResponse{orderSn=119,clientSn=3435}
[MESSENGER][OK] client=0 deliver clientSn=3435 sn=119
[RESPONDER][SEND] sn=119 client=0 req=3499 msg=ClientResponse{orderSn=119,clientSn=3499}
[MESSENGER][OK] client=0 deliver clientSn=3499 sn=119
[RESPONDER][SEND] sn=119 client=0 req=3439 msg=ClientResponse{orderSn=119,clientSn=3439}
[MESSENGER][OK] client=0 deliver clientSn=3439 sn=119
[RESPONDER][SEND] sn=119 client=0 req=3503 msg=ClientResponse{orderSn=119,clientSn=3503}
[MESSENGER][OK] client=0 deliver clientSn=3503 sn=119
[RESPONDER][SEND] sn=119 client=0 req=3443 msg=ClientResponse{orderSn=119,clientSn=3443}
[MESSENGER][OK] client=0 deliver clientSn=3443 sn=119
[RESPONDER][SEND] sn=119 client=0 req=3507 msg=ClientResponse{orderSn=119,clientSn=3507}
[MESSENGER][OK] client=0 deliver clientSn=3507 sn=119
[RESPONDER][SEND] sn=119 client=0 req=3447 msg=ClientResponse{orderSn=119,clientSn=3447}
[MESSENGER][OK] client=0 deliver clientSn=3447 sn=119
[RESPONDER][SEND] sn=119 client=0 req=3511 msg=ClientResponse{orderSn=119,clientSn=3511}
[MESSENGER][OK] client=0 deliver clientSn=3511 sn=119
[RESPONDER][SEND] sn=119 client=0 req=3451 msg=ClientResponse{orderSn=119,clientSn=3451}
[MESSENGER][OK] client=0 deliver clientSn=3451 sn=119
[RESPONDER][SEND] sn=119 client=0 req=3515 msg=ClientResponse{orderSn=119,clientSn=3515}
[MESSENGER][OK] client=0 deliver clientSn=3515 sn=119
[RESPONDER][SEND] sn=119 client=0 req=3455 msg=ClientResponse{orderSn=119,clientSn=3455}
[MESSENGER][OK] client=0 deliver clientSn=3455 sn=119
[RESPONDER][SEND] sn=119 client=0 req=3519 msg=ClientResponse{orderSn=119,clientSn=3519}
[MESSENGER][OK] client=0 deliver clientSn=3519 sn=119
[RESPONDER][ENTRY][DONE] sn=119 sent=32/32
21:01:43.864 INF Handling PREPREPARE. nReq=32 senderID=0 sn=120
21:01:43.864 DBG Creating new Batch. nReq=32
21:01:43.867 DBG Sending PREPARE. senderID=2 sn=120 view=0
21:01:43.867 INF Handling PREPREPARE. nReq=32 senderID=3 sn=123
21:01:43.867 DBG Creating new Batch. nReq=32
21:01:43.869 DBG Sending COMMIT. senderID=2 sn=120 view=0
21:01:43.870 DBG Sending PREPARE. senderID=2 sn=123 view=0
21:01:43.871 INF Committed entry. latency=0 nReq=32 sn=120
21:01:43.871 INF Delivered batch. nReq=32 sn=120
21:01:43.871 DBG Starting timer. sn=124 view=0
[RESPONDER][ENTRY] sn=120 nreq=32
[RESPONDER][SEND] sn=120 client=0 req=3584 msg=ClientResponse{orderSn=120,clientSn=3584}
[MESSENGER][OK] client=0 deliver clientSn=3584 sn=120
[RESPONDER][SEND] sn=120 client=0 req=3648 msg=ClientResponse{orderSn=120,clientSn=3648}
[MESSENGER][OK] client=0 deliver clientSn=3648 sn=120
[RESPONDER][SEND] sn=120 client=0 req=3588 msg=ClientResponse{orderSn=120,clientSn=3588}
[MESSENGER][OK] client=0 deliver clientSn=3588 sn=120
[RESPONDER][SEND] sn=120 client=0 req=3652 msg=ClientResponse{orderSn=120,clientSn=3652}
[MESSENGER][OK] client=0 deliver clientSn=3652 sn=120
[RESPONDER][SEND] sn=120 client=0 req=3592 msg=ClientResponse{orderSn=120,clientSn=3592}
[MESSENGER][OK] client=0 deliver clientSn=3592 sn=120
[RESPONDER][SEND] sn=120 client=0 req=3656 msg=ClientResponse{orderSn=120,clientSn=3656}
[MESSENGER][OK] client=0 deliver clientSn=3656 sn=120
[RESPONDER][SEND] sn=120 client=0 req=3596 msg=ClientResponse{orderSn=120,clientSn=3596}
[MESSENGER][OK] client=0 deliver clientSn=3596 sn=120
[RESPONDER][SEND] sn=120 client=0 req=3660 msg=ClientResponse{orderSn=120,clientSn=3660}
[MESSENGER][OK] client=0 deliver clientSn=3660 sn=120
[RESPONDER][SEND] sn=120 client=0 req=3600 msg=ClientResponse{orderSn=120,clientSn=3600}
[MESSENGER][OK] client=0 deliver clientSn=3600 sn=120
[RESPONDER][SEND] sn=120 client=0 req=3664 msg=ClientResponse{orderSn=120,clientSn=3664}
[MESSENGER][OK] client=0 deliver clientSn=3664 sn=120
[RESPONDER][SEND] sn=120 client=0 req=3604 msg=ClientResponse{orderSn=120,clientSn=3604}
[MESSENGER][OK] client=0 deliver clientSn=3604 sn=120
[RESPONDER][SEND] sn=120 client=0 req=3668 msg=ClientResponse{orderSn=120,clientSn=3668}
[MESSENGER][OK] client=0 deliver clientSn=3668 sn=120
[RESPONDER][SEND] sn=120 client=0 req=3608 msg=ClientResponse{orderSn=120,clientSn=3608}
[MESSENGER][OK] client=0 deliver clientSn=3608 sn=120
[RESPONDER][SEND] sn=120 client=0 req=3672 msg=ClientResponse{orderSn=120,clientSn=3672}
[MESSENGER][OK] client=0 deliver clientSn=3672 sn=120
[RESPONDER][SEND] sn=120 client=0 req=3612 msg=ClientResponse{orderSn=120,clientSn=3612}
[MESSENGER][OK] client=0 deliver clientSn=3612 sn=120
[RESPONDER][SEND] sn=120 client=0 req=3676 msg=ClientResponse{orderSn=120,clientSn=3676}
[MESSENGER][OK] client=0 deliver clientSn=3676 sn=120
21:01:43.872 DBG Sending COMMIT. senderID=2 sn=123 view=0
[RESPONDER][SEND] sn=120 client=0 req=3552 msg=ClientResponse{orderSn=120,clientSn=3552}
[MESSENGER][OK] client=0 deliver clientSn=3552 sn=120
[RESPONDER][SEND] sn=120 client=0 req=3616 msg=ClientResponse{orderSn=120,clientSn=3616}
[MESSENGER][OK] client=0 deliver clientSn=3616 sn=120
[RESPONDER][SEND] sn=120 client=0 req=3556 msg=ClientResponse{orderSn=120,clientSn=3556}
[MESSENGER][OK] client=0 deliver clientSn=3556 sn=120
[RESPONDER][SEND] sn=120 client=0 req=3620 msg=ClientResponse{orderSn=120,clientSn=3620}
[MESSENGER][OK] client=0 deliver clientSn=3620 sn=120
[RESPONDER][SEND] sn=120 client=0 req=3560 msg=ClientResponse{orderSn=120,clientSn=3560}
[MESSENGER][OK] client=0 deliver clientSn=3560 sn=120
[RESPONDER][SEND] sn=120 client=0 req=3624 msg=ClientResponse{orderSn=120,clientSn=3624}
[MESSENGER][OK] client=0 deliver clientSn=3624 sn=120
[RESPONDER][SEND] sn=120 client=0 req=3564 msg=ClientResponse{orderSn=120,clientSn=3564}
[MESSENGER][OK] client=0 deliver clientSn=3564 sn=120
[RESPONDER][SEND] sn=120 client=0 req=3628 msg=ClientResponse{orderSn=120,clientSn=3628}
[MESSENGER][OK] client=0 deliver clientSn=3628 sn=120
[RESPONDER][SEND] sn=120 client=0 req=3568 msg=ClientResponse{orderSn=120,clientSn=3568}
[MESSENGER][OK] client=0 deliver clientSn=3568 sn=120
[RESPONDER][SEND] sn=120 client=0 req=3632 msg=ClientResponse{orderSn=120,clientSn=3632}
[MESSENGER][OK] client=0 deliver clientSn=3632 sn=120
[RESPONDER][SEND] sn=120 client=0 req=3572 msg=ClientResponse{orderSn=120,clientSn=3572}
[MESSENGER][OK] client=0 deliver clientSn=3572 sn=120
[RESPONDER][SEND] sn=120 client=0 req=3636 msg=ClientResponse{orderSn=120,clientSn=3636}
[MESSENGER][OK] client=0 deliver clientSn=3636 sn=120
[RESPONDER][SEND] sn=120 client=0 req=3576 msg=ClientResponse{orderSn=120,clientSn=3576}
[MESSENGER][OK] client=0 deliver clientSn=3576 sn=120
[RESPONDER][SEND] sn=120 client=0 req=3640 msg=ClientResponse{orderSn=120,clientSn=3640}
[MESSENGER][OK] client=0 deliver clientSn=3640 sn=120
[RESPONDER][SEND] sn=120 client=0 req=3580 msg=ClientResponse{orderSn=120,clientSn=3580}
[MESSENGER][OK] client=0 deliver clientSn=3580 sn=120
[RESPONDER][SEND] sn=120 client=0 req=3644 msg=ClientResponse{orderSn=120,clientSn=3644}
[MESSENGER][OK] client=0 deliver clientSn=3644 sn=120
[RESPONDER][ENTRY][DONE] sn=120 sent=32/32
21:01:43.874 INF Committed entry. latency=0 nReq=32 sn=123
21:01:43.874 DBG Batch ready. batchSize=4096
21:01:43.874 DBG Starting timer. sn=127 view=0
21:01:43.874 DBG Batch cut. left=0 nBuckets=16 nReq=32 next=0
21:01:43.875 DBG Waiting for batch. batchSize=4096
21:01:43.877 INF Sending PREPREPARE. nReq=32 senderID=2 sn=122 view=0
21:01:43.881 INF Handling PREPREPARE. nReq=32 senderID=1 sn=121
21:01:43.881 DBG Creating new Batch. nReq=32
21:01:43.886 DBG Sending PREPARE. senderID=2 sn=121 view=0
21:01:43.886 DBG Sending COMMIT. senderID=2 sn=122 view=0
21:01:43.886 DBG Sending COMMIT. senderID=2 sn=121 view=0
21:01:43.887 INF Committed entry. latency=0 nReq=32 sn=122
21:01:43.887 INF Committed entry. latency=0 nReq=32 sn=121
21:01:43.888 INF Delivered batch. nReq=32 sn=121
21:01:43.888 INF Delivered batch. nReq=32 sn=122
[RESPONDER][ENTRY] sn=121 nreq=32
21:01:43.888 INF Delivered batch. nReq=32 sn=123
[RESPONDER][SEND] sn=121 client=0 req=3585 msg=ClientResponse{orderSn=121,clientSn=3585}
[MESSENGER][OK] client=0 deliver clientSn=3585 sn=121
[RESPONDER][SEND] sn=121 client=0 req=3649 msg=ClientResponse{orderSn=121,clientSn=3649}
21:01:43.888 DBG Starting timer. sn=126 view=0
[MESSENGER][OK] client=0 deliver clientSn=3649 sn=121
[RESPONDER][SEND] sn=121 client=0 req=3589 msg=ClientResponse{orderSn=121,clientSn=3589}
[MESSENGER][OK] client=0 deliver clientSn=3589 sn=121
[RESPONDER][SEND] sn=121 client=0 req=3653 msg=ClientResponse{orderSn=121,clientSn=3653}
21:01:43.888 DBG Starting timer. sn=125 view=0
[MESSENGER][OK] client=0 deliver clientSn=3653 sn=121
[RESPONDER][SEND] sn=121 client=0 req=3593 msg=ClientResponse{orderSn=121,clientSn=3593}
[MESSENGER][OK] client=0 deliver clientSn=3593 sn=121
[RESPONDER][SEND] sn=121 client=0 req=3657 msg=ClientResponse{orderSn=121,clientSn=3657}
[MESSENGER][OK] client=0 deliver clientSn=3657 sn=121
[RESPONDER][SEND] sn=121 client=0 req=3597 msg=ClientResponse{orderSn=121,clientSn=3597}
[MESSENGER][OK] client=0 deliver clientSn=3597 sn=121
[RESPONDER][SEND] sn=121 client=0 req=3661 msg=ClientResponse{orderSn=121,clientSn=3661}
[MESSENGER][OK] client=0 deliver clientSn=3661 sn=121
[RESPONDER][SEND] sn=121 client=0 req=3601 msg=ClientResponse{orderSn=121,clientSn=3601}
[MESSENGER][OK] client=0 deliver clientSn=3601 sn=121
[RESPONDER][SEND] sn=121 client=0 req=3665 msg=ClientResponse{orderSn=121,clientSn=3665}
[MESSENGER][OK] client=0 deliver clientSn=3665 sn=121
[RESPONDER][SEND] sn=121 client=0 req=3605 msg=ClientResponse{orderSn=121,clientSn=3605}
[MESSENGER][OK] client=0 deliver clientSn=3605 sn=121
[RESPONDER][SEND] sn=121 client=0 req=3669 msg=ClientResponse{orderSn=121,clientSn=3669}
[MESSENGER][OK] client=0 deliver clientSn=3669 sn=121
[RESPONDER][SEND] sn=121 client=0 req=3609 msg=ClientResponse{orderSn=121,clientSn=3609}
[MESSENGER][OK] client=0 deliver clientSn=3609 sn=121
[RESPONDER][SEND] sn=121 client=0 req=3673 msg=ClientResponse{orderSn=121,clientSn=3673}
[MESSENGER][OK] client=0 deliver clientSn=3673 sn=121
[RESPONDER][SEND] sn=121 client=0 req=3613 msg=ClientResponse{orderSn=121,clientSn=3613}
[MESSENGER][OK] client=0 deliver clientSn=3613 sn=121
[RESPONDER][SEND] sn=121 client=0 req=3677 msg=ClientResponse{orderSn=121,clientSn=3677}
[MESSENGER][OK] client=0 deliver clientSn=3677 sn=121
[RESPONDER][SEND] sn=121 client=0 req=3553 msg=ClientResponse{orderSn=121,clientSn=3553}
[MESSENGER][OK] client=0 deliver clientSn=3553 sn=121
[RESPONDER][SEND] sn=121 client=0 req=3617 msg=ClientResponse{orderSn=121,clientSn=3617}
[MESSENGER][OK] client=0 deliver clientSn=3617 sn=121
[RESPONDER][SEND] sn=121 client=0 req=3557 msg=ClientResponse{orderSn=121,clientSn=3557}
[MESSENGER][OK] client=0 deliver clientSn=3557 sn=121
[RESPONDER][SEND] sn=121 client=0 req=3621 msg=ClientResponse{orderSn=121,clientSn=3621}
[MESSENGER][OK] client=0 deliver clientSn=3621 sn=121
[RESPONDER][SEND] sn=121 client=0 req=3561 msg=ClientResponse{orderSn=121,clientSn=3561}
[MESSENGER][OK] client=0 deliver clientSn=3561 sn=121
[RESPONDER][SEND] sn=121 client=0 req=3625 msg=ClientResponse{orderSn=121,clientSn=3625}
[MESSENGER][OK] client=0 deliver clientSn=3625 sn=121
[RESPONDER][SEND] sn=121 client=0 req=3565 msg=ClientResponse{orderSn=121,clientSn=3565}
[MESSENGER][OK] client=0 deliver clientSn=3565 sn=121
[RESPONDER][SEND] sn=121 client=0 req=3629 msg=ClientResponse{orderSn=121,clientSn=3629}
[MESSENGER][OK] client=0 deliver clientSn=3629 sn=121
[RESPONDER][SEND] sn=121 client=0 req=3569 msg=ClientResponse{orderSn=121,clientSn=3569}
[MESSENGER][OK] client=0 deliver clientSn=3569 sn=121
[RESPONDER][SEND] sn=121 client=0 req=3633 msg=ClientResponse{orderSn=121,clientSn=3633}
[MESSENGER][OK] client=0 deliver clientSn=3633 sn=121
[RESPONDER][SEND] sn=121 client=0 req=3573 msg=ClientResponse{orderSn=121,clientSn=3573}
[MESSENGER][OK] client=0 deliver clientSn=3573 sn=121
[RESPONDER][SEND] sn=121 client=0 req=3637 msg=ClientResponse{orderSn=121,clientSn=3637}
[MESSENGER][OK] client=0 deliver clientSn=3637 sn=121
[RESPONDER][SEND] sn=121 client=0 req=3577 msg=ClientResponse{orderSn=121,clientSn=3577}
[MESSENGER][OK] client=0 deliver clientSn=3577 sn=121
[RESPONDER][SEND] sn=121 client=0 req=3641 msg=ClientResponse{orderSn=121,clientSn=3641}
[MESSENGER][OK] client=0 deliver clientSn=3641 sn=121
[RESPONDER][SEND] sn=121 client=0 req=3581 msg=ClientResponse{orderSn=121,clientSn=3581}
[MESSENGER][OK] client=0 deliver clientSn=3581 sn=121
[RESPONDER][SEND] sn=121 client=0 req=3645 msg=ClientResponse{orderSn=121,clientSn=3645}
[MESSENGER][OK] client=0 deliver clientSn=3645 sn=121
[RESPONDER][ENTRY][DONE] sn=121 sent=32/32
[RESPONDER][ENTRY] sn=122 nreq=32
[RESPONDER][SEND] sn=122 client=0 req=3586 msg=ClientResponse{orderSn=122,clientSn=3586}
[MESSENGER][OK] client=0 deliver clientSn=3586 sn=122
[RESPONDER][SEND] sn=122 client=0 req=3650 msg=ClientResponse{orderSn=122,clientSn=3650}
[MESSENGER][OK] client=0 deliver clientSn=3650 sn=122
[RESPONDER][SEND] sn=122 client=0 req=3590 msg=ClientResponse{orderSn=122,clientSn=3590}
[MESSENGER][OK] client=0 deliver clientSn=3590 sn=122
[RESPONDER][SEND] sn=122 client=0 req=3654 msg=ClientResponse{orderSn=122,clientSn=3654}
[MESSENGER][OK] client=0 deliver clientSn=3654 sn=122
[RESPONDER][SEND] sn=122 client=0 req=3594 msg=ClientResponse{orderSn=122,clientSn=3594}
[MESSENGER][OK] client=0 deliver clientSn=3594 sn=122
[RESPONDER][SEND] sn=122 client=0 req=3658 msg=ClientResponse{orderSn=122,clientSn=3658}
[MESSENGER][OK] client=0 deliver clientSn=3658 sn=122
[RESPONDER][SEND] sn=122 client=0 req=3598 msg=ClientResponse{orderSn=122,clientSn=3598}
[MESSENGER][OK] client=0 deliver clientSn=3598 sn=122
[RESPONDER][SEND] sn=122 client=0 req=3662 msg=ClientResponse{orderSn=122,clientSn=3662}
[MESSENGER][OK] client=0 deliver clientSn=3662 sn=122
[RESPONDER][SEND] sn=122 client=0 req=3602 msg=ClientResponse{orderSn=122,clientSn=3602}
[MESSENGER][OK] client=0 deliver clientSn=3602 sn=122
[RESPONDER][SEND] sn=122 client=0 req=3666 msg=ClientResponse{orderSn=122,clientSn=3666}
[MESSENGER][OK] client=0 deliver clientSn=3666 sn=122
[RESPONDER][SEND] sn=122 client=0 req=3606 msg=ClientResponse{orderSn=122,clientSn=3606}
[MESSENGER][OK] client=0 deliver clientSn=3606 sn=122
[RESPONDER][SEND] sn=122 client=0 req=3670 msg=ClientResponse{orderSn=122,clientSn=3670}
[MESSENGER][OK] client=0 deliver clientSn=3670 sn=122
[RESPONDER][SEND] sn=122 client=0 req=3610 msg=ClientResponse{orderSn=122,clientSn=3610}
[MESSENGER][OK] client=0 deliver clientSn=3610 sn=122
[RESPONDER][SEND] sn=122 client=0 req=3674 msg=ClientResponse{orderSn=122,clientSn=3674}
[MESSENGER][OK] client=0 deliver clientSn=3674 sn=122
[RESPONDER][SEND] sn=122 client=0 req=3614 msg=ClientResponse{orderSn=122,clientSn=3614}
[MESSENGER][OK] client=0 deliver clientSn=3614 sn=122
[RESPONDER][SEND] sn=122 client=0 req=3678 msg=ClientResponse{orderSn=122,clientSn=3678}
[MESSENGER][OK] client=0 deliver clientSn=3678 sn=122
[RESPONDER][SEND] sn=122 client=0 req=3554 msg=ClientResponse{orderSn=122,clientSn=3554}
[MESSENGER][OK] client=0 deliver clientSn=3554 sn=122
[RESPONDER][SEND] sn=122 client=0 req=3618 msg=ClientResponse{orderSn=122,clientSn=3618}
[MESSENGER][OK] client=0 deliver clientSn=3618 sn=122
[RESPONDER][SEND] sn=122 client=0 req=3558 msg=ClientResponse{orderSn=122,clientSn=3558}
[MESSENGER][OK] client=0 deliver clientSn=3558 sn=122
[RESPONDER][SEND] sn=122 client=0 req=3622 msg=ClientResponse{orderSn=122,clientSn=3622}
[MESSENGER][OK] client=0 deliver clientSn=3622 sn=122
[RESPONDER][SEND] sn=122 client=0 req=3562 msg=ClientResponse{orderSn=122,clientSn=3562}
[MESSENGER][OK] client=0 deliver clientSn=3562 sn=122
[RESPONDER][SEND] sn=122 client=0 req=3626 msg=ClientResponse{orderSn=122,clientSn=3626}
[MESSENGER][OK] client=0 deliver clientSn=3626 sn=122
[RESPONDER][SEND] sn=122 client=0 req=3566 msg=ClientResponse{orderSn=122,clientSn=3566}
[MESSENGER][OK] client=0 deliver clientSn=3566 sn=122
[RESPONDER][SEND] sn=122 client=0 req=3630 msg=ClientResponse{orderSn=122,clientSn=3630}
[MESSENGER][OK] client=0 deliver clientSn=3630 sn=122
[RESPONDER][SEND] sn=122 client=0 req=3570 msg=ClientResponse{orderSn=122,clientSn=3570}
[MESSENGER][OK] client=0 deliver clientSn=3570 sn=122
[RESPONDER][SEND] sn=122 client=0 req=3634 msg=ClientResponse{orderSn=122,clientSn=3634}
[MESSENGER][OK] client=0 deliver clientSn=3634 sn=122
[RESPONDER][SEND] sn=122 client=0 req=3574 msg=ClientResponse{orderSn=122,clientSn=3574}
[MESSENGER][OK] client=0 deliver clientSn=3574 sn=122
[RESPONDER][SEND] sn=122 client=0 req=3638 msg=ClientResponse{orderSn=122,clientSn=3638}
[MESSENGER][OK] client=0 deliver clientSn=3638 sn=122
[RESPONDER][SEND] sn=122 client=0 req=3578 msg=ClientResponse{orderSn=122,clientSn=3578}
[MESSENGER][OK] client=0 deliver clientSn=3578 sn=122
[RESPONDER][SEND] sn=122 client=0 req=3642 msg=ClientResponse{orderSn=122,clientSn=3642}
[MESSENGER][OK] client=0 deliver clientSn=3642 sn=122
[RESPONDER][SEND] sn=122 client=0 req=3582 msg=ClientResponse{orderSn=122,clientSn=3582}
[MESSENGER][OK] client=0 deliver clientSn=3582 sn=122
[RESPONDER][SEND] sn=122 client=0 req=3646 msg=ClientResponse{orderSn=122,clientSn=3646}
[MESSENGER][OK] client=0 deliver clientSn=3646 sn=122
[RESPONDER][ENTRY][DONE] sn=122 sent=32/32
[RESPONDER][ENTRY] sn=123 nreq=32
[RESPONDER][SEND] sn=123 client=0 req=3587 msg=ClientResponse{orderSn=123,clientSn=3587}
[MESSENGER][OK] client=0 deliver clientSn=3587 sn=123
[RESPONDER][SEND] sn=123 client=0 req=3651 msg=ClientResponse{orderSn=123,clientSn=3651}
[MESSENGER][OK] client=0 deliver clientSn=3651 sn=123
[RESPONDER][SEND] sn=123 client=0 req=3591 msg=ClientResponse{orderSn=123,clientSn=3591}
[MESSENGER][OK] client=0 deliver clientSn=3591 sn=123
[RESPONDER][SEND] sn=123 client=0 req=3655 msg=ClientResponse{orderSn=123,clientSn=3655}
[MESSENGER][OK] client=0 deliver clientSn=3655 sn=123
[RESPONDER][SEND] sn=123 client=0 req=3595 msg=ClientResponse{orderSn=123,clientSn=3595}
[MESSENGER][OK] client=0 deliver clientSn=3595 sn=123
[RESPONDER][SEND] sn=123 client=0 req=3659 msg=ClientResponse{orderSn=123,clientSn=3659}
[MESSENGER][OK] client=0 deliver clientSn=3659 sn=123
[RESPONDER][SEND] sn=123 client=0 req=3599 msg=ClientResponse{orderSn=123,clientSn=3599}
[MESSENGER][OK] client=0 deliver clientSn=3599 sn=123
[RESPONDER][SEND] sn=123 client=0 req=3663 msg=ClientResponse{orderSn=123,clientSn=3663}
[MESSENGER][OK] client=0 deliver clientSn=3663 sn=123
[RESPONDER][SEND] sn=123 client=0 req=3603 msg=ClientResponse{orderSn=123,clientSn=3603}
[MESSENGER][OK] client=0 deliver clientSn=3603 sn=123
[RESPONDER][SEND] sn=123 client=0 req=3667 msg=ClientResponse{orderSn=123,clientSn=3667}
[MESSENGER][OK] client=0 deliver clientSn=3667 sn=123
[RESPONDER][SEND] sn=123 client=0 req=3607 msg=ClientResponse{orderSn=123,clientSn=3607}
[MESSENGER][OK] client=0 deliver clientSn=3607 sn=123
[RESPONDER][SEND] sn=123 client=0 req=3671 msg=ClientResponse{orderSn=123,clientSn=3671}
[MESSENGER][OK] client=0 deliver clientSn=3671 sn=123
[RESPONDER][SEND] sn=123 client=0 req=3611 msg=ClientResponse{orderSn=123,clientSn=3611}
[MESSENGER][OK] client=0 deliver clientSn=3611 sn=123
[RESPONDER][SEND] sn=123 client=0 req=3675 msg=ClientResponse{orderSn=123,clientSn=3675}
[MESSENGER][OK] client=0 deliver clientSn=3675 sn=123
[RESPONDER][SEND] sn=123 client=0 req=3551 msg=ClientResponse{orderSn=123,clientSn=3551}
[MESSENGER][OK] client=0 deliver clientSn=3551 sn=123
[RESPONDER][SEND] sn=123 client=0 req=3615 msg=ClientResponse{orderSn=123,clientSn=3615}
[MESSENGER][OK] client=0 deliver clientSn=3615 sn=123
[RESPONDER][SEND] sn=123 client=0 req=3555 msg=ClientResponse{orderSn=123,clientSn=3555}
[MESSENGER][OK] client=0 deliver clientSn=3555 sn=123
[RESPONDER][SEND] sn=123 client=0 req=3619 msg=ClientResponse{orderSn=123,clientSn=3619}
[MESSENGER][OK] client=0 deliver clientSn=3619 sn=123
[RESPONDER][SEND] sn=123 client=0 req=3559 msg=ClientResponse{orderSn=123,clientSn=3559}
[MESSENGER][OK] client=0 deliver clientSn=3559 sn=123
[RESPONDER][SEND] sn=123 client=0 req=3623 msg=ClientResponse{orderSn=123,clientSn=3623}
[MESSENGER][OK] client=0 deliver clientSn=3623 sn=123
[RESPONDER][SEND] sn=123 client=0 req=3563 msg=ClientResponse{orderSn=123,clientSn=3563}
[MESSENGER][OK] client=0 deliver clientSn=3563 sn=123
[RESPONDER][SEND] sn=123 client=0 req=3627 msg=ClientResponse{orderSn=123,clientSn=3627}
[MESSENGER][OK] client=0 deliver clientSn=3627 sn=123
[RESPONDER][SEND] sn=123 client=0 req=3567 msg=ClientResponse{orderSn=123,clientSn=3567}
[MESSENGER][OK] client=0 deliver clientSn=3567 sn=123
[RESPONDER][SEND] sn=123 client=0 req=3631 msg=ClientResponse{orderSn=123,clientSn=3631}
[MESSENGER][OK] client=0 deliver clientSn=3631 sn=123
[RESPONDER][SEND] sn=123 client=0 req=3571 msg=ClientResponse{orderSn=123,clientSn=3571}
[MESSENGER][OK] client=0 deliver clientSn=3571 sn=123
[RESPONDER][SEND] sn=123 client=0 req=3635 msg=ClientResponse{orderSn=123,clientSn=3635}
[MESSENGER][OK] client=0 deliver clientSn=3635 sn=123
[RESPONDER][SEND] sn=123 client=0 req=3575 msg=ClientResponse{orderSn=123,clientSn=3575}
[MESSENGER][OK] client=0 deliver clientSn=3575 sn=123
[RESPONDER][SEND] sn=123 client=0 req=3639 msg=ClientResponse{orderSn=123,clientSn=3639}
[MESSENGER][OK] client=0 deliver clientSn=3639 sn=123
[RESPONDER][SEND] sn=123 client=0 req=3579 msg=ClientResponse{orderSn=123,clientSn=3579}
[MESSENGER][OK] client=0 deliver clientSn=3579 sn=123
[RESPONDER][SEND] sn=123 client=0 req=3643 msg=ClientResponse{orderSn=123,clientSn=3643}
[MESSENGER][OK] client=0 deliver clientSn=3643 sn=123
[RESPONDER][SEND] sn=123 client=0 req=3583 msg=ClientResponse{orderSn=123,clientSn=3583}
[MESSENGER][OK] client=0 deliver clientSn=3583 sn=123
[RESPONDER][SEND] sn=123 client=0 req=3647 msg=ClientResponse{orderSn=123,clientSn=3647}
[MESSENGER][OK] client=0 deliver clientSn=3647 sn=123
[RESPONDER][ENTRY][DONE] sn=123 sent=32/32
21:01:44.864 INF Handling PREPREPARE. nReq=32 senderID=0 sn=124
21:01:44.864 DBG Creating new Batch. nReq=32
21:01:44.867 DBG Sending PREPARE. senderID=2 sn=124 view=0
21:01:44.867 DBG Sending COMMIT. senderID=2 sn=124 view=0
21:01:44.868 INF Handling PREPREPARE. nReq=33 senderID=3 sn=127
21:01:44.868 DBG Creating new Batch. nReq=33
21:01:44.871 INF Committed entry. latency=0 nReq=32 sn=124
21:01:44.872 INF Delivered batch. nReq=32 sn=124
[RESPONDER][ENTRY] sn=124 nreq=32
[RESPONDER][SEND] sn=124 client=0 req=3712 msg=ClientResponse{orderSn=124,clientSn=3712}
21:01:44.872 DBG Starting timer. sn=128 view=0
[MESSENGER][OK] client=0 deliver clientSn=3712 sn=124
[RESPONDER][SEND] sn=124 client=0 req=3776 msg=ClientResponse{orderSn=124,clientSn=3776}
[MESSENGER][OK] client=0 deliver clientSn=3776 sn=124
[RESPONDER][SEND] sn=124 client=0 req=3716 msg=ClientResponse{orderSn=124,clientSn=3716}
[MESSENGER][OK] client=0 deliver clientSn=3716 sn=124
[RESPONDER][SEND] sn=124 client=0 req=3780 msg=ClientResponse{orderSn=124,clientSn=3780}
[MESSENGER][OK] client=0 deliver clientSn=3780 sn=124
[RESPONDER][SEND] sn=124 client=0 req=3720 msg=ClientResponse{orderSn=124,clientSn=3720}
[MESSENGER][OK] client=0 deliver clientSn=3720 sn=124
[RESPONDER][SEND] sn=124 client=0 req=3784 msg=ClientResponse{orderSn=124,clientSn=3784}
[MESSENGER][OK] client=0 deliver clientSn=3784 sn=124
[RESPONDER][SEND] sn=124 client=0 req=3724 msg=ClientResponse{orderSn=124,clientSn=3724}
[MESSENGER][OK] client=0 deliver clientSn=3724 sn=124
[RESPONDER][SEND] sn=124 client=0 req=3788 msg=ClientResponse{orderSn=124,clientSn=3788}
[MESSENGER][OK] client=0 deliver clientSn=3788 sn=124
[RESPONDER][SEND] sn=124 client=0 req=3728 msg=ClientResponse{orderSn=124,clientSn=3728}
[MESSENGER][OK] client=0 deliver clientSn=3728 sn=124
[RESPONDER][SEND] sn=124 client=0 req=3792 msg=ClientResponse{orderSn=124,clientSn=3792}
[MESSENGER][OK] client=0 deliver clientSn=3792 sn=124
[RESPONDER][SEND] sn=124 client=0 req=3732 msg=ClientResponse{orderSn=124,clientSn=3732}
[MESSENGER][OK] client=0 deliver clientSn=3732 sn=124
[RESPONDER][SEND] sn=124 client=0 req=3796 msg=ClientResponse{orderSn=124,clientSn=3796}
[MESSENGER][OK] client=0 deliver clientSn=3796 sn=124
[RESPONDER][SEND] sn=124 client=0 req=3736 msg=ClientResponse{orderSn=124,clientSn=3736}
[MESSENGER][OK] client=0 deliver clientSn=3736 sn=124
[RESPONDER][SEND] sn=124 client=0 req=3800 msg=ClientResponse{orderSn=124,clientSn=3800}
[MESSENGER][OK] client=0 deliver clientSn=3800 sn=124
[RESPONDER][SEND] sn=124 client=0 req=3740 msg=ClientResponse{orderSn=124,clientSn=3740}
[MESSENGER][OK] client=0 deliver clientSn=3740 sn=124
[RESPONDER][SEND] sn=124 client=0 req=3804 msg=ClientResponse{orderSn=124,clientSn=3804}
[MESSENGER][OK] client=0 deliver clientSn=3804 sn=124
[RESPONDER][SEND] sn=124 client=0 req=3680 msg=ClientResponse{orderSn=124,clientSn=3680}
[MESSENGER][OK] client=0 deliver clientSn=3680 sn=124
[RESPONDER][SEND] sn=124 client=0 req=3744 msg=ClientResponse{orderSn=124,clientSn=3744}
[MESSENGER][OK] client=0 deliver clientSn=3744 sn=124
[RESPONDER][SEND] sn=124 client=0 req=3684 msg=ClientResponse{orderSn=124,clientSn=3684}
[MESSENGER][OK] client=0 deliver clientSn=3684 sn=124
[RESPONDER][SEND] sn=124 client=0 req=3748 msg=ClientResponse{orderSn=124,clientSn=3748}
[MESSENGER][OK] client=0 deliver clientSn=3748 sn=124
[RESPONDER][SEND] sn=124 client=0 req=3688 msg=ClientResponse{orderSn=124,clientSn=3688}
[MESSENGER][OK] client=0 deliver clientSn=3688 sn=124
[RESPONDER][SEND] sn=124 client=0 req=3752 msg=ClientResponse{orderSn=124,clientSn=3752}
[MESSENGER][OK] client=0 deliver clientSn=3752 sn=124
[RESPONDER][SEND] sn=124 client=0 req=3692 msg=ClientResponse{orderSn=124,clientSn=3692}
[MESSENGER][OK] client=0 deliver clientSn=3692 sn=124
21:01:44.873 DBG Sending PREPARE. senderID=2 sn=127 view=0
[RESPONDER][SEND] sn=124 client=0 req=3756 msg=ClientResponse{orderSn=124,clientSn=3756}
[MESSENGER][OK] client=0 deliver clientSn=3756 sn=124
[RESPONDER][SEND] sn=124 client=0 req=3696 msg=ClientResponse{orderSn=124,clientSn=3696}
[MESSENGER][OK] client=0 deliver clientSn=3696 sn=124
[RESPONDER][SEND] sn=124 client=0 req=3760 msg=ClientResponse{orderSn=124,clientSn=3760}
[MESSENGER][OK] client=0 deliver clientSn=3760 sn=124
[RESPONDER][SEND] sn=124 client=0 req=3700 msg=ClientResponse{orderSn=124,clientSn=3700}
[MESSENGER][OK] client=0 deliver clientSn=3700 sn=124
[RESPONDER][SEND] sn=124 client=0 req=3764 msg=ClientResponse{orderSn=124,clientSn=3764}
[MESSENGER][OK] client=0 deliver clientSn=3764 sn=124
[RESPONDER][SEND] sn=124 client=0 req=3704 msg=ClientResponse{orderSn=124,clientSn=3704}
[MESSENGER][OK] client=0 deliver clientSn=3704 sn=124
[RESPONDER][SEND] sn=124 client=0 req=3768 msg=ClientResponse{orderSn=124,clientSn=3768}
[MESSENGER][OK] client=0 deliver clientSn=3768 sn=124
[RESPONDER][SEND] sn=124 client=0 req=3708 msg=ClientResponse{orderSn=124,clientSn=3708}
[MESSENGER][OK] client=0 deliver clientSn=3708 sn=124
[RESPONDER][SEND] sn=124 client=0 req=3772 msg=ClientResponse{orderSn=124,clientSn=3772}
[MESSENGER][OK] client=0 deliver clientSn=3772 sn=124
[RESPONDER][ENTRY][DONE] sn=124 sent=32/32
21:01:44.873 DBG Sending COMMIT. senderID=2 sn=127 view=0
21:01:44.875 DBG Batch ready. batchSize=4096
21:01:44.876 DBG Batch cut. left=0 nBuckets=16 nReq=32 next=0
21:01:44.876 INF Committed entry. latency=0 nReq=33 sn=127
21:01:44.876 DBG Starting timer. sn=131 view=0
21:01:44.876 DBG Waiting for batch. batchSize=4096
21:01:44.877 INF Sending PREPREPARE. nReq=32 senderID=2 sn=126 view=0
21:01:44.883 INF Handling PREPREPARE. nReq=32 senderID=1 sn=125
21:01:44.884 DBG Creating new Batch. nReq=32
21:01:44.886 DBG Sending COMMIT. senderID=2 sn=126 view=0
21:01:44.887 DBG Sending PREPARE. senderID=2 sn=125 view=0
21:01:44.887 DBG Sending COMMIT. senderID=2 sn=125 view=0
21:01:44.888 INF Committed entry. latency=0 nReq=32 sn=126
21:01:44.889 INF Committed entry. latency=0 nReq=32 sn=125
21:01:44.889 INF Delivered batch. nReq=32 sn=125
[RESPONDER][ENTRY] sn=125 nreq=32
[RESPONDER][SEND] sn=125 client=0 req=3713 msg=ClientResponse{orderSn=125,clientSn=3713}
21:01:44.889 INF Delivered batch. nReq=32 sn=126
[MESSENGER][OK] client=0 deliver clientSn=3713 sn=125
[RESPONDER][SEND] sn=125 client=0 req=3777 msg=ClientResponse{orderSn=125,clientSn=3777}
[MESSENGER][OK] client=0 deliver clientSn=3777 sn=125
21:01:44.889 INF Delivered batch. nReq=33 sn=127
[RESPONDER][SEND] sn=125 client=0 req=3717 msg=ClientResponse{orderSn=125,clientSn=3717}
21:01:44.890 DBG Starting timer. sn=129 view=0
[MESSENGER][OK] client=0 deliver clientSn=3717 sn=125
[RESPONDER][SEND] sn=125 client=0 req=3781 msg=ClientResponse{orderSn=125,clientSn=3781}
[MESSENGER][OK] client=0 deliver clientSn=3781 sn=125
[RESPONDER][SEND] sn=125 client=0 req=3721 msg=ClientResponse{orderSn=125,clientSn=3721}
[MESSENGER][OK] client=0 deliver clientSn=3721 sn=125
[RESPONDER][SEND] sn=125 client=0 req=3785 msg=ClientResponse{orderSn=125,clientSn=3785}
[MESSENGER][OK] client=0 deliver clientSn=3785 sn=125
[RESPONDER][SEND] sn=125 client=0 req=3725 msg=ClientResponse{orderSn=125,clientSn=3725}
[MESSENGER][OK] client=0 deliver clientSn=3725 sn=125
[RESPONDER][SEND] sn=125 client=0 req=3789 msg=ClientResponse{orderSn=125,clientSn=3789}
[MESSENGER][OK] client=0 deliver clientSn=3789 sn=125
[RESPONDER][SEND] sn=125 client=0 req=3729 msg=ClientResponse{orderSn=125,clientSn=3729}
[MESSENGER][OK] client=0 deliver clientSn=3729 sn=125
[RESPONDER][SEND] sn=125 client=0 req=3793 msg=ClientResponse{orderSn=125,clientSn=3793}
[MESSENGER][OK] client=0 deliver clientSn=3793 sn=125
[RESPONDER][SEND] sn=125 client=0 req=3733 msg=ClientResponse{orderSn=125,clientSn=3733}
[MESSENGER][OK] client=0 deliver clientSn=3733 sn=125
[RESPONDER][SEND] sn=125 client=0 req=3797 msg=ClientResponse{orderSn=125,clientSn=3797}
[MESSENGER][OK] client=0 deliver clientSn=3797 sn=125
[RESPONDER][SEND] sn=125 client=0 req=3737 msg=ClientResponse{orderSn=125,clientSn=3737}
[MESSENGER][OK] client=0 deliver clientSn=3737 sn=125
[RESPONDER][SEND] sn=125 client=0 req=3801 msg=ClientResponse{orderSn=125,clientSn=3801}
[MESSENGER][OK] client=0 deliver clientSn=3801 sn=125
[RESPONDER][SEND] sn=125 client=0 req=3741 msg=ClientResponse{orderSn=125,clientSn=3741}
[MESSENGER][OK] client=0 deliver clientSn=3741 sn=125
[RESPONDER][SEND] sn=125 client=0 req=3805 msg=ClientResponse{orderSn=125,clientSn=3805}
[MESSENGER][OK] client=0 deliver clientSn=3805 sn=125
21:01:44.890 DBG Starting timer. sn=130 view=0
[RESPONDER][SEND] sn=125 client=0 req=3681 msg=ClientResponse{orderSn=125,clientSn=3681}
[MESSENGER][OK] client=0 deliver clientSn=3681 sn=125
[RESPONDER][SEND] sn=125 client=0 req=3745 msg=ClientResponse{orderSn=125,clientSn=3745}
[MESSENGER][OK] client=0 deliver clientSn=3745 sn=125
[RESPONDER][SEND] sn=125 client=0 req=3685 msg=ClientResponse{orderSn=125,clientSn=3685}
[MESSENGER][OK] client=0 deliver clientSn=3685 sn=125
[RESPONDER][SEND] sn=125 client=0 req=3749 msg=ClientResponse{orderSn=125,clientSn=3749}
[MESSENGER][OK] client=0 deliver clientSn=3749 sn=125
[RESPONDER][SEND] sn=125 client=0 req=3689 msg=ClientResponse{orderSn=125,clientSn=3689}
[MESSENGER][OK] client=0 deliver clientSn=3689 sn=125
[RESPONDER][SEND] sn=125 client=0 req=3753 msg=ClientResponse{orderSn=125,clientSn=3753}
[MESSENGER][OK] client=0 deliver clientSn=3753 sn=125
[RESPONDER][SEND] sn=125 client=0 req=3693 msg=ClientResponse{orderSn=125,clientSn=3693}
[MESSENGER][OK] client=0 deliver clientSn=3693 sn=125
[RESPONDER][SEND] sn=125 client=0 req=3757 msg=ClientResponse{orderSn=125,clientSn=3757}
[MESSENGER][OK] client=0 deliver clientSn=3757 sn=125
[RESPONDER][SEND] sn=125 client=0 req=3697 msg=ClientResponse{orderSn=125,clientSn=3697}
[MESSENGER][OK] client=0 deliver clientSn=3697 sn=125
[RESPONDER][SEND] sn=125 client=0 req=3761 msg=ClientResponse{orderSn=125,clientSn=3761}
[MESSENGER][OK] client=0 deliver clientSn=3761 sn=125
[RESPONDER][SEND] sn=125 client=0 req=3701 msg=ClientResponse{orderSn=125,clientSn=3701}
[MESSENGER][OK] client=0 deliver clientSn=3701 sn=125
[RESPONDER][SEND] sn=125 client=0 req=3765 msg=ClientResponse{orderSn=125,clientSn=3765}
[MESSENGER][OK] client=0 deliver clientSn=3765 sn=125
[RESPONDER][SEND] sn=125 client=0 req=3705 msg=ClientResponse{orderSn=125,clientSn=3705}
[MESSENGER][OK] client=0 deliver clientSn=3705 sn=125
[RESPONDER][SEND] sn=125 client=0 req=3769 msg=ClientResponse{orderSn=125,clientSn=3769}
[MESSENGER][OK] client=0 deliver clientSn=3769 sn=125
[RESPONDER][SEND] sn=125 client=0 req=3709 msg=ClientResponse{orderSn=125,clientSn=3709}
[MESSENGER][OK] client=0 deliver clientSn=3709 sn=125
[RESPONDER][SEND] sn=125 client=0 req=3773 msg=ClientResponse{orderSn=125,clientSn=3773}
[MESSENGER][OK] client=0 deliver clientSn=3773 sn=125
[RESPONDER][ENTRY][DONE] sn=125 sent=32/32
[RESPONDER][ENTRY] sn=126 nreq=32
[RESPONDER][SEND] sn=126 client=0 req=3714 msg=ClientResponse{orderSn=126,clientSn=3714}
[MESSENGER][OK] client=0 deliver clientSn=3714 sn=126
[RESPONDER][SEND] sn=126 client=0 req=3778 msg=ClientResponse{orderSn=126,clientSn=3778}
[MESSENGER][OK] client=0 deliver clientSn=3778 sn=126
[RESPONDER][SEND] sn=126 client=0 req=3718 msg=ClientResponse{orderSn=126,clientSn=3718}
[MESSENGER][OK] client=0 deliver clientSn=3718 sn=126
[RESPONDER][SEND] sn=126 client=0 req=3782 msg=ClientResponse{orderSn=126,clientSn=3782}
[MESSENGER][OK] client=0 deliver clientSn=3782 sn=126
[RESPONDER][SEND] sn=126 client=0 req=3722 msg=ClientResponse{orderSn=126,clientSn=3722}
[MESSENGER][OK] client=0 deliver clientSn=3722 sn=126
[RESPONDER][SEND] sn=126 client=0 req=3786 msg=ClientResponse{orderSn=126,clientSn=3786}
[MESSENGER][OK] client=0 deliver clientSn=3786 sn=126
[RESPONDER][SEND] sn=126 client=0 req=3726 msg=ClientResponse{orderSn=126,clientSn=3726}
[MESSENGER][OK] client=0 deliver clientSn=3726 sn=126
[RESPONDER][SEND] sn=126 client=0 req=3790 msg=ClientResponse{orderSn=126,clientSn=3790}
[MESSENGER][OK] client=0 deliver clientSn=3790 sn=126
[RESPONDER][SEND] sn=126 client=0 req=3730 msg=ClientResponse{orderSn=126,clientSn=3730}
[MESSENGER][OK] client=0 deliver clientSn=3730 sn=126
[RESPONDER][SEND] sn=126 client=0 req=3794 msg=ClientResponse{orderSn=126,clientSn=3794}
[MESSENGER][OK] client=0 deliver clientSn=3794 sn=126
[RESPONDER][SEND] sn=126 client=0 req=3734 msg=ClientResponse{orderSn=126,clientSn=3734}
[MESSENGER][OK] client=0 deliver clientSn=3734 sn=126
[RESPONDER][SEND] sn=126 client=0 req=3798 msg=ClientResponse{orderSn=126,clientSn=3798}
[MESSENGER][OK] client=0 deliver clientSn=3798 sn=126
[RESPONDER][SEND] sn=126 client=0 req=3738 msg=ClientResponse{orderSn=126,clientSn=3738}
[MESSENGER][OK] client=0 deliver clientSn=3738 sn=126
[RESPONDER][SEND] sn=126 client=0 req=3802 msg=ClientResponse{orderSn=126,clientSn=3802}
[MESSENGER][OK] client=0 deliver clientSn=3802 sn=126
[RESPONDER][SEND] sn=126 client=0 req=3742 msg=ClientResponse{orderSn=126,clientSn=3742}
[MESSENGER][OK] client=0 deliver clientSn=3742 sn=126
[RESPONDER][SEND] sn=126 client=0 req=3806 msg=ClientResponse{orderSn=126,clientSn=3806}
[MESSENGER][OK] client=0 deliver clientSn=3806 sn=126
[RESPONDER][SEND] sn=126 client=0 req=3682 msg=ClientResponse{orderSn=126,clientSn=3682}
[MESSENGER][OK] client=0 deliver clientSn=3682 sn=126
[RESPONDER][SEND] sn=126 client=0 req=3746 msg=ClientResponse{orderSn=126,clientSn=3746}
[MESSENGER][OK] client=0 deliver clientSn=3746 sn=126
[RESPONDER][SEND] sn=126 client=0 req=3686 msg=ClientResponse{orderSn=126,clientSn=3686}
[MESSENGER][OK] client=0 deliver clientSn=3686 sn=126
[RESPONDER][SEND] sn=126 client=0 req=3750 msg=ClientResponse{orderSn=126,clientSn=3750}
[MESSENGER][OK] client=0 deliver clientSn=3750 sn=126
[RESPONDER][SEND] sn=126 client=0 req=3690 msg=ClientResponse{orderSn=126,clientSn=3690}
[MESSENGER][OK] client=0 deliver clientSn=3690 sn=126
[RESPONDER][SEND] sn=126 client=0 req=3754 msg=ClientResponse{orderSn=126,clientSn=3754}
[MESSENGER][OK] client=0 deliver clientSn=3754 sn=126
[RESPONDER][SEND] sn=126 client=0 req=3694 msg=ClientResponse{orderSn=126,clientSn=3694}
[MESSENGER][OK] client=0 deliver clientSn=3694 sn=126
[RESPONDER][SEND] sn=126 client=0 req=3758 msg=ClientResponse{orderSn=126,clientSn=3758}
[MESSENGER][OK] client=0 deliver clientSn=3758 sn=126
[RESPONDER][SEND] sn=126 client=0 req=3698 msg=ClientResponse{orderSn=126,clientSn=3698}
[MESSENGER][OK] client=0 deliver clientSn=3698 sn=126
[RESPONDER][SEND] sn=126 client=0 req=3762 msg=ClientResponse{orderSn=126,clientSn=3762}
[MESSENGER][OK] client=0 deliver clientSn=3762 sn=126
[RESPONDER][SEND] sn=126 client=0 req=3702 msg=ClientResponse{orderSn=126,clientSn=3702}
[MESSENGER][OK] client=0 deliver clientSn=3702 sn=126
[RESPONDER][SEND] sn=126 client=0 req=3766 msg=ClientResponse{orderSn=126,clientSn=3766}
[MESSENGER][OK] client=0 deliver clientSn=3766 sn=126
[RESPONDER][SEND] sn=126 client=0 req=3706 msg=ClientResponse{orderSn=126,clientSn=3706}
[MESSENGER][OK] client=0 deliver clientSn=3706 sn=126
[RESPONDER][SEND] sn=126 client=0 req=3770 msg=ClientResponse{orderSn=126,clientSn=3770}
[MESSENGER][OK] client=0 deliver clientSn=3770 sn=126
[RESPONDER][SEND] sn=126 client=0 req=3710 msg=ClientResponse{orderSn=126,clientSn=3710}
[MESSENGER][OK] client=0 deliver clientSn=3710 sn=126
[RESPONDER][SEND] sn=126 client=0 req=3774 msg=ClientResponse{orderSn=126,clientSn=3774}
[MESSENGER][OK] client=0 deliver clientSn=3774 sn=126
[RESPONDER][ENTRY][DONE] sn=126 sent=32/32
[RESPONDER][ENTRY] sn=127 nreq=33
[RESPONDER][SEND] sn=127 client=0 req=3715 msg=ClientResponse{orderSn=127,clientSn=3715}
[MESSENGER][OK] client=0 deliver clientSn=3715 sn=127
[RESPONDER][SEND] sn=127 client=0 req=3779 msg=ClientResponse{orderSn=127,clientSn=3779}
[MESSENGER][OK] client=0 deliver clientSn=3779 sn=127
[RESPONDER][SEND] sn=127 client=0 req=3719 msg=ClientResponse{orderSn=127,clientSn=3719}
[MESSENGER][OK] client=0 deliver clientSn=3719 sn=127
[RESPONDER][SEND] sn=127 client=0 req=3783 msg=ClientResponse{orderSn=127,clientSn=3783}
[MESSENGER][OK] client=0 deliver clientSn=3783 sn=127
[RESPONDER][SEND] sn=127 client=0 req=3723 msg=ClientResponse{orderSn=127,clientSn=3723}
[MESSENGER][OK] client=0 deliver clientSn=3723 sn=127
[RESPONDER][SEND] sn=127 client=0 req=3787 msg=ClientResponse{orderSn=127,clientSn=3787}
[MESSENGER][OK] client=0 deliver clientSn=3787 sn=127
[RESPONDER][SEND] sn=127 client=0 req=3727 msg=ClientResponse{orderSn=127,clientSn=3727}
[MESSENGER][OK] client=0 deliver clientSn=3727 sn=127
[RESPONDER][SEND] sn=127 client=0 req=3791 msg=ClientResponse{orderSn=127,clientSn=3791}
[MESSENGER][OK] client=0 deliver clientSn=3791 sn=127
[RESPONDER][SEND] sn=127 client=0 req=3731 msg=ClientResponse{orderSn=127,clientSn=3731}
[MESSENGER][OK] client=0 deliver clientSn=3731 sn=127
[RESPONDER][SEND] sn=127 client=0 req=3795 msg=ClientResponse{orderSn=127,clientSn=3795}
[MESSENGER][OK] client=0 deliver clientSn=3795 sn=127
[RESPONDER][SEND] sn=127 client=0 req=3735 msg=ClientResponse{orderSn=127,clientSn=3735}
[MESSENGER][OK] client=0 deliver clientSn=3735 sn=127
[RESPONDER][SEND] sn=127 client=0 req=3799 msg=ClientResponse{orderSn=127,clientSn=3799}
[MESSENGER][OK] client=0 deliver clientSn=3799 sn=127
[RESPONDER][SEND] sn=127 client=0 req=3739 msg=ClientResponse{orderSn=127,clientSn=3739}
[MESSENGER][OK] client=0 deliver clientSn=3739 sn=127
[RESPONDER][SEND] sn=127 client=0 req=3803 msg=ClientResponse{orderSn=127,clientSn=3803}
[MESSENGER][OK] client=0 deliver clientSn=3803 sn=127
[RESPONDER][SEND] sn=127 client=0 req=3679 msg=ClientResponse{orderSn=127,clientSn=3679}
[MESSENGER][OK] client=0 deliver clientSn=3679 sn=127
[RESPONDER][SEND] sn=127 client=0 req=3743 msg=ClientResponse{orderSn=127,clientSn=3743}
[MESSENGER][OK] client=0 deliver clientSn=3743 sn=127
[RESPONDER][SEND] sn=127 client=0 req=3683 msg=ClientResponse{orderSn=127,clientSn=3683}
[MESSENGER][OK] client=0 deliver clientSn=3683 sn=127
[RESPONDER][SEND] sn=127 client=0 req=3747 msg=ClientResponse{orderSn=127,clientSn=3747}
[MESSENGER][OK] client=0 deliver clientSn=3747 sn=127
[RESPONDER][SEND] sn=127 client=0 req=3687 msg=ClientResponse{orderSn=127,clientSn=3687}
[MESSENGER][OK] client=0 deliver clientSn=3687 sn=127
[RESPONDER][SEND] sn=127 client=0 req=3751 msg=ClientResponse{orderSn=127,clientSn=3751}
[MESSENGER][OK] client=0 deliver clientSn=3751 sn=127
[RESPONDER][SEND] sn=127 client=0 req=3691 msg=ClientResponse{orderSn=127,clientSn=3691}
[MESSENGER][OK] client=0 deliver clientSn=3691 sn=127
[RESPONDER][SEND] sn=127 client=0 req=3755 msg=ClientResponse{orderSn=127,clientSn=3755}
[MESSENGER][OK] client=0 deliver clientSn=3755 sn=127
[RESPONDER][SEND] sn=127 client=0 req=3695 msg=ClientResponse{orderSn=127,clientSn=3695}
[MESSENGER][OK] client=0 deliver clientSn=3695 sn=127
[RESPONDER][SEND] sn=127 client=0 req=3759 msg=ClientResponse{orderSn=127,clientSn=3759}
[MESSENGER][OK] client=0 deliver clientSn=3759 sn=127
[RESPONDER][SEND] sn=127 client=0 req=3699 msg=ClientResponse{orderSn=127,clientSn=3699}
[MESSENGER][OK] client=0 deliver clientSn=3699 sn=127
[RESPONDER][SEND] sn=127 client=0 req=3763 msg=ClientResponse{orderSn=127,clientSn=3763}
[MESSENGER][OK] client=0 deliver clientSn=3763 sn=127
[RESPONDER][SEND] sn=127 client=0 req=3703 msg=ClientResponse{orderSn=127,clientSn=3703}
[MESSENGER][OK] client=0 deliver clientSn=3703 sn=127
[RESPONDER][SEND] sn=127 client=0 req=3767 msg=ClientResponse{orderSn=127,clientSn=3767}
[MESSENGER][OK] client=0 deliver clientSn=3767 sn=127
[RESPONDER][SEND] sn=127 client=0 req=3707 msg=ClientResponse{orderSn=127,clientSn=3707}
[MESSENGER][OK] client=0 deliver clientSn=3707 sn=127
[RESPONDER][SEND] sn=127 client=0 req=3771 msg=ClientResponse{orderSn=127,clientSn=3771}
[MESSENGER][OK] client=0 deliver clientSn=3771 sn=127
[RESPONDER][SEND] sn=127 client=0 req=3711 msg=ClientResponse{orderSn=127,clientSn=3711}
[MESSENGER][OK] client=0 deliver clientSn=3711 sn=127
[RESPONDER][SEND] sn=127 client=0 req=3775 msg=ClientResponse{orderSn=127,clientSn=3775}
[MESSENGER][OK] client=0 deliver clientSn=3775 sn=127
[RESPONDER][SEND] sn=127 client=0 req=3807 msg=ClientResponse{orderSn=127,clientSn=3807}
[MESSENGER][OK] client=0 deliver clientSn=3807 sn=127
[RESPONDER][ENTRY][DONE] sn=127 sent=33/33
21:01:45.864 INF Handling PREPREPARE. nReq=9 senderID=0 sn=128
21:01:45.864 DBG Creating new Batch. nReq=9
21:01:45.865 DBG Sending PREPARE. senderID=2 sn=128 view=0
21:01:45.866 DBG Sending COMMIT. senderID=2 sn=128 view=0
21:01:45.867 INF Committed entry. latency=0 nReq=9 sn=128
21:01:45.867 INF Delivered batch. nReq=9 sn=128
21:01:45.867 DBG Starting timer. sn=132 view=0
[RESPONDER][ENTRY] sn=128 nreq=9
[RESPONDER][SEND] sn=128 client=0 req=3840 msg=ClientResponse{orderSn=128,clientSn=3840}
[MESSENGER][OK] client=0 deliver clientSn=3840 sn=128
[RESPONDER][SEND] sn=128 client=0 req=3808 msg=ClientResponse{orderSn=128,clientSn=3808}
21:01:45.867 INF Handling PREPREPARE. nReq=8 senderID=3 sn=131
[MESSENGER][OK] client=0 deliver clientSn=3808 sn=128
[RESPONDER][SEND] sn=128 client=0 req=3812 msg=ClientResponse{orderSn=128,clientSn=3812}
[MESSENGER][OK] client=0 deliver clientSn=3812 sn=128
[RESPONDER][SEND] sn=128 client=0 req=3816 msg=ClientResponse{orderSn=128,clientSn=3816}
[MESSENGER][OK] client=0 deliver clientSn=3816 sn=128
[RESPONDER][SEND] sn=128 client=0 req=3820 msg=ClientResponse{orderSn=128,clientSn=3820}
[MESSENGER][OK] client=0 deliver clientSn=3820 sn=128
[RESPONDER][SEND] sn=128 client=0 req=3824 msg=ClientResponse{orderSn=128,clientSn=3824}
[MESSENGER][OK] client=0 deliver clientSn=3824 sn=128
[RESPONDER][SEND] sn=128 client=0 req=3828 msg=ClientResponse{orderSn=128,clientSn=3828}
[MESSENGER][OK] client=0 deliver clientSn=3828 sn=128
[RESPONDER][SEND] sn=128 client=0 req=3832 msg=ClientResponse{orderSn=128,clientSn=3832}
[MESSENGER][OK] client=0 deliver clientSn=3832 sn=128
[RESPONDER][SEND] sn=128 client=0 req=3836 msg=ClientResponse{orderSn=128,clientSn=3836}
[MESSENGER][OK] client=0 deliver clientSn=3836 sn=128
[RESPONDER][ENTRY][DONE] sn=128 sent=9/9
21:01:45.868 DBG Creating new Batch. nReq=8
21:01:45.869 DBG Sending PREPARE. senderID=2 sn=131 view=0
21:01:45.870 DBG Sending COMMIT. senderID=2 sn=131 view=0
21:01:45.872 INF Committed entry. latency=0 nReq=8 sn=131
21:01:45.872 DBG Starting timer. sn=135 view=0
21:01:45.877 DBG Batch ready. batchSize=4096
21:01:45.878 DBG Batch cut. left=0 nBuckets=16 nReq=8 next=0
21:01:45.878 DBG Waiting for batch. batchSize=4096
21:01:45.879 INF Sending PREPREPARE. nReq=8 senderID=2 sn=130 view=0
21:01:45.881 INF Handling PREPREPARE. nReq=9 senderID=1 sn=129
21:01:45.881 DBG Creating new Batch. nReq=9
21:01:45.882 DBG Sending PREPARE. senderID=2 sn=129 view=0
21:01:45.882 DBG Sending COMMIT. senderID=2 sn=130 view=0
21:01:45.883 DBG Sending COMMIT. senderID=2 sn=129 view=0
21:01:45.884 INF Committed entry. latency=0 nReq=8 sn=130
21:01:45.884 DBG Starting timer. sn=134 view=0
21:01:45.885 INF Committed entry. latency=0 nReq=9 sn=129
21:01:45.885 INF Delivered batch. nReq=9 sn=129
[RESPONDER][ENTRY] sn=129 nreq=9
21:01:45.885 INF Delivered batch. nReq=8 sn=130
[RESPONDER][SEND] sn=129 client=0 req=3841 msg=ClientResponse{orderSn=129,clientSn=3841}
[MESSENGER][OK] client=0 deliver clientSn=3841 sn=129
[RESPONDER][SEND] sn=129 client=0 req=3809 msg=ClientResponse{orderSn=129,clientSn=3809}
21:01:45.885 INF Delivered batch. nReq=8 sn=131
[MESSENGER][OK] client=0 deliver clientSn=3809 sn=129
[RESPONDER][SEND] sn=129 client=0 req=3813 msg=ClientResponse{orderSn=129,clientSn=3813}
[MESSENGER][OK] client=0 deliver clientSn=3813 sn=129
[RESPONDER][SEND] sn=129 client=0 req=3817 msg=ClientResponse{orderSn=129,clientSn=3817}
[MESSENGER][OK] client=0 deliver clientSn=3817 sn=129
[RESPONDER][SEND] sn=129 client=0 req=3821 msg=ClientResponse{orderSn=129,clientSn=3821}
21:01:45.885 DBG Starting timer. sn=133 view=0
[MESSENGER][OK] client=0 deliver clientSn=3821 sn=129
[RESPONDER][SEND] sn=129 client=0 req=3825 msg=ClientResponse{orderSn=129,clientSn=3825}
[MESSENGER][OK] client=0 deliver clientSn=3825 sn=129
[RESPONDER][SEND] sn=129 client=0 req=3829 msg=ClientResponse{orderSn=129,clientSn=3829}
[MESSENGER][OK] client=0 deliver clientSn=3829 sn=129
[RESPONDER][SEND] sn=129 client=0 req=3833 msg=ClientResponse{orderSn=129,clientSn=3833}
[MESSENGER][OK] client=0 deliver clientSn=3833 sn=129
[RESPONDER][SEND] sn=129 client=0 req=3837 msg=ClientResponse{orderSn=129,clientSn=3837}
[MESSENGER][OK] client=0 deliver clientSn=3837 sn=129
[RESPONDER][ENTRY][DONE] sn=129 sent=9/9
[RESPONDER][ENTRY] sn=130 nreq=8
[RESPONDER][SEND] sn=130 client=0 req=3810 msg=ClientResponse{orderSn=130,clientSn=3810}
[MESSENGER][OK] client=0 deliver clientSn=3810 sn=130
[RESPONDER][SEND] sn=130 client=0 req=3814 msg=ClientResponse{orderSn=130,clientSn=3814}
[MESSENGER][OK] client=0 deliver clientSn=3814 sn=130
[RESPONDER][SEND] sn=130 client=0 req=3818 msg=ClientResponse{orderSn=130,clientSn=3818}
[MESSENGER][OK] client=0 deliver clientSn=3818 sn=130
[RESPONDER][SEND] sn=130 client=0 req=3822 msg=ClientResponse{orderSn=130,clientSn=3822}
[MESSENGER][OK] client=0 deliver clientSn=3822 sn=130
[RESPONDER][SEND] sn=130 client=0 req=3826 msg=ClientResponse{orderSn=130,clientSn=3826}
[MESSENGER][OK] client=0 deliver clientSn=3826 sn=130
[RESPONDER][SEND] sn=130 client=0 req=3830 msg=ClientResponse{orderSn=130,clientSn=3830}
[MESSENGER][OK] client=0 deliver clientSn=3830 sn=130
[RESPONDER][SEND] sn=130 client=0 req=3834 msg=ClientResponse{orderSn=130,clientSn=3834}
[MESSENGER][OK] client=0 deliver clientSn=3834 sn=130
[RESPONDER][SEND] sn=130 client=0 req=3838 msg=ClientResponse{orderSn=130,clientSn=3838}
[MESSENGER][OK] client=0 deliver clientSn=3838 sn=130
[RESPONDER][ENTRY][DONE] sn=130 sent=8/8
[RESPONDER][ENTRY] sn=131 nreq=8
[RESPONDER][SEND] sn=131 client=0 req=3811 msg=ClientResponse{orderSn=131,clientSn=3811}
[MESSENGER][OK] client=0 deliver clientSn=3811 sn=131
[RESPONDER][SEND] sn=131 client=0 req=3815 msg=ClientResponse{orderSn=131,clientSn=3815}
[MESSENGER][OK] client=0 deliver clientSn=3815 sn=131
[RESPONDER][SEND] sn=131 client=0 req=3819 msg=ClientResponse{orderSn=131,clientSn=3819}
[MESSENGER][OK] client=0 deliver clientSn=3819 sn=131
[RESPONDER][SEND] sn=131 client=0 req=3823 msg=ClientResponse{orderSn=131,clientSn=3823}
[MESSENGER][OK] client=0 deliver clientSn=3823 sn=131
[RESPONDER][SEND] sn=131 client=0 req=3827 msg=ClientResponse{orderSn=131,clientSn=3827}
[MESSENGER][OK] client=0 deliver clientSn=3827 sn=131
[RESPONDER][SEND] sn=131 client=0 req=3831 msg=ClientResponse{orderSn=131,clientSn=3831}
[MESSENGER][OK] client=0 deliver clientSn=3831 sn=131
[RESPONDER][SEND] sn=131 client=0 req=3835 msg=ClientResponse{orderSn=131,clientSn=3835}
[MESSENGER][OK] client=0 deliver clientSn=3835 sn=131
[RESPONDER][SEND] sn=131 client=0 req=3839 msg=ClientResponse{orderSn=131,clientSn=3839}
[MESSENGER][OK] client=0 deliver clientSn=3839 sn=131
[RESPONDER][ENTRY][DONE] sn=131 sent=8/8
21:01:46.131 INF Connection terminated. error="rpc error: code = Canceled desc = context canceled" address=127.0.0.1:60658
21:01:46.132 INF Finished sending bucket assignments to client. clId=0
21:01:46.864 INF Handling PREPREPARE. nReq=0 senderID=0 sn=132
21:01:46.864 DBG Creating new Batch. nReq=0
21:01:46.865 DBG Sending PREPARE. senderID=2 sn=132 view=0
21:01:46.866 DBG Sending COMMIT. senderID=2 sn=132 view=0
21:01:46.867 INF Handling PREPREPARE. nReq=0 senderID=3 sn=135
21:01:46.867 DBG Creating new Batch. nReq=0
21:01:46.867 INF Committed entry. latency=0 nReq=0 sn=132
21:01:46.868 DBG Sending PREPARE. senderID=2 sn=135 view=0
21:01:46.868 INF Delivered batch. nReq=0 sn=132
21:01:46.868 DBG Starting timer. sn=136 view=0
[RESPONDER][WARN] sn=132 batch vazio ou nil — nada a enviar
21:01:46.868 DBG Sending COMMIT. senderID=2 sn=135 view=0
21:01:46.870 INF Committed entry. latency=0 nReq=0 sn=135
21:01:46.870 DBG Starting timer. sn=139 view=0
21:01:46.879 DBG Batch ready. batchSize=4096
21:01:46.879 DBG Batch cut. left=0 nBuckets=16 nReq=0 next=0
21:01:46.880 DBG Waiting for batch. batchSize=4096
21:01:46.880 INF Sending PREPREPARE. nReq=0 senderID=2 sn=134 view=0
21:01:46.881 INF Handling PREPREPARE. nReq=0 senderID=1 sn=133
21:01:46.881 DBG Creating new Batch. nReq=0
21:01:46.881 DBG Sending PREPARE. senderID=2 sn=133 view=0
21:01:46.882 DBG Sending COMMIT. senderID=2 sn=134 view=0
21:01:46.883 DBG Sending COMMIT. senderID=2 sn=133 view=0
21:01:46.884 INF Committed entry. latency=0 nReq=0 sn=134
21:01:46.884 DBG Starting timer. sn=138 view=0
21:01:46.884 INF Committed entry. latency=0 nReq=0 sn=133
21:01:46.884 INF Delivered batch. nReq=0 sn=133
21:01:46.885 INF Delivered batch. nReq=0 sn=134
[RESPONDER][WARN] sn=133 batch vazio ou nil — nada a enviar
[RESPONDER][WARN] sn=134 batch vazio ou nil — nada a enviar
21:01:46.885 INF Delivered batch. nReq=0 sn=135
21:01:46.885 DBG Starting timer. sn=137 view=0
[RESPONDER][WARN] sn=135 batch vazio ou nil — nada a enviar
21:01:47.453 INF Stopping profiler.
21:01:47.453 INF Stopping Tracer. events=6971 fileName=experiment-output/0000/slave-003/peer.trc
21:01:47.491 INF Profile data written. filename=experiment-output/0000/slave-003/prof.cpu name=cpu
==================
WARNING: DATA RACE
Read at 0x00c000844110 by goroutine 99:
  github.com/hyperledger-labs/mirbft/tracing.(*BufferedTrace).Stop()
      /opt/gopath/src/github.com/hyperledger-labs/ISS_com_Multipaxos/mirbft/tracing/bufferedtrace.go:237 +0x35c
  github.com/hyperledger-labs/mirbft/tracing.(*BufferedTrace).StopOnSignal.func1()
      /opt/gopath/src/github.com/hyperledger-labs/ISS_com_Multipaxos/mirbft/tracing/bufferedtrace.go:298 +0x47

Previous write at 0x00c000844110 by goroutine 98:
  github.com/hyperledger-labs/mirbft/tracing.(*BufferedTrace).Event()
      /opt/gopath/src/github.com/hyperledger-labs/ISS_com_Multipaxos/mirbft/tracing/bufferedtrace.go:105 +0x2b3
  github.com/hyperledger-labs/mirbft/profiling.StartCPUTracing.func1()
      /opt/gopath/src/github.com/hyperledger-labs/ISS_com_Multipaxos/mirbft/profiling/cpuusage.go:31 +0xa1

Goroutine 99 (running) created at:
  github.com/hyperledger-labs/mirbft/tracing.(*BufferedTrace).StopOnSignal()
      /opt/gopath/src/github.com/hyperledger-labs/ISS_com_Multipaxos/mirbft/tracing/bufferedtrace.go:292 +0x185
  main.setUpTracing()
      /opt/gopath/src/github.com/hyperledger-labs/ISS_com_Multipaxos/mirbft/cmd/orderingpeer/main.go:209 +0xee
  main.main()
      /opt/gopath/src/github.com/hyperledger-labs/ISS_com_Multipaxos/mirbft/cmd/orderingpeer/main.go:104 +0xac4

Goroutine 98 (running) created at:
  github.com/hyperledger-labs/mirbft/profiling.StartCPUTracing()
      /opt/gopath/src/github.com/hyperledger-labs/ISS_com_Multipaxos/mirbft/profiling/cpuusage.go:28 +0xbd
  main.setUpTracing()
      /opt/gopath/src/github.com/hyperledger-labs/ISS_com_Multipaxos/mirbft/cmd/orderingpeer/main.go:201 +0x7e
  main.main()
      /opt/gopath/src/github.com/hyperledger-labs/ISS_com_Multipaxos/mirbft/cmd/orderingpeer/main.go:104 +0xac4
==================
21:01:47.520 INF Trace data written.
21:01:47.527 INF Profile data written. filename=experiment-output/0000/slave-003/prof.block name=block
21:01:47.540 INF Profile data written. filename=experiment-output/0000/slave-003/prof.mutex name=mutex
